observed_at_utc,temp_c,humidity_pct,dew_point_c,pressure_hpa,wind_speed_ms,wind_gust_ms,wind_dir_deg,rain_mm,rain_rate_mmhr,solar_wm2,uv_index
2026-06-15T07:50:00Z,28.3,88,26.1,1010.6,1.34,2.68,292,0.0,0.0,78,0.5
2026-06-15T08:00:00Z,28.4,88,26.2,1010.6,0.89,3.58,292,0.0,0.0,66,0.1
2026-06-15T08:10:00Z,28.5,88,26.3,1010.7,0.89,2.24,292,0.0,0.0,78,0.3
2026-06-15T08:20:00Z,28.8,89,26.8,1010.8,0.89,2.24,292,0.0,0.0,102,0.5
2026-06-15T08:30:00Z,28.9,89,26.9,1010.8,0.89,3.13,292,0.0,0.0,132,0.7
2026-06-15T08:40:00Z,28.9,88,26.7,1010.9,0.89,3.13,270,0.0,0.0,134,0.6
2026-06-15T08:50:00Z,28.9,88,26.7,1010.9,0.89,3.58,270,0.0,0.0,113,0.4
2026-06-15T09:00:00Z,28.9,88,26.7,1011.0,0.89,3.58,292,0.0,0.0,100,0.0
2026-06-15T09:10:00Z,28.9,88,26.7,1011.0,0.89,3.13,292,0.0,0.0,96,0.0
2026-06-15T09:20:00Z,28.9,89,26.9,1011.0,0.89,3.58,270,0.0,0.0,84,0.0
2026-06-15T09:30:00Z,28.9,89,26.9,1011.2,0.89,3.58,270,0.0,0.0,70,0.0
2026-06-15T09:40:00Z,28.9,89,26.9,1011.2,0.89,3.58,270,0.0,0.0,56,0.0
2026-06-15T09:50:00Z,28.8,89,26.8,1011.2,0.89,2.68,270,0.0,0.0,42,0.0
2026-06-15T10:00:00Z,28.8,89,26.8,1011.1,0.45,1.79,270,0.0,0.0,30,0.0
2026-06-15T10:10:00Z,28.8,90,27.0,1011.3,0.45,2.68,270,0.0,0.0,18,0.0
2026-06-15T10:20:00Z,28.7,90,26.9,1011.5,0.45,2.68,270,0.0,0.0,11,0.0
2026-06-15T10:30:00Z,28.7,90,26.9,1011.5,0.45,2.68,270,0.0,0.0,5,0.0
2026-06-15T10:40:00Z,28.6,90,26.8,1011.6,0.89,2.68,270,0.0,0.0,0,0.0
2026-06-15T10:50:00Z,28.7,90,26.9,1011.8,0.89,3.58,270,0.0,0.0,0,0.0
2026-06-15T11:00:00Z,28.7,90,26.9,1011.8,1.34,3.58,270,0.0,0.0,0,0.0
2026-06-15T11:10:00Z,28.7,90,26.9,1012.0,1.34,3.13,270,0.0,0.0,0,0.0
2026-06-15T11:20:00Z,28.7,90,26.9,1012.3,1.34,3.58,270,0.0,0.0,0,0.0
2026-06-15T11:30:00Z,28.2,89,26.2,1013.1,2.24,6.26,292,0.0,0.0,0,0.0
2026-06-15T11:40:00Z,27.1,88,24.9,1013.0,3.13,6.71,292,0.0,0.0,0,0.0
2026-06-15T11:50:00Z,26.7,89,24.7,1013.4,4.92,8.05,292,0.0,0.0,0,0.0
2026-06-15T12:00:00Z,26.3,90,24.5,1013.4,3.13,6.71,292,1.8,39.0,0,0.0
2026-06-15T12:10:00Z,25.9,91,24.3,1013.6,1.79,5.36,292,3.4,33.4,0,0.0
2026-06-15T12:20:00Z,25.7,91,24.1,1013.6,1.34,3.13,315,3.6,4.4,0,0.0
2026-06-15T12:30:00Z,25.6,92,24.2,1013.6,1.34,3.58,292,4.4,9.4,0,0.0
2026-06-15T12:40:00Z,25.5,92,24.1,1013.5,1.34,4.02,292,4.6,5.2,0,0.0
2026-06-15T12:50:00Z,25.4,92,24.0,1013.6,1.34,3.58,315,4.6,1.0,0,0.0
2026-06-15T13:00:00Z,25.4,92,24.0,1013.6,0.89,2.68,292,4.6,0.0,0,0.0
2026-06-15T13:10:00Z,25.4,92,24.0,1013.7,1.34,3.58,292,4.6,0.0,0,0.0
2026-06-15T13:20:00Z,25.5,92,24.1,1013.9,1.34,3.58,315,4.6,0.0,0,0.0
2026-06-15T13:30:00Z,25.7,92,24.3,1014.1,1.79,3.58,292,4.6,0.0,0,0.0
2026-06-15T13:40:00Z,25.7,92,24.3,1014.3,1.79,3.58,292,4.6,0.0,0,0.0
2026-06-15T13:50:00Z,25.8,92,24.4,1014.2,1.34,3.13,292,4.6,0.0,0,0.0
2026-06-15T14:00:00Z,25.8,92,24.4,1014.2,1.34,3.58,315,4.6,0.0,0,0.0
2026-06-15T14:10:00Z,25.8,92,24.4,1014.2,1.34,4.02,315,4.6,0.0,0,0.0
2026-06-15T14:20:00Z,25.8,92,24.4,1014.2,1.34,4.02,315,4.6,0.0,0,0.0
2026-06-15T14:30:00Z,25.8,92,24.4,1014.4,0.89,3.13,315,4.6,0.0,0,0.0
2026-06-15T14:40:00Z,25.8,91,24.2,1014.5,0.89,3.13,315,4.6,0.0,0,0.0
2026-06-15T14:50:00Z,25.8,91,24.2,1014.4,1.34,3.58,292,4.6,0.0,0,0.0
2026-06-15T15:00:00Z,25.7,91,24.1,1014.5,1.79,4.47,292,4.6,0.0,0,0.0
2026-06-15T15:10:00Z,25.9,90,24.1,1014.4,1.79,4.02,292,4.6,0.0,0,0.0
2026-06-15T15:20:00Z,25.8,90,24.0,1014.5,2.24,4.02,292,4.6,0.0,0,0.0
2026-06-15T15:30:00Z,25.9,90,24.1,1014.4,1.79,4.02,292,4.6,0.0,0,0.0
2026-06-15T15:40:00Z,26.1,89,24.1,1014.3,2.24,4.47,292,4.6,0.0,0,0.0
2026-06-15T15:50:00Z,26.1,89,24.1,1014.3,2.24,4.92,292,4.8,0.0,0,0.0
2026-06-15T16:00:00Z,26.0,89,24.0,1014.2,1.34,4.02,292,0.0,0.0,0,0.0
2026-06-15T16:10:00Z,25.8,90,24.0,1013.9,1.79,3.58,292,0.0,0.0,0,0.0
2026-06-15T16:20:00Z,25.9,90,24.1,1013.8,1.79,3.58,292,0.0,0.0,0,0.0
2026-06-15T16:30:00Z,25.8,89,23.8,1013.8,1.79,4.02,292,0.0,0.0,0,0.0
2026-06-15T16:40:00Z,25.8,90,24.0,1013.8,1.34,3.58,292,0.0,0.0,0,0.0
2026-06-15T16:50:00Z,25.9,90,24.1,1013.9,0.89,3.13,292,0.0,0.0,0,0.0
2026-06-15T17:00:00Z,25.9,89,23.9,1013.8,1.34,4.47,292,0.0,0.0,0,0.0
2026-06-15T17:10:00Z,25.9,89,23.9,1013.6,1.79,4.47,292,0.0,0.0,0,0.0
2026-06-15T17:20:00Z,25.9,89,23.9,1013.5,1.79,4.47,292,0.0,0.0,0,0.0
2026-06-15T17:30:00Z,25.9,89,23.9,1013.4,1.79,4.02,292,0.0,0.0,0,0.0
2026-06-15T17:40:00Z,25.8,89,23.8,1013.2,1.79,3.58,292,0.0,0.0,0,0.0
2026-06-15T17:50:00Z,25.9,90,24.1,1012.8,1.34,3.13,292,0.0,0.0,0,0.0
2026-06-15T18:00:00Z,25.9,90,24.1,1012.5,1.79,3.13,292,0.2,0.0,0,0.0
2026-06-15T18:10:00Z,25.9,90,24.1,1012.3,1.79,3.58,292,0.2,0.0,0,0.0
2026-06-15T18:20:00Z,26.0,90,24.2,1012.1,2.24,4.02,292,0.2,0.0,0,0.0
2026-06-15T18:30:00Z,25.9,90,24.1,1012.0,1.79,3.58,292,0.2,0.0,0,0.0
2026-06-15T18:40:00Z,25.8,90,24.0,1011.9,1.34,3.13,292,0.2,0.0,0,0.0
2026-06-15T18:50:00Z,25.8,90,24.0,1011.8,0.89,2.24,292,0.2,0.0,0,0.0
2026-06-15T19:00:00Z,25.7,89,23.7,1011.7,0.45,2.24,292,0.2,0.0,0,0.0
2026-06-15T19:10:00Z,25.8,90,24.0,1011.5,0.45,2.24,315,0.2,0.0,0,0.0
2026-06-15T19:20:00Z,25.8,89,23.8,1011.4,0.45,1.79,315,0.2,0.0,0,0.0
2026-06-15T19:30:00Z,25.8,89,23.8,1011.6,0.45,3.58,315,0.2,0.0,0,0.0
2026-06-15T19:40:00Z,25.8,89,23.8,1011.7,0.89,2.24,315,0.2,0.0,0,0.0
2026-06-15T19:50:00Z,25.8,89,23.8,1011.7,1.34,3.13,292,0.2,0.0,0,0.0
2026-06-15T20:00:00Z,25.8,89,23.8,1011.8,1.34,3.13,292,0.2,0.0,0,0.0
2026-06-15T20:10:00Z,25.9,89,23.9,1011.9,0.89,2.24,292,0.2,0.0,0,0.0
2026-06-15T20:20:00Z,25.9,89,23.9,1011.9,0.45,2.24,292,0.2,0.0,0,0.0
2026-06-15T20:30:00Z,25.9,89,23.9,1011.8,0.89,2.24,292,0.2,0.0,0,0.0
2026-06-15T20:40:00Z,25.9,89,23.9,1011.9,0.89,1.79,292,0.2,0.0,0,0.0
2026-06-15T20:50:00Z,26.1,89,24.1,1011.8,0.45,1.79,292,0.2,0.0,0,0.0
2026-06-15T21:00:00Z,26.1,88,24.0,1011.8,0.89,1.79,292,0.2,0.0,0,0.0
2026-06-15T21:10:00Z,26.1,88,24.0,1011.8,0.45,1.79,292,0.2,0.0,0,0.0
2026-06-15T21:20:00Z,26.1,88,24.0,1011.7,1.34,3.58,292,0.2,0.0,1,0.0
2026-06-15T21:30:00Z,26.1,86,23.6,1011.8,0.89,3.13,315,0.2,0.0,9,0.0
2026-06-15T21:40:00Z,26.1,85,23.4,1012.0,0.45,2.24,315,0.2,0.0,17,0.0
2026-06-15T21:50:00Z,26.4,85,23.7,1012.2,0.45,1.79,315,0.2,0.0,29,0.0
2026-06-15T22:00:00Z,26.6,84,23.7,1012.3,0.0,0.0,,0.2,0.0,41,0.0
2026-06-15T22:10:00Z,26.7,84,23.8,1012.5,0.0,0.0,,0.2,0.0,57,0.0
2026-06-15T22:20:00Z,26.9,84,24.0,1012.6,0.0,0.0,,0.2,0.0,71,0.0
2026-06-15T22:30:00Z,27.2,85,24.5,1012.6,0.0,0.0,,0.2,0.0,86,0.0
2026-06-15T22:40:00Z,27.3,85,24.6,1012.8,0.0,0.0,,0.2,0.0,73,0.0
2026-06-15T22:50:00Z,27.4,85,24.7,1012.9,0.0,0.0,,0.2,0.0,79,0.0
2026-06-15T23:00:00Z,27.4,86,24.8,1013.1,0.0,0.0,,0.2,0.0,79,0.0
2026-06-15T23:10:00Z,27.5,86,24.9,1013.1,0.0,0.0,,0.2,0.0,111,0.5
2026-06-15T23:20:00Z,27.6,85,24.8,1013.2,0.0,0.0,,0.2,0.0,102,0.5
2026-06-15T23:30:00Z,27.8,84,24.8,1013.1,0.0,0.0,,0.2,0.0,111,0.6
2026-06-15T23:40:00Z,28.0,84,25.0,1013.1,0.0,0.0,,0.2,0.0,143,0.8
2026-06-15T23:50:00Z,28.2,84,25.2,1013.2,0.45,2.24,315,0.2,0.0,117,0.7
2026-06-16T00:00:00Z,28.3,83,25.1,1013.2,0.89,1.79,315,0.2,0.0,120,0.9
2026-06-16T00:10:00Z,28.4,83,25.2,1013.2,0.45,1.79,315,0.2,0.0,133,1.0
2026-06-16T00:20:00Z,28.5,84,25.5,1013.3,0.45,1.79,315,0.2,0.0,117,1.0
2026-06-16T00:30:00Z,28.6,84,25.6,1013.4,0.45,0.89,315,0.2,0.0,144,1.2
2026-06-16T00:40:00Z,28.8,84,25.8,1013.5,0.45,1.79,315,0.2,0.0,203,1.7
2026-06-16T00:50:00Z,28.9,84,25.9,1013.6,0.45,1.79,315,0.2,0.0,219,2.0
2026-06-16T01:00:00Z,29.3,84,26.3,1013.8,0.89,2.68,315,0.2,0.0,305,3.5
2026-06-16T01:10:00Z,29.7,83,26.5,1013.9,1.34,3.13,315,0.2,0.0,318,4.4
2026-06-16T01:20:00Z,30.1,83,26.9,1014.1,0.89,2.24,315,0.2,0.0,410,4.9
2026-06-16T01:30:00Z,30.4,81,26.8,1014.2,0.89,2.24,315,0.2,0.0,428,4.3
2026-06-16T01:40:00Z,30.6,82,27.2,1014.2,1.34,3.58,292,0.2,0.0,271,6.5
2026-06-16T01:50:00Z,30.6,81,27.0,1014.1,1.34,3.13,292,0.2,0.0,273,5.4
2026-06-16T02:00:00Z,30.5,80,26.7,1013.9,0.89,2.24,337,0.2,0.0,336,6.1
2026-06-16T02:10:00Z,30.8,80,26.9,1013.6,0.89,1.79,337,0.2,0.0,858,7.7
2026-06-16T02:20:00Z,31.2,80,27.3,1013.8,0.89,3.13,292,0.2,0.0,791,7.5
2026-06-16T02:30:00Z,31.0,80,27.1,1013.6,0.89,2.24,315,0.2,0.0,368,4.1
2026-06-16T02:40:00Z,30.6,82,27.2,1013.5,1.34,3.13,315,0.2,0.0,344,4.6
2026-06-16T02:50:00Z,29.9,85,27.1,1013.5,0.89,3.13,315,0.4,0.0,336,5.0
2026-06-16T03:00:00Z,29.2,84,26.2,1014.1,0.89,4.02,315,0.4,0.0,132,2.1
2026-06-16T03:10:00Z,28.2,86,25.6,1014.1,0.89,3.13,225,1.8,108.6,51,0.4
2026-06-16T03:20:00Z,27.5,87,25.1,1013.9,0.45,2.68,270,3.2,35.8,92,1.2
2026-06-16T03:30:00Z,26.9,88,24.7,1013.9,0.45,1.79,270,3.2,1.0,120,1.5
2026-06-16T03:40:00Z,26.6,89,24.6,1013.7,0.89,1.79,0,3.2,0.0,145,1.8
2026-06-16T03:50:00Z,26.3,90,24.5,1013.6,0.45,1.79,0,3.2,0.0,152,1.9
2026-06-16T04:00:00Z,26.4,90,24.6,1013.6,0.45,0.89,0,3.2,0.0,186,2.3
2026-06-16T04:10:00Z,26.4,90,24.6,1013.4,0.45,1.34,0,3.2,0.0,220,2.8
2026-06-16T04:20:00Z,26.6,91,25.0,1013.4,0.0,1.34,0,3.2,0.0,221,2.8
2026-06-16T04:30:00Z,26.8,91,25.2,1013.4,0.0,0.89,0,3.2,0.0,213,2.7
2026-06-16T04:40:00Z,26.9,91,25.3,1013.2,0.0,0.89,0,3.2,0.0,327,3.8
2026-06-16T04:50:00Z,27.3,90,25.5,1013.1,0.45,1.79,0,3.2,0.0,376,4.2
2026-06-16T05:00:00Z,27.5,89,25.5,1013.1,0.45,1.34,0,3.2,0.0,352,4.1
2026-06-16T05:10:00Z,28.2,89,26.2,1013.1,0.0,0.89,0,3.2,0.0,703,6.4
2026-06-16T05:20:00Z,29.1,89,27.1,1013.0,0.45,1.79,337,3.2,0.0,962,7.1
2026-06-16T05:30:00Z,29.9,87,27.5,1013.0,0.45,1.79,337,3.2,0.0,1102,9.3
2026-06-16T05:40:00Z,30.7,85,27.9,1013.0,0.89,3.13,270,3.2,0.0,1214,9.7
2026-06-16T05:50:00Z,31.2,82,27.8,1013.1,0.89,2.68,292,3.2,0.0,1071,8.3
2026-06-16T06:00:00Z,31.3,82,27.9,1013.1,0.89,2.68,270,3.2,0.0,706,6.5
2026-06-16T06:10:00Z,31.6,82,28.1,1013.1,0.89,3.58,292,3.4,0.0,679,5.4
2026-06-16T06:20:00Z,29.7,82,26.3,1013.0,1.34,5.36,247,7.2,113.0,146,1.6
2026-06-16T06:30:00Z,29.2,86,26.6,1012.9,0.89,1.79,247,7.2,1.0,227,2.6
2026-06-16T06:40:00Z,29.1,87,26.7,1012.8,0.89,2.24,247,7.2,0.0,258,2.8
2026-06-16T06:50:00Z,29.2,88,27.0,1012.8,0.0,1.79,247,7.2,0.0,237,2.6
2026-06-16T07:00:00Z,29.2,88,27.0,1012.8,0.45,1.79,247,7.2,0.0,210,2.1
2026-06-16T07:10:00Z,28.9,88,26.7,1012.8,0.89,2.68,270,7.2,0.0,194,1.7
2026-06-16T07:20:00Z,28.7,88,26.5,1012.8,0.89,2.68,292,7.2,0.0,173,1.5
2026-06-16T07:30:00Z,28.6,88,26.4,1012.9,0.89,2.68,292,7.2,0.0,142,1.1
2026-06-16T07:40:00Z,28.7,89,26.7,1012.8,0.89,1.79,292,7.2,0.0,129,0.9
2026-06-16T07:50:00Z,28.8,89,26.8,1012.8,0.89,1.79,292,7.2,0.0,140,0.9
2026-06-16T08:00:00Z,29.1,90,27.3,1012.6,0.89,2.68,292,7.2,0.0,117,0.7
2026-06-16T08:10:00Z,28.4,87,26.0,1012.6,1.79,7.6,292,7.2,0.0,57,0.1
2026-06-16T08:20:00Z,27.6,87,25.2,1012.6,1.34,4.02,292,7.2,0.0,102,0.6
2026-06-16T08:30:00Z,27.8,87,25.4,1012.6,0.89,3.13,292,7.2,0.0,122,0.6
2026-06-16T08:40:00Z,27.7,86,25.1,1012.6,0.89,2.24,292,7.2,0.0,108,0.4
2026-06-16T08:50:00Z,27.9,87,25.5,1012.6,0.45,0.89,292,7.2,0.0,93,0.0
2026-06-16T09:00:00Z,27.7,86,25.1,1012.7,0.45,1.34,292,7.2,0.0,84,0.0
2026-06-16T09:10:00Z,27.7,86,25.1,1012.7,0.45,0.89,292,7.2,0.0,72,0.0
2026-06-16T09:20:00Z,27.8,87,25.4,1012.7,0.0,0.89,292,7.2,0.0,75,0.0
2026-06-16T09:30:00Z,28.4,89,26.4,1013.0,0.89,2.24,292,7.2,0.0,58,0.0
2026-06-16T09:40:00Z,28.6,88,26.4,1013.0,0.89,2.24,292,7.2,0.0,40,0.0
2026-06-16T09:50:00Z,28.8,88,26.6,1013.2,0.89,2.24,292,7.2,0.0,28,0.0
2026-06-16T10:00:00Z,28.8,88,26.6,1013.3,0.45,2.68,292,7.2,0.0,23,0.0
2026-06-16T10:10:00Z,28.9,88,26.7,1013.3,0.89,1.79,292,7.2,0.0,15,0.0
2026-06-16T10:20:00Z,28.9,89,26.9,1013.4,0.45,1.34,292,7.2,0.0,12,0.0
2026-06-16T10:30:00Z,28.8,89,26.8,1013.5,0.89,3.13,292,7.2,0.0,7,0.0
2026-06-16T10:40:00Z,28.8,89,26.8,1013.7,0.89,2.68,270,7.2,0.0,0,0.0
2026-06-16T10:50:00Z,28.8,89,26.8,1013.8,0.89,2.68,270,7.2,0.0,0,0.0
2026-06-16T11:00:00Z,28.8,89,26.8,1014.1,0.89,1.79,270,7.2,0.0,0,0.0
2026-06-16T11:10:00Z,27.4,87,25.0,1014.3,2.68,5.81,292,7.2,0.0,0,0.0
2026-06-16T11:20:00Z,26.8,88,24.6,1014.6,2.68,6.26,292,7.2,0.0,0,0.0
2026-06-16T11:30:00Z,26.2,89,24.2,1014.7,3.13,7.15,292,8.8,88.6,0,0.0
2026-06-16T11:40:00Z,25.8,90,24.0,1014.8,3.13,5.81,292,9.4,12.8,0,0.0
2026-06-16T11:50:00Z,25.5,91,23.9,1014.8,2.68,5.36,292,10.6,42.8,0,0.0
2026-06-16T12:00:00Z,25.3,91,23.7,1014.6,1.34,4.92,315,10.6,1.0,0,0.0
2026-06-16T12:10:00Z,25.3,91,23.7,1014.6,1.34,3.58,292,10.6,0.0,0,0.0
2026-06-16T12:20:00Z,25.4,92,24.0,1014.8,0.89,2.24,315,10.6,0.0,0,0.0
2026-06-16T12:30:00Z,25.4,92,24.0,1014.6,0.45,2.24,315,10.6,0.0,0,0.0
2026-06-16T12:40:00Z,25.5,92,24.1,1014.6,0.0,1.34,315,10.6,0.0,0,0.0
2026-06-16T12:50:00Z,25.6,91,24.0,1014.6,0.45,2.24,292,10.6,0.0,0,0.0
2026-06-16T13:00:00Z,25.7,91,24.1,1014.6,0.0,0.0,,10.6,0.0,0,0.0
2026-06-16T13:10:00Z,25.7,91,24.1,1014.6,0.0,1.79,292,10.6,0.0,0,0.0
2026-06-16T13:20:00Z,25.8,91,24.2,1014.6,0.0,0.89,292,10.6,0.0,0,0.0
2026-06-16T13:30:00Z,25.9,91,24.3,1014.6,0.0,0.45,292,10.6,0.0,0,0.0
2026-06-16T13:40:00Z,25.9,91,24.3,1014.6,0.0,0.45,292,10.6,0.0,0,0.0
2026-06-16T13:50:00Z,26.1,91,24.5,1014.5,0.0,0.0,,10.6,0.0,0,0.0
2026-06-16T14:00:00Z,26.1,91,24.5,1014.5,0.45,1.34,292,10.6,0.0,0,0.0
2026-06-16T14:10:00Z,26.2,91,24.6,1014.6,0.0,0.0,,10.6,0.0,0,0.0
2026-06-16T14:20:00Z,26.2,91,24.6,1014.6,0.0,0.89,292,10.6,0.0,0,0.0
2026-06-16T14:30:00Z,26.4,90,24.6,1014.7,0.0,0.0,,10.6,0.0,0,0.0
2026-06-16T14:40:00Z,26.4,91,24.8,1014.8,0.0,0.0,,10.6,0.0,0,0.0
2026-06-16T14:50:00Z,26.5,91,24.9,1014.7,0.0,1.34,292,10.6,0.0,0,0.0
2026-06-16T15:00:00Z,26.4,90,24.6,1014.6,0.0,1.34,292,10.6,0.0,0,0.0
2026-06-16T15:10:00Z,26.4,90,24.6,1014.6,0.0,1.34,292,10.6,0.0,0,0.0
2026-06-16T15:20:00Z,26.4,90,24.6,1014.5,0.0,0.0,,10.6,0.0,0,0.0
2026-06-16T15:30:00Z,26.5,90,24.7,1014.4,0.0,0.0,,10.6,0.0,0,0.0
2026-06-16T15:40:00Z,26.6,90,24.8,1014.3,0.0,0.0,,10.6,0.0,0,0.0
2026-06-16T15:50:00Z,26.6,90,24.8,1014.3,0.0,0.0,,10.6,0.0,0,0.0
2026-06-16T16:00:00Z,26.6,90,24.8,1014.4,0.0,0.0,,0.0,0.0,0,0.0
2026-06-16T16:10:00Z,26.6,90,24.8,1014.2,0.0,0.89,292,0.0,0.0,0,0.0
2026-06-16T16:20:00Z,26.6,90,24.8,1014.3,0.0,0.0,,0.0,0.0,0,0.0
2026-06-16T16:30:00Z,26.6,90,24.8,1014.3,0.0,0.45,292,0.0,0.0,0,0.0
2026-06-16T16:40:00Z,26.7,90,24.9,1014.1,0.0,0.0,,0.0,0.0,0,0.0
2026-06-16T16:50:00Z,26.8,90,25.0,1014.0,0.0,0.45,292,0.0,0.0,0,0.0
2026-06-16T17:00:00Z,26.8,90,25.0,1014.1,0.89,1.79,292,0.0,0.0,0,0.0
2026-06-16T17:10:00Z,26.8,90,25.0,1014.0,0.45,1.34,292,0.0,0.0,0,0.0
2026-06-16T17:20:00Z,26.8,90,25.0,1014.1,0.0,1.79,292,0.0,0.0,0,0.0
2026-06-16T17:30:00Z,26.8,89,24.8,1014.0,0.45,1.34,292,0.0,0.0,0,0.0
2026-06-16T17:40:00Z,26.9,89,24.9,1013.9,0.0,1.34,292,0.0,0.0,0,0.0
2026-06-16T17:50:00Z,26.9,89,24.9,1013.6,0.45,1.34,292,0.0,0.0,0,0.0
2026-06-16T18:00:00Z,27.0,88,24.8,1013.5,0.0,0.89,292,0.0,0.0,0,0.0
2026-06-16T18:10:00Z,27.1,88,24.9,1013.5,0.0,0.89,292,0.0,0.0,0,0.0
2026-06-16T18:20:00Z,27.0,88,24.8,1013.5,0.0,1.34,292,0.0,0.0,0,0.0
2026-06-16T18:30:00Z,27.0,88,24.8,1013.6,0.0,0.89,292,0.0,0.0,0,0.0
2026-06-16T18:40:00Z,27.0,89,25.0,1013.7,0.0,1.34,292,0.0,0.0,0,0.0
2026-06-16T18:50:00Z,27.0,89,25.0,1013.6,0.45,1.79,292,0.0,0.0,0,0.0
2026-06-16T19:00:00Z,27.1,89,25.1,1013.9,0.45,1.79,292,0.0,0.0,0,0.0
2026-06-16T19:10:00Z,27.1,89,25.1,1013.9,0.0,0.89,292,0.0,0.0,0,0.0
2026-06-16T19:20:00Z,27.1,89,25.1,1014.0,0.0,0.45,292,0.0,0.0,0,0.0
2026-06-16T19:30:00Z,27.0,89,25.0,1014.0,0.0,0.0,,0.0,0.0,0,0.0
2026-06-16T19:40:00Z,27.0,89,25.0,1014.0,0.0,0.0,,0.0,0.0,0,0.0
2026-06-16T19:50:00Z,26.9,89,24.9,1014.0,0.0,0.0,,0.0,0.0,0,0.0
2026-06-16T20:00:00Z,26.9,89,24.9,1014.1,0.0,0.0,,0.0,0.0,0,0.0
2026-06-16T20:10:00Z,26.8,89,24.8,1014.1,0.0,0.0,,0.0,0.0,0,0.0
2026-06-16T20:20:00Z,26.8,90,25.0,1014.2,0.0,0.0,,0.0,0.0,0,0.0
2026-06-16T20:30:00Z,26.7,90,24.9,1014.2,0.0,0.89,292,0.0,0.0,0,0.0
2026-06-16T20:40:00Z,26.6,90,24.8,1014.3,0.0,0.0,,0.0,0.0,0,0.0
2026-06-16T20:50:00Z,26.4,90,24.6,1014.3,0.0,0.45,292,0.0,0.0,0,0.0
2026-06-16T21:00:00Z,26.4,91,24.8,1014.3,0.0,0.0,,0.0,0.0,0,0.0
2026-06-16T21:10:00Z,26.4,91,24.8,1014.2,0.0,0.0,,0.0,0.0,0,0.0
2026-06-16T21:20:00Z,26.3,91,24.7,1014.3,0.0,0.0,,0.0,0.0,2,0.0
2026-06-16T21:30:00Z,26.3,91,24.7,1014.4,0.0,0.0,,0.0,0.0,9,0.0
2026-06-16T21:40:00Z,26.2,91,24.6,1014.4,0.0,0.0,,0.0,0.0,16,0.0
2026-06-16T21:50:00Z,26.2,92,24.8,1014.6,0.0,0.0,,0.0,0.0,25,0.0
2026-06-16T22:00:00Z,26.3,92,24.9,1014.6,0.0,0.0,,0.0,0.0,59,0.0
2026-06-16T22:10:00Z,26.4,92,25.0,1014.7,0.0,0.0,,0.0,0.0,87,0.0
2026-06-16T22:20:00Z,26.7,92,25.3,1014.8,0.0,0.0,,0.0,0.0,101,0.0
2026-06-16T22:30:00Z,26.8,92,25.4,1015.0,0.0,0.0,,0.0,0.0,82,0.0
2026-06-16T22:40:00Z,27.1,92,25.7,1015.0,0.0,0.0,,0.0,0.0,88,0.0
2026-06-16T22:50:00Z,27.3,92,25.9,1015.1,0.0,0.0,,0.0,0.0,97,0.2
2026-06-16T23:00:00Z,27.6,92,26.2,1015.3,0.0,0.0,,0.0,0.0,107,0.4
2026-06-16T23:10:00Z,27.7,91,26.1,1015.2,0.0,0.0,,0.0,0.0,96,0.3
2026-06-16T23:20:00Z,27.9,91,26.3,1015.3,0.0,0.0,,0.0,0.0,126,0.8
2026-06-16T23:30:00Z,28.2,90,26.4,1015.2,0.0,0.89,292,0.0,0.0,178,0.9
2026-06-16T23:40:00Z,28.2,90,26.4,1015.3,0.0,1.79,292,8.2,147.6,106,0.6
2026-06-16T23:50:00Z,27.8,90,26.0,1015.3,0.0,2.68,112,10.0,209.4,71,0.4
2026-06-17T00:00:00Z,27.8,91,26.2,1015.5,0.45,1.34,112,10.0,0.0,163,1.5
2026-06-17T00:10:00Z,28.1,91,26.5,1015.4,0.0,1.34,112,10.0,0.0,195,1.8
2026-06-17T00:20:00Z,28.2,91,26.6,1015.3,0.0,1.34,112,10.0,0.0,133,2.1
2026-06-17T00:30:00Z,28.4,92,27.0,1015.5,0.45,1.34,112,10.0,0.0,124,2.9
2026-06-17T00:40:00Z,28.7,91,27.1,1015.5,0.45,1.34,112,10.0,0.0,129,3.5
2026-06-17T00:50:00Z,28.9,91,27.3,1015.5,0.89,3.13,292,10.0,0.0,135,4.3
2026-06-17T01:00:00Z,29.2,91,27.6,1015.5,0.89,2.24,292,10.0,0.0,147,4.7
2026-06-17T01:10:00Z,29.5,91,27.9,1015.8,0.45,2.24,292,10.0,0.0,150,4.8
2026-06-17T01:20:00Z,29.2,89,27.2,1015.6,0.89,2.24,292,10.0,0.0,138,3.8
2026-06-17T01:30:00Z,29.3,89,27.3,1015.8,0.45,2.24,292,10.0,0.0,148,4.3
2026-06-17T01:40:00Z,29.4,88,27.2,1015.8,0.45,3.13,315,10.0,0.0,183,6.0
2026-06-17T01:50:00Z,29.4,86,26.8,1015.8,0.45,2.24,292,10.0,0.0,183,3.4
2026-06-17T02:00:00Z,29.0,86,26.4,1015.9,0.89,4.02,247,11.8,41.0,69,0.9
2026-06-17T02:10:00Z,29.3,88,27.1,1016.0,0.89,4.02,247,11.8,1.0,555,6.3
2026-06-17T02:20:00Z,29.3,88,27.1,1015.7,0.45,1.79,247,11.8,0.0,355,4.9
2026-06-17T02:30:00Z,29.1,87,26.7,1015.8,0.45,1.34,247,11.8,0.0,474,6.3
2026-06-17T02:40:00Z,29.7,88,27.5,1015.7,0.89,2.24,247,11.8,0.0,1102,8.6
2026-06-17T02:50:00Z,29.8,86,27.2,1015.6,0.89,2.24,247,11.8,0.0,855,8.3
2026-06-17T03:00:00Z,30.2,86,27.6,1015.6,0.89,3.13,247,11.8,0.0,1029,8.3
2026-06-17T03:10:00Z,30.5,86,27.9,1015.4,0.89,3.58,247,11.8,0.0,877,8.3
2026-06-17T03:20:00Z,30.6,84,27.6,1015.6,0.89,3.13,270,11.8,0.0,770,7.8
2026-06-17T03:30:00Z,30.8,84,27.8,1015.5,0.89,2.68,270,11.8,0.0,668,6.8
2026-06-17T03:40:00Z,30.7,83,27.5,1015.3,0.89,2.68,270,11.8,0.0,686,7.0
2026-06-17T03:50:00Z,30.8,84,27.8,1015.5,0.89,2.68,270,11.8,0.0,683,7.1
2026-06-17T04:00:00Z,30.7,84,27.7,1015.4,1.34,3.58,247,11.8,0.0,811,8.0
2026-06-17T04:10:00Z,30.8,83,27.6,1015.1,1.34,3.13,247,11.8,0.0,836,8.2
2026-06-17T04:20:00Z,31.0,83,27.8,1015.3,1.34,3.13,270,11.8,0.0,806,7.9
2026-06-17T04:30:00Z,31.3,82,27.9,1015.1,1.34,3.58,270,11.8,0.0,751,7.5
2026-06-17T04:40:00Z,31.3,82,27.9,1015.1,1.34,3.13,292,11.8,0.0,798,7.7
2026-06-17T04:50:00Z,31.3,80,27.4,1014.9,1.34,3.58,292,11.8,0.0,826,7.8
2026-06-17T05:00:00Z,31.3,81,27.6,1015.0,1.34,3.58,292,11.8,0.0,787,7.5
2026-06-17T05:10:00Z,31.4,81,27.7,1014.9,0.89,2.24,292,11.8,0.0,751,7.1
2026-06-17T05:20:00Z,31.5,81,27.8,1014.7,0.89,1.79,292,11.8,0.0,690,6.6
2026-06-17T05:30:00Z,31.6,82,28.1,1014.6,0.89,3.13,292,11.8,0.0,702,6.6
2026-06-17T05:40:00Z,31.7,82,28.2,1014.4,0.89,3.13,292,11.8,0.0,652,6.0
2026-06-17T05:50:00Z,31.3,80,27.4,1014.5,1.34,3.58,270,11.8,0.0,606,5.4
2026-06-17T06:00:00Z,31.3,80,27.4,1014.3,0.89,3.13,270,11.8,0.0,615,5.5
2026-06-17T06:10:00Z,31.3,80,27.4,1014.3,0.89,3.13,247,11.8,0.0,652,5.5
2026-06-17T06:20:00Z,31.3,81,27.6,1014.2,1.34,3.13,270,11.8,0.0,532,4.7
2026-06-17T06:30:00Z,31.3,81,27.6,1014.1,1.34,2.68,270,11.8,0.0,406,3.9
2026-06-17T06:40:00Z,31.1,81,27.5,1014.0,1.34,3.13,270,11.8,0.0,337,3.3
2026-06-17T06:50:00Z,31.1,82,27.7,1013.9,1.34,3.13,292,11.8,0.0,478,3.7
2026-06-17T07:00:00Z,31.1,81,27.5,1013.9,1.34,3.13,292,11.8,0.0,466,3.3
2026-06-17T07:10:00Z,31.2,81,27.5,1014.1,1.34,3.13,292,11.8,0.0,529,3.3
2026-06-17T07:20:00Z,30.9,82,27.5,1014.0,1.34,2.24,292,11.8,0.0,298,2.3
2026-06-17T07:30:00Z,30.6,82,27.2,1013.8,1.34,3.13,292,11.8,0.0,229,1.9
2026-06-17T07:40:00Z,30.3,83,27.1,1013.6,1.34,3.13,292,11.8,0.0,193,1.5
2026-06-17T07:50:00Z,30.1,84,27.1,1013.7,1.34,3.13,292,11.8,0.0,189,1.4
2026-06-17T08:00:00Z,29.9,84,26.9,1013.7,1.34,2.24,292,11.8,0.0,182,1.3
2026-06-17T08:10:00Z,29.9,85,27.1,1013.8,1.34,3.13,292,11.8,0.0,189,1.2
2026-06-17T08:20:00Z,29.9,85,27.1,1013.9,1.34,2.24,292,11.8,0.0,219,1.1
2026-06-17T08:30:00Z,30.1,85,27.3,1013.9,1.34,3.58,292,11.8,0.0,250,1.1
2026-06-17T08:40:00Z,30.3,85,27.5,1014.0,1.34,3.13,292,11.8,0.0,338,1.0
2026-06-17T08:50:00Z,30.7,84,27.7,1014.1,1.34,3.13,292,11.8,0.0,511,1.0
2026-06-17T09:00:00Z,31.0,83,27.8,1014.1,1.34,3.13,292,11.8,0.0,470,0.8
2026-06-17T09:10:00Z,31.0,83,27.8,1014.1,1.34,3.58,292,11.8,0.0,390,0.7
2026-06-17T09:20:00Z,30.8,83,27.6,1014.2,1.34,3.58,292,11.8,0.0,216,0.2
2026-06-17T09:30:00Z,30.5,84,27.5,1014.4,1.34,3.13,292,11.8,0.0,131,0.0
2026-06-17T09:40:00Z,30.2,84,27.2,1014.5,1.34,3.13,292,11.8,0.0,107,0.0
2026-06-17T09:50:00Z,30.0,85,27.2,1014.5,1.34,3.58,292,11.8,0.0,77,0.0
2026-06-17T10:00:00Z,29.8,85,27.0,1014.7,1.34,3.13,292,11.8,0.0,51,0.0
2026-06-17T10:10:00Z,29.6,86,27.0,1014.8,1.34,3.13,292,11.8,0.0,37,0.0
2026-06-17T10:20:00Z,29.4,86,26.8,1014.8,1.34,3.58,292,11.8,0.0,21,0.0
2026-06-17T10:30:00Z,29.3,87,26.9,1014.9,1.34,2.24,292,11.8,0.0,9,0.0
2026-06-17T10:40:00Z,29.2,87,26.8,1014.9,0.89,2.24,292,11.8,0.0,1,0.0
2026-06-17T10:50:00Z,29.1,87,26.7,1015.0,0.89,2.24,292,11.8,0.0,0,0.0
2026-06-17T11:00:00Z,29.1,88,26.9,1015.0,0.89,2.24,292,11.8,0.0,0,0.0
2026-06-17T11:10:00Z,28.9,88,26.7,1015.1,0.89,2.24,292,11.8,0.0,0,0.0
2026-06-17T11:20:00Z,28.9,88,26.7,1015.1,1.34,3.13,292,11.8,0.0,0,0.0
2026-06-17T11:30:00Z,28.9,88,26.7,1015.1,1.34,2.24,292,11.8,0.0,0,0.0
2026-06-17T11:40:00Z,28.8,88,26.6,1015.2,1.34,2.24,292,11.8,0.0,0,0.0
2026-06-17T11:50:00Z,28.8,89,26.8,1015.2,1.34,2.24,292,11.8,0.0,0,0.0
2026-06-17T12:00:00Z,28.8,89,26.8,1015.3,1.34,2.24,292,11.8,0.0,0,0.0
2026-06-17T12:10:00Z,28.8,89,26.8,1015.4,1.34,2.24,292,11.8,0.0,0,0.0
2026-06-17T12:20:00Z,28.7,89,26.7,1015.5,0.89,2.24,292,11.8,0.0,0,0.0
2026-06-17T12:30:00Z,28.7,89,26.7,1015.5,0.45,1.79,292,11.8,0.0,0,0.0
2026-06-17T12:40:00Z,28.7,89,26.7,1015.6,0.45,1.79,292,11.8,0.0,0,0.0
2026-06-17T12:50:00Z,28.7,89,26.7,1015.7,0.89,2.24,292,11.8,0.0,0,0.0
2026-06-17T13:00:00Z,28.7,89,26.7,1015.7,0.0,1.79,292,11.8,0.0,0,0.0
2026-06-17T13:10:00Z,28.7,89,26.7,1015.7,0.0,1.34,292,11.8,0.0,0,0.0
2026-06-17T13:20:00Z,28.6,89,26.6,1015.8,0.45,1.79,292,11.8,0.0,0,0.0
2026-06-17T13:30:00Z,28.6,89,26.6,1016.0,0.45,1.79,292,11.8,0.0,0,0.0
2026-06-17T13:40:00Z,28.4,89,26.4,1015.9,0.45,1.79,292,11.8,0.0,0,0.0
2026-06-17T13:50:00Z,28.4,89,26.4,1016.2,0.0,0.89,292,11.8,0.0,0,0.0
2026-06-17T14:00:00Z,28.4,89,26.4,1016.2,0.0,1.34,292,11.8,0.0,0,0.0
2026-06-17T14:10:00Z,28.4,89,26.4,1016.2,0.0,0.89,292,11.8,0.0,0,0.0
2026-06-17T14:20:00Z,28.4,88,26.2,1016.3,0.0,1.79,292,11.8,0.0,0,0.0
2026-06-17T14:30:00Z,28.3,88,26.1,1016.2,0.45,1.79,292,11.8,0.0,0,0.0
2026-06-17T14:40:00Z,28.3,88,26.1,1016.1,0.0,1.34,292,11.8,0.0,0,0.0
2026-06-17T14:50:00Z,28.3,87,25.9,1016.1,0.0,1.79,292,11.8,0.0,0,0.0
2026-06-17T15:00:00Z,28.3,87,25.9,1016.0,0.0,0.89,315,11.8,0.0,0,0.0
2026-06-17T15:10:00Z,28.3,87,25.9,1016.0,0.0,0.89,315,11.8,0.0,0,0.0
2026-06-17T15:20:00Z,28.3,87,25.9,1015.8,0.0,0.45,315,11.8,0.0,0,0.0
2026-06-17T15:30:00Z,28.3,87,25.9,1015.7,0.0,0.0,,11.8,0.0,0,0.0
2026-06-17T15:40:00Z,28.2,87,25.8,1015.7,0.0,0.0,,11.8,0.0,0,0.0
2026-06-17T15:50:00Z,28.1,87,25.7,1015.5,0.0,0.89,315,11.8,0.0,0,0.0
2026-06-17T16:00:00Z,28.1,88,25.9,1015.3,0.0,0.45,315,0.0,0.0,0,0.0
2026-06-17T16:10:00Z,28.1,88,25.9,1015.3,0.0,0.89,315,0.0,0.0,0,0.0
2026-06-17T16:20:00Z,28.0,88,25.8,1015.3,0.0,1.34,315,0.0,0.0,0,0.0
2026-06-17T16:30:00Z,28.0,88,25.8,1015.3,0.0,0.0,,0.0,0.0,0,0.0
2026-06-17T16:40:00Z,28.0,88,25.8,1015.2,0.0,0.0,,0.0,0.0,0,0.0
2026-06-17T16:50:00Z,28.0,88,25.8,1015.2,0.0,0.0,,0.0,0.0,0,0.0
2026-06-17T17:00:00Z,27.9,88,25.7,1015.1,0.0,0.0,,0.0,0.0,0,0.0
2026-06-17T17:10:00Z,27.9,88,25.7,1015.0,0.0,0.0,,0.0,0.0,0,0.0
2026-06-17T17:20:00Z,27.8,88,25.6,1014.9,0.0,0.0,,0.0,0.0,0,0.0
2026-06-17T17:30:00Z,27.8,88,25.6,1014.8,0.0,0.0,,0.0,0.0,0,0.0
2026-06-17T17:40:00Z,27.8,88,25.6,1014.7,0.0,0.0,,0.0,0.0,0,0.0
2026-06-17T17:50:00Z,27.8,88,25.6,1014.7,0.0,0.0,,0.0,0.0,0,0.0
2026-06-17T18:00:00Z,27.9,89,25.9,1014.7,0.0,0.0,,0.0,0.0,0,0.0
2026-06-17T18:10:00Z,27.8,89,25.8,1014.8,0.0,0.0,,0.0,0.0,0,0.0
2026-06-17T18:20:00Z,27.7,89,25.7,1014.9,0.0,0.0,,0.0,0.0,0,0.0
2026-06-17T18:30:00Z,27.6,89,25.6,1014.8,0.0,0.0,,0.0,0.0,0,0.0
2026-06-17T18:40:00Z,27.5,90,25.7,1014.9,0.0,0.0,,0.0,0.0,0,0.0
2026-06-17T18:50:00Z,27.5,90,25.7,1014.9,0.0,0.0,,0.0,0.0,0,0.0
2026-06-17T19:00:00Z,27.5,90,25.7,1014.8,0.0,0.0,,0.0,0.0,0,0.0
2026-06-17T19:10:00Z,27.5,90,25.7,1014.6,0.0,0.0,,0.0,0.0,0,0.0
2026-06-17T19:20:00Z,27.4,91,25.8,1014.4,0.0,0.0,,0.0,0.0,0,0.0
2026-06-17T19:30:00Z,27.4,91,25.8,1014.4,0.0,0.0,,0.0,0.0,0,0.0
2026-06-17T19:40:00Z,27.3,91,25.7,1014.3,0.0,0.0,,0.0,0.0,0,0.0
2026-06-17T19:50:00Z,27.2,90,25.4,1014.3,0.0,0.0,,0.0,0.0,0,0.0
2026-06-17T20:00:00Z,27.2,90,25.4,1014.3,0.0,0.0,,0.0,0.0,0,0.0
2026-06-17T20:10:00Z,27.2,90,25.4,1014.3,0.0,0.0,,0.0,0.0,0,0.0
2026-06-17T20:20:00Z,27.1,90,25.3,1014.3,0.0,0.0,,0.0,0.0,0,0.0
2026-06-17T20:30:00Z,27.1,90,25.3,1014.4,0.0,0.0,,0.0,0.0,0,0.0
2026-06-17T20:40:00Z,27.1,91,25.5,1014.5,0.0,0.0,,0.0,0.0,0,0.0
2026-06-17T20:50:00Z,27.2,91,25.6,1014.5,0.0,0.0,,0.0,0.0,0,0.0
2026-06-17T21:00:00Z,27.1,91,25.5,1014.6,0.0,0.0,,0.0,0.0,0,0.0
2026-06-17T21:10:00Z,27.1,91,25.5,1014.6,0.0,0.0,,0.0,0.0,0,0.0
2026-06-17T21:20:00Z,27.0,91,25.4,1014.8,0.0,0.0,,0.0,0.0,3,0.0
2026-06-17T21:30:00Z,26.9,91,25.3,1014.7,0.0,0.0,,0.0,0.0,15,0.0
2026-06-17T21:40:00Z,26.9,91,25.3,1014.8,0.0,0.89,315,0.0,0.0,26,0.0
2026-06-17T21:50:00Z,26.9,91,25.3,1014.7,0.0,0.0,,0.0,0.0,30,0.0
2026-06-17T22:00:00Z,26.9,92,25.5,1014.8,0.0,0.0,,0.0,0.0,38,0.0
2026-06-17T22:10:00Z,26.9,92,25.5,1014.7,0.0,0.89,315,0.0,0.0,40,0.0
2026-06-17T22:20:00Z,27.1,92,25.7,1014.9,0.0,0.45,315,0.0,0.0,45,0.0
2026-06-17T22:30:00Z,27.2,92,25.8,1015.0,0.0,0.45,315,0.0,0.0,48,0.0
2026-06-17T22:40:00Z,27.2,92,25.8,1015.1,0.0,0.0,,0.0,0.0,55,0.0
2026-06-17T22:50:00Z,27.3,92,25.9,1015.1,0.0,0.0,,0.0,0.0,61,0.0
2026-06-17T23:00:00Z,27.4,92,26.0,1015.2,0.0,0.0,,0.0,0.0,68,0.5
2026-06-17T23:10:00Z,27.6,92,26.2,1015.2,0.0,0.0,,0.0,0.0,79,0.6
2026-06-17T23:20:00Z,27.7,92,26.3,1015.2,0.0,0.0,,0.0,0.0,86,0.8
2026-06-17T23:30:00Z,28.1,92,26.7,1015.1,0.0,0.0,,0.0,0.0,90,0.9
2026-06-17T23:40:00Z,28.3,92,26.9,1015.0,0.0,0.45,315,0.0,0.0,99,1.1
2026-06-17T23:50:00Z,28.7,92,27.3,1014.9,0.0,0.45,315,0.0,0.0,108,1.4
2026-06-18T00:00:00Z,29.0,91,27.4,1014.9,0.0,0.0,,0.0,0.0,111,1.8
2026-06-18T00:10:00Z,29.3,90,27.5,1015.2,0.0,1.34,315,0.0,0.0,113,1.8
2026-06-18T00:20:00Z,29.7,88,27.5,1015.3,0.45,1.34,315,0.0,0.0,121,2.4
2026-06-18T00:30:00Z,30.3,86,27.7,1015.3,0.45,1.34,315,0.0,0.0,155,3.1
2026-06-18T00:40:00Z,30.7,83,27.5,1015.3,0.45,2.68,315,0.0,0.0,155,2.6
2026-06-18T00:50:00Z,31.1,81,27.5,1015.3,0.45,1.79,202,0.0,0.0,153,3.9
2026-06-18T01:00:00Z,31.5,79,27.4,1015.1,0.45,1.79,180,0.0,0.0,119,4.2
2026-06-18T01:10:00Z,32.1,78,27.8,1015.2,0.45,2.24,180,0.0,0.0,100,4.7
2026-06-18T01:20:00Z,32.4,77,27.8,1015.3,0.45,4.47,90,0.0,0.0,145,5.1
2026-06-18T01:30:00Z,32.4,74,27.2,1015.2,1.34,4.02,135,0.0,0.0,167,5.6
2026-06-18T01:40:00Z,32.4,77,27.8,1015.2,0.89,3.58,135,0.0,0.0,158,6.1
2026-06-18T01:50:00Z,32.7,77,28.1,1015.3,0.89,3.13,112,0.0,0.0,134,6.3
2026-06-18T02:00:00Z,33.0,77,28.4,1015.5,0.89,3.13,180,0.0,0.0,505,6.7
2026-06-18T02:10:00Z,33.2,75,28.2,1015.4,0.89,2.68,90,0.0,0.0,854,7.1
2026-06-18T02:20:00Z,33.3,75,28.3,1015.2,0.89,2.68,292,0.0,0.0,870,7.5
2026-06-18T02:30:00Z,33.6,73,28.1,1015.1,0.89,2.24,135,0.0,0.0,892,7.8
2026-06-18T02:40:00Z,33.4,74,28.1,1015.0,0.89,3.13,0,0.0,0.0,928,8.2
2026-06-18T02:50:00Z,33.4,74,28.1,1014.9,0.89,2.68,135,0.0,0.0,945,8.5
2026-06-18T03:00:00Z,33.4,74,28.1,1014.8,0.89,3.13,135,0.0,0.0,954,8.7
2026-06-18T03:10:00Z,33.4,73,27.9,1014.7,0.89,2.68,67,0.0,0.0,965,8.9
2026-06-18T03:20:00Z,33.4,72,27.7,1014.7,0.89,3.58,247,0.0,0.0,970,9.1
2026-06-18T03:30:00Z,33.6,70,27.4,1014.7,0.89,3.13,45,0.0,0.0,978,9.3
2026-06-18T03:40:00Z,33.8,70,27.6,1014.8,0.89,3.58,135,0.0,0.0,988,9.4
2026-06-18T03:50:00Z,33.8,69,27.3,1014.9,1.34,3.58,247,0.0,0.0,986,9.5
2026-06-18T04:00:00Z,33.9,70,27.7,1014.8,0.89,2.68,247,0.0,0.0,991,9.6
2026-06-18T04:10:00Z,34.1,71,28.1,1014.6,0.89,3.13,270,0.0,0.0,990,9.6
2026-06-18T04:20:00Z,33.9,73,28.4,1014.4,0.89,2.24,225,0.0,0.0,995,9.6
2026-06-18T04:30:00Z,33.9,72,28.1,1014.4,0.89,4.02,292,0.0,0.0,996,9.1
2026-06-18T04:40:00Z,33.6,75,28.6,1014.4,1.34,4.02,270,0.0,0.0,933,8.5
2026-06-18T04:50:00Z,33.6,77,29.0,1014.2,1.79,4.02,270,0.0,0.0,1021,9.2
2026-06-18T05:00:00Z,33.5,77,28.9,1014.2,1.34,4.02,270,0.0,0.0,1010,8.9
2026-06-18T05:10:00Z,33.3,77,28.7,1014.3,1.79,4.47,270,0.0,0.0,998,9.0
2026-06-18T05:20:00Z,33.2,78,28.8,1014.1,1.79,4.47,292,0.0,0.0,978,8.6
2026-06-18T05:30:00Z,33.2,78,28.8,1014.1,1.34,4.02,292,0.0,0.0,953,8.3
2026-06-18T05:40:00Z,33.3,77,28.7,1014.1,1.34,4.02,270,0.0,0.0,933,8.0
2026-06-18T05:50:00Z,33.2,78,28.8,1014.1,1.34,3.13,270,0.0,0.0,915,7.6
2026-06-18T06:00:00Z,33.2,77,28.6,1014.1,1.34,4.02,270,0.0,0.0,895,7.2
2026-06-18T06:10:00Z,32.8,77,28.2,1014.0,1.79,4.02,292,0.0,0.0,877,6.8
2026-06-18T06:20:00Z,32.6,79,28.5,1014.0,1.79,3.58,270,0.0,0.0,855,6.4
2026-06-18T06:30:00Z,32.7,79,28.6,1013.9,1.34,4.02,270,0.0,0.0,833,6.0
2026-06-18T06:40:00Z,32.7,78,28.4,1013.8,1.34,3.13,292,0.0,0.0,812,5.6
2026-06-18T06:50:00Z,32.8,79,28.7,1013.9,1.34,3.58,292,0.0,0.0,785,5.2
2026-06-18T07:00:00Z,32.7,79,28.6,1013.7,1.34,3.58,247,0.0,0.0,761,4.8
2026-06-18T07:10:00Z,32.6,79,28.5,1013.7,1.34,3.58,270,0.0,0.0,736,4.3
2026-06-18T07:20:00Z,32.9,79,28.8,1013.7,1.34,4.02,292,0.0,0.0,707,3.9
2026-06-18T07:30:00Z,32.7,78,28.4,1013.8,1.34,3.58,292,0.0,0.0,678,3.5
2026-06-18T07:40:00Z,32.9,78,28.6,1013.7,0.89,2.24,292,0.0,0.0,656,3.1
2026-06-18T07:50:00Z,32.9,78,28.6,1013.6,1.34,3.58,292,0.0,0.0,622,2.7
2026-06-18T08:00:00Z,32.6,79,28.5,1013.8,1.34,3.58,292,0.0,0.0,571,2.3
2026-06-18T08:10:00Z,32.5,79,28.4,1013.8,1.34,3.13,315,0.0,0.0,491,1.9
2026-06-18T08:20:00Z,32.3,79,28.2,1013.9,1.34,2.68,315,0.0,0.0,357,1.4
2026-06-18T08:30:00Z,31.9,80,28.0,1014.0,0.89,2.24,315,0.0,0.0,285,1.1
2026-06-18T08:40:00Z,31.6,80,27.7,1014.2,0.89,2.24,315,0.0,0.0,255,0.9
2026-06-18T08:50:00Z,31.3,81,27.6,1014.2,0.89,2.24,337,0.0,0.0,195,0.7
2026-06-18T09:00:00Z,30.9,82,27.5,1014.1,1.34,2.68,315,0.0,0.0,138,0.4
2026-06-18T09:10:00Z,30.6,83,27.4,1014.2,1.34,2.68,315,0.0,0.0,107,0.0
2026-06-18T09:20:00Z,30.4,83,27.2,1014.1,0.89,1.79,315,0.0,0.0,91,0.0
2026-06-18T09:30:00Z,30.3,84,27.3,1014.1,0.89,2.24,315,0.0,0.0,81,0.0
2026-06-18T09:40:00Z,30.1,84,27.1,1014.0,0.89,1.79,315,0.0,0.0,69,0.0
2026-06-18T09:50:00Z,30.0,84,27.0,1014.2,0.89,2.24,315,0.0,0.0,55,0.0
2026-06-18T10:00:00Z,29.8,85,27.0,1014.3,1.34,2.24,315,0.0,0.0,43,0.0
2026-06-18T10:10:00Z,29.8,85,27.0,1014.3,0.45,1.79,315,0.0,0.0,31,0.0
2026-06-18T10:20:00Z,29.7,85,26.9,1014.4,0.89,1.79,315,0.0,0.0,16,0.0
2026-06-18T10:30:00Z,29.6,85,26.8,1014.4,0.89,2.24,315,0.0,0.0,10,0.0
2026-06-18T10:40:00Z,29.4,85,26.6,1014.5,0.89,3.13,315,0.0,0.0,3,0.0
2026-06-18T10:50:00Z,29.2,85,26.4,1014.7,0.89,2.24,292,0.0,0.0,0,0.0
2026-06-18T11:00:00Z,29.2,85,26.4,1014.7,0.89,2.24,292,0.0,0.0,0,0.0
2026-06-18T11:10:00Z,29.1,85,26.3,1014.8,1.34,2.24,315,0.0,0.0,0,0.0
2026-06-18T11:20:00Z,29.0,85,26.2,1014.9,0.89,2.24,315,0.0,0.0,0,0.0
2026-06-18T11:30:00Z,29.0,86,26.4,1014.9,0.89,1.79,315,0.0,0.0,0,0.0
2026-06-18T11:40:00Z,29.0,86,26.4,1014.8,0.45,1.79,315,0.0,0.0,0,0.0
2026-06-18T11:50:00Z,28.9,86,26.3,1014.9,0.45,1.34,315,0.0,0.0,0,0.0
2026-06-18T12:00:00Z,28.7,85,25.9,1015.0,0.89,1.79,315,0.0,0.0,0,0.0
2026-06-18T12:10:00Z,28.6,85,25.8,1015.1,0.45,1.79,315,0.0,0.0,0,0.0
2026-06-18T12:20:00Z,28.5,85,25.7,1015.1,0.89,1.79,315,0.0,0.0,0,0.0
2026-06-18T12:30:00Z,28.4,85,25.6,1015.3,0.45,1.34,315,0.0,0.0,0,0.0
2026-06-18T12:40:00Z,28.3,84,25.3,1015.3,0.45,1.34,315,0.0,0.0,0,0.0
2026-06-18T12:50:00Z,28.3,83,25.1,1015.4,0.45,1.34,315,0.0,0.0,0,0.0
2026-06-18T13:00:00Z,28.2,83,25.0,1015.5,0.45,0.89,315,0.0,0.0,0,0.0
2026-06-18T13:10:00Z,28.2,83,25.0,1015.5,0.45,0.89,315,0.0,0.0,0,0.0
2026-06-18T13:20:00Z,28.2,83,25.0,1015.6,0.45,1.34,315,0.0,0.0,0,0.0
2026-06-18T13:30:00Z,28.1,82,24.7,1015.5,0.45,0.89,315,0.0,0.0,0,0.0
2026-06-18T13:40:00Z,28.1,82,24.7,1015.6,0.0,0.89,315,0.0,0.0,0,0.0
2026-06-18T13:50:00Z,28.1,82,24.7,1015.8,0.0,0.89,315,0.0,0.0,0,0.0
2026-06-18T14:00:00Z,28.2,82,24.8,1015.7,0.0,0.45,315,0.0,0.0,0,0.0
2026-06-18T14:10:00Z,28.1,82,24.7,1015.8,0.0,0.45,315,0.0,0.0,0,0.0
2026-06-18T14:20:00Z,28.1,82,24.7,1015.8,0.0,0.0,,0.0,0.0,0,0.0
2026-06-18T14:30:00Z,28.0,83,24.8,1015.6,0.0,0.0,,0.0,0.0,0,0.0
2026-06-18T14:40:00Z,28.1,84,25.1,1015.5,0.0,0.0,,0.0,0.0,0,0.0
2026-06-18T14:50:00Z,28.1,85,25.3,1015.4,0.0,0.0,,0.0,0.0,0,0.0
2026-06-18T15:00:00Z,27.9,86,25.3,1015.2,0.0,0.0,,0.0,0.0,0,0.0
2026-06-18T15:10:00Z,27.8,86,25.2,1015.3,0.0,0.0,,0.0,0.0,0,0.0
2026-06-18T15:20:00Z,27.7,86,25.1,1015.1,0.0,0.89,315,0.0,0.0,0,0.0
2026-06-18T15:30:00Z,27.6,87,25.2,1015.0,0.0,0.89,315,0.0,0.0,0,0.0
2026-06-18T15:40:00Z,27.3,87,24.9,1014.8,0.0,0.89,315,0.0,0.0,0,0.0
2026-06-18T15:50:00Z,27.2,87,24.8,1014.8,0.0,0.45,315,0.0,0.0,0,0.0
2026-06-18T16:00:00Z,27.1,88,24.9,1014.5,0.0,0.89,315,0.0,0.0,0,0.0
2026-06-18T16:10:00Z,27.0,88,24.8,1014.4,0.0,0.89,315,0.0,0.0,0,0.0
2026-06-18T16:20:00Z,26.9,88,24.7,1014.3,0.0,0.89,315,0.0,0.0,0,0.0
2026-06-18T16:30:00Z,26.8,88,24.6,1014.0,0.0,0.0,,0.0,0.0,0,0.0
2026-06-18T16:40:00Z,26.6,88,24.4,1014.0,0.0,0.45,315,0.0,0.0,0,0.0
2026-06-18T16:50:00Z,26.3,88,24.2,1014.0,0.0,0.0,,0.0,0.0,0,0.0
2026-06-18T17:00:00Z,26.2,88,24.1,1013.8,0.0,0.0,,0.0,0.0,0,0.0
2026-06-18T17:10:00Z,26.0,89,24.0,1013.8,0.0,0.0,,0.0,0.0,0,0.0
2026-06-18T17:20:00Z,26.0,89,24.0,1013.8,0.0,0.0,,0.0,0.0,0,0.0
2026-06-18T17:30:00Z,26.0,89,24.0,1013.5,0.0,0.0,,0.0,0.0,0,0.0
2026-06-18T17:40:00Z,26.0,90,24.2,1013.4,0.0,0.0,,0.0,0.0,0,0.0
2026-06-18T17:50:00Z,26.0,90,24.2,1013.5,0.0,0.0,,0.0,0.0,0,0.0
2026-06-18T18:00:00Z,26.1,90,24.3,1013.5,0.0,0.0,,0.0,0.0,0,0.0
2026-06-18T18:10:00Z,26.1,90,24.3,1013.7,0.0,0.0,,0.0,0.0,0,0.0
2026-06-18T18:20:00Z,26.1,90,24.3,1013.6,0.0,0.45,315,0.0,0.0,0,0.0
2026-06-18T18:30:00Z,26.1,90,24.3,1013.5,0.0,0.0,,0.0,0.0,0,0.0
2026-06-18T18:40:00Z,26.1,90,24.3,1013.7,0.0,0.0,,0.0,0.0,0,0.0
2026-06-18T18:50:00Z,26.1,90,24.3,1013.7,0.0,0.0,,0.0,0.0,0,0.0
2026-06-18T19:00:00Z,26.0,90,24.2,1013.9,0.0,0.0,,0.0,0.0,0,0.0
2026-06-18T19:10:00Z,25.8,90,24.0,1013.9,0.0,0.0,,0.0,0.0,0,0.0
2026-06-18T19:20:00Z,25.7,90,23.9,1013.7,0.0,0.0,,0.0,0.0,0,0.0
2026-06-18T19:30:00Z,25.5,90,23.7,1013.7,0.0,0.0,,0.0,0.0,0,0.0
2026-06-18T19:40:00Z,25.3,90,23.5,1013.7,0.45,1.34,315,0.0,0.0,0,0.0
2026-06-18T19:50:00Z,25.2,90,23.4,1013.6,0.0,1.79,315,0.0,0.0,0,0.0
2026-06-18T20:00:00Z,25.1,90,23.3,1013.5,0.45,1.79,315,0.0,0.0,0,0.0
2026-06-18T20:10:00Z,25.0,90,23.2,1013.7,0.45,1.34,315,0.0,0.0,0,0.0
2026-06-18T20:20:00Z,24.9,90,23.1,1013.6,0.45,1.79,315,0.0,0.0,0,0.0
2026-06-18T20:30:00Z,24.9,90,23.1,1013.6,0.45,1.79,315,0.0,0.0,0,0.0
2026-06-18T20:40:00Z,24.9,90,23.1,1013.7,0.45,1.34,315,0.0,0.0,0,0.0
2026-06-18T20:50:00Z,24.8,90,23.0,1013.5,0.45,1.34,315,0.0,0.0,0,0.0
2026-06-18T21:00:00Z,24.8,91,23.2,1013.6,0.45,1.34,315,0.0,0.0,0,0.0
2026-06-18T21:10:00Z,24.8,91,23.2,1013.5,0.45,1.34,315,0.0,0.0,0,0.0
2026-06-18T21:20:00Z,24.8,91,23.2,1013.6,0.45,1.79,315,0.0,0.0,0,0.0
2026-06-18T21:30:00Z,24.8,91,23.2,1013.9,0.0,1.34,315,0.0,0.0,8,0.0
2026-06-18T21:40:00Z,24.9,91,23.3,1013.9,0.0,1.34,315,0.0,0.0,18,0.0
2026-06-18T21:50:00Z,25.0,91,23.4,1014.0,0.45,1.34,315,0.0,0.0,26,0.0
2026-06-18T22:00:00Z,25.2,91,23.6,1014.1,0.0,0.89,315,0.0,0.0,33,0.0
2026-06-18T22:10:00Z,25.3,91,23.7,1014.2,0.0,0.89,315,0.0,0.0,39,0.0
2026-06-18T22:20:00Z,25.5,91,23.9,1014.2,0.0,0.0,,0.0,0.0,64,0.0
2026-06-18T22:30:00Z,25.8,91,24.2,1014.3,0.0,0.89,315,0.0,0.0,63,0.0
2026-06-18T22:40:00Z,26.1,91,24.5,1014.5,0.0,0.89,315,0.0,0.0,71,0.0
2026-06-18T22:50:00Z,26.5,91,24.9,1014.6,0.45,1.34,315,0.0,0.0,76,0.4
2026-06-18T23:00:00Z,27.2,90,25.4,1014.5,0.45,1.34,315,0.0,0.0,99,0.6
2026-06-18T23:10:00Z,27.9,90,26.1,1014.5,0.0,0.89,315,0.0,0.0,132,0.7
2026-06-18T23:20:00Z,28.4,89,26.4,1014.5,0.0,1.34,315,0.0,0.0,95,0.9
2026-06-18T23:30:00Z,29.2,87,26.8,1014.4,0.0,0.0,,0.0,0.0,77,1.2
2026-06-18T23:40:00Z,29.7,86,27.1,1014.3,0.0,0.0,,0.0,0.0,70,1.4
2026-06-18T23:50:00Z,30.2,85,27.4,1014.0,0.45,1.79,337,0.0,0.0,71,1.7
2026-06-19T00:00:00Z,30.6,83,27.4,1014.0,0.0,1.34,0,0.0,0.0,106,1.7
2026-06-19T00:10:00Z,30.7,82,27.3,1014.1,0.0,1.79,0,0.0,0.0,224,1.7
2026-06-19T00:20:00Z,30.9,83,27.7,1014.2,0.0,1.34,0,0.0,0.0,232,2.2
2026-06-19T00:30:00Z,30.6,80,26.8,1014.4,0.89,2.68,337,0.0,0.0,114,1.3
2026-06-19T00:40:00Z,30.3,81,26.7,1014.7,0.45,2.24,315,0.0,0.0,72,2.0
2026-06-19T00:50:00Z,30.5,80,26.7,1014.8,0.45,3.13,315,0.0,0.0,82,3.0
2026-06-19T01:00:00Z,31.2,80,27.3,1014.9,0.0,1.34,292,0.0,0.0,93,3.6
2026-06-19T01:10:00Z,31.2,78,26.9,1014.8,1.34,3.13,292,0.0,0.0,124,3.7
2026-06-19T01:20:00Z,31.4,79,27.3,1014.7,0.89,3.13,270,0.0,0.0,110,4.8
2026-06-19T01:30:00Z,31.8,78,27.5,1014.7,0.89,2.68,270,0.0,0.0,127,5.3
2026-06-19T01:40:00Z,32.3,78,28.0,1014.9,0.89,3.13,270,0.0,0.0,194,5.4
2026-06-19T01:50:00Z,31.9,79,27.8,1014.9,0.89,3.58,270,0.0,0.0,166,3.5
2026-06-19T02:00:00Z,31.6,79,27.5,1014.9,0.89,2.24,292,0.0,0.0,148,4.0
2026-06-19T02:10:00Z,31.8,79,27.7,1014.9,1.34,4.47,292,0.0,0.0,849,6.8
2026-06-19T02:20:00Z,32.1,79,28.0,1014.7,0.89,3.13,270,0.0,0.0,692,6.1
2026-06-19T02:30:00Z,31.8,80,27.9,1014.8,0.89,4.02,270,0.0,0.0,793,6.7
2026-06-19T02:40:00Z,32.0,80,28.1,1014.8,1.34,4.02,292,0.0,0.0,922,7.9
2026-06-19T02:50:00Z,32.3,80,28.4,1014.6,1.34,4.02,292,0.0,0.0,939,8.2
2026-06-19T03:00:00Z,32.3,79,28.2,1014.7,1.34,4.47,292,0.0,0.0,968,8.5
2026-06-19T03:10:00Z,32.5,79,28.4,1014.8,1.34,4.02,292,0.0,0.0,987,8.7
2026-06-19T03:20:00Z,32.2,80,28.3,1014.9,1.79,4.02,270,0.0,0.0,974,8.9
2026-06-19T03:30:00Z,32.2,80,28.3,1015.0,1.34,3.58,292,0.0,0.0,979,9.1
2026-06-19T03:40:00Z,32.3,80,28.4,1014.9,1.34,3.58,292,0.0,0.0,983,9.2
2026-06-19T03:50:00Z,32.4,78,28.1,1014.8,0.89,3.13,247,0.0,0.0,980,9.2
2026-06-19T04:00:00Z,32.7,78,28.4,1014.8,0.89,3.13,292,0.0,0.0,990,9.3
2026-06-19T04:10:00Z,32.6,78,28.3,1014.8,1.34,3.58,247,0.0,0.0,989,9.3
2026-06-19T04:20:00Z,32.7,79,28.6,1014.5,0.89,3.58,270,0.0,0.0,991,9.3
2026-06-19T04:30:00Z,32.8,78,28.5,1014.4,1.34,3.13,270,0.0,0.0,992,9.2
2026-06-19T04:40:00Z,33.1,77,28.5,1014.5,0.89,3.13,292,0.0,0.0,997,9.2
2026-06-19T04:50:00Z,33.3,78,28.9,1014.5,0.89,3.13,292,0.0,0.0,1004,9.1
2026-06-19T05:00:00Z,33.2,77,28.6,1014.5,1.34,3.58,270,0.0,0.0,996,8.9
2026-06-19T05:10:00Z,33.2,77,28.6,1014.3,1.34,3.58,292,0.0,0.0,978,8.7
2026-06-19T05:20:00Z,33.0,77,28.4,1014.2,1.34,4.47,292,0.0,0.0,961,8.4
2026-06-19T05:30:00Z,33.1,77,28.5,1014.1,1.34,3.58,292,0.0,0.0,948,8.2
2026-06-19T05:40:00Z,32.9,77,28.3,1014.0,1.34,3.58,292,0.0,0.0,933,7.8
2026-06-19T05:50:00Z,32.7,77,28.1,1014.0,1.34,3.58,247,0.0,0.0,916,7.5
2026-06-19T06:00:00Z,32.9,78,28.6,1013.9,0.89,3.58,247,0.0,0.0,901,7.1
2026-06-19T06:10:00Z,32.8,78,28.5,1013.9,1.34,4.02,270,0.0,0.0,883,6.8
2026-06-19T06:20:00Z,32.8,78,28.5,1013.8,1.34,3.58,292,0.0,0.0,865,6.4
2026-06-19T06:30:00Z,32.9,77,28.3,1013.7,1.34,2.68,292,0.0,0.0,844,6.0
2026-06-19T06:40:00Z,32.9,77,28.3,1013.6,1.34,3.58,270,0.0,0.0,823,5.6
2026-06-19T06:50:00Z,32.9,78,28.6,1013.7,1.34,3.58,270,0.0,0.0,803,5.2
2026-06-19T07:00:00Z,32.8,78,28.5,1013.6,1.34,4.02,270,0.0,0.0,780,4.8
2026-06-19T07:10:00Z,32.6,78,28.3,1013.6,1.34,3.58,247,0.0,0.0,724,4.3
2026-06-19T07:20:00Z,32.4,79,28.3,1013.3,1.34,3.13,247,0.0,0.0,680,3.8
2026-06-19T07:30:00Z,32.6,78,28.3,1013.4,0.89,3.13,292,0.0,0.0,636,3.3
2026-06-19T07:40:00Z,32.5,78,28.2,1013.3,0.89,3.58,292,0.0,0.0,557,2.8
2026-06-19T07:50:00Z,32.7,78,28.4,1013.3,0.89,2.24,315,0.0,0.0,557,2.6
2026-06-19T08:00:00Z,32.9,77,28.3,1013.4,0.89,2.24,315,0.0,0.0,575,2.3
2026-06-19T08:10:00Z,32.9,77,28.3,1013.3,0.89,3.13,315,0.0,0.0,547,2.1
2026-06-19T08:20:00Z,33.0,77,28.4,1013.3,0.89,3.58,315,0.0,0.0,524,1.8
2026-06-19T08:30:00Z,32.9,76,28.1,1013.5,1.34,3.58,292,0.0,0.0,490,1.5
2026-06-19T08:40:00Z,32.7,77,28.1,1013.2,1.34,3.13,292,0.0,0.0,458,1.3
2026-06-19T08:50:00Z,32.6,77,28.0,1013.3,0.89,3.13,292,0.0,0.0,420,1.0
2026-06-19T09:00:00Z,32.6,77,28.0,1013.3,1.34,3.13,292,0.0,0.0,379,0.8
2026-06-19T09:10:00Z,32.4,78,28.1,1013.3,1.34,3.13,292,0.0,0.0,340,0.6
2026-06-19T09:20:00Z,32.3,77,27.7,1013.4,0.89,3.13,315,0.0,0.0,302,0.4
2026-06-19T09:30:00Z,32.1,78,27.8,1013.4,0.89,3.13,315,0.0,0.0,261,0.0
2026-06-19T09:40:00Z,31.9,78,27.6,1013.4,0.89,2.24,292,0.0,0.0,216,0.0
2026-06-19T09:50:00Z,31.8,79,27.7,1013.4,0.89,2.68,315,0.0,0.0,170,0.0
2026-06-19T10:00:00Z,31.6,80,27.7,1013.3,0.89,2.24,315,0.0,0.0,127,0.0
2026-06-19T10:10:00Z,31.3,80,27.4,1013.4,0.89,3.13,315,0.0,0.0,73,0.0
2026-06-19T10:20:00Z,31.1,81,27.5,1013.4,0.45,1.79,315,0.0,0.0,27,0.0
2026-06-19T10:30:00Z,30.8,82,27.4,1013.5,0.45,2.24,315,0.0,0.0,15,0.0
2026-06-19T10:40:00Z,30.6,81,27.0,1013.4,0.45,1.79,315,0.0,0.0,3,0.0
2026-06-19T10:50:00Z,30.4,83,27.2,1013.5,0.45,1.79,315,0.0,0.0,0,0.0
2026-06-19T11:00:00Z,30.3,83,27.1,1013.5,0.45,1.34,315,0.0,0.0,0,0.0
2026-06-19T11:10:00Z,30.3,83,27.1,1013.6,0.45,1.34,315,0.0,0.0,0,0.0
2026-06-19T11:20:00Z,30.1,83,26.9,1013.8,0.45,1.79,315,0.0,0.0,0,0.0
2026-06-19T11:30:00Z,30.1,84,27.1,1014.1,0.45,1.34,315,0.0,0.0,0,0.0
2026-06-19T11:40:00Z,30.0,84,27.0,1014.1,0.45,1.34,315,0.0,0.0,0,0.0
2026-06-19T11:50:00Z,29.8,84,26.8,1014.2,0.45,1.79,315,0.0,0.0,0,0.0
2026-06-19T12:00:00Z,29.8,84,26.8,1014.3,0.45,1.34,315,0.0,0.0,0,0.0
2026-06-19T12:10:00Z,29.8,85,27.0,1014.4,0.45,1.34,315,0.0,0.0,0,0.0
2026-06-19T12:20:00Z,29.8,85,27.0,1014.5,0.45,1.79,315,0.0,0.0,0,0.0
2026-06-19T12:30:00Z,29.7,85,26.9,1014.4,0.45,2.24,315,0.0,0.0,0,0.0
2026-06-19T12:40:00Z,29.7,85,26.9,1014.5,0.45,1.79,315,0.0,0.0,0,0.0
2026-06-19T12:50:00Z,29.7,85,26.9,1014.7,0.45,1.79,315,0.0,0.0,0,0.0
2026-06-19T13:00:00Z,29.7,85,26.9,1014.8,0.45,1.79,315,0.0,0.0,0,0.0
2026-06-19T13:10:00Z,29.6,85,26.8,1014.8,0.45,1.34,315,0.0,0.0,0,0.0
2026-06-19T13:20:00Z,29.4,85,26.6,1014.8,0.45,1.34,315,0.0,0.0,0,0.0
2026-06-19T13:30:00Z,29.3,85,26.5,1014.8,0.45,1.79,315,0.0,0.0,0,0.0
2026-06-19T13:40:00Z,29.3,86,26.7,1015.0,0.45,1.34,315,0.0,0.0,0,0.0
2026-06-19T13:50:00Z,29.2,86,26.6,1014.9,0.45,1.34,315,0.0,0.0,0,0.0
2026-06-19T14:00:00Z,29.2,86,26.6,1014.9,0.45,1.79,315,0.0,0.0,0,0.0
2026-06-19T14:10:00Z,29.2,86,26.6,1015.0,0.45,1.34,315,0.0,0.0,0,0.0
2026-06-19T14:20:00Z,29.1,86,26.5,1015.1,0.45,1.79,292,0.0,0.0,0,0.0
2026-06-19T14:30:00Z,29.1,87,26.7,1015.1,0.45,1.79,315,0.0,0.0,0,0.0
2026-06-19T14:40:00Z,29.0,87,26.6,1015.2,0.89,2.24,315,0.0,0.0,0,0.0
2026-06-19T14:50:00Z,28.9,86,26.3,1015.1,0.45,1.34,315,0.0,0.0,0,0.0
2026-06-19T15:00:00Z,28.9,86,26.3,1015.1,0.45,1.34,315,0.0,0.0,0,0.0
2026-06-19T15:10:00Z,28.9,86,26.3,1015.0,0.45,1.79,315,0.0,0.0,0,0.0
2026-06-19T15:20:00Z,28.7,86,26.1,1014.8,0.45,2.24,315,0.0,0.0,0,0.0
2026-06-19T15:30:00Z,28.7,86,26.1,1014.7,0.89,2.24,315,0.0,0.0,0,0.0
2026-06-19T15:40:00Z,28.7,86,26.1,1014.7,0.89,3.13,315,0.0,0.0,0,0.0
2026-06-19T15:50:00Z,28.7,87,26.3,1014.4,1.34,3.13,315,0.0,0.0,0,0.0
2026-06-19T16:00:00Z,28.7,87,26.3,1014.2,0.89,1.79,315,0.0,0.0,0,0.0
2026-06-19T16:10:00Z,28.6,87,26.2,1013.9,0.89,2.24,315,0.0,0.0,0,0.0
2026-06-19T16:20:00Z,28.6,87,26.2,1013.8,0.89,1.79,315,0.0,0.0,0,0.0
2026-06-19T16:30:00Z,28.4,87,26.0,1013.7,0.89,2.24,315,0.0,0.0,0,0.0
2026-06-19T16:40:00Z,28.4,87,26.0,1013.7,0.0,1.34,315,0.0,0.0,0,0.0
2026-06-19T16:50:00Z,28.4,88,26.2,1013.6,0.45,0.89,315,0.0,0.0,0,0.0
2026-06-19T17:00:00Z,28.4,88,26.2,1013.6,0.0,0.0,,0.0,0.0,0,0.0
2026-06-19T17:10:00Z,28.4,88,26.2,1013.6,0.0,0.0,,0.0,0.0,0,0.0
2026-06-19T17:20:00Z,28.3,89,26.3,1013.5,0.0,0.0,,0.0,0.0,0,0.0
2026-06-19T17:30:00Z,28.2,89,26.2,1013.4,0.0,0.0,,0.0,0.0,0,0.0
2026-06-19T17:40:00Z,28.2,89,26.2,1013.2,0.0,0.0,,0.0,0.0,0,0.0
2026-06-19T17:50:00Z,28.1,89,26.1,1013.1,0.0,0.0,,0.0,0.0,0,0.0
2026-06-19T18:00:00Z,27.9,89,25.9,1013.3,0.0,0.0,,0.0,0.0,0,0.0
2026-06-19T18:10:00Z,27.9,89,25.9,1013.3,0.0,0.0,,0.0,0.0,0,0.0
2026-06-19T18:20:00Z,27.8,89,25.8,1013.3,0.0,0.0,,0.0,0.0,0,0.0
2026-06-19T18:30:00Z,27.7,89,25.7,1013.4,0.0,0.89,315,0.0,0.0,0,0.0
2026-06-19T18:40:00Z,27.6,89,25.6,1013.3,0.0,0.89,315,0.0,0.0,0,0.0
2026-06-19T18:50:00Z,27.7,89,25.7,1013.3,0.45,0.89,315,0.0,0.0,0,0.0
2026-06-19T19:00:00Z,27.9,89,25.9,1013.2,0.0,1.34,315,0.0,0.0,0,0.0
2026-06-19T19:10:00Z,27.9,89,25.9,1013.2,0.0,0.45,315,0.0,0.0,0,0.0
2026-06-19T19:20:00Z,27.9,89,25.9,1013.1,0.0,0.0,,0.0,0.0,0,0.0
2026-06-19T19:30:00Z,27.9,89,25.9,1013.1,0.0,0.0,,0.0,0.0,0,0.0
2026-06-19T19:40:00Z,27.8,89,25.8,1013.0,0.0,1.34,315,0.0,0.0,0,0.0
2026-06-19T19:50:00Z,27.8,89,25.8,1013.0,0.45,1.34,315,0.0,0.0,0,0.0
2026-06-19T20:00:00Z,27.7,89,25.7,1013.1,0.0,0.89,315,0.0,0.0,0,0.0
2026-06-19T20:10:00Z,27.7,89,25.7,1013.2,0.0,0.89,315,0.0,0.0,0,0.0
2026-06-19T20:20:00Z,27.7,89,25.7,1013.2,0.45,0.89,315,0.0,0.0,0,0.0
2026-06-19T20:30:00Z,27.7,89,25.7,1013.2,0.0,0.89,315,0.0,0.0,0,0.0
2026-06-19T20:40:00Z,27.6,89,25.6,1013.2,0.0,0.89,315,0.0,0.0,0,0.0
2026-06-19T20:50:00Z,27.6,89,25.6,1013.4,0.45,1.79,315,0.0,0.0,0,0.0
2026-06-19T21:00:00Z,27.6,89,25.6,1013.3,0.45,1.79,315,0.0,0.0,0,0.0
2026-06-19T21:10:00Z,27.6,89,25.6,1013.4,0.45,1.34,315,0.0,0.0,0,0.0
2026-06-19T21:20:00Z,27.6,89,25.6,1013.4,0.45,1.34,315,0.0,0.0,3,0.0
2026-06-19T21:30:00Z,27.6,89,25.6,1013.5,0.45,1.34,315,0.0,0.0,11,0.0
2026-06-19T21:40:00Z,27.5,89,25.5,1013.4,0.45,1.34,315,0.0,0.0,20,0.0
2026-06-19T21:50:00Z,27.6,89,25.6,1013.5,0.45,1.34,315,0.0,0.0,31,0.0
2026-06-19T22:00:00Z,27.7,89,25.7,1013.4,0.45,0.89,315,0.0,0.0,55,0.0
2026-06-19T22:10:00Z,27.8,89,25.8,1013.6,0.45,1.79,315,0.0,0.0,77,0.0
2026-06-19T22:20:00Z,28.0,89,26.0,1013.7,0.0,1.34,315,0.0,0.0,87,0.0
2026-06-19T22:30:00Z,28.2,89,26.2,1013.8,0.0,1.34,315,0.0,0.0,56,0.0
2026-06-19T22:40:00Z,28.1,87,25.7,1014.0,0.45,1.34,315,0.0,0.0,53,0.0
2026-06-19T22:50:00Z,28.3,87,25.9,1013.9,0.45,1.79,315,0.0,0.0,60,0.4
2026-06-19T23:00:00Z,28.7,88,26.5,1013.9,0.45,1.34,315,0.0,0.0,64,0.7
2026-06-19T23:10:00Z,29.0,87,26.6,1014.1,0.89,1.79,315,0.0,0.0,69,0.9
2026-06-19T23:20:00Z,29.1,86,26.5,1014.1,0.45,1.79,315,0.0,0.0,64,1.0
2026-06-19T23:30:00Z,29.5,86,26.9,1014.3,0.45,1.79,315,0.0,0.0,78,1.2
2026-06-19T23:40:00Z,29.7,86,27.1,1014.4,0.89,3.13,315,0.0,0.0,83,1.5
2026-06-19T23:50:00Z,29.9,84,26.9,1014.3,0.89,3.58,315,0.0,0.0,84,1.7
2026-06-20T00:00:00Z,30.1,83,26.9,1014.5,1.34,3.13,315,0.0,0.0,82,2.0
2026-06-20T00:10:00Z,30.4,83,27.2,1014.4,1.34,2.24,315,0.0,0.0,94,2.4
2026-06-20T00:20:00Z,30.4,82,27.0,1014.5,1.34,3.58,315,0.0,0.0,130,2.3
2026-06-20T00:30:00Z,30.3,82,26.9,1014.5,1.34,3.58,315,0.0,0.0,167,2.7
2026-06-20T00:40:00Z,30.5,82,27.1,1014.4,1.34,2.68,315,0.0,0.0,166,3.4
2026-06-20T00:50:00Z,30.7,82,27.3,1014.5,1.34,4.02,315,0.0,0.0,107,3.7
2026-06-20T01:00:00Z,30.7,82,27.3,1014.5,1.79,3.58,292,0.0,0.0,113,4.2
2026-06-20T01:10:00Z,30.8,83,27.6,1014.6,1.79,4.47,292,0.0,0.0,105,4.6
2026-06-20T01:20:00Z,31.1,82,27.7,1014.7,1.34,4.02,315,0.0,0.0,132,4.9
2026-06-20T01:30:00Z,30.9,83,27.7,1014.6,1.79,4.02,292,0.0,0.0,137,5.1
2026-06-20T01:40:00Z,31.0,82,27.6,1014.6,1.79,3.58,292,0.0,0.0,182,5.7
2026-06-20T01:50:00Z,31.1,82,27.7,1014.5,1.34,3.58,315,0.0,0.0,200,5.7
2026-06-20T02:00:00Z,31.2,82,27.8,1014.6,1.79,4.02,315,0.0,0.0,421,6.4
2026-06-20T02:10:00Z,31.2,82,27.8,1014.5,1.79,4.47,292,0.0,0.0,810,6.9
2026-06-20T02:20:00Z,31.3,80,27.4,1014.5,2.24,4.47,292,0.0,0.0,840,7.3
2026-06-20T02:30:00Z,31.5,80,27.6,1014.5,2.24,4.47,292,0.0,0.0,871,7.7
2026-06-20T02:40:00Z,31.7,80,27.8,1014.5,2.24,5.36,292,0.0,0.0,900,7.9
2026-06-20T02:50:00Z,31.6,79,27.5,1014.5,2.68,5.36,292,0.0,0.0,919,8.3
2026-06-20T03:00:00Z,31.7,78,27.4,1014.4,2.68,4.92,292,0.0,0.0,933,8.5
2026-06-20T03:10:00Z,31.8,79,27.7,1014.3,2.68,4.92,292,0.0,0.0,945,8.7
2026-06-20T03:20:00Z,31.6,78,27.3,1014.1,2.68,5.36,292,0.0,0.0,955,8.8
2026-06-20T03:30:00Z,31.7,80,27.8,1014.3,3.13,5.36,292,0.0,0.0,964,9.0
2026-06-20T03:40:00Z,31.7,79,27.6,1014.3,2.68,5.81,292,0.0,0.0,971,9.2
2026-06-20T03:50:00Z,31.8,80,27.9,1014.2,2.68,5.81,292,0.0,0.0,974,9.2
2026-06-20T04:00:00Z,31.9,80,28.0,1014.2,2.68,5.36,292,0.0,0.0,979,9.3
2026-06-20T04:10:00Z,32.1,79,28.0,1014.3,2.68,5.81,292,0.0,0.0,977,9.3
2026-06-20T04:20:00Z,32.1,79,28.0,1014.1,2.68,5.81,292,0.0,0.0,985,9.3
2026-06-20T04:30:00Z,32.3,79,28.2,1014.0,2.24,5.81,315,0.0,0.0,988,9.3
2026-06-20T04:40:00Z,32.4,79,28.3,1013.7,1.79,4.92,292,0.0,0.0,984,9.2
2026-06-20T04:50:00Z,32.4,78,28.1,1013.6,2.24,5.36,292,0.0,0.0,978,9.0
2026-06-20T05:00:00Z,32.6,79,28.5,1013.5,2.24,5.81,292,0.0,0.0,979,8.9
2026-06-20T05:10:00Z,32.7,80,28.8,1013.4,1.79,4.92,270,0.0,0.0,977,8.8
2026-06-20T05:20:00Z,32.7,79,28.6,1013.5,2.24,5.36,292,0.0,0.0,950,8.3
2026-06-20T05:30:00Z,32.6,78,28.3,1013.4,2.24,5.36,292,0.0,0.0,936,7.9
2026-06-20T05:40:00Z,32.4,77,27.8,1013.2,2.68,5.81,270,0.0,0.0,921,7.4
2026-06-20T05:50:00Z,32.8,77,28.2,1013.2,2.24,5.36,270,0.0,0.0,935,7.1
2026-06-20T06:00:00Z,32.9,77,28.3,1013.2,2.68,5.81,315,0.0,0.0,931,6.4
2026-06-20T06:10:00Z,32.9,76,28.1,1013.2,2.24,5.81,292,0.0,0.0,655,5.5
2026-06-20T06:20:00Z,32.6,76,27.8,1013.1,2.68,5.81,292,0.0,0.0,533,4.8
2026-06-20T06:30:00Z,32.4,77,27.8,1013.0,2.24,5.36,292,0.0,0.0,569,4.4
2026-06-20T06:40:00Z,32.4,77,27.8,1013.1,3.13,6.71,292,0.0,0.0,612,4.4
2026-06-20T06:50:00Z,32.2,78,27.9,1013.1,3.58,8.49,292,0.0,0.0,591,4.3
2026-06-20T07:00:00Z,32.1,78,27.8,1013.0,4.02,6.71,292,0.0,0.0,675,4.3
2026-06-20T07:10:00Z,31.9,77,27.4,1012.9,3.58,6.26,292,0.0,0.0,741,4.1
2026-06-20T07:20:00Z,32.1,78,27.8,1012.8,3.13,6.26,292,0.0,0.0,687,3.6
2026-06-20T07:30:00Z,32.1,78,27.8,1012.9,3.13,5.36,292,0.0,0.0,643,3.3
2026-06-20T07:40:00Z,32.2,78,27.9,1012.7,2.68,5.81,292,0.0,0.0,622,3.0
2026-06-20T07:50:00Z,31.9,78,27.6,1012.6,3.13,5.36,292,0.0,0.0,606,2.6
2026-06-20T08:00:00Z,31.8,78,27.5,1012.6,2.68,5.36,292,0.0,0.0,574,2.3
2026-06-20T08:10:00Z,31.8,78,27.5,1012.7,2.68,5.36,292,0.0,0.0,544,2.0
2026-06-20T08:20:00Z,31.7,79,27.6,1012.7,3.13,5.81,292,0.0,0.0,514,1.7
2026-06-20T08:30:00Z,31.7,79,27.6,1012.9,2.68,4.47,292,0.0,0.0,496,1.4
2026-06-20T08:40:00Z,31.7,80,27.8,1013.0,2.24,4.47,292,0.0,0.0,464,1.2
2026-06-20T08:50:00Z,31.7,80,27.8,1013.1,2.24,4.92,292,0.0,0.0,435,1.0
2026-06-20T09:00:00Z,31.6,80,27.7,1013.0,2.24,4.92,292,0.0,0.0,407,0.8
2026-06-20T09:10:00Z,31.5,80,27.6,1013.1,2.24,4.47,292,0.0,0.0,357,0.6
2026-06-20T09:20:00Z,31.4,81,27.7,1013.0,2.24,4.92,292,0.0,0.0,332,0.0
2026-06-20T09:30:00Z,31.1,81,27.5,1012.9,2.24,5.36,292,0.0,0.0,281,0.0
2026-06-20T09:40:00Z,30.9,80,27.0,1012.9,1.79,4.47,292,0.0,0.0,239,0.0
2026-06-20T09:50:00Z,30.7,80,26.8,1013.0,2.24,5.36,292,0.0,0.0,188,0.0
2026-06-20T10:00:00Z,30.5,81,26.9,1013.1,2.24,4.47,292,0.0,0.0,143,0.0
2026-06-20T10:10:00Z,30.3,82,26.9,1013.2,1.79,4.02,292,0.0,0.0,76,0.0
2026-06-20T10:20:00Z,30.0,82,26.6,1013.2,2.24,4.47,292,0.0,0.0,29,0.0
2026-06-20T10:30:00Z,29.7,83,26.5,1013.1,2.24,4.47,292,0.0,0.0,14,0.0
2026-06-20T10:40:00Z,29.5,84,26.5,1013.1,2.24,4.92,292,0.0,0.0,4,0.0
2026-06-20T10:50:00Z,29.4,84,26.4,1013.1,2.24,4.92,315,0.0,0.0,0,0.0
2026-06-20T11:00:00Z,29.3,84,26.3,1013.3,2.24,4.02,292,0.0,0.0,0,0.0
2026-06-20T11:10:00Z,29.3,84,26.3,1013.4,2.24,5.36,292,0.0,0.0,0,0.0
2026-06-20T11:20:00Z,29.2,85,26.4,1013.6,2.24,4.47,292,0.0,0.0,0,0.0
2026-06-20T11:30:00Z,29.2,85,26.4,1013.6,2.68,5.36,292,0.0,0.0,0,0.0
2026-06-20T11:40:00Z,29.2,84,26.2,1013.8,2.68,5.36,292,0.0,0.0,0,0.0
2026-06-20T11:50:00Z,29.2,84,26.2,1013.9,2.24,4.92,292,0.0,0.0,0,0.0
2026-06-20T12:00:00Z,29.2,84,26.2,1013.7,2.24,4.92,315,0.0,0.0,0,0.0
2026-06-20T12:10:00Z,29.2,85,26.4,1013.7,1.79,4.92,292,0.0,0.0,0,0.0
2026-06-20T12:20:00Z,29.1,85,26.3,1014.0,2.68,4.92,292,0.0,0.0,0,0.0
2026-06-20T12:30:00Z,28.9,85,26.1,1014.0,3.13,5.81,292,0.0,0.0,0,0.0
2026-06-20T12:40:00Z,28.8,86,26.2,1014.0,3.13,5.36,292,0.0,0.0,0,0.0
2026-06-20T12:50:00Z,28.8,86,26.2,1014.0,3.13,4.92,292,0.0,0.0,0,0.0
2026-06-20T13:00:00Z,28.8,86,26.2,1014.1,2.68,6.71,292,0.0,0.0,0,0.0
2026-06-20T13:10:00Z,28.7,85,25.9,1014.2,3.13,5.81,292,0.0,0.0,0,0.0
2026-06-20T13:20:00Z,28.8,85,26.0,1014.3,2.68,5.36,292,0.0,0.0,0,0.0
2026-06-20T13:30:00Z,28.8,85,26.0,1014.2,2.68,5.36,292,0.0,0.0,0,0.0
2026-06-20T13:40:00Z,28.7,85,25.9,1014.4,2.68,5.36,292,0.0,0.0,0,0.0
2026-06-20T13:50:00Z,28.7,85,25.9,1014.4,2.24,4.92,292,0.0,0.0,0,0.0
2026-06-20T14:00:00Z,28.7,86,26.1,1014.5,2.24,4.47,292,0.0,0.0,0,0.0
2026-06-20T14:10:00Z,28.6,86,26.0,1014.6,1.79,4.47,292,0.0,0.0,0,0.0
2026-06-20T14:20:00Z,28.6,86,26.0,1014.5,1.79,4.02,292,0.0,0.0,0,0.0
2026-06-20T14:30:00Z,28.4,86,25.8,1014.5,1.79,4.02,315,0.0,0.0,0,0.0
2026-06-20T14:40:00Z,28.4,85,25.6,1014.4,0.89,3.58,315,0.0,0.0,0,0.0
2026-06-20T14:50:00Z,28.3,84,25.3,1014.3,0.0,0.89,315,0.0,0.0,0,0.0
2026-06-20T15:00:00Z,28.2,83,25.0,1014.3,0.0,0.89,315,0.0,0.0,0,0.0
2026-06-20T15:10:00Z,28.1,83,24.9,1014.1,0.0,0.89,315,0.0,0.0,0,0.0
2026-06-20T15:20:00Z,28.1,83,24.9,1013.9,0.45,1.34,315,0.0,0.0,0,0.0
2026-06-20T15:30:00Z,28.1,83,24.9,1013.8,0.45,1.34,315,0.0,0.0,0,0.0
2026-06-20T15:40:00Z,28.2,83,25.0,1013.8,0.45,0.89,315,0.0,0.0,0,0.0
2026-06-20T15:50:00Z,28.0,83,24.8,1014.0,0.45,0.89,315,0.0,0.0,0,0.0
2026-06-20T16:00:00Z,27.8,84,24.8,1013.8,0.0,0.89,315,0.0,0.0,0,0.0
2026-06-20T16:10:00Z,27.7,84,24.7,1013.7,0.0,0.0,,0.0,0.0,0,0.0
2026-06-20T16:20:00Z,27.6,85,24.8,1013.6,0.0,0.89,315,0.0,0.0,0,0.0
2026-06-20T16:30:00Z,27.5,85,24.7,1013.5,0.0,0.89,315,0.0,0.0,0,0.0
2026-06-20T16:40:00Z,27.3,85,24.6,1013.5,0.0,0.89,315,0.0,0.0,0,0.0
2026-06-20T16:50:00Z,27.1,85,24.4,1013.4,0.0,0.0,,0.0,0.0,0,0.0
2026-06-20T17:00:00Z,26.9,85,24.2,1013.3,0.0,0.0,,0.0,0.0,0,0.0
2026-06-20T17:10:00Z,26.7,86,24.2,1013.4,0.45,1.34,315,0.0,0.0,0,0.0
2026-06-20T17:20:00Z,26.3,87,24.0,1013.3,0.45,2.24,315,0.0,0.0,0,0.0
2026-06-20T17:30:00Z,26.0,88,23.9,1013.2,0.45,1.79,315,0.0,0.0,0,0.0
2026-06-20T17:40:00Z,25.8,88,23.7,1013.2,0.0,0.89,315,0.0,0.0,0,0.0
2026-06-20T17:50:00Z,25.7,89,23.7,1013.2,0.0,1.34,315,0.0,0.0,0,0.0
2026-06-20T18:00:00Z,25.7,89,23.7,1013.0,0.45,1.34,315,0.0,0.0,0,0.0
2026-06-20T18:10:00Z,25.6,89,23.6,1013.0,0.0,1.34,315,0.0,0.0,0,0.0
2026-06-20T18:20:00Z,25.5,89,23.6,1013.0,0.0,0.45,315,0.0,0.0,0,0.0
2026-06-20T18:30:00Z,25.5,89,23.6,1012.8,0.45,1.34,315,0.0,0.0,0,0.0
2026-06-20T18:40:00Z,25.4,89,23.5,1012.9,0.45,1.79,315,0.0,0.0,0,0.0
2026-06-20T18:50:00Z,25.4,89,23.5,1012.8,0.45,1.34,315,0.0,0.0,0,0.0
2026-06-20T19:00:00Z,25.4,89,23.5,1012.7,0.45,1.34,315,0.0,0.0,0,0.0
2026-06-20T19:10:00Z,25.3,90,23.5,1012.9,0.45,2.24,315,0.0,0.0,0,0.0
2026-06-20T19:20:00Z,25.3,90,23.5,1013.0,0.45,1.79,315,0.0,0.0,0,0.0
2026-06-20T19:30:00Z,25.2,90,23.4,1013.1,0.0,0.89,315,0.0,0.0,0,0.0
2026-06-20T19:40:00Z,25.2,90,23.4,1013.1,0.0,1.34,315,0.0,0.0,0,0.0
2026-06-20T19:50:00Z,25.2,90,23.4,1013.2,0.45,1.34,315,0.0,0.0,0,0.0
2026-06-20T20:00:00Z,25.1,90,23.3,1013.2,0.45,1.79,315,0.0,0.0,0,0.0
2026-06-20T20:10:00Z,25.0,90,23.2,1013.3,0.45,1.34,315,0.0,0.0,0,0.0
2026-06-20T20:20:00Z,24.9,90,23.1,1013.4,0.45,1.34,315,0.0,0.0,0,0.0
2026-06-20T20:30:00Z,24.9,90,23.1,1013.3,0.45,1.34,315,0.0,0.0,0,0.0
2026-06-20T20:40:00Z,24.8,90,23.0,1013.3,0.45,1.34,315,0.0,0.0,0,0.0
2026-06-20T20:50:00Z,24.8,91,23.2,1013.5,0.45,1.34,315,0.0,0.0,0,0.0
2026-06-20T21:00:00Z,24.7,91,23.1,1013.5,0.45,1.79,315,0.0,0.0,0,0.0
2026-06-20T21:10:00Z,24.7,91,23.1,1013.7,0.45,1.34,0,0.0,0.0,0,0.0
2026-06-20T21:20:00Z,24.7,91,23.1,1013.7,0.45,1.34,0,0.0,0.0,2,0.0
2026-06-20T21:30:00Z,24.7,91,23.1,1013.8,0.45,1.79,0,0.0,0.0,9,0.0
2026-06-20T21:40:00Z,24.7,91,23.1,1013.9,0.45,1.34,0,0.0,0.0,16,0.0
2026-06-20T21:50:00Z,24.7,91,23.1,1013.9,0.0,0.89,0,0.0,0.0,25,0.0
2026-06-20T22:00:00Z,24.8,91,23.2,1013.9,0.45,1.34,0,0.0,0.0,43,0.0
2026-06-20T22:10:00Z,25.0,91,23.4,1013.9,0.45,1.34,0,0.0,0.0,70,0.0
2026-06-20T22:20:00Z,25.3,91,23.7,1013.8,0.89,1.34,90,0.0,0.0,102,0.0
2026-06-20T22:30:00Z,25.8,91,24.2,1013.9,0.45,2.24,112,0.0,0.0,112,0.0
2026-06-20T22:40:00Z,26.4,91,24.8,1013.9,1.34,3.58,315,0.0,0.0,89,0.0
2026-06-20T22:50:00Z,26.9,89,24.9,1014.0,1.79,3.58,315,0.0,0.0,61,0.3
2026-06-20T23:00:00Z,27.4,87,25.0,1014.1,1.34,3.58,292,0.0,0.0,49,0.0
2026-06-20T23:10:00Z,27.8,86,25.2,1014.2,1.34,3.58,292,0.0,0.0,51,0.0
2026-06-20T23:20:00Z,28.1,84,25.1,1014.3,1.34,3.58,315,0.0,0.0,50,0.0
2026-06-20T23:30:00Z,28.3,83,25.1,1014.3,1.79,4.02,292,0.0,0.0,51,0.0
2026-06-20T23:40:00Z,28.6,82,25.2,1014.1,1.79,4.02,292,0.0,0.0,53,0.0
2026-06-20T23:50:00Z,28.8,82,25.4,1014.1,1.79,4.92,292,0.0,0.0,56,0.9
2026-06-21T00:00:00Z,29.0,81,25.4,1013.9,1.79,3.58,315,0.0,0.0,60,2.0
2026-06-21T00:10:00Z,29.2,81,25.6,1014.0,1.79,3.58,292,0.0,0.0,61,2.3
2026-06-21T00:20:00Z,29.3,80,25.5,1014.0,1.34,3.13,292,0.0,0.0,55,1.8
2026-06-21T00:30:00Z,29.6,80,25.8,1014.0,1.34,3.58,292,0.0,0.0,57,2.9
2026-06-21T00:40:00Z,29.7,80,25.9,1014.0,1.34,3.13,292,0.0,0.0,58,3.3
2026-06-21T00:50:00Z,29.8,79,25.8,1014.1,1.34,4.47,315,0.0,0.0,59,3.7
2026-06-21T01:00:00Z,30.2,78,25.9,1014.1,1.34,4.02,315,0.0,0.0,62,4.0
2026-06-21T01:10:00Z,30.3,77,25.8,1014.2,1.79,5.36,292,0.0,0.0,62,4.4
2026-06-21T01:20:00Z,30.6,77,26.1,1014.1,1.79,5.36,315,0.0,0.0,65,4.8
2026-06-21T01:30:00Z,30.7,77,26.2,1013.9,1.79,4.47,292,0.0,0.0,66,5.2
2026-06-21T01:40:00Z,30.7,76,26.0,1013.9,2.68,4.92,292,0.0,0.0,66,5.6
2026-06-21T01:50:00Z,30.8,76,26.1,1013.7,2.68,5.36,292,0.0,0.0,70,6.0
2026-06-21T02:00:00Z,31.1,77,26.6,1013.8,2.24,4.02,292,0.0,0.0,360,6.4
2026-06-21T02:10:00Z,31.1,77,26.6,1013.9,2.68,4.92,292,0.0,0.0,831,6.7
2026-06-21T02:20:00Z,31.2,77,26.7,1013.9,2.24,4.92,292,0.0,0.0,851,7.0
2026-06-21T02:30:00Z,31.3,78,27.0,1014.1,2.24,4.47,292,0.0,0.0,876,7.4
2026-06-21T02:40:00Z,31.4,79,27.3,1013.7,1.79,4.92,292,0.0,0.0,903,7.6
2026-06-21T02:50:00Z,31.7,77,27.2,1013.7,1.79,4.92,292,0.0,0.0,920,7.9
2026-06-21T03:00:00Z,31.8,78,27.5,1013.6,1.79,4.47,292,0.0,0.0,937,8.2
2026-06-21T03:10:00Z,31.8,78,27.5,1013.6,1.79,4.47,292,0.0,0.0,952,8.4
2026-06-21T03:20:00Z,31.7,78,27.4,1013.6,2.24,4.92,292,0.0,0.0,965,8.6
2026-06-21T03:30:00Z,31.6,79,27.5,1013.6,1.79,4.92,292,0.0,0.0,971,8.8
2026-06-21T03:40:00Z,31.5,79,27.4,1013.5,1.79,4.92,292,0.0,0.0,978,8.9
2026-06-21T03:50:00Z,31.8,79,27.7,1013.3,1.79,4.92,315,0.0,0.0,983,9.0
2026-06-21T04:00:00Z,32.0,78,27.7,1013.3,1.79,4.02,292,0.0,0.0,989,9.1
2026-06-21T04:10:00Z,32.0,77,27.5,1013.1,1.79,4.47,292,0.0,0.0,992,9.2
2026-06-21T04:20:00Z,31.9,76,27.1,1013.2,2.68,5.81,292,0.0,0.0,987,9.1
2026-06-21T04:30:00Z,31.9,77,27.4,1013.1,2.68,5.36,292,0.0,0.0,986,9.0
2026-06-21T04:40:00Z,31.9,77,27.4,1013.1,2.68,5.81,292,0.0,0.0,983,8.9
2026-06-21T04:50:00Z,32.2,77,27.7,1013.1,2.24,4.92,292,0.0,0.0,979,8.7
2026-06-21T05:00:00Z,32.1,76,27.3,1012.9,3.13,5.36,292,0.0,0.0,974,8.5
2026-06-21T05:10:00Z,32.1,77,27.6,1012.8,3.13,5.81,315,0.0,0.0,972,8.4
2026-06-21T05:20:00Z,32.1,77,27.6,1012.8,2.68,6.26,292,0.0,0.0,964,8.1
2026-06-21T05:30:00Z,32.2,77,27.7,1012.5,2.68,5.36,292,0.0,0.0,942,7.7
2026-06-21T05:40:00Z,32.1,78,27.8,1012.6,2.68,6.26,292,0.0,0.0,926,7.4
2026-06-21T05:50:00Z,32.1,76,27.3,1012.5,2.68,5.81,292,0.0,0.0,911,7.1
2026-06-21T06:00:00Z,32.1,77,27.6,1012.3,3.58,6.71,292,0.0,0.0,898,6.9
2026-06-21T06:10:00Z,32.1,77,27.6,1012.2,3.13,6.26,292,0.0,0.0,878,6.5
2026-06-21T06:20:00Z,32.1,77,27.6,1012.1,3.58,7.15,292,0.0,0.0,860,6.1
2026-06-21T06:30:00Z,32.1,76,27.3,1012.0,3.13,6.71,292,0.0,0.0,843,5.7
2026-06-21T06:40:00Z,31.9,77,27.4,1011.7,3.13,6.26,292,0.0,0.0,762,4.7
2026-06-21T06:50:00Z,31.4,78,27.1,1011.5,3.13,6.26,292,0.0,0.0,479,3.4
2026-06-21T07:00:00Z,31.6,79,27.5,1011.4,3.58,6.26,292,0.0,0.0,757,4.1
2026-06-21T07:10:00Z,31.7,79,27.6,1011.5,3.13,5.81,292,0.0,0.0,680,3.6
2026-06-21T07:20:00Z,31.7,78,27.4,1011.2,3.13,6.71,292,0.0,0.0,671,3.5
2026-06-21T07:30:00Z,31.5,79,27.4,1011.1,3.13,5.81,292,0.0,0.0,655,3.0
2026-06-21T07:40:00Z,31.4,78,27.1,1011.1,3.58,6.71,292,0.0,0.0,660,2.9
2026-06-21T07:50:00Z,31.3,78,27.0,1011.1,3.58,6.71,292,0.0,0.0,626,2.6
2026-06-21T08:00:00Z,31.3,79,27.2,1011.0,3.58,6.26,292,0.0,0.0,596,2.3
2026-06-21T08:10:00Z,31.2,79,27.1,1011.0,3.13,5.81,292,0.0,0.0,553,2.0
2026-06-21T08:20:00Z,31.1,80,27.2,1011.0,3.13,6.26,292,0.0,0.0,525,1.6
2026-06-21T08:30:00Z,30.9,80,27.0,1011.0,3.58,6.71,292,0.0,0.0,504,1.4
2026-06-21T08:40:00Z,30.7,81,27.1,1011.2,3.58,6.71,292,0.0,0.0,379,1.1
2026-06-21T08:50:00Z,30.6,81,27.0,1011.1,3.13,6.26,292,0.0,0.0,308,0.8
2026-06-21T09:00:00Z,30.4,81,26.8,1011.3,2.68,6.26,292,0.0,0.0,253,0.6
2026-06-21T09:10:00Z,30.2,81,26.6,1011.5,2.68,5.36,292,0.0,0.0,156,0.2
2026-06-21T09:20:00Z,30.1,82,26.7,1011.4,2.24,5.36,315,0.0,0.0,91,0.0
2026-06-21T09:30:00Z,29.9,83,26.7,1011.5,2.24,4.92,292,0.0,0.0,71,0.0
2026-06-21T09:40:00Z,29.7,83,26.5,1011.5,1.79,4.02,315,0.0,0.0,62,0.0
2026-06-21T09:50:00Z,29.7,84,26.7,1011.3,1.79,4.47,292,0.0,0.0,60,0.0
2026-06-21T10:00:00Z,29.4,84,26.4,1011.3,2.24,4.47,292,0.0,0.0,60,0.0
2026-06-21T10:10:00Z,29.4,83,26.2,1011.4,1.79,4.92,292,0.0,0.0,50,0.0
2026-06-21T10:20:00Z,29.3,83,26.1,1011.4,1.34,3.58,292,0.0,0.0,36,0.0
2026-06-21T10:30:00Z,29.4,83,26.2,1011.4,1.34,4.02,292,0.0,0.0,22,0.0
2026-06-21T10:40:00Z,29.3,83,26.1,1011.7,1.34,3.58,292,0.0,0.0,8,0.0
2026-06-21T10:50:00Z,29.3,83,26.1,1011.5,1.34,3.58,315,0.0,0.0,0,0.0
2026-06-21T11:00:00Z,29.2,83,26.0,1011.5,1.34,3.58,292,0.0,0.0,0,0.0
2026-06-21T11:10:00Z,29.3,83,26.1,1011.8,0.89,2.68,315,0.0,0.0,0,0.0
2026-06-21T11:20:00Z,29.4,83,26.2,1011.9,0.89,1.79,315,0.0,0.0,0,0.0
2026-06-21T11:30:00Z,29.4,83,26.2,1012.0,0.45,1.79,315,0.0,0.0,0,0.0
2026-06-21T11:40:00Z,29.4,83,26.2,1012.1,0.45,1.79,315,0.0,0.0,0,0.0
2026-06-21T11:50:00Z,29.4,83,26.2,1012.1,0.0,0.89,315,0.0,0.0,0,0.0
2026-06-21T12:00:00Z,29.5,83,26.3,1012.2,0.0,0.89,315,0.0,0.0,0,0.0
2026-06-21T12:10:00Z,29.4,83,26.2,1012.4,0.45,1.34,315,0.0,0.0,0,0.0
2026-06-21T12:20:00Z,29.4,83,26.2,1012.3,0.0,0.89,315,0.0,0.0,0,0.0
2026-06-21T12:30:00Z,29.4,83,26.2,1012.2,0.45,1.34,315,0.0,0.0,0,0.0
2026-06-21T12:40:00Z,29.3,84,26.3,1012.2,0.45,1.79,315,0.0,0.0,0,0.0
2026-06-21T12:50:00Z,29.2,84,26.2,1012.4,0.45,1.34,315,0.0,0.0,0,0.0
2026-06-21T13:00:00Z,28.9,84,25.9,1012.4,0.0,0.89,315,0.0,0.0,0,0.0
2026-06-21T13:10:00Z,28.8,84,25.8,1012.5,0.0,0.89,315,0.0,0.0,0,0.0
2026-06-21T13:20:00Z,28.4,85,25.6,1012.6,0.0,0.89,315,0.0,0.0,0,0.0
2026-06-21T13:30:00Z,28.0,86,25.4,1012.7,0.45,1.34,315,0.0,0.0,0,0.0
2026-06-21T13:40:00Z,27.8,87,25.4,1012.7,0.45,1.34,315,0.0,0.0,0,0.0
2026-06-21T13:50:00Z,27.6,87,25.2,1012.8,0.0,0.89,315,0.0,0.0,0,0.0
2026-06-21T14:00:00Z,27.5,88,25.3,1012.9,0.45,1.34,315,0.0,0.0,0,0.0
2026-06-21T14:10:00Z,27.4,88,25.2,1012.9,0.45,0.89,315,0.0,0.0,0,0.0
2026-06-21T14:20:00Z,27.4,88,25.2,1012.9,0.0,1.34,315,0.0,0.0,0,0.0
2026-06-21T14:30:00Z,27.4,88,25.2,1012.8,0.89,1.79,315,0.0,0.0,0,0.0
2026-06-21T14:40:00Z,27.4,88,25.2,1012.6,0.0,1.34,315,0.0,0.0,0,0.0
2026-06-21T14:50:00Z,27.4,88,25.2,1012.6,0.45,1.34,315,0.0,0.0,0,0.0
2026-06-21T15:00:00Z,27.3,88,25.1,1012.6,0.45,1.34,315,0.0,0.0,0,0.0
2026-06-21T15:10:00Z,27.3,88,25.1,1012.4,0.0,0.89,315,0.0,0.0,0,0.0
2026-06-21T15:20:00Z,27.3,88,25.1,1012.3,0.0,0.89,315,0.0,0.0,0,0.0
2026-06-21T15:30:00Z,27.3,88,25.1,1012.1,0.0,0.0,,0.0,0.0,0,0.0
2026-06-21T15:40:00Z,27.4,88,25.2,1011.8,0.0,0.89,315,0.0,0.0,0,0.0
2026-06-21T15:50:00Z,27.4,88,25.2,1011.6,0.45,0.89,315,0.0,0.0,0,0.0
2026-06-21T16:00:00Z,27.5,88,25.3,1011.5,0.0,0.89,315,0.0,0.0,0,0.0
2026-06-21T16:10:00Z,27.4,88,25.2,1011.4,0.0,0.0,,0.0,0.0,0,0.0
2026-06-21T16:20:00Z,27.3,88,25.1,1011.4,0.45,0.89,315,0.0,0.0,0,0.0
2026-06-21T16:30:00Z,27.3,88,25.1,1011.2,0.0,0.89,315,0.0,0.0,0,0.0
2026-06-21T16:40:00Z,27.3,88,25.1,1011.2,0.0,0.45,315,0.0,0.0,0,0.0
2026-06-21T16:50:00Z,27.4,88,25.2,1011.0,0.0,0.89,315,0.0,0.0,0,0.0
2026-06-21T17:00:00Z,27.3,88,25.1,1011.0,0.0,0.89,315,0.0,0.0,0,0.0
2026-06-21T17:10:00Z,27.3,88,25.1,1011.0,0.0,0.0,,0.0,0.0,0,0.0
2026-06-21T17:20:00Z,27.3,88,25.1,1010.9,0.0,0.89,315,0.0,0.0,0,0.0
2026-06-21T17:30:00Z,27.2,88,25.0,1010.8,0.0,0.0,,0.0,0.0,0,0.0
2026-06-21T17:40:00Z,27.1,89,25.1,1010.7,0.0,0.0,,0.0,0.0,0,0.0
2026-06-21T17:50:00Z,27.0,89,25.0,1010.7,0.0,0.0,,0.0,0.0,0,0.0
2026-06-21T18:00:00Z,26.8,89,24.8,1010.8,0.0,0.0,,0.0,0.0,0,0.0
2026-06-21T18:10:00Z,26.8,89,24.8,1010.7,0.0,0.0,,0.0,0.0,0,0.0
2026-06-21T18:20:00Z,26.7,90,24.9,1010.6,0.0,0.0,,0.0,0.0,0,0.0
2026-06-21T18:30:00Z,26.7,90,24.9,1010.5,0.0,0.0,,0.0,0.0,0,0.0
2026-06-21T18:40:00Z,26.6,90,24.8,1010.4,0.0,0.89,315,0.0,0.0,0,0.0
2026-06-21T18:50:00Z,26.5,90,24.7,1010.4,0.45,1.34,315,0.0,0.0,0,0.0
2026-06-21T19:00:00Z,26.4,90,24.6,1010.2,0.0,0.45,315,0.0,0.0,0,0.0
2026-06-21T19:10:00Z,26.4,90,24.6,1010.3,0.0,0.45,315,0.0,0.0,0,0.0
2026-06-21T19:20:00Z,26.4,90,24.6,1010.2,0.0,0.0,,0.0,0.0,0,0.0
2026-06-21T19:30:00Z,26.3,90,24.5,1010.1,0.0,0.0,,0.0,0.0,0,0.0
2026-06-21T19:40:00Z,26.3,90,24.5,1010.3,0.0,0.0,,0.0,0.0,0,0.0
2026-06-21T19:50:00Z,26.4,91,24.8,1010.3,0.0,0.0,,0.0,0.0,0,0.0
2026-06-21T20:00:00Z,26.5,91,24.9,1010.3,0.0,0.0,,0.0,0.0,0,0.0
2026-06-21T20:10:00Z,26.6,91,25.0,1010.2,0.0,0.89,315,0.0,0.0,0,0.0
2026-06-21T20:20:00Z,26.7,91,25.1,1010.2,0.45,1.34,315,0.0,0.0,0,0.0
2026-06-21T20:30:00Z,26.8,90,25.0,1010.2,0.45,1.34,315,0.0,0.0,0,0.0
2026-06-21T20:40:00Z,26.8,90,25.0,1010.3,0.45,3.13,315,0.0,0.0,0,0.0
2026-06-21T20:50:00Z,27.0,90,25.2,1010.2,0.89,2.68,292,0.0,0.0,0,0.0
2026-06-21T21:00:00Z,27.2,89,25.2,1010.2,1.34,3.13,315,0.0,0.0,0,0.0
2026-06-21T21:10:00Z,27.1,89,25.1,1010.3,1.34,4.02,315,0.0,0.0,0,0.0
2026-06-21T21:20:00Z,27.1,89,25.1,1010.2,1.34,3.58,315,0.0,0.0,2,0.0
2026-06-21T21:30:00Z,27.1,89,25.1,1010.3,1.34,4.02,315,0.0,0.0,9,0.0
2026-06-21T21:40:00Z,27.1,88,24.9,1010.5,1.79,4.02,292,0.0,0.0,16,0.0
2026-06-21T21:50:00Z,27.1,88,24.9,1010.6,1.79,4.92,292,0.0,0.0,22,0.0
2026-06-21T22:00:00Z,27.3,88,25.1,1010.6,1.79,4.47,292,0.0,0.0,29,0.0
2026-06-21T22:10:00Z,27.4,88,25.2,1010.7,1.79,4.02,292,0.0,0.0,56,0.0
2026-06-21T22:20:00Z,27.6,88,25.4,1010.8,2.24,4.92,292,0.0,0.0,107,0.0
2026-06-21T22:30:00Z,27.8,88,25.6,1010.7,2.68,4.92,315,0.0,0.0,107,0.0
2026-06-21T22:40:00Z,27.9,87,25.5,1010.6,2.24,5.36,292,0.0,0.0,88,0.0
2026-06-21T22:50:00Z,27.8,87,25.4,1010.7,2.24,5.36,292,0.0,0.0,68,0.3
2026-06-21T23:00:00Z,27.9,86,25.3,1010.6,2.68,6.26,292,0.0,0.0,76,0.6
2026-06-21T23:10:00Z,28.3,85,25.5,1010.6,2.24,4.92,292,0.0,0.0,72,0.8
2026-06-21T23:20:00Z,28.4,84,25.4,1010.8,2.68,5.36,292,0.0,0.0,73,1.0
2026-06-21T23:30:00Z,28.7,84,25.7,1010.8,2.68,5.36,292,0.0,0.0,79,1.2
2026-06-21T23:40:00Z,28.8,84,25.8,1010.7,2.68,5.81,292,0.0,0.0,83,1.4
2026-06-21T23:50:00Z,29.1,84,26.1,1010.6,2.24,4.92,315,0.0,0.0,83,1.7
2026-06-22T00:00:00Z,29.1,84,26.1,1010.6,2.68,4.92,292,0.0,0.0,80,2.0
2026-06-22T00:10:00Z,29.2,83,26.0,1010.6,2.24,5.36,315,0.0,0.0,77,2.3
2026-06-22T00:20:00Z,29.5,83,26.3,1010.6,2.68,5.81,292,0.0,0.0,77,2.6
2026-06-22T00:30:00Z,29.4,82,26.0,1010.7,3.13,5.36,292,0.0,0.0,77,3.0
2026-06-22T00:40:00Z,29.7,82,26.3,1010.6,2.68,5.81,315,0.0,0.0,78,3.3
2026-06-22T00:50:00Z,29.9,82,26.5,1010.8,1.79,4.02,292,0.0,0.0,82,3.7
2026-06-22T01:00:00Z,30.1,81,26.5,1010.8,2.24,5.36,292,0.0,0.0,84,4.1
2026-06-22T01:10:00Z,30.3,80,26.5,1010.9,2.24,4.92,292,0.0,0.0,81,4.5
2026-06-22T01:20:00Z,30.5,80,26.7,1010.8,2.24,4.02,315,0.0,0.0,89,4.9
2026-06-22T01:30:00Z,30.7,79,26.6,1011.0,2.24,4.47,315,0.0,0.0,87,5.3
2026-06-22T01:40:00Z,30.8,79,26.7,1010.9,2.24,4.92,292,0.0,0.0,90,5.7
2026-06-22T01:50:00Z,31.1,78,26.8,1010.9,2.68,5.81,315,0.0,0.0,100,6.1
2026-06-22T02:00:00Z,31.3,77,26.8,1010.9,2.24,5.36,292,0.0,0.0,376,6.4
2026-06-22T02:10:00Z,31.3,78,27.0,1010.7,2.24,5.36,292,0.0,0.0,807,6.7
2026-06-22T02:20:00Z,31.5,78,27.2,1010.5,2.24,5.36,315,0.0,0.0,818,7.0
2026-06-22T02:30:00Z,31.3,78,27.0,1010.4,2.24,4.47,292,0.0,0.0,853,7.3
2026-06-22T02:40:00Z,31.6,79,27.5,1010.0,2.24,4.92,292,0.0,0.0,881,7.7
2026-06-22T02:50:00Z,31.7,79,27.6,1010.0,2.24,4.92,292,0.0,0.0,906,8.0
2026-06-22T03:00:00Z,31.8,78,27.5,1010.1,2.24,4.02,292,0.0,0.0,910,8.1
2026-06-22T03:10:00Z,31.8,77,27.3,1010.0,1.79,4.02,315,0.0,0.0,936,8.6
2026-06-22T03:20:00Z,31.8,78,27.5,1009.9,1.79,4.47,292,0.0,0.0,938,8.7
2026-06-22T03:30:00Z,31.9,77,27.4,1009.8,2.24,4.47,292,0.0,0.0,956,9.0
2026-06-22T03:40:00Z,32.0,77,27.5,1009.9,2.68,4.92,292,0.0,0.0,994,9.1
2026-06-22T03:50:00Z,31.9,77,27.4,1009.8,2.68,4.47,292,0.0,0.0,1001,8.8
2026-06-22T04:00:00Z,32.3,78,28.0,1009.6,2.24,4.47,292,0.0,0.0,987,9.5
2026-06-22T04:10:00Z,32.2,77,27.7,1009.4,2.24,4.92,292,0.0,0.0,931,9.2
2026-06-22T04:20:00Z,32.1,77,27.6,1009.2,2.24,4.92,292,0.0,0.0,994,9.7
2026-06-22T04:30:00Z,31.8,77,27.3,1009.2,2.68,4.92,292,0.0,0.0,990,9.6
2026-06-22T04:40:00Z,32.2,77,27.7,1009.2,2.24,4.47,292,0.0,0.0,1094,8.9
2026-06-22T04:50:00Z,32.1,77,27.6,1009.2,2.68,5.81,292,0.0,0.0,831,8.1
2026-06-22T05:00:00Z,32.3,77,27.7,1009.0,1.79,4.47,292,0.0,0.0,682,7.8
2026-06-22T05:10:00Z,32.6,78,28.3,1009.0,1.79,4.47,292,0.0,0.0,1035,8.8
2026-06-22T05:20:00Z,32.8,77,28.2,1009.0,1.79,3.58,292,0.0,0.0,988,8.9
2026-06-22T05:30:00Z,32.6,76,27.8,1008.8,2.24,4.47,292,0.0,0.0,1001,8.7
2026-06-22T05:40:00Z,32.2,77,27.7,1008.7,2.68,4.92,292,0.0,0.0,954,7.6
2026-06-22T05:50:00Z,32.2,76,27.4,1008.6,2.24,4.92,292,0.0,0.0,563,6.3
2026-06-22T06:00:00Z,32.2,76,27.4,1008.6,2.24,4.92,292,0.0,0.0,656,6.3
2026-06-22T06:10:00Z,31.9,76,27.1,1008.4,2.68,4.92,315,0.0,0.0,599,5.2
2026-06-22T06:20:00Z,31.6,77,27.1,1008.5,2.24,4.47,292,0.0,0.0,348,3.9
2026-06-22T06:30:00Z,31.4,78,27.1,1008.4,1.79,3.58,292,0.0,0.0,430,4.1
2026-06-22T06:40:00Z,31.6,78,27.3,1008.3,1.79,4.02,292,0.0,0.0,643,5.0
2026-06-22T06:50:00Z,32.1,78,27.8,1008.0,2.24,4.02,315,0.0,0.0,931,5.3
2026-06-22T07:00:00Z,32.2,77,27.7,1007.9,1.79,4.02,292,0.0,0.0,808,4.5
2026-06-22T07:10:00Z,31.7,77,27.2,1008.0,2.24,4.92,315,0.0,0.0,362,3.0
2026-06-22T07:20:00Z,31.7,78,27.4,1007.9,1.79,4.47,315,0.0,0.0,536,3.7
2026-06-22T07:30:00Z,31.4,77,26.9,1008.0,1.79,4.47,292,0.0,0.0,280,2.4
2026-06-22T07:40:00Z,31.4,78,27.1,1007.9,2.24,5.36,292,0.0,0.0,482,2.7
2026-06-22T07:50:00Z,31.2,78,26.9,1008.0,1.79,4.02,292,0.0,0.0,295,1.9
2026-06-22T08:00:00Z,31.1,79,27.0,1008.1,1.79,5.36,292,0.0,0.0,245,1.8
2026-06-22T08:10:00Z,31.1,79,27.0,1008.0,1.79,4.02,270,0.0,0.0,331,1.7
2026-06-22T08:20:00Z,30.9,80,27.0,1007.8,1.79,4.02,292,0.0,0.0,378,1.6
2026-06-22T08:30:00Z,31.0,79,26.9,1007.8,1.79,4.47,292,0.0,0.0,334,1.4
2026-06-22T08:40:00Z,30.8,79,26.7,1007.8,1.79,4.02,292,0.0,0.0,202,0.9
2026-06-22T08:50:00Z,30.4,80,26.6,1007.9,1.79,4.02,292,0.0,0.0,157,0.6
2026-06-22T09:00:00Z,30.3,81,26.7,1007.9,1.79,3.58,315,0.0,0.0,106,0.1
2026-06-22T09:10:00Z,30.1,81,26.5,1008.0,1.79,4.02,315,0.0,0.0,100,0.0
2026-06-22T09:20:00Z,29.9,81,26.3,1008.0,1.34,3.58,315,0.0,0.0,75,0.0
2026-06-22T09:30:00Z,29.8,81,26.2,1008.0,1.34,3.13,315,0.0,0.0,69,0.0
2026-06-22T09:40:00Z,29.8,81,26.2,1008.0,1.79,3.58,315,0.0,0.0,51,0.0
2026-06-22T09:50:00Z,29.8,81,26.2,1008.1,0.89,2.24,315,0.0,0.0,35,0.0
2026-06-22T10:00:00Z,29.7,81,26.1,1008.2,1.34,2.24,315,0.0,0.0,22,0.0
2026-06-22T10:10:00Z,29.7,81,26.1,1008.1,1.34,3.58,315,0.0,0.0,19,0.0
2026-06-22T10:20:00Z,29.6,82,26.2,1008.2,1.34,3.58,315,0.0,0.0,11,0.0
2026-06-22T10:30:00Z,29.5,82,26.1,1008.3,1.34,3.13,292,0.0,0.0,8,0.0
2026-06-22T10:40:00Z,29.4,82,26.0,1008.4,1.34,3.13,292,0.0,0.0,0,0.0
2026-06-22T10:50:00Z,29.5,83,26.3,1008.6,1.34,2.24,292,0.0,0.0,0,0.0
2026-06-22T11:00:00Z,29.4,83,26.2,1008.7,1.34,3.58,292,0.0,0.0,0,0.0
2026-06-22T11:10:00Z,29.4,83,26.2,1008.6,1.34,3.58,315,0.0,0.0,0,0.0
2026-06-22T11:20:00Z,29.2,83,26.0,1008.7,1.34,3.13,315,0.0,0.0,0,0.0
2026-06-22T11:30:00Z,29.1,84,26.1,1008.7,0.89,2.24,315,0.0,0.0,0,0.0
2026-06-22T11:40:00Z,29.1,84,26.1,1008.8,0.45,2.24,315,0.0,0.0,0,0.0
2026-06-22T11:50:00Z,28.9,84,25.9,1008.8,0.45,1.79,315,0.0,0.0,0,0.0
2026-06-22T12:00:00Z,28.9,84,25.9,1008.8,0.45,1.34,315,0.0,0.0,0,0.0
2026-06-22T12:10:00Z,28.8,84,25.8,1008.8,0.0,0.89,315,0.0,0.0,0,0.0
2026-06-22T12:20:00Z,28.6,85,25.8,1008.8,0.0,0.45,315,0.0,0.0,0,0.0
2026-06-22T12:30:00Z,28.6,85,25.8,1008.8,0.0,0.45,315,0.0,0.0,0,0.0
2026-06-22T12:40:00Z,28.5,85,25.7,1008.7,0.0,0.0,,0.0,0.0,0,0.0
2026-06-22T12:50:00Z,28.2,86,25.6,1008.7,0.0,0.45,315,0.0,0.0,0,0.0
2026-06-22T13:00:00Z,28.1,86,25.5,1008.8,0.0,0.0,,0.0,0.0,0,0.0
2026-06-22T13:10:00Z,27.8,87,25.4,1008.7,0.0,0.45,315,0.0,0.0,0,0.0
2026-06-22T13:20:00Z,27.6,87,25.2,1008.8,0.45,0.89,315,0.0,0.0,0,0.0
2026-06-22T13:30:00Z,27.4,88,25.2,1008.9,0.45,0.89,315,0.0,0.0,0,0.0
2026-06-22T13:40:00Z,27.3,88,25.1,1008.9,0.0,0.89,315,0.0,0.0,0,0.0
2026-06-22T13:50:00Z,27.2,88,25.0,1009.0,0.0,0.89,315,0.0,0.0,0,0.0
2026-06-22T14:00:00Z,27.1,89,25.1,1009.1,0.45,1.34,315,0.0,0.0,0,0.0
2026-06-22T14:10:00Z,27.0,89,25.0,1008.9,0.45,1.34,315,0.0,0.0,0,0.0
2026-06-22T14:20:00Z,26.9,89,24.9,1009.0,0.0,0.89,315,0.0,0.0,0,0.0
2026-06-22T14:30:00Z,26.9,89,24.9,1008.9,0.45,0.89,315,0.0,0.0,0,0.0
2026-06-22T14:40:00Z,26.9,89,24.9,1009.0,0.0,0.89,315,0.0,0.0,0,0.0
2026-06-22T14:50:00Z,26.9,89,24.9,1008.9,0.0,0.89,315,0.0,0.0,0,0.0
2026-06-22T15:00:00Z,26.8,89,24.8,1008.7,0.45,1.79,315,0.0,0.0,0,0.0
2026-06-22T15:10:00Z,26.8,89,24.8,1008.7,0.45,2.24,315,0.0,0.0,0,0.0
2026-06-22T15:20:00Z,26.7,89,24.7,1008.5,0.0,0.89,315,0.0,0.0,0,0.0
2026-06-22T15:30:00Z,26.6,89,24.6,1008.4,0.0,0.89,315,0.0,0.0,0,0.0
2026-06-22T15:40:00Z,26.4,89,24.4,1008.4,0.45,1.34,315,0.0,0.0,0,0.0
2026-06-22T15:50:00Z,26.3,89,24.3,1008.2,0.45,1.34,315,0.0,0.0,0,0.0
2026-06-22T16:00:00Z,26.2,89,24.2,1008.2,0.45,1.79,292,0.0,0.0,0,0.0
2026-06-22T16:10:00Z,26.2,89,24.2,1008.0,0.45,2.24,270,0.0,0.0,0,0.0
2026-06-22T16:20:00Z,26.2,89,24.2,1008.0,0.45,1.34,225,0.0,0.0,0,0.0
2026-06-22T16:30:00Z,26.3,89,24.3,1007.7,0.0,0.45,225,0.0,0.0,0,0.0
2026-06-22T16:40:00Z,26.3,89,24.3,1007.6,0.0,0.89,225,0.0,0.0,0,0.0
2026-06-22T16:50:00Z,26.3,88,24.2,1007.2,0.45,1.34,225,0.0,0.0,0,0.0
2026-06-22T17:00:00Z,26.3,88,24.2,1007.1,0.45,1.79,225,0.0,0.0,0,0.0
2026-06-22T17:10:00Z,26.3,88,24.2,1006.9,0.45,1.79,225,0.0,0.0,0,0.0
2026-06-22T17:20:00Z,26.2,88,24.1,1006.9,0.45,1.79,225,0.0,0.0,0,0.0
2026-06-22T17:30:00Z,26.1,89,24.1,1006.8,0.0,0.45,225,0.0,0.0,0,0.0
2026-06-22T17:40:00Z,26.0,89,24.0,1006.7,0.0,0.89,225,0.0,0.0,0,0.0
2026-06-22T17:50:00Z,26.0,89,24.0,1006.7,0.0,1.34,202,0.0,0.0,0,0.0
2026-06-22T18:00:00Z,25.9,89,23.9,1006.8,0.45,1.34,202,0.0,0.0,0,0.0
2026-06-22T18:10:00Z,25.9,89,23.9,1006.7,0.45,0.89,202,0.0,0.0,0,0.0
2026-06-22T18:20:00Z,25.8,89,23.8,1006.7,0.45,1.79,202,0.0,0.0,0,0.0
2026-06-22T18:30:00Z,25.7,89,23.7,1006.8,0.89,1.79,202,0.0,0.0,0,0.0
2026-06-22T18:40:00Z,25.7,89,23.7,1007.0,0.45,1.79,202,0.0,0.0,0,0.0
2026-06-22T18:50:00Z,25.7,90,23.9,1006.9,0.45,1.79,202,0.0,0.0,0,0.0
2026-06-22T19:00:00Z,25.6,90,23.8,1006.8,0.45,1.79,202,0.0,0.0,0,0.0
2026-06-22T19:10:00Z,25.6,90,23.8,1006.9,0.0,1.34,202,0.0,0.0,0,0.0
2026-06-22T19:20:00Z,25.6,90,23.8,1006.8,0.0,1.34,202,0.0,0.0,0,0.0
2026-06-22T19:30:00Z,25.4,90,23.6,1006.8,0.0,0.0,,0.0,0.0,0,0.0
2026-06-22T19:40:00Z,25.4,90,23.6,1006.8,0.0,0.0,,0.0,0.0,0,0.0
2026-06-22T19:50:00Z,25.3,90,23.5,1006.8,0.0,0.0,,0.0,0.0,0,0.0
2026-06-22T20:00:00Z,25.3,90,23.5,1006.9,0.0,0.0,,0.0,0.0,0,0.0
2026-06-22T20:10:00Z,25.3,90,23.5,1006.8,0.0,0.0,,0.0,0.0,0,0.0
2026-06-22T20:20:00Z,25.3,90,23.5,1006.8,0.0,0.0,,0.0,0.0,0,0.0
2026-06-22T20:30:00Z,25.2,90,23.4,1006.9,0.0,0.45,202,0.0,0.0,0,0.0
2026-06-22T20:40:00Z,25.3,90,23.5,1007.0,0.0,0.0,,0.0,0.0,0,0.0
2026-06-22T20:50:00Z,25.3,90,23.5,1006.7,0.0,0.0,,0.0,0.0,0,0.0
2026-06-22T21:00:00Z,25.3,90,23.5,1006.7,0.0,0.0,,0.0,0.0,0,0.0
2026-06-22T21:10:00Z,25.3,90,23.5,1006.7,0.0,0.0,,0.0,0.0,0,0.0
2026-06-22T21:20:00Z,25.3,90,23.5,1006.8,0.0,0.0,,0.0,0.0,3,0.0
2026-06-22T21:30:00Z,25.3,90,23.5,1006.8,0.0,0.0,,0.0,0.0,12,0.0
2026-06-22T21:40:00Z,25.3,90,23.5,1006.8,0.0,0.0,,0.0,0.0,18,0.0
2026-06-22T21:50:00Z,25.4,90,23.6,1006.8,0.0,0.0,,0.0,0.0,25,0.0
2026-06-22T22:00:00Z,25.5,90,23.7,1006.8,0.0,0.0,,0.0,0.0,47,0.0
2026-06-22T22:10:00Z,25.6,90,23.8,1006.9,0.0,0.0,,0.0,0.0,76,0.0
2026-06-22T22:20:00Z,25.8,90,24.0,1007.0,0.0,0.0,,0.0,0.0,106,0.0
2026-06-22T22:30:00Z,26.2,91,24.6,1007.0,0.0,0.45,202,0.0,0.0,122,0.0
2026-06-22T22:40:00Z,26.7,90,24.9,1007.0,0.45,1.34,202,0.0,0.0,93,0.0
2026-06-22T22:50:00Z,27.4,89,25.4,1007.2,0.0,0.89,202,0.0,0.0,71,0.5
2026-06-22T23:00:00Z,28.1,87,25.7,1007.2,0.0,0.45,202,0.0,0.0,62,0.7
2026-06-22T23:10:00Z,28.7,85,25.9,1007.1,0.0,0.89,225,0.0,0.0,66,0.8
2026-06-22T23:20:00Z,28.8,82,25.4,1007.2,0.45,2.24,225,0.0,0.0,66,1.0
2026-06-22T23:30:00Z,29.2,80,25.4,1007.1,0.89,3.13,247,0.0,0.0,66,1.2
2026-06-22T23:40:00Z,29.4,80,25.6,1007.3,0.89,2.68,270,0.0,0.0,70,1.4
2026-06-22T23:50:00Z,29.6,80,25.8,1007.3,1.34,3.13,292,0.0,0.0,75,1.7
2026-06-23T00:00:00Z,29.8,79,25.8,1007.3,0.89,2.24,292,0.0,0.0,82,1.9
2026-06-23T00:10:00Z,30.0,79,26.0,1007.6,1.79,4.02,292,0.0,0.0,85,2.2
2026-06-23T00:20:00Z,30.1,79,26.1,1007.6,1.34,4.47,292,0.0,0.0,88,2.5
2026-06-23T00:30:00Z,30.2,79,26.2,1007.7,1.79,4.47,292,0.0,0.0,89,2.8
2026-06-23T00:40:00Z,30.2,79,26.2,1007.6,2.24,4.47,292,0.0,0.0,94,3.2
2026-06-23T00:50:00Z,30.3,79,26.2,1007.6,2.24,4.92,315,0.0,0.0,98,3.6
2026-06-23T01:00:00Z,30.3,79,26.2,1007.7,2.24,4.02,315,0.0,0.0,98,4.0
2026-06-23T01:10:00Z,30.4,80,26.6,1007.7,2.24,4.47,292,0.0,0.0,101,4.3
2026-06-23T01:20:00Z,30.4,79,26.3,1007.8,2.68,4.92,315,0.0,0.0,119,4.7
2026-06-23T01:30:00Z,30.6,78,26.3,1007.8,2.24,4.92,292,0.0,0.0,134,5.0
2026-06-23T01:40:00Z,30.9,79,26.8,1007.6,2.24,5.36,292,0.0,0.0,125,5.5
2026-06-23T01:50:00Z,31.0,79,26.9,1007.6,2.68,5.36,292,0.0,0.0,146,5.8
2026-06-23T02:00:00Z,31.1,79,27.0,1007.7,2.68,6.26,292,0.0,0.0,410,6.1
2026-06-23T02:10:00Z,31.2,79,27.1,1007.6,2.68,5.81,292,0.0,0.0,794,6.6
2026-06-23T02:20:00Z,31.4,80,27.5,1007.6,2.68,5.36,292,0.0,0.0,824,7.0
2026-06-23T02:30:00Z,31.4,80,27.5,1007.6,2.68,5.81,292,0.0,0.0,849,7.3
2026-06-23T02:40:00Z,31.6,79,27.5,1007.7,2.68,4.92,292,0.0,0.0,872,7.6
2026-06-23T02:50:00Z,31.7,79,27.6,1007.6,3.13,5.36,292,0.0,0.0,889,7.8
2026-06-23T03:00:00Z,31.7,79,27.6,1007.3,3.13,6.26,292,0.0,0.0,913,8.2
2026-06-23T03:10:00Z,31.7,78,27.4,1007.2,3.13,6.26,292,0.0,0.0,917,8.4
2026-06-23T03:20:00Z,31.7,79,27.6,1007.2,3.58,6.26,292,0.0,0.0,928,8.6
2026-06-23T03:30:00Z,31.8,79,27.7,1007.2,3.13,7.15,292,0.0,0.0,960,8.9
2026-06-23T03:40:00Z,32.1,78,27.8,1007.1,2.68,5.81,292,0.0,0.0,943,8.9
2026-06-23T03:50:00Z,31.9,77,27.4,1007.0,3.13,6.26,292,0.0,0.0,773,7.6
2026-06-23T04:00:00Z,32.1,78,27.8,1007.0,3.13,6.71,292,0.0,0.0,773,7.7
2026-06-23T04:10:00Z,31.8,77,27.3,1006.8,3.13,5.81,292,0.0,0.0,580,6.2
2026-06-23T04:20:00Z,31.4,78,27.1,1006.9,3.58,6.26,292,0.0,0.0,608,6.3
2026-06-23T04:30:00Z,31.6,78,27.3,1006.8,3.58,6.26,292,0.0,0.0,621,7.5
2026-06-23T04:40:00Z,31.5,77,27.0,1006.8,3.13,6.26,292,0.0,0.0,623,7.4
2026-06-23T04:50:00Z,31.8,78,27.5,1006.9,3.58,5.81,292,0.0,0.0,921,8.3
2026-06-23T05:00:00Z,31.9,77,27.4,1006.8,3.58,7.6,292,0.0,0.0,968,8.3
2026-06-23T05:10:00Z,32.2,77,27.7,1006.6,3.58,6.26,292,0.0,0.0,1050,8.9
2026-06-23T05:20:00Z,32.3,76,27.5,1006.4,3.58,7.6,292,0.0,0.0,1050,7.6
2026-06-23T05:30:00Z,31.8,79,27.7,1006.4,3.13,7.15,292,0.0,0.0,657,6.0
2026-06-23T05:40:00Z,31.5,79,27.4,1006.4,3.58,8.49,292,0.0,0.0,480,5.3
2026-06-23T05:50:00Z,31.4,80,27.5,1006.5,3.13,6.71,292,0.0,0.0,411,4.4
2026-06-23T06:00:00Z,31.2,79,27.1,1006.4,3.13,6.26,292,0.0,0.0,415,4.0
2026-06-23T06:10:00Z,31.1,79,27.0,1006.5,3.58,7.6,292,0.0,0.0,449,4.2
2026-06-23T06:20:00Z,31.4,80,27.5,1006.2,3.13,6.26,292,0.0,0.0,710,5.4
2026-06-23T06:30:00Z,31.9,79,27.8,1006.0,3.13,5.81,292,0.0,0.0,757,5.3
2026-06-23T06:40:00Z,32.1,79,28.0,1006.0,3.13,6.26,315,0.0,0.0,906,5.2
2026-06-23T06:50:00Z,32.3,79,28.2,1005.9,3.58,7.15,292,0.0,0.0,861,5.4
2026-06-23T07:00:00Z,32.3,78,28.0,1006.1,3.13,6.26,292,0.0,0.0,778,4.9
2026-06-23T07:10:00Z,32.3,77,27.7,1006.1,2.68,6.26,315,0.0,0.0,746,4.4
2026-06-23T07:20:00Z,32.2,77,27.7,1006.2,3.13,6.26,315,0.0,0.0,713,4.0
2026-06-23T07:30:00Z,32.1,77,27.6,1005.9,3.58,6.26,292,0.0,0.0,678,3.6
2026-06-23T07:40:00Z,32.0,77,27.5,1005.7,4.02,7.15,292,0.0,0.0,645,3.2
2026-06-23T07:50:00Z,31.8,78,27.5,1005.7,3.58,6.71,292,0.0,0.0,611,2.8
2026-06-23T08:00:00Z,31.9,78,27.6,1005.6,3.58,6.26,292,0.0,0.0,587,2.5
2026-06-23T08:10:00Z,31.9,79,27.8,1005.5,3.13,5.81,292,0.0,0.0,548,2.1
2026-06-23T08:20:00Z,31.8,78,27.5,1005.5,3.13,6.71,292,0.0,0.0,497,1.8
2026-06-23T08:30:00Z,31.8,79,27.7,1005.6,2.68,5.36,292,0.0,0.0,459,1.5
2026-06-23T08:40:00Z,31.6,78,27.3,1005.7,3.13,6.26,292,0.0,0.0,430,1.2
2026-06-23T08:50:00Z,31.6,79,27.5,1005.8,2.68,6.71,315,0.0,0.0,426,1.1
2026-06-23T09:00:00Z,31.6,79,27.5,1005.9,2.24,5.36,315,0.0,0.0,403,0.9
2026-06-23T09:10:00Z,31.4,80,27.5,1006.0,2.24,4.47,292,0.0,0.0,334,0.7
2026-06-23T09:20:00Z,30.9,81,27.3,1005.9,2.68,5.36,292,0.0,0.0,120,0.2
2026-06-23T09:30:00Z,30.4,82,27.0,1005.9,2.68,4.92,292,0.0,0.0,85,0.0
2026-06-23T09:40:00Z,30.3,82,26.9,1005.9,2.24,5.36,292,0.0,0.0,118,0.0
2026-06-23T09:50:00Z,30.3,83,27.1,1005.9,1.79,4.47,315,0.0,0.0,82,0.0
2026-06-23T10:00:00Z,30.2,83,27.0,1006.0,2.24,4.47,315,0.0,0.0,41,0.0
2026-06-23T10:10:00Z,30.0,83,26.8,1006.0,2.24,6.71,292,0.0,0.0,24,0.0
2026-06-23T10:20:00Z,29.9,84,26.9,1006.2,2.24,4.92,292,0.0,0.0,16,0.0
2026-06-23T10:30:00Z,29.8,84,26.8,1006.3,2.24,4.47,292,0.0,0.0,6,0.0
2026-06-23T10:40:00Z,29.7,85,26.9,1006.3,2.24,5.81,292,0.0,0.0,0,0.0
2026-06-23T10:50:00Z,29.7,85,26.9,1006.3,2.24,5.36,315,0.0,0.0,0,0.0
2026-06-23T11:00:00Z,29.6,85,26.8,1006.5,2.24,5.36,315,0.0,0.0,0,0.0
2026-06-23T11:10:00Z,29.6,85,26.8,1006.8,2.24,4.47,292,0.0,0.0,0,0.0
2026-06-23T11:20:00Z,29.6,85,26.8,1006.7,1.34,4.02,292,0.0,0.0,0,0.0
2026-06-23T11:30:00Z,29.5,85,26.7,1006.8,1.79,4.92,292,0.0,0.0,0,0.0
2026-06-23T11:40:00Z,29.5,85,26.7,1006.9,2.24,5.36,292,0.0,0.0,0,0.0
2026-06-23T11:50:00Z,29.5,85,26.7,1007.1,2.24,4.02,292,0.0,0.0,0,0.0
2026-06-23T12:00:00Z,29.4,86,26.8,1007.2,1.79,4.47,292,0.0,0.0,0,0.0
2026-06-23T12:10:00Z,29.5,86,26.9,1007.3,1.79,4.47,292,0.0,0.0,0,0.0
2026-06-23T12:20:00Z,29.5,86,26.9,1007.3,1.34,4.02,315,0.0,0.0,0,0.0
2026-06-23T12:30:00Z,29.4,86,26.8,1007.4,1.79,4.02,315,0.0,0.0,0,0.0
2026-06-23T12:40:00Z,29.4,86,26.8,1007.5,1.34,3.58,315,0.0,0.0,0,0.0
2026-06-23T12:50:00Z,29.4,86,26.8,1007.7,1.34,3.13,292,0.0,0.0,0,0.0
2026-06-23T13:00:00Z,29.4,86,26.8,1007.7,0.89,2.24,315,0.0,0.0,0,0.0
2026-06-23T13:10:00Z,29.4,87,27.0,1007.7,0.89,3.13,315,0.0,0.0,0,0.0
2026-06-23T13:20:00Z,29.3,86,26.7,1007.8,0.45,2.24,135,0.0,0.0,0,0.0
2026-06-23T13:30:00Z,29.3,86,26.7,1007.9,0.45,1.79,135,0.0,0.0,0,0.0
2026-06-23T13:40:00Z,28.9,85,26.1,1008.1,0.45,3.13,135,0.0,0.0,0,0.0
2026-06-23T13:50:00Z,28.8,85,26.0,1008.1,0.0,1.34,135,0.0,0.0,0,0.0
2026-06-23T14:00:00Z,28.6,84,25.6,1008.2,0.45,1.34,135,0.0,0.0,0,0.0
2026-06-23T14:10:00Z,28.3,83,25.1,1008.0,0.45,0.89,135,0.0,0.0,0,0.0
2026-06-23T14:20:00Z,28.3,82,24.9,1007.9,0.45,0.89,135,0.0,0.0,0,0.0
2026-06-23T14:30:00Z,28.4,82,25.0,1007.8,0.45,1.34,135,0.0,0.0,0,0.0
2026-06-23T14:40:00Z,28.3,82,24.9,1007.8,0.45,1.34,135,0.0,0.0,0,0.0
2026-06-23T14:50:00Z,28.2,82,24.8,1007.5,0.45,1.34,135,0.0,0.0,0,0.0
2026-06-23T15:00:00Z,27.9,81,24.3,1007.3,0.89,3.13,135,0.0,0.0,0,0.0
2026-06-23T15:10:00Z,27.7,82,24.3,1007.2,0.0,1.34,135,0.0,0.0,0,0.0
2026-06-23T15:20:00Z,27.5,82,24.1,1007.1,0.0,0.89,135,0.0,0.0,0,0.0
2026-06-23T15:30:00Z,27.3,82,24.0,1006.9,0.0,1.34,135,0.0,0.0,0,0.0
2026-06-23T15:40:00Z,27.0,83,23.9,1006.8,0.0,1.79,135,0.0,0.0,0,0.0
2026-06-23T15:50:00Z,26.8,83,23.7,1006.8,0.45,1.34,135,0.0,0.0,0,0.0
2026-06-23T16:00:00Z,26.7,84,23.8,1006.7,0.45,1.34,135,0.0,0.0,0,0.0
2026-06-23T16:10:00Z,26.6,84,23.7,1006.9,0.45,1.34,135,0.0,0.0,0,0.0
2026-06-23T16:20:00Z,26.3,85,23.6,1006.7,0.0,1.34,135,0.0,0.0,0,0.0
2026-06-23T16:30:00Z,26.1,85,23.4,1006.8,0.45,1.34,135,0.0,0.0,0,0.0
2026-06-23T16:40:00Z,26.0,85,23.3,1006.7,0.45,1.79,135,0.0,0.0,0,0.0
2026-06-23T16:50:00Z,25.9,85,23.2,1006.6,0.45,1.79,135,0.0,0.0,0,0.0
2026-06-23T17:00:00Z,25.9,85,23.2,1006.6,0.45,1.79,135,0.0,0.0,0,0.0
2026-06-23T17:10:00Z,26.0,85,23.3,1006.6,0.45,1.34,135,0.0,0.0,0,0.0
2026-06-23T17:20:00Z,26.0,85,23.3,1006.6,0.45,1.79,135,0.0,0.0,0,0.0
2026-06-23T17:30:00Z,25.9,85,23.2,1006.5,0.89,2.24,135,0.0,0.0,0,0.0
2026-06-23T17:40:00Z,25.9,86,23.4,1006.4,0.45,1.79,135,0.0,0.0,0,0.0
2026-06-23T17:50:00Z,26.0,86,23.5,1006.3,0.45,1.79,135,0.0,0.0,0,0.0
2026-06-23T18:00:00Z,26.0,86,23.5,1006.1,0.0,0.89,135,0.0,0.0,0,0.0
2026-06-23T18:10:00Z,26.2,87,23.9,1006.1,0.0,0.89,135,0.0,0.0,0,0.0
2026-06-23T18:20:00Z,26.3,87,24.0,1005.9,0.0,1.34,135,0.0,0.0,0,0.0
2026-06-23T18:30:00Z,26.3,87,24.0,1006.1,0.0,0.89,135,0.0,0.0,0,0.0
2026-06-23T18:40:00Z,27.0,89,25.0,1006.0,0.45,1.79,135,0.0,0.0,0,0.0
2026-06-23T18:50:00Z,27.6,89,25.6,1006.0,0.89,2.24,247,0.0,0.0,0,0.0
2026-06-23T19:00:00Z,27.8,89,25.8,1006.0,0.89,3.13,247,0.0,0.0,0,0.0
2026-06-23T19:10:00Z,27.9,89,25.9,1006.0,1.34,2.68,270,0.0,0.0,0,0.0
2026-06-23T19:20:00Z,28.0,89,26.0,1005.9,1.34,2.24,292,0.0,0.0,0,0.0
2026-06-23T19:30:00Z,28.0,89,26.0,1006.1,1.34,3.58,292,0.0,0.0,0,0.0
2026-06-23T19:40:00Z,28.1,89,26.1,1006.1,0.89,3.13,315,0.0,0.0,0,0.0
2026-06-23T19:50:00Z,28.1,89,26.1,1006.0,0.89,2.24,315,0.0,0.0,0,0.0
2026-06-23T20:00:00Z,28.1,88,25.9,1006.0,1.34,3.58,292,0.0,0.0,0,0.0
2026-06-23T20:10:00Z,28.1,88,25.9,1006.2,1.34,3.58,315,0.0,0.0,0,0.0
2026-06-23T20:20:00Z,28.1,88,25.9,1006.2,0.89,2.24,315,0.0,0.0,0,0.0
2026-06-23T20:30:00Z,28.1,88,25.9,1006.2,0.89,3.58,315,0.0,0.0,0,0.0
2026-06-23T20:40:00Z,28.1,88,25.9,1006.2,0.89,2.24,315,0.0,0.0,0,0.0
2026-06-23T20:50:00Z,28.2,88,26.0,1006.2,1.34,2.24,315,0.0,0.0,0,0.0
2026-06-23T21:00:00Z,28.1,88,25.9,1006.3,1.34,3.13,315,0.0,0.0,0,0.0
2026-06-23T21:10:00Z,28.1,88,25.9,1006.2,1.34,3.58,292,0.0,0.0,0,0.0
2026-06-23T21:20:00Z,28.1,88,25.9,1006.3,0.89,2.24,292,0.0,0.0,3,0.0
2026-06-23T21:30:00Z,28.1,88,25.9,1006.2,1.34,3.58,315,0.0,0.0,18,0.0
2026-06-23T21:40:00Z,28.2,87,25.8,1006.4,1.34,3.58,292,0.0,0.0,30,0.0
2026-06-23T21:50:00Z,28.3,87,25.9,1006.5,1.34,4.02,315,0.0,0.0,35,0.0
2026-06-23T22:00:00Z,28.3,87,25.9,1006.5,1.79,4.47,315,0.0,0.0,27,0.0
2026-06-23T22:10:00Z,28.3,87,25.9,1006.5,1.34,4.02,315,0.0,0.0,46,0.0
2026-06-23T22:20:00Z,28.3,87,25.9,1006.6,1.34,3.58,315,0.0,0.0,48,0.0
2026-06-23T22:30:00Z,28.4,87,26.0,1006.6,1.34,3.13,315,0.0,0.0,35,0.0
2026-06-23T22:40:00Z,28.4,87,26.0,1006.6,1.79,4.02,292,0.0,0.0,69,0.0
2026-06-23T22:50:00Z,28.7,87,26.3,1006.5,1.34,4.02,292,0.0,0.0,83,0.3
2026-06-23T23:00:00Z,29.1,86,26.5,1006.7,1.79,4.02,292,0.0,0.0,133,0.6
2026-06-23T23:10:00Z,29.4,85,26.6,1006.6,2.24,5.36,292,0.0,0.0,93,0.8
2026-06-23T23:20:00Z,29.6,85,26.8,1006.7,2.24,5.36,292,0.0,0.0,108,1.0
2026-06-23T23:30:00Z,29.8,84,26.8,1006.7,2.68,5.81,292,0.0,0.0,166,1.2
2026-06-23T23:40:00Z,30.1,83,26.9,1006.7,2.68,5.81,292,0.0,0.0,101,1.5
2026-06-23T23:50:00Z,30.1,83,26.9,1006.7,2.68,5.36,292,0.0,0.0,85,1.8
2026-06-24T00:00:00Z,30.1,83,26.9,1006.7,2.68,5.81,292,0.0,0.0,86,2.0
2026-06-24T00:10:00Z,30.2,83,27.0,1006.6,3.13,5.81,292,0.0,0.0,97,2.3
2026-06-24T00:20:00Z,30.2,83,27.0,1006.8,2.68,5.36,292,0.0,0.0,165,2.4
2026-06-24T00:30:00Z,30.4,82,27.0,1006.6,3.13,6.26,315,0.0,0.0,114,2.9
2026-06-24T00:40:00Z,30.6,82,27.2,1006.4,3.13,6.26,292,0.0,0.0,107,3.3
2026-06-24T00:50:00Z,30.7,82,27.3,1006.6,3.58,8.05,292,0.0,0.0,99,3.7
2026-06-24T01:00:00Z,30.8,82,27.4,1006.6,3.58,7.15,292,0.0,0.0,97,4.1
2026-06-24T01:10:00Z,30.9,82,27.5,1006.6,3.58,7.15,315,0.0,0.0,103,4.5
2026-06-24T01:20:00Z,30.9,83,27.7,1006.6,3.58,7.15,292,0.0,0.0,113,4.9
2026-06-24T01:30:00Z,31.2,83,28.0,1006.6,3.58,6.71,292,0.0,0.0,190,5.1
2026-06-24T01:40:00Z,31.3,82,27.9,1006.4,4.47,8.05,292,0.0,0.0,146,5.7
2026-06-24T01:50:00Z,31.3,81,27.6,1006.3,4.92,9.39,292,0.0,0.0,122,6.2
2026-06-24T02:00:00Z,31.4,82,28.0,1006.3,4.47,8.49,292,0.0,0.0,368,6.6
2026-06-24T02:10:00Z,31.6,82,28.1,1006.1,4.47,8.05,292,0.0,0.0,805,6.9
2026-06-24T02:20:00Z,31.5,81,27.8,1006.0,4.92,8.49,292,0.0,0.0,836,7.3
2026-06-24T02:30:00Z,31.6,82,28.1,1006.2,4.92,9.39,292,0.0,0.0,857,7.6
2026-06-24T02:40:00Z,31.7,82,28.2,1006.1,4.92,8.94,292,0.0,0.0,889,7.6
2026-06-24T02:50:00Z,31.7,82,28.2,1005.9,5.36,9.39,292,0.0,0.0,908,8.2
2026-06-24T03:00:00Z,31.8,81,28.1,1005.7,4.92,8.05,292,0.0,0.0,916,8.5
2026-06-24T03:10:00Z,31.9,82,28.4,1005.6,4.92,8.49,292,0.0,0.0,934,8.6
2026-06-24T03:20:00Z,31.9,82,28.4,1005.5,4.92,8.94,292,0.0,0.0,943,8.9
2026-06-24T03:30:00Z,32.1,82,28.6,1005.7,4.92,8.49,292,0.0,0.0,949,8.6
2026-06-24T03:40:00Z,32.0,82,28.5,1005.5,4.92,8.05,292,0.0,0.0,971,9.2
2026-06-24T03:50:00Z,32.0,82,28.5,1005.4,4.92,8.49,292,0.0,0.0,983,9.4
2026-06-24T04:00:00Z,31.9,82,28.4,1005.1,5.81,9.39,292,0.0,0.0,977,9.5
2026-06-24T04:10:00Z,32.1,83,28.8,1004.9,5.36,8.94,292,0.0,0.0,980,9.3
2026-06-24T04:20:00Z,32.1,82,28.6,1005.0,5.36,10.73,292,0.0,0.0,1014,9.3
2026-06-24T04:30:00Z,32.1,82,28.6,1004.8,4.92,9.83,292,0.0,0.0,924,8.1
2026-06-24T04:40:00Z,31.9,83,28.6,1005.1,4.47,8.05,292,0.0,0.0,1002,6.8
2026-06-24T04:50:00Z,31.8,83,28.6,1005.0,4.92,9.39,292,0.0,0.0,983,8.4
2026-06-24T05:00:00Z,32.2,82,28.7,1005.0,4.92,8.94,292,0.0,0.0,1014,9.3
2026-06-24T05:10:00Z,32.4,82,28.9,1004.8,4.47,7.6,292,0.0,0.0,988,9.1
2026-06-24T05:20:00Z,32.3,82,28.8,1004.9,4.47,7.6,292,0.0,0.0,908,7.9
2026-06-24T05:30:00Z,31.8,82,28.3,1004.6,4.47,7.6,292,0.0,0.0,462,5.6
2026-06-24T05:40:00Z,31.5,83,28.3,1004.6,4.47,8.94,292,0.0,0.0,411,5.2
2026-06-24T05:50:00Z,32.1,82,28.6,1004.5,4.47,8.94,292,0.0,0.0,1064,7.9
2026-06-24T06:00:00Z,31.8,81,28.1,1004.5,3.13,8.05,315,0.0,0.0,960,7.4
2026-06-24T06:10:00Z,31.9,80,28.0,1004.4,2.68,5.81,292,0.0,0.0,893,6.9
2026-06-24T06:20:00Z,31.8,80,27.9,1004.5,3.13,7.15,292,0.0,0.0,891,6.7
2026-06-24T06:30:00Z,31.7,81,28.0,1004.4,2.68,6.71,292,0.0,0.0,365,3.9
2026-06-24T06:40:00Z,31.4,83,28.2,1004.4,3.13,7.15,292,0.0,0.0,324,2.5
2026-06-24T06:50:00Z,31.6,84,28.6,1004.3,3.58,7.6,292,0.0,0.0,385,2.9
2026-06-24T07:00:00Z,31.9,83,28.6,1004.4,4.02,8.05,292,0.0,0.0,601,4.6
2026-06-24T07:10:00Z,32.2,82,28.7,1004.4,4.47,8.49,292,0.0,0.0,762,4.4
2026-06-24T07:20:00Z,32.1,82,28.6,1004.5,4.47,7.6,292,0.0,0.0,766,4.0
2026-06-24T07:30:00Z,31.9,81,28.2,1004.6,4.47,8.05,292,0.0,0.0,731,3.1
2026-06-24T07:40:00Z,31.9,81,28.2,1004.9,4.92,8.49,292,0.0,0.0,669,3.2
2026-06-24T07:50:00Z,31.9,82,28.4,1004.8,4.47,8.94,292,0.0,0.0,594,2.8
2026-06-24T08:00:00Z,31.7,82,28.2,1004.8,4.02,7.15,292,0.0,0.0,499,2.1
2026-06-24T08:10:00Z,31.2,83,28.0,1004.8,3.58,6.71,292,0.0,0.0,214,1.2
2026-06-24T08:20:00Z,31.4,84,28.4,1004.9,3.13,6.26,292,0.0,0.0,443,1.4
2026-06-24T08:30:00Z,31.7,82,28.2,1004.9,3.13,5.81,292,0.0,0.0,516,1.5
2026-06-24T08:40:00Z,31.7,82,28.2,1005.0,3.58,8.05,292,0.0,0.0,455,1.2
2026-06-24T08:50:00Z,31.6,82,28.1,1004.9,3.13,6.71,292,0.0,0.0,463,1.0
2026-06-24T09:00:00Z,31.6,83,28.4,1005.1,3.13,7.15,292,0.0,0.0,406,0.8
2026-06-24T09:10:00Z,31.4,83,28.2,1005.1,3.13,5.81,292,0.0,0.0,349,0.6
2026-06-24T09:20:00Z,31.2,82,27.8,1005.1,3.13,7.15,292,0.0,0.0,308,0.4
2026-06-24T09:30:00Z,31.1,83,27.9,1005.2,2.68,6.26,292,0.0,0.0,254,0.0
2026-06-24T09:40:00Z,30.9,83,27.7,1005.4,3.13,6.26,292,0.0,0.0,213,0.0
2026-06-24T09:50:00Z,30.8,84,27.8,1005.3,2.68,5.36,292,0.0,0.0,120,0.0
2026-06-24T10:00:00Z,30.6,84,27.6,1005.4,2.68,6.26,292,0.0,0.0,60,0.0
2026-06-24T10:10:00Z,30.4,85,27.6,1005.4,2.24,5.36,292,0.0,0.0,57,0.0
2026-06-24T10:20:00Z,30.2,85,27.4,1005.3,2.68,5.81,292,0.0,0.0,37,0.0
2026-06-24T10:30:00Z,30.1,85,27.3,1005.3,2.68,5.36,292,0.0,0.0,24,0.0
2026-06-24T10:40:00Z,30.0,86,27.4,1005.5,2.24,5.36,292,0.0,0.0,7,0.0
2026-06-24T10:50:00Z,29.9,86,27.3,1005.4,2.68,5.81,292,0.0,0.0,0,0.0
2026-06-24T11:00:00Z,29.8,86,27.2,1005.5,2.24,5.36,292,0.0,0.0,0,0.0
2026-06-24T11:10:00Z,29.8,86,27.2,1005.5,2.24,4.47,292,0.0,0.0,0,0.0
2026-06-24T11:20:00Z,29.8,87,27.4,1005.7,2.24,5.36,292,0.0,0.0,0,0.0
2026-06-24T11:30:00Z,29.7,87,27.3,1005.7,2.24,5.36,292,0.0,0.0,0,0.0
2026-06-24T11:40:00Z,29.7,87,27.3,1005.7,2.24,5.36,315,0.0,0.0,0,0.0
2026-06-24T11:50:00Z,29.7,88,27.5,1005.8,1.79,4.47,315,0.0,0.0,0,0.0
2026-06-24T12:00:00Z,29.7,88,27.5,1005.9,2.68,4.92,292,0.0,0.0,0,0.0
2026-06-24T12:10:00Z,29.6,88,27.4,1006.0,2.68,5.36,292,0.0,0.0,0,0.0
2026-06-24T12:20:00Z,29.6,88,27.4,1006.3,2.24,4.92,292,0.0,0.0,0,0.0
2026-06-24T12:30:00Z,29.7,88,27.5,1006.2,2.68,5.81,292,0.0,0.0,0,0.0
2026-06-24T12:40:00Z,29.7,88,27.5,1006.4,2.24,4.47,292,0.0,0.0,0,0.0
2026-06-24T12:50:00Z,29.7,88,27.5,1006.5,2.68,5.36,292,0.0,0.0,0,0.0
2026-06-24T13:00:00Z,29.7,88,27.5,1006.6,3.13,6.26,292,0.0,0.0,0,0.0
2026-06-24T13:10:00Z,29.6,88,27.4,1006.6,3.13,5.81,292,0.0,0.0,0,0.0
2026-06-24T13:20:00Z,29.6,87,27.2,1006.6,2.68,5.36,292,0.0,0.0,0,0.0
2026-06-24T13:30:00Z,29.6,87,27.2,1006.7,3.13,5.81,292,0.0,0.0,0,0.0
2026-06-24T13:40:00Z,29.7,87,27.3,1006.7,2.68,5.81,292,0.0,0.0,0,0.0
2026-06-24T13:50:00Z,29.7,87,27.3,1006.9,2.68,5.36,292,0.0,0.0,0,0.0
2026-06-24T14:00:00Z,29.6,87,27.2,1006.8,3.13,5.81,292,0.0,0.0,0,0.0
2026-06-24T14:10:00Z,29.7,88,27.5,1006.8,3.13,6.26,292,0.0,0.0,0,0.0
2026-06-24T14:20:00Z,29.6,88,27.4,1006.8,3.13,5.36,292,0.0,0.0,0,0.0
2026-06-24T14:30:00Z,29.6,88,27.4,1007.1,3.58,5.81,292,0.0,0.0,0,0.0
2026-06-24T14:40:00Z,29.6,88,27.4,1007.1,3.58,7.15,292,0.0,0.0,0,0.0
2026-06-24T14:50:00Z,29.6,88,27.4,1007.1,3.13,6.26,292,0.0,0.0,0,0.0
2026-06-24T15:00:00Z,29.6,87,27.2,1006.9,2.68,4.92,292,0.0,0.0,0,0.0
2026-06-24T15:10:00Z,29.6,87,27.2,1006.9,3.13,5.36,292,0.0,0.0,0,0.0
2026-06-24T15:20:00Z,29.6,87,27.2,1006.9,2.68,4.92,292,0.0,0.0,0,0.0
2026-06-24T15:30:00Z,29.5,88,27.3,1006.8,2.68,5.36,292,0.0,0.0,0,0.0
2026-06-24T15:40:00Z,29.3,89,27.3,1006.7,3.13,6.26,292,0.2,0.0,0,0.0
2026-06-24T15:50:00Z,29.1,90,27.3,1006.6,3.13,6.71,292,0.4,1.2,0,0.0
2026-06-24T16:00:00Z,28.9,90,27.1,1006.7,2.68,6.26,292,0.0,1.0,0,0.0
2026-06-24T16:10:00Z,28.9,91,27.3,1006.6,2.68,5.81,292,0.2,1.0,0,0.0
2026-06-24T16:20:00Z,28.8,91,27.2,1006.5,3.13,5.81,292,0.4,1.6,0,0.0
2026-06-24T16:30:00Z,28.8,91,27.2,1006.4,3.58,6.71,292,0.4,0.0,0,0.0
2026-06-24T16:40:00Z,28.7,91,27.1,1006.1,4.02,7.15,292,0.6,0.0,0,0.0
2026-06-24T16:50:00Z,28.6,92,27.2,1005.9,4.02,7.15,292,0.6,0.0,0,0.0
2026-06-24T17:00:00Z,27.4,90,25.6,1005.8,3.13,6.26,292,0.6,0.0,0,0.0
2026-06-24T17:10:00Z,26.9,91,25.3,1005.7,1.79,4.02,292,0.6,0.0,0,0.0
2026-06-24T17:20:00Z,26.9,91,25.3,1005.5,2.24,4.92,292,0.8,0.0,0,0.0
2026-06-24T17:30:00Z,27.6,93,26.4,1005.3,3.13,6.71,292,1.0,1.2,0,0.0
2026-06-24T17:40:00Z,27.8,92,26.4,1005.3,3.13,8.49,270,1.0,1.0,0,0.0
2026-06-24T17:50:00Z,27.1,91,25.5,1005.4,2.24,7.6,247,7.2,162.2,0,0.0
2026-06-24T18:00:00Z,27.9,92,26.5,1005.3,2.68,8.05,270,7.2,1.0,0,0.0
2026-06-24T18:10:00Z,28.1,92,26.7,1005.2,2.24,5.36,270,7.2,0.0,0,0.0
2026-06-24T18:20:00Z,28.1,92,26.7,1005.2,2.24,5.81,292,7.2,0.0,0,0.0
2026-06-24T18:30:00Z,28.1,92,26.7,1005.3,2.24,6.71,270,10.2,88.0,0,0.0
2026-06-24T18:40:00Z,28.2,93,27.0,1005.4,2.24,5.81,292,11.2,36.0,0,0.0
2026-06-24T18:50:00Z,28.3,93,27.1,1005.3,1.79,4.47,292,11.2,0.8,0,0.0
2026-06-24T19:00:00Z,27.9,92,26.5,1005.2,2.68,5.36,270,11.2,0.0,0,0.0
2026-06-24T19:10:00Z,27.8,92,26.4,1005.5,2.24,5.81,292,13.0,69.4,0,0.0
2026-06-24T19:20:00Z,26.8,92,25.4,1005.8,2.24,5.36,292,15.2,97.6,0,0.0
2026-06-24T19:30:00Z,25.9,91,24.3,1006.1,4.02,8.94,292,23.4,153.6,0,0.0
2026-06-24T19:40:00Z,25.5,92,24.1,1005.4,0.89,2.68,157,28.4,123.8,0,0.0
2026-06-24T19:50:00Z,25.8,93,24.6,1005.6,0.89,3.58,315,29.6,46.4,0,0.0
2026-06-24T20:00:00Z,26.4,93,25.2,1005.6,1.79,4.92,292,29.6,1.0,0,0.0
2026-06-24T20:10:00Z,26.9,94,25.9,1005.7,2.68,6.26,292,29.6,0.0,0,0.0
2026-06-24T20:20:00Z,27.8,94,26.7,1005.7,3.58,6.71,292,29.6,0.0,0,0.0
2026-06-24T20:30:00Z,27.9,93,26.7,1005.6,2.24,6.26,292,29.6,0.0,0,0.0
2026-06-24T20:40:00Z,28.0,93,26.8,1005.7,2.24,6.26,270,29.6,0.0,0,0.0
2026-06-24T20:50:00Z,28.1,93,26.9,1005.8,2.24,4.92,270,30.0,13.8,0,0.0
2026-06-24T21:00:00Z,27.6,93,26.4,1006.1,4.02,10.28,292,31.6,73.8,0,0.0
2026-06-24T21:10:00Z,27.1,93,25.9,1005.9,4.92,8.49,292,32.0,12.4,0,0.0
2026-06-24T21:20:00Z,26.4,92,25.0,1006.2,4.92,8.05,292,34.8,42.0,0,0.0
2026-06-24T21:30:00Z,26.8,94,25.8,1005.7,2.24,6.71,292,36.2,59.0,0,0.0
2026-06-24T21:40:00Z,27.8,94,26.7,1005.5,1.34,5.36,270,36.4,3.2,0,0.0
2026-06-24T21:50:00Z,28.1,93,26.9,1005.6,1.79,4.47,270,36.4,1.0,4,0.0
2026-06-24T22:00:00Z,28.1,93,26.9,1005.7,2.24,5.36,270,36.4,0.0,2,0.0
2026-06-24T22:10:00Z,27.9,93,26.7,1005.9,2.24,5.81,270,37.2,22.2,0,0.0
2026-06-24T22:20:00Z,27.4,93,26.2,1006.0,2.24,8.49,292,40.0,74.4,3,0.0
2026-06-24T22:30:00Z,27.9,93,26.7,1006.1,1.79,5.81,292,40.8,27.6,12,0.0
2026-06-24T22:40:00Z,28.2,93,27.0,1006.0,1.79,4.47,270,41.0,2.6,38,0.0
2026-06-24T22:50:00Z,28.1,93,26.9,1005.9,2.24,4.47,270,41.0,0.8,28,0.0
2026-06-24T23:00:00Z,28.1,93,26.9,1006.4,2.68,5.81,270,42.2,35.4,14,0.0
2026-06-24T23:10:00Z,28.1,94,27.0,1006.1,2.24,5.36,270,43.2,35.4,29,0.0
2026-06-24T23:20:00Z,28.3,93,27.1,1006.3,2.24,4.92,270,43.4,1.8,28,0.0
2026-06-24T23:30:00Z,28.3,93,27.1,1006.2,2.24,4.92,270,43.4,0.8,10,0.0
2026-06-24T23:40:00Z,27.3,92,25.9,1006.4,2.68,6.26,270,48.2,138.8,3,0.0
2026-06-24T23:50:00Z,26.6,92,25.2,1006.0,0.89,4.47,225,49.4,118.8,0,0.0
2026-06-25T00:00:00Z,27.8,94,26.7,1005.9,1.34,4.92,270,50.0,22.2,6,0.0
2026-06-25T00:10:00Z,27.7,93,26.5,1006.6,4.47,10.73,292,54.8,160.0,2,0.0
2026-06-25T00:20:00Z,28.0,94,26.9,1006.3,1.79,4.47,292,55.0,6.6,7,0.0
2026-06-25T00:30:00Z,27.8,93,26.6,1006.1,3.13,7.15,270,56.8,40.8,18,0.0
2026-06-25T00:40:00Z,27.6,93,26.4,1006.1,3.13,6.26,270,57.0,6.8,18,0.0
2026-06-25T00:50:00Z,27.3,93,26.1,1006.6,3.13,7.6,270,57.4,4.8,26,0.0
2026-06-25T01:00:00Z,27.8,94,26.7,1006.7,2.68,6.71,292,57.4,0.8,33,0.0
2026-06-25T01:10:00Z,28.1,93,26.9,1007.0,5.81,11.18,292,57.4,0.0,46,0.2
2026-06-25T01:20:00Z,28.0,93,26.8,1006.9,5.36,10.28,292,57.4,0.0,37,0.0
2026-06-25T01:30:00Z,28.2,93,27.0,1006.9,3.13,6.71,292,57.4,0.0,42,0.0
2026-06-25T01:40:00Z,27.5,92,26.1,1007.3,4.47,8.49,292,57.4,0.0,14,0.0
2026-06-25T01:50:00Z,26.3,92,24.9,1007.4,4.92,8.94,292,68.6,172.0,5,0.0
2026-06-25T02:00:00Z,25.9,93,24.7,1007.2,2.68,6.71,292,71.0,117.6,4,0.0
2026-06-25T02:10:00Z,26.1,93,24.9,1007.4,2.24,5.36,292,71.4,14.0,20,0.0
2026-06-25T02:20:00Z,26.3,93,25.1,1007.4,1.34,4.92,292,72.0,4.4,38,0.1
2026-06-25T02:30:00Z,26.6,93,25.4,1007.5,1.79,4.47,292,72.6,5.8,39,0.1
2026-06-25T02:40:00Z,26.7,93,25.5,1007.5,1.34,4.02,292,73.4,11.0,23,0.1
2026-06-25T02:50:00Z,27.7,94,26.6,1007.7,3.13,5.81,292,73.8,5.2,27,0.0
2026-06-25T03:00:00Z,28.0,94,26.9,1007.6,2.68,7.15,292,74.0,2.0,17,0.0
2026-06-25T03:10:00Z,27.9,93,26.7,1007.6,1.79,5.36,292,74.2,2.0,10,0.0
2026-06-25T03:20:00Z,27.2,92,25.8,1007.7,2.68,7.6,292,74.4,1.2,7,0.0
2026-06-25T03:30:00Z,26.2,93,25.0,1007.9,2.68,5.81,292,75.4,32.2,2,0.0
2026-06-25T03:40:00Z,25.9,93,24.7,1007.8,1.34,4.47,315,77.8,46.8,4,0.0
2026-06-25T03:50:00Z,25.5,93,24.3,1007.6,1.34,4.92,292,79.2,18.8,5,0.0
2026-06-25T04:00:00Z,25.3,93,24.1,1007.6,1.79,5.81,292,80.8,46.4,2,0.0
2026-06-25T04:10:00Z,25.4,93,24.2,1007.4,1.79,6.26,292,82.2,33.2,11,0.0
2026-06-25T04:20:00Z,25.6,93,24.4,1007.5,1.34,4.47,315,85.6,72.4,10,0.0
2026-06-25T04:30:00Z,25.6,93,24.4,1007.4,1.79,4.47,315,89.0,51.0,10,0.0
2026-06-25T04:40:00Z,25.6,93,24.4,1007.3,2.24,4.92,292,91.4,35.8,10,0.0
2026-06-25T04:50:00Z,25.7,94,24.7,1006.9,1.79,4.47,292,94.6,64.4,20,0.0
2026-06-25T05:00:00Z,25.8,94,24.8,1006.5,2.24,4.92,292,97.2,76.8,37,0.0
2026-06-25T05:10:00Z,26.0,94,25.0,1006.5,1.79,5.36,292,99.6,76.8,95,1.0
2026-06-25T05:20:00Z,26.3,94,25.3,1006.4,1.34,4.92,292,100.4,17.2,151,1.6
2026-06-25T05:30:00Z,26.6,94,25.6,1006.2,1.79,5.81,292,100.4,1.0,157,1.6
2026-06-25T05:40:00Z,26.7,94,25.7,1006.1,1.79,4.47,292,100.4,0.0,88,0.9
2026-06-25T05:50:00Z,26.8,94,25.8,1006.0,1.79,4.02,292,100.6,0.0,70,0.7
2026-06-25T06:00:00Z,26.9,94,25.9,1006.1,2.24,5.36,315,100.8,1.2,51,0.3
2026-06-25T06:10:00Z,27.2,94,26.1,1005.9,2.24,6.26,292,101.0,1.2,31,0.0
2026-06-25T06:20:00Z,27.3,94,26.2,1005.8,1.79,4.92,292,101.2,1.2,33,0.0
2026-06-25T06:30:00Z,27.3,94,26.2,1005.7,1.34,3.58,292,101.6,2.6,21,0.0
2026-06-25T06:40:00Z,27.5,94,26.4,1005.7,1.79,4.47,292,101.6,1.2,39,0.0
2026-06-25T06:50:00Z,28.0,95,27.1,1005.4,2.24,5.81,292,102.2,4.2,65,0.5
2026-06-25T07:00:00Z,28.2,94,27.1,1005.4,3.58,5.36,292,102.4,4.2,75,0.6
2026-06-25T07:10:00Z,28.3,94,27.2,1005.4,3.58,5.81,292,102.4,0.0,85,0.7
2026-06-25T07:20:00Z,28.2,94,27.1,1005.6,3.13,5.81,292,102.4,0.0,95,0.8
2026-06-25T07:30:00Z,27.6,94,26.5,1005.6,1.34,4.92,292,102.4,0.0,56,0.2
2026-06-25T07:40:00Z,27.3,94,26.2,1005.7,1.79,5.81,292,102.4,0.0,90,0.7
2026-06-25T07:50:00Z,27.4,94,26.3,1005.6,1.79,5.36,292,102.4,0.0,105,0.7
2026-06-25T08:00:00Z,27.5,94,26.4,1005.4,1.79,4.92,292,102.4,0.0,105,0.7
2026-06-25T08:10:00Z,27.5,94,26.4,1005.5,0.89,4.47,292,102.4,0.0,71,0.4
2026-06-25T08:20:00Z,27.5,94,26.4,1005.5,1.79,5.36,292,102.4,0.0,47,0.0
2026-06-25T08:30:00Z,27.5,94,26.4,1005.7,1.34,4.92,292,102.4,0.0,39,0.0
2026-06-25T08:40:00Z,27.4,94,26.3,1005.8,1.34,5.81,292,102.4,0.0,36,0.0
2026-06-25T08:50:00Z,27.3,94,26.2,1005.7,2.24,4.92,292,102.4,0.0,29,0.0
2026-06-25T09:00:00Z,27.2,94,26.1,1005.9,2.24,4.92,292,102.4,0.0,21,0.0
2026-06-25T09:10:00Z,27.3,94,26.2,1005.8,2.24,4.92,292,102.4,0.0,31,0.0
2026-06-25T09:20:00Z,27.3,94,26.2,1005.9,2.24,4.92,292,102.4,0.0,22,0.0
2026-06-25T09:30:00Z,27.6,94,26.5,1005.8,1.79,4.92,292,102.4,0.0,10,0.0
2026-06-25T09:40:00Z,27.6,94,26.5,1005.7,2.24,5.81,292,102.4,0.0,3,0.0
2026-06-25T09:50:00Z,27.4,94,26.3,1006.1,1.79,4.02,292,102.6,0.0,0,0.0
2026-06-25T10:00:00Z,27.0,94,26.0,1006.1,2.24,5.36,292,102.6,0.0,0,0.0
2026-06-25T10:10:00Z,26.8,94,25.8,1006.2,1.79,4.92,315,103.0,1.8,0,0.0
2026-06-25T10:20:00Z,26.6,94,25.6,1006.3,2.24,4.92,292,103.4,2.8,0,0.0
2026-06-25T10:30:00Z,26.4,94,25.4,1006.5,2.24,6.71,292,104.0,11.4,0,0.0
2026-06-25T10:40:00Z,26.2,94,25.2,1006.5,2.24,4.92,292,104.6,11.4,0,0.0
2026-06-25T10:50:00Z,25.9,94,24.9,1006.4,2.68,6.71,292,104.8,2.2,0,0.0
2026-06-25T11:00:00Z,25.8,94,24.8,1006.7,2.68,5.36,292,105.0,1.8,0,0.0
2026-06-25T11:10:00Z,25.7,94,24.7,1006.8,2.24,5.36,292,105.2,1.6,0,0.0
2026-06-25T11:20:00Z,25.8,94,24.8,1006.6,1.79,3.58,292,105.4,1.2,0,0.0
2026-06-25T11:30:00Z,25.7,94,24.7,1006.9,2.24,4.92,292,105.6,1.2,0,0.0
2026-06-25T11:40:00Z,25.7,94,24.7,1006.8,2.24,4.92,292,105.8,2.2,0,0.0
2026-06-25T11:50:00Z,25.9,94,24.9,1007.1,2.24,5.36,292,106.6,13.6,0,0.0
2026-06-25T12:00:00Z,25.8,94,24.8,1007.2,3.13,6.71,292,107.8,12.0,0,0.0
2026-06-25T12:10:00Z,25.6,94,24.6,1007.0,4.02,7.15,292,109.2,14.2,0,0.0
2026-06-25T12:20:00Z,25.7,94,24.7,1007.4,3.58,6.71,292,110.0,8.0,0,0.0
2026-06-25T12:30:00Z,25.6,93,24.4,1007.3,1.79,6.71,292,111.0,13.0,0,0.0
2026-06-25T12:40:00Z,25.4,93,24.2,1007.5,2.68,5.36,292,113.0,21.0,0,0.0
2026-06-25T12:50:00Z,25.4,94,24.4,1007.2,1.79,4.92,292,113.2,4.2,0,0.0
2026-06-25T13:00:00Z,25.6,94,24.6,1007.2,1.79,4.47,292,113.4,2.2,0,0.0
2026-06-25T13:10:00Z,25.8,94,24.8,1007.4,1.79,4.92,292,114.0,3.4,0,0.0
2026-06-25T13:20:00Z,25.8,94,24.8,1007.6,1.79,4.47,292,114.2,2.2,0,0.0
2026-06-25T13:30:00Z,25.8,94,24.8,1007.5,1.79,5.36,292,114.4,1.4,0,0.0
2026-06-25T13:40:00Z,25.8,94,24.8,1007.5,0.89,3.58,292,114.4,1.0,0,0.0
2026-06-25T13:50:00Z,25.7,94,24.7,1007.5,1.34,4.92,292,114.4,0.0,0,0.0
2026-06-25T14:00:00Z,25.7,94,24.7,1007.4,2.24,4.47,292,114.6,0.0,0,0.0
2026-06-25T14:10:00Z,25.7,94,24.7,1007.4,2.68,6.71,292,114.8,0.8,0,0.0
2026-06-25T14:20:00Z,25.7,94,24.7,1007.9,2.68,5.36,292,115.2,3.8,0,0.0
2026-06-25T14:30:00Z,25.7,94,24.7,1007.8,2.68,5.36,292,115.4,3.4,0,0.0
2026-06-25T14:40:00Z,25.8,94,24.8,1007.7,1.79,4.92,292,115.6,1.4,0,0.0
2026-06-25T14:50:00Z,26.0,94,25.0,1007.4,2.24,5.36,292,115.6,0.0,0,0.0
2026-06-25T15:00:00Z,26.1,94,25.1,1007.3,2.24,5.36,292,117.0,63.6,0,0.0
2026-06-25T15:10:00Z,26.2,94,25.2,1006.8,1.79,4.92,292,117.0,0.8,0,0.0
2026-06-25T15:20:00Z,26.3,94,25.3,1006.8,3.13,6.71,292,117.2,0.8,0,0.0
2026-06-25T15:30:00Z,26.1,94,25.1,1006.9,2.24,5.36,292,117.4,2.4,0,0.0
2026-06-25T15:40:00Z,26.3,94,25.3,1006.9,1.34,4.92,292,117.6,1.4,0,0.0
2026-06-25T15:50:00Z,26.3,94,25.3,1006.9,1.34,4.47,292,117.6,0.0,0,0.0
2026-06-25T16:00:00Z,26.4,94,25.4,1006.7,0.45,2.24,292,0.8,22.8,0,0.0
2026-06-25T16:10:00Z,26.5,94,25.5,1006.8,1.34,3.13,315,1.0,5.4,0,0.0
2026-06-25T16:20:00Z,26.5,94,25.5,1006.8,1.34,4.47,292,4.8,45.8,0,0.0
2026-06-25T16:30:00Z,26.4,94,25.4,1006.4,1.34,5.36,292,10.2,85.4,0,0.0
2026-06-25T16:40:00Z,26.3,94,25.3,1006.0,0.89,3.58,292,11.0,7.8,0,0.0
2026-06-25T16:50:00Z,26.6,94,25.6,1006.0,0.89,4.02,270,11.2,6.0,0,0.0
2026-06-25T17:00:00Z,26.7,94,25.7,1005.7,1.79,4.92,292,11.4,1.6,0,0.0
2026-06-25T17:10:00Z,26.8,94,25.8,1005.9,1.79,4.47,292,11.6,1.2,0,0.0
2026-06-25T17:20:00Z,27.5,95,26.6,1005.9,1.34,4.92,270,11.6,0.8,0,0.0
2026-06-25T17:30:00Z,28.0,95,27.1,1005.9,1.79,4.47,270,11.8,0.8,0,0.0
2026-06-25T17:40:00Z,28.2,94,27.1,1006.2,1.79,5.36,270,11.8,0.0,0,0.0
2026-06-25T17:50:00Z,28.1,94,27.0,1006.3,2.24,4.92,270,12.2,5.0,0,0.0
2026-06-25T18:00:00Z,27.1,93,25.9,1006.3,2.68,5.36,292,12.2,0.8,0,0.0
2026-06-25T18:10:00Z,26.4,94,25.4,1005.9,1.34,4.47,292,13.2,29.8,0,0.0
2026-06-25T18:20:00Z,26.3,94,25.3,1006.0,1.79,7.15,292,13.4,3.0,0,0.0
2026-06-25T18:30:00Z,26.1,94,25.1,1006.2,1.79,5.36,292,14.2,15.0,0,0.0
2026-06-25T18:40:00Z,26.2,94,25.2,1006.2,0.89,4.92,292,15.8,21.6,0,0.0
2026-06-25T18:50:00Z,26.4,94,25.4,1006.3,0.45,2.24,247,16.0,7.8,0,0.0
2026-06-25T19:00:00Z,26.4,94,25.4,1006.4,0.45,2.24,292,16.4,3.2,0,0.0
2026-06-25T19:10:00Z,27.8,95,26.9,1006.5,1.34,4.02,270,17.0,3.2,0,0.0
2026-06-25T19:20:00Z,28.1,95,27.2,1006.6,1.79,4.47,270,17.6,4.0,0,0.0
2026-06-25T19:30:00Z,28.1,94,27.0,1006.8,2.24,4.47,270,18.4,4.2,0,0.0
2026-06-25T19:40:00Z,28.1,94,27.0,1006.8,2.24,5.36,270,19.2,6.4,0,0.0
2026-06-25T19:50:00Z,28.0,94,26.9,1007.0,2.24,5.36,270,20.0,5.2,0,0.0
2026-06-25T20:00:00Z,28.1,94,27.0,1007.1,1.79,4.47,270,20.6,4.4,0,0.0
2026-06-25T20:10:00Z,28.0,94,26.9,1007.1,1.79,4.02,270,21.4,5.2,0,0.0
2026-06-25T20:20:00Z,28.0,94,26.9,1007.2,1.79,4.02,270,22.0,4.8,0,0.0
2026-06-25T20:30:00Z,28.1,94,27.0,1007.5,1.34,4.02,270,22.6,3.8,0,0.0
2026-06-25T20:40:00Z,27.9,94,26.8,1007.4,1.79,4.47,270,23.2,4.0,0,0.0
2026-06-25T20:50:00Z,28.0,94,26.9,1007.2,1.79,5.81,270,23.8,3.8,0,0.0
2026-06-25T21:00:00Z,25.2,93,24.0,1007.4,3.13,7.15,292,26.8,58.2,0,0.0
2026-06-25T21:10:00Z,24.8,94,23.8,1007.4,2.68,6.71,292,28.0,11.6,0,0.0
2026-06-25T21:20:00Z,24.6,94,23.6,1008.0,2.24,5.36,292,29.8,32.0,0,0.0
2026-06-25T21:30:00Z,24.6,94,23.6,1007.4,1.79,4.92,292,37.6,100.2,0,0.0
2026-06-25T21:40:00Z,24.6,94,23.6,1007.6,0.45,6.26,157,39.2,26.8,0,0.0
2026-06-25T21:50:00Z,24.8,94,23.8,1007.7,0.0,1.34,157,41.2,31.6,0,0.0
2026-06-25T22:00:00Z,24.8,94,23.8,1007.9,0.0,0.0,,42.4,17.0,0,0.0
2026-06-25T22:10:00Z,24.8,94,23.8,1007.8,0.0,0.0,,44.6,29.4,0,0.0
2026-06-25T22:20:00Z,24.9,94,23.9,1007.7,0.0,2.24,157,52.8,131.0,0,0.0
2026-06-25T22:30:00Z,24.8,94,23.8,1007.7,0.0,0.89,157,54.0,18.4,0,0.0
2026-06-25T22:40:00Z,24.9,94,23.9,1008.8,0.45,4.02,157,56.6,96.8,0,0.0
2026-06-25T22:50:00Z,24.7,94,23.7,1008.5,1.79,6.26,292,65.8,132.4,0,0.0
2026-06-25T23:00:00Z,25.2,94,24.2,1008.8,1.34,4.02,292,71.6,103.8,0,0.0
2026-06-25T23:10:00Z,25.0,94,24.0,1008.9,0.45,3.13,292,72.8,11.4,0,0.0
2026-06-25T23:20:00Z,25.2,94,24.2,1008.1,0.89,4.92,315,76.6,64.4,0,0.0
2026-06-25T23:30:00Z,25.1,94,24.1,1008.0,2.24,4.92,292,78.8,52.2,0,0.0
2026-06-25T23:40:00Z,24.7,94,23.7,1008.5,1.79,5.81,292,81.6,36.4,0,0.0
2026-06-25T23:50:00Z,24.8,94,23.8,1008.9,3.13,6.71,292,83.6,42.6,0,0.0
2026-06-26T00:00:00Z,24.9,94,23.9,1008.8,2.68,5.81,292,89.2,81.8,0,0.0
2026-06-26T00:10:00Z,24.9,94,23.9,1008.4,3.13,6.71,292,92.2,30.8,0,0.0
2026-06-26T00:20:00Z,24.8,94,23.8,1008.5,0.89,5.36,292,93.0,10.8,3,0.0
2026-06-26T00:30:00Z,24.8,94,23.8,1008.9,0.45,3.58,292,93.4,3.2,5,0.0
2026-06-26T00:40:00Z,24.7,94,23.7,1009.2,0.89,3.58,292,94.6,10.8,5,0.0
2026-06-26T00:50:00Z,24.7,94,23.7,1008.9,0.45,4.02,292,97.2,60.0,6,0.0
2026-06-26T01:00:00Z,24.7,94,23.7,1008.5,0.0,3.58,292,98.6,14.2,9,0.0
2026-06-26T01:10:00Z,24.8,95,23.9,1008.4,0.0,1.79,292,99.0,8.4,9,0.0
2026-06-26T01:20:00Z,24.9,94,23.9,1008.7,0.0,1.79,292,99.2,2.0,9,0.0
2026-06-26T01:30:00Z,24.9,94,23.9,1008.6,0.45,3.58,292,99.4,1.2,11,0.0
2026-06-26T01:40:00Z,24.9,94,23.9,1008.7,0.45,3.58,292,100.0,4.0,12,0.0
2026-06-26T01:50:00Z,25.0,94,24.0,1008.7,1.34,4.02,292,101.0,6.4,13,0.0
2026-06-26T02:00:00Z,25.1,94,24.1,1008.4,1.34,4.02,292,102.0,7.6,17,0.0
2026-06-26T02:10:00Z,24.9,94,23.9,1008.2,0.89,5.36,292,103.2,8.8,20,0.0
2026-06-26T02:20:00Z,24.9,94,23.9,1008.2,0.89,4.02,292,103.8,5.4,24,0.0
2026-06-26T02:30:00Z,25.0,94,24.0,1008.2,1.34,5.36,292,104.4,3.8,29,0.0
2026-06-26T02:40:00Z,25.1,94,24.1,1008.3,1.34,4.02,292,105.0,4.0,43,0.0
2026-06-26T02:50:00Z,25.2,95,24.3,1008.4,1.79,4.47,292,105.4,3.4,68,0.7
2026-06-26T03:00:00Z,25.2,95,24.3,1008.4,2.24,4.92,292,105.6,2.4,77,0.8
2026-06-26T03:10:00Z,25.2,95,24.3,1008.4,1.79,5.36,292,106.2,3.4,71,0.8
2026-06-26T03:20:00Z,25.1,94,24.1,1008.5,2.68,6.26,292,106.4,3.4,70,0.8
2026-06-26T03:30:00Z,25.2,94,24.2,1008.7,3.13,6.26,292,106.8,2.2,63,0.7
2026-06-26T03:40:00Z,24.9,94,23.9,1008.5,2.68,6.26,292,107.4,3.0,69,0.8
2026-06-26T03:50:00Z,25.2,95,24.3,1008.3,2.68,4.92,292,107.6,3.0,89,1.0
2026-06-26T04:00:00Z,25.3,95,24.4,1008.2,3.13,5.36,292,107.8,2.0,119,1.3
2026-06-26T04:10:00Z,25.4,95,24.5,1008.1,2.24,5.36,292,108.0,1.6,165,1.8
2026-06-26T04:20:00Z,25.6,95,24.7,1007.9,2.68,5.81,292,108.2,1.0,210,2.3
2026-06-26T04:30:00Z,25.6,95,24.7,1007.8,2.24,5.36,292,108.4,1.2,237,2.6
2026-06-26T04:40:00Z,25.6,94,24.6,1007.7,2.24,4.47,292,108.4,1.0,231,2.5
2026-06-26T04:50:00Z,25.7,95,24.8,1007.7,2.24,5.81,292,108.6,1.0,210,2.3
2026-06-26T05:00:00Z,25.7,95,24.8,1008.0,2.24,4.92,292,108.6,0.0,205,2.2
2026-06-26T05:10:00Z,25.7,95,24.8,1008.0,2.68,5.36,292,108.6,0.0,200,2.1
2026-06-26T05:20:00Z,25.7,95,24.8,1007.9,2.24,4.92,292,108.6,0.0,176,1.9
2026-06-26T05:30:00Z,25.7,94,24.7,1007.9,1.34,4.02,292,108.6,0.0,118,1.3
2026-06-26T05:40:00Z,25.6,94,24.6,1008.1,2.24,5.36,315,108.6,0.0,122,1.3
2026-06-26T05:50:00Z,25.8,95,24.9,1008.1,2.24,6.26,292,108.6,0.0,189,1.9
2026-06-26T06:00:00Z,25.7,94,24.7,1008.1,2.68,5.81,292,108.6,0.0,128,1.3
2026-06-26T06:10:00Z,25.8,94,24.8,1008.1,3.13,6.71,292,108.6,0.0,158,1.5
2026-06-26T06:20:00Z,25.8,94,24.8,1008.5,3.13,6.26,292,108.8,0.0,92,1.0
2026-06-26T06:30:00Z,25.7,94,24.7,1008.3,3.58,8.05,292,109.6,10.0,54,0.2
2026-06-26T06:40:00Z,25.8,94,24.8,1008.2,2.68,5.81,292,110.6,10.0,38,0.0
2026-06-26T06:50:00Z,25.4,94,24.4,1008.3,3.58,6.26,292,111.6,7.0,26,0.0
2026-06-26T07:00:00Z,25.3,94,24.3,1008.2,2.68,6.71,315,112.6,7.8,20,0.0
2026-06-26T07:10:00Z,25.2,94,24.2,1008.2,1.79,4.47,292,113.6,6.0,23,0.0
2026-06-26T07:20:00Z,25.1,94,24.1,1008.3,2.24,4.47,292,114.6,6.0,30,0.0
2026-06-26T07:30:00Z,25.1,94,24.1,1008.1,1.79,5.81,292,115.4,5.6,35,0.0
2026-06-26T07:40:00Z,25.2,94,24.2,1008.0,1.34,3.58,292,116.2,5.6,34,0.0
2026-06-26T07:50:00Z,25.3,94,24.3,1007.9,1.34,4.02,292,116.8,4.6,33,0.0
2026-06-26T08:00:00Z,25.2,94,24.2,1007.7,1.79,4.02,292,117.2,3.0,35,0.0
2026-06-26T08:10:00Z,25.2,94,24.2,1007.7,0.89,3.58,315,117.6,2.6,40,0.0
2026-06-26T08:20:00Z,25.2,94,24.2,1007.8,0.45,3.58,292,117.8,2.4,40,0.0
2026-06-26T08:30:00Z,25.2,94,24.2,1007.7,0.89,3.13,292,118.2,2.2,41,0.0
2026-06-26T08:40:00Z,25.3,94,24.3,1007.8,1.34,4.02,292,118.4,2.0,42,0.0
2026-06-26T08:50:00Z,25.4,94,24.4,1008.0,1.34,4.02,292,118.6,2.0,42,0.0
2026-06-26T09:00:00Z,25.5,94,24.5,1007.8,0.89,3.13,292,118.6,1.0,44,0.0
2026-06-26T09:10:00Z,25.4,94,24.4,1007.7,1.34,3.58,315,118.6,0.0,49,0.0
2026-06-26T09:20:00Z,25.4,94,24.4,1007.7,1.34,3.13,292,118.6,0.0,53,0.0
2026-06-26T09:30:00Z,25.5,94,24.5,1007.7,0.89,2.68,292,118.6,0.0,54,0.0
2026-06-26T09:40:00Z,25.4,94,24.4,1007.8,0.45,3.13,292,118.8,0.0,49,0.0
2026-06-26T09:50:00Z,25.4,94,24.4,1007.9,0.89,3.58,315,118.8,0.0,34,0.0
2026-06-26T10:00:00Z,25.3,94,24.3,1007.8,0.89,4.02,292,118.8,0.0,23,0.0
2026-06-26T10:10:00Z,25.3,94,24.3,1007.9,0.45,3.13,292,118.8,0.0,19,0.0
2026-06-26T10:20:00Z,25.3,94,24.3,1007.9,0.89,2.24,292,118.8,0.0,19,0.0
2026-06-26T10:30:00Z,25.3,94,24.3,1008.1,0.89,2.68,315,118.8,0.0,12,0.0
2026-06-26T10:40:00Z,25.3,94,24.3,1008.3,0.45,4.47,315,118.8,0.0,2,0.0
2026-06-26T10:50:00Z,25.3,94,24.3,1008.5,0.89,3.13,292,118.8,0.0,0,0.0
2026-06-26T11:00:00Z,25.4,94,24.4,1008.5,1.34,4.02,292,118.8,0.0,0,0.0
2026-06-26T11:10:00Z,25.6,94,24.6,1008.6,0.89,4.02,315,118.8,0.0,0,0.0
2026-06-26T11:20:00Z,25.6,94,24.6,1008.8,0.45,2.68,292,118.8,0.0,0,0.0
2026-06-26T11:30:00Z,25.6,94,24.6,1008.9,0.45,1.79,292,118.8,0.0,0,0.0
2026-06-26T11:40:00Z,25.7,94,24.7,1009.2,0.45,3.58,292,118.8,0.0,0,0.0
2026-06-26T11:50:00Z,25.7,94,24.7,1009.4,0.89,4.02,292,118.8,0.0,0,0.0
2026-06-26T12:00:00Z,25.7,94,24.7,1009.3,0.45,1.79,315,118.8,0.0,0,0.0
2026-06-26T12:10:00Z,25.8,94,24.8,1009.3,0.45,1.79,315,118.8,0.0,0,0.0
2026-06-26T12:20:00Z,25.8,94,24.8,1009.5,0.45,2.24,292,118.8,0.0,0,0.0
2026-06-26T12:30:00Z,25.8,94,24.8,1009.4,0.45,2.24,292,118.8,0.0,0,0.0
2026-06-26T12:40:00Z,25.9,94,24.9,1009.5,0.45,1.79,292,118.8,0.0,0,0.0
2026-06-26T12:50:00Z,25.9,94,24.9,1009.6,1.34,3.13,292,118.8,0.0,0,0.0
2026-06-26T13:00:00Z,26.0,94,25.0,1009.8,1.34,4.02,292,118.8,0.0,0,0.0
2026-06-26T13:10:00Z,26.1,94,25.1,1010.0,1.34,3.58,292,118.8,0.0,0,0.0
2026-06-26T13:20:00Z,26.1,94,25.1,1010.0,0.89,4.02,292,118.8,0.0,0,0.0
2026-06-26T13:30:00Z,26.1,94,25.1,1010.1,0.89,5.36,292,118.8,0.0,0,0.0
2026-06-26T13:40:00Z,26.2,94,25.2,1010.2,0.89,3.13,292,118.8,0.0,0,0.0
2026-06-26T13:50:00Z,26.0,93,24.8,1010.2,0.45,2.68,315,118.8,0.0,0,0.0
2026-06-26T14:00:00Z,25.8,93,24.6,1010.2,0.45,1.79,292,118.8,0.0,0,0.0
2026-06-26T14:10:00Z,25.7,93,24.5,1010.2,0.0,1.34,292,118.8,0.0,0,0.0
2026-06-26T14:20:00Z,25.7,94,24.7,1010.2,0.0,0.45,292,118.8,0.0,0,0.0
2026-06-26T14:30:00Z,25.7,94,24.7,1010.2,0.0,0.0,,118.8,0.0,0,0.0
2026-06-26T14:40:00Z,25.7,94,24.7,1010.2,0.0,0.0,,118.8,0.0,0,0.0
2026-06-26T14:50:00Z,25.7,94,24.7,1010.2,0.0,0.0,,118.8,0.0,0,0.0
2026-06-26T15:00:00Z,25.7,94,24.7,1010.2,0.0,0.45,292,118.8,0.0,0,0.0
2026-06-26T15:10:00Z,25.7,94,24.7,1010.1,0.0,1.34,0,118.8,0.0,0,0.0
2026-06-26T15:20:00Z,25.7,94,24.7,1010.0,0.0,0.0,,118.8,0.0,0,0.0
2026-06-26T15:30:00Z,25.7,94,24.7,1009.9,0.0,0.89,22,118.8,0.0,0,0.0
2026-06-26T15:40:00Z,25.7,94,24.7,1009.7,0.0,0.45,22,118.8,0.0,0,0.0
2026-06-26T15:50:00Z,25.7,94,24.7,1009.6,0.0,0.0,,118.8,0.0,0,0.0
2026-06-26T16:00:00Z,25.6,94,24.6,1009.7,0.0,0.0,,0.0,0.0,0,0.0
2026-06-26T16:10:00Z,25.7,94,24.7,1009.8,0.0,0.0,,0.0,0.0,0,0.0
2026-06-26T16:20:00Z,25.7,94,24.7,1010.0,0.0,0.89,22,0.2,0.0,0,0.0
2026-06-26T16:30:00Z,25.7,94,24.7,1009.9,0.0,0.45,22,0.2,0.0,0,0.0
2026-06-26T16:40:00Z,25.5,93,24.3,1010.2,1.34,4.92,270,0.4,0.8,0,0.0
2026-06-26T16:50:00Z,25.0,93,23.8,1010.1,2.68,8.05,270,5.4,54.6,0,0.0
2026-06-26T17:00:00Z,24.8,94,23.8,1010.2,0.89,6.71,270,8.8,38.6,0,0.0
2026-06-26T17:10:00Z,24.4,93,23.2,1010.0,0.89,3.58,270,11.2,31.8,0,0.0
2026-06-26T17:20:00Z,24.4,94,23.4,1010.0,0.0,0.89,270,12.4,10.2,0,0.0
2026-06-26T17:30:00Z,24.7,94,23.7,1009.9,0.0,0.0,,12.8,3.8,0,0.0
2026-06-26T17:40:00Z,25.2,94,24.2,1009.8,0.0,2.68,247,13.6,7.2,0,0.0
2026-06-26T17:50:00Z,25.2,94,24.2,1009.5,0.45,1.79,247,14.8,7.8,0,0.0
2026-06-26T18:00:00Z,25.2,94,24.2,1009.4,0.0,1.79,247,15.8,7.2,0,0.0
2026-06-26T18:10:00Z,25.2,94,24.2,1009.4,0.0,0.45,247,16.8,7.6,0,0.0
2026-06-26T18:20:00Z,25.2,94,24.2,1009.5,0.0,1.79,247,17.2,5.2,0,0.0
2026-06-26T18:30:00Z,25.1,94,24.1,1009.3,0.0,0.0,,17.6,2.8,0,0.0
2026-06-26T18:40:00Z,25.1,94,24.1,1009.3,0.0,0.0,,17.8,1.6,0,0.0
2026-06-26T18:50:00Z,25.1,94,24.1,1009.1,0.0,0.0,,17.8,1.0,0,0.0
2026-06-26T19:00:00Z,25.2,94,24.2,1009.0,0.0,0.0,,18.0,1.0,0,0.0
2026-06-26T19:10:00Z,25.3,95,24.4,1009.0,0.0,1.79,247,18.0,0.0,0,0.0
2026-06-26T19:20:00Z,25.4,94,24.4,1009.0,0.0,1.34,247,18.0,0.0,0,0.0
2026-06-26T19:30:00Z,25.4,94,24.4,1009.0,0.0,1.34,247,18.0,0.0,0,0.0
2026-06-26T19:40:00Z,25.4,94,24.4,1009.0,0.0,0.45,247,18.0,0.0,0,0.0
2026-06-26T19:50:00Z,25.4,94,24.4,1008.9,0.0,0.89,247,18.0,0.0,0,0.0
2026-06-26T20:00:00Z,25.4,94,24.4,1009.0,0.0,1.34,247,18.0,0.0,0,0.0
2026-06-26T20:10:00Z,25.3,94,24.3,1009.1,0.0,0.0,,18.0,0.0,0,0.0
2026-06-26T20:20:00Z,25.3,94,24.3,1009.1,0.0,0.89,247,18.0,0.0,0,0.0
2026-06-26T20:30:00Z,25.3,94,24.3,1009.1,0.0,0.89,247,18.0,0.0,0,0.0
2026-06-26T20:40:00Z,25.3,94,24.3,1009.1,0.0,0.0,,18.0,0.0,0,0.0
2026-06-26T20:50:00Z,25.4,95,24.5,1009.1,0.0,2.68,270,18.0,0.0,0,0.0
2026-06-26T21:00:00Z,25.5,94,24.5,1009.2,0.89,2.68,292,18.0,0.0,0,0.0
2026-06-26T21:10:00Z,25.7,95,24.8,1009.3,0.45,2.24,292,18.0,0.0,0,0.0
2026-06-26T21:20:00Z,25.8,94,24.8,1009.4,0.89,3.13,292,18.0,0.0,0,0.0
2026-06-26T21:30:00Z,25.7,94,24.7,1009.4,0.89,3.13,292,18.0,0.0,0,0.0
2026-06-26T21:40:00Z,25.7,94,24.7,1009.6,0.89,3.13,292,18.0,0.0,0,0.0
2026-06-26T21:50:00Z,25.9,95,25.0,1009.5,0.89,2.68,292,18.0,0.0,8,0.0
2026-06-26T22:00:00Z,26.0,95,25.1,1009.5,1.34,3.58,292,18.0,0.0,13,0.0
2026-06-26T22:10:00Z,26.0,95,25.1,1009.6,1.79,4.02,292,18.0,0.0,19,0.0
2026-06-26T22:20:00Z,26.1,95,25.2,1009.8,1.79,4.02,292,18.0,0.0,27,0.0
2026-06-26T22:30:00Z,26.3,95,25.4,1009.8,0.45,2.24,292,18.0,0.0,29,0.0
2026-06-26T22:40:00Z,26.1,94,25.1,1010.2,0.89,3.58,292,18.0,0.0,15,0.0
2026-06-26T22:50:00Z,25.2,94,24.2,1010.3,2.68,6.26,270,18.0,0.0,36,0.0
2026-06-26T23:00:00Z,25.5,94,24.5,1010.4,1.34,4.02,270,18.2,0.0,48,0.0
2026-06-26T23:10:00Z,25.7,94,24.7,1010.4,0.89,3.13,270,18.4,1.6,59,0.0
2026-06-26T23:20:00Z,25.8,94,24.8,1010.2,0.89,4.02,270,18.4,0.8,103,0.4
2026-06-26T23:30:00Z,26.2,94,25.2,1009.9,0.45,4.02,270,18.4,0.0,148,0.8
2026-06-26T23:40:00Z,26.3,94,25.3,1010.0,1.34,3.58,292,18.4,0.0,167,1.0
2026-06-26T23:50:00Z,26.0,94,25.0,1009.9,1.34,4.92,292,18.4,0.0,160,1.0
2026-06-27T00:00:00Z,26.1,94,25.1,1009.8,0.89,4.02,292,18.4,0.0,156,1.0
2026-06-27T00:10:00Z,26.2,94,25.2,1009.8,0.45,4.02,292,18.4,0.0,133,0.9
2026-06-27T00:20:00Z,26.3,94,25.3,1009.6,0.0,0.0,,18.4,0.0,114,0.8
2026-06-27T00:30:00Z,26.3,93,25.1,1009.6,0.0,0.0,,18.4,0.0,104,0.8
2026-06-27T00:40:00Z,26.2,93,25.0,1009.7,0.0,0.0,,18.4,0.0,133,1.1
2026-06-27T00:50:00Z,26.3,94,25.3,1009.7,0.0,0.0,,18.4,0.0,160,1.3
2026-06-27T01:00:00Z,26.4,94,25.4,1009.9,0.0,0.0,,18.4,0.0,205,1.8
2026-06-27T01:10:00Z,26.6,94,25.6,1010.1,0.0,0.0,,18.4,0.0,257,2.2
2026-06-27T01:20:00Z,26.7,93,25.5,1010.0,0.0,0.0,,18.4,0.0,281,2.4
2026-06-27T01:30:00Z,26.8,93,25.6,1010.0,0.0,3.58,292,18.4,0.0,290,2.5
2026-06-27T01:40:00Z,26.8,93,25.6,1010.0,1.34,3.13,292,18.4,0.0,292,2.6
2026-06-27T01:50:00Z,26.8,93,25.6,1010.1,0.89,3.13,292,18.4,0.0,315,2.9
2026-06-27T02:00:00Z,27.1,93,25.9,1010.0,1.34,4.02,292,18.4,0.0,360,3.5
2026-06-27T02:10:00Z,27.4,92,26.0,1010.0,1.79,4.02,292,18.4,0.0,417,4.0
2026-06-27T02:20:00Z,27.8,92,26.4,1010.0,1.79,4.47,315,18.4,0.0,491,4.7
2026-06-27T02:30:00Z,27.9,91,26.3,1009.8,2.24,4.47,315,18.4,0.0,596,5.7
2026-06-27T02:40:00Z,28.3,90,26.5,1009.8,1.79,4.47,292,18.4,0.0,739,6.7
2026-06-27T02:50:00Z,28.4,88,26.2,1010.0,1.79,4.02,292,18.4,0.0,649,6.3
2026-06-27T03:00:00Z,28.7,87,26.3,1009.8,1.79,4.47,292,18.4,0.0,576,5.9
2026-06-27T03:10:00Z,28.7,86,26.1,1009.8,1.79,4.02,292,18.4,0.0,550,5.8
2026-06-27T03:20:00Z,28.8,85,26.0,1009.7,1.79,3.58,292,18.4,0.0,537,5.7
2026-06-27T03:30:00Z,28.9,85,26.1,1009.7,1.79,4.02,315,18.4,0.0,557,6.0
2026-06-27T03:40:00Z,29.1,85,26.3,1009.7,2.24,4.47,292,18.4,0.0,579,6.1
2026-06-27T03:50:00Z,29.3,85,26.5,1009.8,2.24,4.92,315,18.4,0.0,641,6.8
2026-06-27T04:00:00Z,29.4,84,26.4,1009.9,2.24,5.36,292,18.4,0.0,607,6.4
2026-06-27T04:10:00Z,29.6,84,26.6,1009.9,1.79,4.47,292,18.4,0.0,689,6.9
2026-06-27T04:20:00Z,29.8,84,26.8,1009.7,2.24,4.02,292,18.4,0.0,724,7.1
2026-06-27T04:30:00Z,29.9,82,26.5,1009.7,2.24,4.92,292,18.4,0.0,722,7.1
2026-06-27T04:40:00Z,30.1,82,26.7,1009.4,1.79,4.47,292,18.4,0.0,685,6.8
2026-06-27T04:50:00Z,30.1,81,26.5,1009.4,2.24,4.47,292,18.4,0.0,607,6.3
2026-06-27T05:00:00Z,30.1,80,26.3,1009.3,2.24,4.47,292,18.4,0.0,554,5.9
2026-06-27T05:10:00Z,30.3,81,26.7,1008.9,1.79,4.02,292,18.4,0.0,629,6.4
2026-06-27T05:20:00Z,30.6,80,26.8,1008.9,2.24,4.92,292,18.4,0.0,557,6.4
2026-06-27T05:30:00Z,30.7,80,26.8,1008.8,2.68,4.92,292,18.4,0.0,643,6.0
2026-06-27T05:40:00Z,30.8,79,26.7,1008.7,2.68,4.92,292,18.4,0.0,649,6.3
2026-06-27T05:50:00Z,30.8,79,26.7,1008.6,2.68,4.92,292,18.4,0.0,551,5.3
2026-06-27T06:00:00Z,30.2,80,26.4,1008.5,2.24,4.47,292,18.4,0.0,230,2.3
2026-06-27T06:10:00Z,29.8,81,26.2,1008.5,2.24,4.92,292,18.4,0.0,256,2.6
2026-06-27T06:20:00Z,29.8,82,26.4,1008.5,1.79,4.02,292,18.4,0.0,214,2.0
2026-06-27T06:30:00Z,29.7,82,26.3,1008.6,2.24,4.02,292,18.4,0.0,330,3.0
2026-06-27T06:40:00Z,29.8,82,26.4,1008.6,1.34,3.13,292,18.4,0.0,274,2.5
2026-06-27T06:50:00Z,29.8,83,26.6,1008.6,1.79,3.58,292,18.4,0.0,254,2.2
2026-06-27T07:00:00Z,29.8,83,26.6,1008.5,1.79,3.58,292,18.4,0.0,232,2.0
2026-06-27T07:10:00Z,29.9,84,26.9,1008.4,1.34,3.58,292,18.4,0.0,308,2.4
2026-06-27T07:20:00Z,29.9,83,26.7,1008.3,1.34,3.58,315,18.4,0.0,270,2.1
2026-06-27T07:30:00Z,29.9,83,26.7,1008.3,1.34,3.58,292,18.4,0.0,217,1.6
2026-06-27T07:40:00Z,29.8,83,26.6,1008.2,1.34,3.13,315,18.4,0.0,192,1.3
2026-06-27T07:50:00Z,29.7,83,26.5,1008.4,1.34,3.58,292,18.4,0.0,193,1.3
2026-06-27T08:00:00Z,29.7,83,26.5,1008.5,1.34,3.58,292,18.4,0.0,243,1.4
2026-06-27T08:10:00Z,29.8,84,26.8,1008.4,1.79,4.02,292,18.4,0.0,263,1.4
2026-06-27T08:20:00Z,29.9,84,26.9,1008.3,1.34,3.13,292,18.4,0.0,282,1.2
2026-06-27T08:30:00Z,29.9,83,26.7,1008.4,1.34,3.58,292,18.4,0.0,198,0.8
2026-06-27T08:40:00Z,29.9,84,26.9,1008.5,0.89,2.24,315,18.4,0.0,218,0.7
2026-06-27T08:50:00Z,30.1,83,26.9,1008.6,0.89,2.24,315,18.4,0.0,221,0.6
2026-06-27T09:00:00Z,29.8,83,26.6,1008.6,0.89,2.24,315,18.4,0.0,92,0.1
2026-06-27T09:10:00Z,29.6,83,26.4,1008.5,0.45,1.79,315,18.4,0.0,89,0.0
2026-06-27T09:20:00Z,29.4,83,26.2,1008.7,0.89,2.24,292,18.4,0.0,76,0.0
2026-06-27T09:30:00Z,29.3,83,26.1,1008.7,0.89,1.79,292,18.4,0.0,46,0.0
2026-06-27T09:40:00Z,29.2,83,26.0,1008.8,0.89,1.79,315,18.4,0.0,32,0.0
2026-06-27T09:50:00Z,29.0,84,26.0,1008.9,0.89,1.79,292,18.4,0.0,24,0.0
2026-06-27T10:00:00Z,28.9,85,26.1,1008.8,0.89,1.79,292,18.4,0.0,20,0.0
2026-06-27T10:10:00Z,28.8,85,26.0,1009.0,0.89,2.24,292,18.4,0.0,14,0.0
2026-06-27T10:20:00Z,28.6,85,25.8,1009.0,1.34,3.13,292,18.4,0.0,12,0.0
2026-06-27T10:30:00Z,28.4,86,25.8,1009.1,1.79,3.13,292,18.4,0.0,10,0.0
2026-06-27T10:40:00Z,28.6,86,26.0,1009.2,0.89,2.24,292,18.4,0.0,3,0.0
2026-06-27T10:50:00Z,28.4,87,26.0,1009.3,1.34,3.13,292,18.4,0.0,0,0.0
2026-06-27T11:00:00Z,28.4,87,26.0,1009.2,1.79,3.58,292,18.4,0.0,0,0.0
2026-06-27T11:10:00Z,28.4,87,26.0,1009.3,1.34,3.13,292,18.4,0.0,0,0.0
2026-06-27T11:20:00Z,28.3,87,25.9,1009.4,1.34,2.68,292,18.4,0.0,0,0.0
2026-06-27T11:30:00Z,28.3,87,25.9,1009.6,1.34,2.68,292,18.4,0.0,0,0.0
2026-06-27T11:40:00Z,28.3,87,25.9,1009.7,1.34,2.68,292,18.4,0.0,0,0.0
2026-06-27T11:50:00Z,28.4,88,26.2,1009.9,0.89,1.79,292,18.4,0.0,0,0.0
2026-06-27T12:00:00Z,28.5,88,26.3,1010.2,0.45,1.79,292,18.4,0.0,0,0.0
2026-06-27T12:10:00Z,28.5,88,26.3,1010.3,1.34,3.58,292,18.4,0.0,0,0.0
2026-06-27T12:20:00Z,28.3,88,26.1,1010.3,1.34,2.68,292,18.4,0.0,0,0.0
2026-06-27T12:30:00Z,28.3,88,26.1,1010.5,1.34,3.13,315,18.4,0.0,0,0.0
2026-06-27T12:40:00Z,28.3,88,26.1,1010.6,1.34,3.13,315,18.4,0.0,0,0.0
2026-06-27T12:50:00Z,28.1,88,25.9,1010.6,1.79,5.81,315,18.4,0.0,0,0.0
2026-06-27T13:00:00Z,27.8,88,25.6,1010.5,1.79,3.58,292,18.4,0.0,0,0.0
2026-06-27T13:10:00Z,27.7,88,25.5,1010.6,1.34,4.02,292,18.4,0.0,0,0.0
2026-06-27T13:20:00Z,27.6,88,25.4,1010.8,1.79,4.02,315,18.4,0.0,0,0.0
2026-06-27T13:30:00Z,27.6,88,25.4,1010.8,0.89,2.24,315,18.4,0.0,0,0.0
2026-06-27T13:40:00Z,27.6,88,25.4,1010.8,0.89,2.24,315,18.4,0.0,0,0.0
2026-06-27T13:50:00Z,27.6,88,25.4,1010.8,0.45,1.34,315,18.4,0.0,0,0.0
2026-06-27T14:00:00Z,27.5,88,25.3,1010.9,0.0,0.45,315,18.4,0.0,0,0.0
2026-06-27T14:10:00Z,27.5,88,25.3,1010.8,0.0,0.89,315,18.4,0.0,0,0.0
2026-06-27T14:20:00Z,27.4,89,25.4,1010.7,0.0,0.0,,18.4,0.0,0,0.0
2026-06-27T14:30:00Z,27.3,89,25.3,1010.7,0.0,0.45,315,18.4,0.0,0,0.0
2026-06-27T14:40:00Z,27.2,89,25.2,1010.6,0.0,0.45,315,18.4,0.0,0,0.0
2026-06-27T14:50:00Z,27.1,89,25.1,1010.6,0.0,0.45,315,18.4,0.0,0,0.0
2026-06-27T15:00:00Z,27.0,89,25.0,1010.4,0.0,0.45,315,18.4,0.0,0,0.0
2026-06-27T15:10:00Z,26.9,89,24.9,1010.1,0.0,0.0,,18.4,0.0,0,0.0
2026-06-27T15:20:00Z,26.8,90,25.0,1009.9,0.0,0.0,,18.4,0.0,0,0.0
2026-06-27T15:30:00Z,26.6,90,24.8,1010.0,0.0,1.34,315,18.4,0.0,0,0.0
2026-06-27T15:40:00Z,26.4,90,24.6,1009.9,0.0,0.89,315,18.4,0.0,0,0.0
2026-06-27T15:50:00Z,26.3,90,24.5,1010.1,0.45,1.34,315,18.4,0.0,0,0.0
2026-06-27T16:00:00Z,26.3,90,24.5,1009.9,0.45,2.68,157,0.0,0.0,0,0.0
2026-06-27T16:10:00Z,26.2,90,24.4,1009.9,0.45,1.79,157,0.0,0.0,0,0.0
2026-06-27T16:20:00Z,26.2,90,24.4,1009.8,0.45,2.24,157,0.0,0.0,0,0.0
2026-06-27T16:30:00Z,26.2,90,24.4,1009.9,0.45,1.79,157,0.0,0.0,0,0.0
2026-06-27T16:40:00Z,26.1,90,24.3,1010.1,0.0,1.79,157,0.0,0.0,0,0.0
2026-06-27T16:50:00Z,26.1,90,24.3,1010.2,0.89,2.24,157,0.0,0.0,0,0.0
2026-06-27T17:00:00Z,26.0,90,24.2,1010.2,0.45,2.24,157,0.0,0.0,0,0.0
2026-06-27T17:10:00Z,26.0,90,24.2,1010.2,0.89,3.13,157,0.0,0.0,0,0.0
2026-06-27T17:20:00Z,26.0,89,24.0,1010.2,0.45,1.34,157,0.0,0.0,0,0.0
2026-06-27T17:30:00Z,26.0,89,24.0,1010.0,0.45,1.34,157,0.0,0.0,0,0.0
2026-06-27T17:40:00Z,26.0,89,24.0,1009.8,0.0,1.34,157,0.0,0.0,0,0.0
2026-06-27T17:50:00Z,25.9,90,24.1,1009.8,0.0,0.45,157,0.0,0.0,0,0.0
2026-06-27T18:00:00Z,25.8,90,24.0,1009.8,0.0,0.45,157,0.0,0.0,0,0.0
2026-06-27T18:10:00Z,25.8,90,24.0,1009.9,0.0,1.34,157,0.0,0.0,0,0.0
2026-06-27T18:20:00Z,25.7,90,23.9,1009.9,0.45,2.24,157,0.0,0.0,0,0.0
2026-06-27T18:30:00Z,25.7,90,23.9,1009.9,0.45,1.34,157,0.0,0.0,0,0.0
2026-06-27T18:40:00Z,25.7,90,23.9,1009.9,0.0,0.0,,0.0,0.0,0,0.0
2026-06-27T18:50:00Z,25.7,90,23.9,1009.9,0.0,0.89,157,0.0,0.0,0,0.0
2026-06-27T19:00:00Z,25.7,90,23.9,1009.9,0.0,0.0,,0.0,0.0,0,0.0
2026-06-27T19:10:00Z,25.6,90,23.8,1010.0,0.0,0.45,157,0.0,0.0,0,0.0
2026-06-27T19:20:00Z,25.6,90,23.8,1009.8,0.0,0.89,157,0.0,0.0,0,0.0
2026-06-27T19:30:00Z,25.5,90,23.7,1009.9,0.0,0.89,157,0.0,0.0,0,0.0
2026-06-27T19:40:00Z,25.5,90,23.7,1009.9,0.0,0.89,157,0.0,0.0,0,0.0
2026-06-27T19:50:00Z,25.4,90,23.6,1009.9,0.45,1.34,157,0.0,0.0,0,0.0
2026-06-27T20:00:00Z,25.4,91,23.8,1009.9,0.0,0.45,157,0.0,0.0,0,0.0
2026-06-27T20:10:00Z,25.4,91,23.8,1010.0,0.45,1.34,157,0.0,0.0,0,0.0
2026-06-27T20:20:00Z,25.5,91,23.9,1010.1,0.45,1.34,157,0.0,0.0,0,0.0
2026-06-27T20:30:00Z,25.7,91,24.1,1010.2,0.0,1.34,157,0.2,0.0,0,0.0
2026-06-27T20:40:00Z,25.7,91,24.1,1010.3,0.0,0.89,157,0.2,0.0,0,0.0
2026-06-27T20:50:00Z,25.6,91,24.0,1010.2,0.45,1.34,157,0.2,0.0,0,0.0
2026-06-27T21:00:00Z,25.7,92,24.3,1010.2,0.0,0.89,157,0.2,0.0,0,0.0
2026-06-27T21:10:00Z,25.8,92,24.4,1010.2,0.0,1.34,157,0.2,0.0,0,0.0
2026-06-27T21:20:00Z,25.8,92,24.4,1010.2,0.0,0.89,157,0.2,0.0,0,0.0
2026-06-27T21:30:00Z,25.7,92,24.3,1010.2,0.0,1.34,157,0.2,0.0,6,0.0
2026-06-27T21:40:00Z,25.8,92,24.4,1010.3,0.0,0.0,,0.2,0.0,18,0.0
2026-06-27T21:50:00Z,25.8,92,24.4,1010.3,0.0,1.34,157,0.2,0.0,28,0.0
2026-06-27T22:00:00Z,26.0,92,24.6,1010.4,0.0,1.34,157,0.2,0.0,50,0.0
2026-06-27T22:10:00Z,26.2,93,25.0,1010.3,0.0,1.34,157,0.2,0.0,95,0.0
2026-06-27T22:20:00Z,26.4,93,25.2,1010.4,0.45,2.24,157,0.2,0.0,101,0.0
2026-06-27T22:30:00Z,26.7,93,25.5,1010.4,0.0,1.34,157,0.2,0.0,111,0.0
2026-06-27T22:40:00Z,26.8,92,25.4,1010.3,0.0,0.89,157,0.2,0.0,98,0.0
2026-06-27T22:50:00Z,26.9,92,25.5,1010.3,0.0,1.34,157,0.2,0.0,110,0.1
2026-06-27T23:00:00Z,27.0,92,25.6,1010.3,0.0,0.89,157,0.2,0.0,123,0.5
2026-06-27T23:10:00Z,27.3,92,25.9,1010.3,0.0,1.34,157,0.2,0.0,139,0.6
2026-06-27T23:20:00Z,27.4,92,26.0,1010.3,0.0,1.34,157,0.2,0.0,165,0.8
2026-06-27T23:30:00Z,27.8,92,26.4,1010.4,0.0,0.45,157,0.2,0.0,179,1.1
2026-06-27T23:40:00Z,28.4,92,27.0,1010.4,0.0,1.34,157,0.2,0.0,161,1.6
2026-06-27T23:50:00Z,29.2,90,27.4,1010.4,0.45,2.24,157,0.2,0.0,147,2.0
2026-06-28T00:00:00Z,29.7,87,27.3,1010.4,0.89,2.68,157,0.2,0.0,145,2.2
2026-06-28T00:10:00Z,30.4,85,27.6,1010.4,0.0,1.79,112,0.2,0.0,148,2.5
2026-06-28T00:20:00Z,30.8,84,27.8,1010.5,0.0,1.79,135,0.2,0.0,173,2.8
2026-06-28T00:30:00Z,31.1,81,27.5,1010.6,0.0,1.79,157,0.2,0.0,205,2.8
2026-06-28T00:40:00Z,31.4,80,27.5,1010.7,0.0,1.79,157,0.2,0.0,238,3.6
2026-06-28T00:50:00Z,31.5,79,27.4,1010.9,0.45,2.24,202,0.2,0.0,266,3.8
2026-06-28T01:00:00Z,31.4,78,27.1,1011.0,0.45,2.68,225,0.2,0.0,261,4.8
2026-06-28T01:10:00Z,31.7,74,26.5,1011.1,0.0,1.79,225,0.2,0.0,276,4.4
2026-06-28T01:20:00Z,31.8,77,27.3,1011.1,0.45,2.24,225,0.2,0.0,311,4.0
2026-06-28T01:30:00Z,31.8,79,27.7,1011.1,0.89,3.13,292,0.2,0.0,384,4.8
2026-06-28T01:40:00Z,31.8,80,27.9,1011.3,0.89,2.24,292,0.2,0.0,437,4.9
2026-06-28T01:50:00Z,31.9,81,28.2,1011.3,0.89,3.13,292,0.2,0.0,457,4.9
2026-06-28T02:00:00Z,31.8,81,28.1,1011.4,0.89,3.58,292,0.2,0.0,452,4.8
2026-06-28T02:10:00Z,31.7,80,27.8,1011.3,0.89,3.13,292,0.2,0.0,472,4.8
2026-06-28T02:20:00Z,31.7,81,28.0,1011.3,0.89,2.24,292,0.2,0.0,497,5.1
2026-06-28T02:30:00Z,31.7,81,28.0,1011.3,0.89,3.13,292,0.2,0.0,540,5.5
2026-06-28T02:40:00Z,31.6,81,27.9,1011.4,0.45,2.24,292,0.2,0.0,452,5.1
2026-06-28T02:50:00Z,31.6,81,27.9,1011.4,0.89,1.79,292,0.2,0.0,506,5.4
2026-06-28T03:00:00Z,31.8,82,28.3,1011.5,0.89,2.24,292,0.2,0.0,555,5.8
2026-06-28T03:10:00Z,31.8,81,28.1,1011.4,0.89,2.24,292,0.2,0.0,524,5.7
2026-06-28T03:20:00Z,31.9,82,28.4,1011.2,0.89,2.24,292,0.2,0.0,513,5.6
2026-06-28T03:30:00Z,31.9,81,28.2,1011.1,0.89,2.24,292,0.2,0.0,519,5.6
2026-06-28T03:40:00Z,31.8,81,28.1,1011.0,1.34,2.24,292,0.2,0.0,529,5.7
2026-06-28T03:50:00Z,31.8,80,27.9,1010.9,0.89,3.13,292,0.2,0.0,574,6.1
2026-06-28T04:00:00Z,31.8,78,27.5,1010.9,0.89,3.13,270,0.2,0.0,558,5.8
2026-06-28T04:10:00Z,32.3,78,28.0,1010.9,0.0,1.34,247,0.2,0.0,620,6.3
2026-06-28T04:20:00Z,32.7,76,27.9,1010.8,0.45,3.13,247,0.2,0.0,638,6.6
2026-06-28T04:30:00Z,32.6,76,27.8,1010.9,0.45,2.24,112,0.2,0.0,584,6.2
2026-06-28T04:40:00Z,32.4,77,27.8,1010.9,0.45,2.24,247,0.2,0.0,551,5.9
2026-06-28T04:50:00Z,32.6,78,28.3,1010.8,0.45,1.79,202,0.2,0.0,620,6.3
2026-06-28T05:00:00Z,32.6,77,28.0,1010.7,0.45,3.13,202,0.2,0.0,653,6.3
2026-06-28T05:10:00Z,32.4,78,28.1,1010.7,0.89,3.13,202,0.2,0.0,568,5.6
2026-06-28T05:20:00Z,32.2,79,28.1,1010.7,0.89,3.13,157,0.2,0.0,484,4.8
2026-06-28T05:30:00Z,32.3,78,28.0,1010.6,0.45,3.13,135,0.2,0.0,567,5.3
2026-06-28T05:40:00Z,32.4,78,28.1,1010.5,0.45,2.68,157,0.2,0.0,521,4.9
2026-06-28T05:50:00Z,32.4,78,28.1,1010.4,0.45,2.24,157,0.2,0.0,522,4.8
2026-06-28T06:00:00Z,32.6,79,28.5,1010.2,0.45,1.79,157,0.2,0.0,532,4.8
2026-06-28T06:10:00Z,32.6,78,28.3,1010.1,0.45,2.24,157,0.2,0.0,509,4.5
2026-06-28T06:20:00Z,32.6,77,28.0,1010.0,0.45,2.24,225,0.2,0.0,439,3.9
2026-06-28T06:30:00Z,32.4,78,28.1,1009.9,0.45,2.68,180,0.2,0.0,458,3.8
2026-06-28T06:40:00Z,32.4,78,28.1,1009.8,0.45,2.24,180,0.2,0.0,535,4.0
2026-06-28T06:50:00Z,32.6,79,28.5,1009.8,0.45,2.68,180,0.2,0.0,632,4.2
2026-06-28T07:00:00Z,32.6,78,28.3,1009.7,0.89,2.68,202,0.2,0.0,624,4.0
2026-06-28T07:10:00Z,32.6,79,28.5,1009.7,0.89,3.58,135,0.2,0.0,634,4.1
2026-06-28T07:20:00Z,32.5,77,27.9,1009.6,0.89,3.13,157,0.2,0.0,534,3.4
2026-06-28T07:30:00Z,32.4,79,28.3,1009.6,0.89,2.24,135,0.2,0.0,426,2.6
2026-06-28T07:40:00Z,32.2,79,28.1,1009.5,0.89,2.24,135,0.2,0.0,353,2.2
2026-06-28T07:50:00Z,31.9,78,27.6,1009.4,0.45,1.79,135,0.2,0.0,334,2.1
2026-06-28T08:00:00Z,31.7,77,27.2,1009.5,0.89,3.13,135,0.2,0.0,271,1.7
2026-06-28T08:10:00Z,31.6,77,27.1,1009.6,0.45,1.79,135,0.2,0.0,250,1.5
2026-06-28T08:20:00Z,31.7,78,27.4,1009.3,0.45,1.79,225,0.2,0.0,236,1.3
2026-06-28T08:30:00Z,31.7,79,27.6,1009.2,0.45,2.24,225,0.2,0.0,277,1.3
2026-06-28T08:40:00Z,31.8,78,27.5,1009.3,0.45,2.24,225,0.2,0.0,349,1.2
2026-06-28T08:50:00Z,32.1,78,27.8,1009.3,0.45,2.68,225,0.2,0.0,489,1.1
2026-06-28T09:00:00Z,32.1,78,27.8,1009.2,0.89,3.13,180,0.2,0.0,413,0.9
2026-06-28T09:10:00Z,32.0,79,27.9,1009.3,0.89,4.02,157,0.2,0.0,289,0.6
2026-06-28T09:20:00Z,31.8,80,27.9,1009.3,0.45,2.24,157,0.2,0.0,207,0.2
2026-06-28T09:30:00Z,31.4,79,27.3,1009.4,1.79,3.13,157,0.2,0.0,282,0.0
2026-06-28T09:40:00Z,31.2,80,27.3,1009.4,1.34,3.13,157,0.2,0.0,145,0.0
2026-06-28T09:50:00Z,30.8,81,27.2,1009.7,1.79,4.47,157,0.2,0.0,66,0.0
2026-06-28T10:00:00Z,30.6,82,27.2,1009.7,1.34,3.13,157,0.2,0.0,45,0.0
2026-06-28T10:10:00Z,30.3,83,27.1,1009.8,1.34,3.58,135,0.2,0.0,30,0.0
2026-06-28T10:20:00Z,30.1,83,26.9,1009.9,1.34,3.13,157,0.2,0.0,20,0.0
2026-06-28T10:30:00Z,29.9,84,26.9,1010.1,1.34,3.13,157,0.2,0.0,11,0.0
2026-06-28T10:40:00Z,29.9,84,26.9,1010.3,0.45,2.68,157,0.2,0.0,1,0.0
2026-06-28T10:50:00Z,29.8,84,26.8,1010.5,0.45,1.79,157,0.2,0.0,0,0.0
2026-06-28T11:00:00Z,29.7,84,26.7,1010.7,0.89,2.68,157,0.2,0.0,0,0.0
2026-06-28T11:10:00Z,29.7,85,26.9,1010.7,0.45,2.68,157,0.2,0.0,0,0.0
2026-06-28T11:20:00Z,29.6,85,26.8,1010.7,0.45,2.68,157,0.2,0.0,0,0.0
2026-06-28T11:30:00Z,29.6,85,26.8,1011.0,0.45,2.68,157,0.2,0.0,0,0.0
2026-06-28T11:40:00Z,29.4,86,26.8,1011.1,0.45,3.13,157,0.2,0.0,0,0.0
2026-06-28T11:50:00Z,29.4,86,26.8,1011.2,0.45,2.24,135,0.2,0.0,0,0.0
2026-06-28T12:00:00Z,29.3,86,26.7,1011.2,0.0,1.79,135,0.2,0.0,0,0.0
2026-06-28T12:10:00Z,29.3,86,26.7,1011.1,0.45,2.24,135,0.2,0.0,0,0.0
2026-06-28T12:20:00Z,29.3,86,26.7,1011.3,0.0,0.89,135,0.2,0.0,0,0.0
2026-06-28T12:30:00Z,29.2,86,26.6,1011.4,0.0,1.79,135,0.2,0.0,0,0.0
2026-06-28T12:40:00Z,29.2,86,26.6,1011.4,0.45,1.79,135,0.2,0.0,0,0.0
2026-06-28T12:50:00Z,29.1,86,26.5,1011.5,0.45,2.24,135,0.2,0.0,0,0.0
2026-06-28T13:00:00Z,29.1,86,26.5,1011.7,0.89,2.68,157,0.2,0.0,0,0.0
2026-06-28T13:10:00Z,29.2,86,26.6,1011.7,0.45,3.58,157,0.2,0.0,0,0.0
2026-06-28T13:20:00Z,29.1,86,26.5,1011.7,0.45,1.79,157,0.2,0.0,0,0.0
2026-06-28T13:30:00Z,29.1,86,26.5,1011.6,0.45,2.68,157,0.2,0.0,0,0.0
2026-06-28T13:40:00Z,29.1,86,26.5,1011.7,0.89,3.13,157,0.2,0.0,0,0.0
2026-06-28T13:50:00Z,29.1,86,26.5,1011.9,0.89,3.13,157,0.2,0.0,0,0.0
2026-06-28T14:00:00Z,29.1,86,26.5,1011.9,0.45,2.68,157,0.2,0.0,0,0.0
2026-06-28T14:10:00Z,28.9,86,26.3,1012.0,0.45,1.34,157,0.2,0.0,0,0.0
2026-06-28T14:20:00Z,28.8,86,26.2,1012.0,0.45,1.79,157,0.2,0.0,0,0.0
2026-06-28T14:30:00Z,28.8,86,26.2,1012.0,0.45,2.68,157,0.2,0.0,0,0.0
2026-06-28T14:40:00Z,28.7,87,26.3,1012.0,0.0,1.34,157,0.2,0.0,0,0.0
2026-06-28T14:50:00Z,28.6,87,26.2,1011.9,0.0,0.89,157,0.2,0.0,0,0.0
2026-06-28T15:00:00Z,28.4,87,26.0,1012.0,0.0,1.34,157,0.2,0.0,0,0.0
2026-06-28T15:10:00Z,28.5,87,26.1,1011.9,0.45,2.24,157,0.2,0.0,0,0.0
2026-06-28T15:20:00Z,28.5,87,26.1,1011.9,0.0,2.24,157,0.2,0.0,0,0.0
2026-06-28T15:30:00Z,28.4,87,26.0,1011.8,0.0,0.89,157,0.2,0.0,0,0.0
2026-06-28T15:40:00Z,28.4,87,26.0,1011.9,0.0,0.45,157,0.2,0.0,0,0.0
2026-06-28T15:50:00Z,28.3,87,25.9,1011.8,0.0,1.34,157,0.2,0.0,0,0.0
2026-06-28T16:00:00Z,28.3,87,25.9,1011.9,0.45,2.24,157,0.0,0.0,0,0.0
2026-06-28T16:10:00Z,28.3,87,25.9,1011.9,0.45,2.24,157,0.0,0.0,0,0.0
2026-06-28T16:20:00Z,28.3,87,25.9,1011.9,0.45,1.34,157,0.0,0.0,0,0.0
2026-06-28T16:30:00Z,28.2,87,25.8,1011.8,0.45,1.79,157,0.0,0.0,0,0.0
2026-06-28T16:40:00Z,28.2,87,25.8,1011.8,0.0,0.89,157,0.0,0.0,0,0.0
2026-06-28T16:50:00Z,28.3,87,25.9,1011.8,0.0,1.34,157,0.0,0.0,0,0.0
2026-06-28T17:00:00Z,28.3,87,25.9,1011.7,0.0,1.34,157,0.0,0.0,0,0.0
2026-06-28T17:10:00Z,28.3,87,25.9,1011.6,0.45,1.79,157,0.0,0.0,0,0.0
2026-06-28T17:20:00Z,28.3,87,25.9,1011.4,0.0,1.34,157,0.0,0.0,0,0.0
2026-06-28T17:30:00Z,28.3,87,25.9,1011.2,0.0,0.45,157,0.0,0.0,0,0.0
2026-06-28T17:40:00Z,28.2,87,25.8,1011.1,0.0,0.0,,0.0,0.0,0,0.0
2026-06-28T17:50:00Z,28.1,87,25.7,1010.9,0.0,1.79,157,0.0,0.0,0,0.0
2026-06-28T18:00:00Z,28.1,87,25.7,1011.0,0.45,2.68,157,0.0,0.0,0,0.0
2026-06-28T18:10:00Z,28.0,88,25.8,1011.0,0.45,1.79,157,0.0,0.0,0,0.0
2026-06-28T18:20:00Z,28.0,88,25.8,1010.9,0.0,1.34,157,0.0,0.0,0,0.0
2026-06-28T18:30:00Z,28.0,88,25.8,1011.0,0.45,1.79,157,0.0,0.0,0,0.0
2026-06-28T18:40:00Z,28.0,88,25.8,1011.0,0.0,1.34,157,0.0,0.0,0,0.0
2026-06-28T18:50:00Z,28.1,88,25.9,1011.0,0.0,1.34,157,0.0,0.0,0,0.0
2026-06-28T19:00:00Z,28.0,88,25.8,1011.0,0.0,1.34,157,0.0,0.0,0,0.0
2026-06-28T19:10:00Z,28.1,88,25.9,1010.9,0.45,2.24,157,0.0,0.0,0,0.0
2026-06-28T19:20:00Z,28.1,88,25.9,1010.9,0.0,0.89,157,0.0,0.0,0,0.0
2026-06-28T19:30:00Z,28.1,87,25.7,1011.0,0.45,3.13,157,0.0,0.0,0,0.0
2026-06-28T19:40:00Z,28.1,87,25.7,1011.0,0.45,2.68,157,0.0,0.0,0,0.0
2026-06-28T19:50:00Z,28.2,87,25.8,1010.8,0.45,1.79,157,0.0,0.0,0,0.0
2026-06-28T20:00:00Z,28.0,87,25.6,1010.8,0.0,1.34,157,0.0,0.0,0,0.0
2026-06-28T20:10:00Z,27.9,87,25.5,1011.0,0.45,1.79,157,0.0,0.0,0,0.0
2026-06-28T20:20:00Z,27.8,87,25.4,1011.0,0.45,1.79,157,0.0,0.0,0,0.0
2026-06-28T20:30:00Z,27.8,88,25.6,1011.0,0.45,2.68,157,0.0,0.0,0,0.0
2026-06-28T20:40:00Z,27.8,88,25.6,1011.1,0.0,1.79,157,0.0,0.0,0,0.0
2026-06-28T20:50:00Z,27.7,88,25.5,1011.3,0.45,2.24,157,0.0,0.0,0,0.0
2026-06-28T21:00:00Z,27.7,88,25.5,1011.1,0.89,3.13,135,0.0,0.0,0,0.0
2026-06-28T21:10:00Z,27.6,88,25.4,1011.1,0.89,4.02,90,0.0,0.0,0,0.0
2026-06-28T21:20:00Z,27.6,87,25.2,1010.9,0.89,4.92,135,0.0,0.0,8,0.0
2026-06-28T21:30:00Z,27.5,87,25.1,1011.0,0.89,3.13,157,0.0,0.0,29,0.0
2026-06-28T21:40:00Z,27.6,86,25.0,1011.1,0.89,4.02,157,0.0,0.0,37,0.0
2026-06-28T21:50:00Z,27.8,86,25.2,1011.4,1.34,4.47,67,0.0,0.0,42,0.0
2026-06-28T22:00:00Z,27.9,86,25.3,1011.3,1.34,5.81,67,0.0,0.0,48,0.0
2026-06-28T22:10:00Z,28.2,86,25.6,1011.5,1.34,4.47,157,0.0,0.0,76,0.0
2026-06-28T22:20:00Z,28.4,85,25.6,1011.5,1.34,4.02,90,0.0,0.0,106,0.0
2026-06-28T22:30:00Z,28.8,85,26.0,1011.8,1.34,4.02,135,0.0,0.0,126,0.0
2026-06-28T22:40:00Z,29.1,84,26.1,1012.0,1.34,4.47,112,0.0,0.0,82,0.0
2026-06-28T22:50:00Z,29.4,83,26.2,1012.1,1.79,5.81,157,0.0,0.0,61,0.5
2026-06-28T23:00:00Z,29.7,82,26.3,1012.0,1.34,4.92,90,0.0,0.0,53,0.2
2026-06-28T23:10:00Z,30.1,82,26.7,1012.1,1.34,4.47,135,0.0,0.0,57,0.8
2026-06-28T23:20:00Z,30.2,82,26.8,1012.2,1.34,5.36,135,0.0,0.0,57,0.7
2026-06-28T23:30:00Z,30.0,81,26.4,1012.2,0.89,4.92,67,0.0,0.0,60,0.5
2026-06-28T23:40:00Z,30.2,81,26.6,1012.2,1.34,5.36,135,0.0,0.0,67,1.4
2026-06-28T23:50:00Z,30.4,81,26.8,1012.0,1.34,4.92,157,0.0,0.0,71,1.7
2026-06-29T00:00:00Z,30.8,80,26.9,1012.0,1.34,4.92,157,0.0,0.0,76,2.0
2026-06-29T00:10:00Z,31.0,80,27.1,1011.9,1.79,6.71,112,0.0,0.0,81,2.3
2026-06-29T00:20:00Z,31.1,79,27.0,1012.1,1.79,6.71,67,0.0,0.0,99,2.7
2026-06-29T00:30:00Z,31.2,79,27.1,1012.5,2.24,4.92,157,0.0,0.0,177,3.1
2026-06-29T00:40:00Z,31.1,79,27.0,1012.8,2.68,7.15,157,0.0,0.0,234,2.9
2026-06-29T00:50:00Z,30.5,80,26.7,1012.7,2.68,6.71,157,0.0,0.0,159,2.0
2026-06-29T01:00:00Z,30.5,82,27.1,1012.7,1.79,6.26,157,0.0,0.0,205,3.4
2026-06-29T01:10:00Z,30.8,81,27.2,1013.0,2.24,7.6,157,0.0,0.0,179,4.0
2026-06-29T01:20:00Z,30.4,81,26.8,1013.3,1.79,6.71,157,0.0,0.0,174,1.9
2026-06-29T01:30:00Z,30.4,82,27.0,1013.2,1.34,4.92,157,0.0,0.0,288,2.8
2026-06-29T01:40:00Z,30.7,82,27.3,1013.3,1.79,8.94,157,0.0,0.0,353,4.4
2026-06-29T01:50:00Z,30.9,79,26.8,1013.6,2.24,7.15,157,0.0,0.0,317,3.9
2026-06-29T02:00:00Z,28.8,82,25.4,1014.0,2.24,6.71,135,5.0,121.2,40,0.1
2026-06-29T02:10:00Z,27.3,87,24.9,1013.5,1.79,4.47,135,8.2,55.2,98,1.1
2026-06-29T02:20:00Z,27.2,90,25.4,1013.6,1.34,4.92,135,9.0,16.2,272,3.0
2026-06-29T02:30:00Z,27.2,90,25.4,1013.3,1.34,3.13,157,9.0,1.0,160,1.9
2026-06-29T02:40:00Z,27.3,91,25.7,1013.2,0.89,3.13,135,9.0,0.0,161,2.4
2026-06-29T02:50:00Z,27.7,91,26.1,1013.3,1.34,3.13,135,9.0,0.0,286,3.7
2026-06-29T03:00:00Z,28.1,91,26.5,1013.4,0.45,1.79,112,9.0,0.0,265,3.3
2026-06-29T03:10:00Z,28.3,91,26.7,1013.4,0.89,4.02,135,9.0,0.0,303,3.5
2026-06-29T03:20:00Z,27.3,89,25.3,1013.6,1.34,4.02,67,13.6,134.0,80,1.0
2026-06-29T03:30:00Z,26.9,90,25.1,1013.4,0.89,2.68,157,14.2,20.4,82,1.2
2026-06-29T03:40:00Z,26.9,91,25.3,1013.6,0.45,2.24,247,15.4,29.4,75,0.9
2026-06-29T03:50:00Z,26.3,90,24.5,1013.6,1.79,6.26,135,19.4,43.8,79,1.1
2026-06-29T04:00:00Z,25.8,91,24.2,1013.3,1.34,5.36,112,20.0,16.2,97,1.5
2026-06-29T04:10:00Z,25.7,91,24.1,1013.0,1.34,5.36,112,20.0,1.0,88,1.3
2026-06-29T04:20:00Z,25.7,91,24.1,1012.7,0.89,4.47,135,20.0,0.0,101,1.4
2026-06-29T04:30:00Z,26.2,92,24.8,1012.5,0.89,1.79,135,20.0,0.0,120,1.6
2026-06-29T04:40:00Z,26.7,92,25.3,1012.4,0.89,2.24,135,20.0,0.0,176,2.4
2026-06-29T04:50:00Z,26.8,92,25.4,1012.3,0.89,4.02,135,20.0,0.0,252,3.2
2026-06-29T05:00:00Z,27.2,92,25.8,1012.3,1.34,4.02,90,20.0,0.0,293,3.5
2026-06-29T05:10:00Z,27.4,92,26.0,1012.3,0.89,3.58,90,20.0,0.0,217,2.6
2026-06-29T05:20:00Z,28.1,92,26.7,1012.3,0.45,2.24,90,20.0,0.0,604,6.2
2026-06-29T05:30:00Z,27.8,89,25.8,1012.4,1.79,4.47,157,20.0,0.0,212,2.5
2026-06-29T05:40:00Z,27.3,87,24.9,1012.6,2.24,7.15,135,20.2,0.0,115,1.3
2026-06-29T05:50:00Z,26.9,88,24.7,1012.2,0.89,3.58,135,20.4,6.4,140,1.7
2026-06-29T06:00:00Z,26.8,88,24.6,1012.1,0.89,5.36,67,20.4,0.0,186,2.2
2026-06-29T06:10:00Z,26.8,89,24.8,1012.1,1.34,3.58,112,20.4,0.0,263,2.8
2026-06-29T06:20:00Z,27.1,89,25.1,1011.9,1.34,3.58,67,20.4,0.0,286,2.9
2026-06-29T06:30:00Z,27.4,89,25.4,1011.8,0.89,4.02,135,20.4,0.0,322,3.2
2026-06-29T06:40:00Z,27.6,88,25.4,1011.8,1.34,3.58,157,20.4,0.0,363,3.5
2026-06-29T06:50:00Z,28.2,88,26.0,1011.7,0.89,3.58,112,20.4,0.0,732,4.7
2026-06-29T07:00:00Z,28.3,88,26.1,1011.7,0.89,4.47,112,20.4,0.0,325,3.3
2026-06-29T07:10:00Z,28.6,87,26.2,1011.7,0.89,3.13,157,20.4,0.0,349,3.7
2026-06-29T07:20:00Z,29.2,87,26.8,1011.7,1.34,4.02,157,20.4,0.0,656,3.8
2026-06-29T07:30:00Z,29.7,85,26.9,1011.6,0.89,2.68,135,20.4,0.0,683,3.7
2026-06-29T07:40:00Z,30.1,83,26.9,1011.6,1.34,4.02,112,20.4,0.0,666,3.4
2026-06-29T07:50:00Z,30.4,82,27.0,1011.6,0.89,2.68,135,20.4,0.0,645,3.0
2026-06-29T08:00:00Z,30.5,81,26.9,1011.7,0.89,4.02,112,20.4,0.0,641,2.5
2026-06-29T08:10:00Z,30.6,81,27.0,1011.5,1.34,4.47,157,20.4,0.0,579,2.3
2026-06-29T08:20:00Z,30.6,81,27.0,1011.7,0.89,3.58,67,20.4,0.0,545,2.0
2026-06-29T08:30:00Z,30.4,80,26.6,1011.6,1.79,4.02,157,20.4,0.0,404,1.5
2026-06-29T08:40:00Z,30.4,81,26.8,1011.6,1.34,4.02,157,20.4,0.0,311,1.2
2026-06-29T08:50:00Z,30.2,82,26.8,1011.8,1.34,3.58,135,20.4,0.0,175,0.8
2026-06-29T09:00:00Z,30.0,82,26.6,1011.8,1.34,4.02,157,20.4,0.0,238,0.7
2026-06-29T09:10:00Z,29.8,82,26.4,1012.0,1.34,3.58,112,20.4,0.0,174,0.5
2026-06-29T09:20:00Z,29.6,83,26.4,1012.1,0.89,3.13,157,20.4,0.0,108,0.0
2026-06-29T09:30:00Z,29.3,83,26.1,1012.2,0.89,2.24,135,20.4,0.0,92,0.0
2026-06-29T09:40:00Z,29.1,84,26.1,1012.0,1.34,4.47,157,20.4,0.0,82,0.0
2026-06-29T09:50:00Z,28.9,84,25.9,1012.1,0.89,3.58,67,20.4,0.0,68,0.0
2026-06-29T10:00:00Z,28.9,84,25.9,1012.1,0.89,2.68,180,20.4,0.0,48,0.0
2026-06-29T10:10:00Z,28.8,84,25.8,1012.2,0.89,4.47,90,20.4,0.0,27,0.0
2026-06-29T10:20:00Z,28.7,85,25.9,1012.2,0.89,3.13,135,20.4,0.0,31,0.0
2026-06-29T10:30:00Z,28.6,85,25.8,1012.3,0.89,3.58,135,20.4,0.0,16,0.0
2026-06-29T10:40:00Z,28.4,85,25.6,1012.4,0.89,4.47,135,20.4,0.0,3,0.0
2026-06-29T10:50:00Z,28.3,86,25.7,1012.6,1.34,3.58,135,20.4,0.0,0,0.0
2026-06-29T11:00:00Z,28.3,86,25.7,1012.7,0.89,3.58,135,20.4,0.0,0,0.0
2026-06-29T11:10:00Z,28.2,86,25.6,1012.7,0.89,4.02,157,20.4,0.0,0,0.0
2026-06-29T11:20:00Z,28.1,86,25.5,1012.7,0.89,2.24,135,20.4,0.0,0,0.0
2026-06-29T11:30:00Z,28.1,87,25.7,1012.6,0.89,2.68,157,20.4,0.0,0,0.0
2026-06-29T11:40:00Z,28.0,87,25.6,1012.6,0.89,3.58,90,20.4,0.0,0,0.0
2026-06-29T11:50:00Z,28.0,87,25.6,1012.8,1.79,4.02,67,20.4,0.0,0,0.0
2026-06-29T12:00:00Z,27.9,87,25.5,1012.8,1.34,5.36,135,20.4,0.0,0,0.0
2026-06-29T12:10:00Z,27.9,87,25.5,1012.9,1.34,4.47,135,20.4,0.0,0,0.0
2026-06-29T12:20:00Z,27.8,87,25.4,1012.8,1.34,4.47,157,20.4,0.0,0,0.0
2026-06-29T12:30:00Z,27.9,87,25.5,1013.1,0.89,4.47,157,20.4,0.0,0,0.0
2026-06-29T12:40:00Z,27.9,87,25.5,1013.1,1.34,4.02,157,20.4,0.0,0,0.0
2026-06-29T12:50:00Z,27.9,87,25.5,1013.0,1.79,5.81,157,20.4,0.0,0,0.0
2026-06-29T13:00:00Z,27.9,87,25.5,1013.1,1.34,4.92,157,20.4,0.0,0,0.0
2026-06-29T13:10:00Z,27.9,87,25.5,1013.3,1.34,4.47,90,20.4,0.0,0,0.0
2026-06-29T13:20:00Z,27.8,87,25.4,1013.6,1.34,3.58,157,20.4,0.0,0,0.0
2026-06-29T13:30:00Z,27.8,86,25.2,1013.7,1.79,4.92,157,20.4,0.0,0,0.0
2026-06-29T13:40:00Z,27.9,86,25.3,1013.8,1.34,5.36,135,20.4,0.0,0,0.0
2026-06-29T13:50:00Z,27.9,86,25.3,1013.9,1.79,5.81,157,20.4,0.0,0,0.0
2026-06-29T14:00:00Z,27.9,86,25.3,1013.9,1.79,4.47,135,20.4,0.0,0,0.0
2026-06-29T14:10:00Z,28.1,85,25.3,1014.2,2.24,4.92,157,20.4,0.0,0,0.0
2026-06-29T14:20:00Z,28.1,85,25.3,1014.2,1.79,5.81,135,20.4,0.0,0,0.0
2026-06-29T14:30:00Z,28.1,85,25.3,1014.2,1.79,5.36,157,20.4,0.0,0,0.0
2026-06-29T14:40:00Z,28.1,85,25.3,1014.2,1.79,4.92,157,20.4,0.0,0,0.0
2026-06-29T14:50:00Z,28.1,85,25.3,1014.1,1.34,4.47,157,20.4,0.0,0,0.0
2026-06-29T15:00:00Z,27.9,85,25.1,1014.1,0.89,4.02,135,20.4,0.0,0,0.0
2026-06-29T15:10:00Z,27.8,85,25.0,1014.0,0.89,3.58,112,20.4,0.0,0,0.0
2026-06-29T15:20:00Z,27.8,85,25.0,1014.1,1.79,4.92,135,20.4,0.0,0,0.0
2026-06-29T15:30:00Z,27.7,86,25.1,1014.1,1.34,4.92,157,20.4,0.0,0,0.0
2026-06-29T15:40:00Z,27.7,86,25.1,1014.0,1.34,4.47,157,20.4,0.0,0,0.0
2026-06-29T15:50:00Z,27.7,86,25.1,1013.9,1.34,4.02,157,20.4,0.0,0,0.0
2026-06-29T16:00:00Z,27.7,86,25.1,1013.9,1.34,4.02,135,0.0,0.0,0,0.0
2026-06-29T16:10:00Z,27.6,86,25.0,1013.9,1.34,5.36,90,0.0,0.0,0,0.0
2026-06-29T16:20:00Z,27.6,86,25.0,1013.9,0.89,4.02,157,0.0,0.0,0,0.0
2026-06-29T16:30:00Z,27.5,86,24.9,1013.7,1.34,4.02,157,0.0,0.0,0,0.0
2026-06-29T16:40:00Z,27.4,86,24.8,1013.5,0.89,3.58,157,0.0,0.0,0,0.0
2026-06-29T16:50:00Z,27.4,85,24.7,1013.3,1.34,4.47,135,0.0,0.0,0,0.0
2026-06-29T17:00:00Z,27.4,85,24.7,1013.3,1.79,4.92,157,0.0,0.0,0,0.0
2026-06-29T17:10:00Z,27.6,84,24.6,1013.2,1.34,4.02,157,0.0,0.0,0,0.0
2026-06-29T17:20:00Z,27.6,84,24.6,1013.1,1.79,5.81,135,0.0,0.0,0,0.0
2026-06-29T17:30:00Z,27.4,85,24.7,1013.0,1.79,4.92,157,0.0,0.0,0,0.0
2026-06-29T17:40:00Z,27.4,85,24.7,1013.1,1.34,4.02,135,0.0,0.0,0,0.0
2026-06-29T17:50:00Z,27.3,85,24.6,1012.9,1.34,4.47,135,0.0,0.0,0,0.0
2026-06-29T18:00:00Z,27.3,85,24.6,1012.6,1.34,4.47,112,0.0,0.0,0,0.0
2026-06-29T18:10:00Z,27.3,85,24.6,1012.5,1.79,4.02,157,0.0,0.0,0,0.0
2026-06-29T18:20:00Z,27.2,86,24.7,1012.5,1.79,4.02,157,0.0,0.0,0,0.0
2026-06-29T18:30:00Z,27.2,86,24.7,1012.5,1.79,5.36,135,0.0,0.0,0,0.0
2026-06-29T18:40:00Z,27.2,86,24.7,1012.3,1.34,4.02,135,0.0,0.0,0,0.0
2026-06-29T18:50:00Z,27.2,85,24.5,1012.3,1.79,5.36,90,0.0,0.0,0,0.0
2026-06-29T19:00:00Z,27.2,85,24.5,1012.2,1.79,4.92,157,0.0,0.0,0,0.0
2026-06-29T19:10:00Z,27.2,85,24.5,1012.0,1.34,4.02,157,0.0,0.0,0,0.0
2026-06-29T19:20:00Z,27.1,86,24.6,1012.0,1.79,4.47,157,0.0,0.0,0,0.0
2026-06-29T19:30:00Z,27.2,86,24.7,1011.9,1.34,5.36,157,0.0,0.0,0,0.0
2026-06-29T19:40:00Z,27.2,86,24.7,1011.8,1.34,4.02,157,0.0,0.0,0,0.0
2026-06-29T19:50:00Z,27.2,86,24.7,1011.7,1.79,4.92,157,0.0,0.0,0,0.0
2026-06-29T20:00:00Z,27.2,86,24.7,1011.6,1.79,4.92,157,0.0,0.0,0,0.0
2026-06-29T20:10:00Z,27.2,86,24.7,1011.5,1.79,4.02,157,0.0,0.0,0,0.0
2026-06-29T20:20:00Z,27.3,86,24.7,1011.5,1.79,5.36,157,0.0,0.0,0,0.0
2026-06-29T20:30:00Z,27.4,86,24.8,1011.3,1.79,4.92,157,0.0,0.0,0,0.0
2026-06-29T20:40:00Z,27.4,86,24.8,1011.3,1.79,5.36,157,0.0,0.0,0,0.0
2026-06-29T20:50:00Z,27.4,86,24.8,1011.1,2.24,5.81,135,0.0,0.0,0,0.0
2026-06-29T21:00:00Z,27.5,85,24.7,1011.0,2.24,7.15,112,0.0,0.0,0,0.0
2026-06-29T21:10:00Z,27.6,85,24.8,1011.0,2.24,7.15,157,0.0,0.0,0,0.0
2026-06-29T21:20:00Z,27.6,85,24.8,1011.0,2.68,7.6,157,0.0,0.0,3,0.0
2026-06-29T21:30:00Z,27.7,85,24.9,1011.3,2.68,7.15,135,0.0,0.0,9,0.0
2026-06-29T21:40:00Z,27.6,85,24.8,1011.5,2.24,6.71,157,0.0,0.0,15,0.0
2026-06-29T21:50:00Z,27.5,86,24.9,1011.5,2.24,6.71,157,0.0,0.0,19,0.0
2026-06-29T22:00:00Z,27.6,86,25.0,1011.4,2.68,6.71,112,0.0,0.0,27,0.0
2026-06-29T22:10:00Z,27.8,86,25.2,1011.7,2.68,8.49,157,0.0,0.0,55,0.0
2026-06-29T22:20:00Z,27.9,86,25.3,1011.8,2.24,7.6,90,0.0,0.0,101,0.0
2026-06-29T22:30:00Z,28.3,85,25.5,1011.9,2.24,6.26,112,0.0,0.0,109,0.0
2026-06-29T22:40:00Z,28.6,84,25.6,1012.1,3.13,6.26,135,0.0,0.0,68,0.1
2026-06-29T22:50:00Z,28.9,83,25.7,1012.3,2.68,8.49,90,0.0,0.0,51,0.2
2026-06-29T23:00:00Z,29.2,83,26.0,1012.6,2.24,7.15,112,0.0,0.0,43,0.1
2026-06-29T23:10:00Z,29.4,82,26.0,1012.6,2.24,5.36,157,0.0,0.0,42,0.0
2026-06-29T23:20:00Z,29.7,82,26.3,1012.8,1.79,5.81,157,0.0,0.0,45,0.1
2026-06-29T23:30:00Z,29.8,81,26.2,1012.8,2.24,5.36,112,0.0,0.0,46,0.0
2026-06-29T23:40:00Z,30.1,81,26.5,1012.7,1.79,5.36,90,0.0,0.0,48,0.0
2026-06-29T23:50:00Z,30.2,81,26.6,1012.7,2.24,7.15,67,0.0,0.0,48,0.2
2026-06-30T00:00:00Z,30.4,80,26.6,1012.8,2.24,5.81,67,0.0,0.0,54,0.9
2026-06-30T00:10:00Z,30.7,80,26.8,1012.8,1.79,5.36,157,0.0,0.0,51,0.2
2026-06-30T00:20:00Z,30.8,79,26.7,1012.8,2.24,7.15,112,0.0,0.0,53,0.5
2026-06-30T00:30:00Z,30.9,80,27.0,1012.8,2.24,7.6,157,0.0,0.0,55,1.7
2026-06-30T00:40:00Z,30.9,79,26.8,1012.8,2.24,7.15,112,0.0,0.0,56,1.9
2026-06-30T00:50:00Z,31.2,80,27.3,1012.7,2.24,5.36,90,0.0,0.0,53,0.7
2026-06-30T01:00:00Z,31.2,78,26.9,1012.9,2.24,6.26,157,0.0,0.0,53,0.0
2026-06-30T01:10:00Z,31.4,79,27.3,1012.9,1.79,4.02,157,0.0,0.0,53,0.5
2026-06-30T01:20:00Z,31.7,78,27.4,1012.9,1.79,4.92,135,0.0,0.0,57,4.1
2026-06-30T01:30:00Z,31.7,78,27.4,1012.9,1.79,4.47,157,0.0,0.0,62,5.8
2026-06-30T01:40:00Z,31.9,77,27.4,1012.8,1.79,4.47,135,0.0,0.0,58,6.3
2026-06-30T01:50:00Z,32.1,76,27.3,1012.5,2.24,5.81,135,0.0,0.0,56,1.4
2026-06-30T02:00:00Z,32.1,76,27.3,1012.6,2.24,6.26,135,0.0,0.0,157,7.0
2026-06-30T02:10:00Z,32.1,76,27.3,1012.6,2.68,5.81,157,0.0,0.0,808,7.5
2026-06-30T02:20:00Z,32.3,76,27.5,1012.6,2.24,7.6,135,0.0,0.0,832,7.9
2026-06-30T02:30:00Z,32.3,76,27.5,1012.3,2.68,7.15,67,0.0,0.0,316,8.2
2026-06-30T02:40:00Z,32.4,76,27.6,1012.3,2.24,8.94,67,0.0,0.0,882,8.4
2026-06-30T02:50:00Z,32.4,76,27.6,1012.2,2.68,7.15,157,0.0,0.0,895,8.8
2026-06-30T03:00:00Z,32.4,77,27.8,1012.3,2.68,6.71,135,0.0,0.0,947,9.2
2026-06-30T03:10:00Z,32.3,76,27.5,1012.6,3.13,8.05,157,0.0,0.0,963,9.5
2026-06-30T03:20:00Z,32.3,76,27.5,1012.6,3.13,6.71,157,0.0,0.0,980,9.9
2026-06-30T03:30:00Z,32.4,77,27.8,1012.7,3.13,7.6,157,0.0,0.0,998,10.0
2026-06-30T03:40:00Z,32.5,77,27.9,1012.6,2.68,8.49,157,0.0,0.0,992,10.2
2026-06-30T03:50:00Z,32.4,76,27.6,1012.6,3.13,6.71,157,0.0,0.0,1003,10.3
2026-06-30T04:00:00Z,32.6,76,27.8,1012.6,2.24,6.26,157,0.0,0.0,973,10.2
2026-06-30T04:10:00Z,32.8,77,28.2,1012.6,2.24,7.6,112,0.0,0.0,1010,10.4
2026-06-30T04:20:00Z,32.4,76,27.6,1013.0,2.68,8.49,135,0.0,0.0,998,10.3
2026-06-30T04:30:00Z,32.7,76,27.9,1013.1,2.24,6.26,135,0.0,0.0,1029,10.5
2026-06-30T04:40:00Z,32.8,76,28.0,1013.1,2.24,5.81,157,0.0,0.0,1093,10.5
2026-06-30T04:50:00Z,32.8,76,28.0,1013.2,1.79,5.81,112,0.0,0.0,494,6.9
2026-06-30T05:00:00Z,32.7,77,28.1,1013.2,2.24,5.81,135,0.0,0.0,1027,10.1
2026-06-30T05:10:00Z,32.7,77,28.1,1013.1,2.24,5.81,135,0.0,0.0,1031,10.0
2026-06-30T05:20:00Z,32.3,76,27.5,1013.1,2.24,6.26,135,0.0,0.0,504,6.5
2026-06-30T05:30:00Z,31.6,79,27.5,1013.1,2.24,5.36,112,0.0,0.0,345,5.0
2026-06-30T05:40:00Z,31.3,81,27.6,1013.1,1.79,4.92,157,0.0,0.0,558,5.8
2026-06-30T05:50:00Z,31.6,80,27.7,1013.0,1.79,5.36,157,0.0,0.0,659,7.6
2026-06-30T06:00:00Z,32.2,79,28.1,1013.0,1.34,4.47,112,0.0,0.0,963,8.0
2026-06-30T06:10:00Z,32.3,78,28.0,1012.8,2.24,5.81,157,0.0,0.0,826,7.2
2026-06-30T06:20:00Z,32.5,76,27.7,1012.7,2.24,8.05,135,0.0,0.0,951,6.8
2026-06-30T06:30:00Z,32.7,77,28.1,1012.5,2.24,4.47,157,0.0,0.0,892,6.4
2026-06-30T06:40:00Z,32.9,75,27.9,1012.5,1.79,4.92,67,0.0,0.0,812,6.3
2026-06-30T06:50:00Z,33.2,75,28.2,1012.3,1.34,4.47,135,0.0,0.0,370,5.6
2026-06-30T07:00:00Z,32.8,74,27.6,1012.3,1.79,5.36,135,0.0,0.0,730,5.4
2026-06-30T07:10:00Z,32.7,76,27.9,1012.2,1.79,4.92,157,0.0,0.0,819,4.9
2026-06-30T07:20:00Z,32.5,76,27.7,1012.3,1.79,5.36,112,0.0,0.0,556,3.4
2026-06-30T07:30:00Z,32.4,76,27.6,1012.2,2.24,5.81,135,0.0,0.0,698,3.9
2026-06-30T07:40:00Z,32.3,76,27.5,1012.2,1.79,6.71,157,0.0,0.0,651,3.4
2026-06-30T07:50:00Z,32.4,76,27.6,1012.2,1.79,4.02,67,0.0,0.0,597,3.0
2026-06-30T08:00:00Z,32.3,77,27.7,1012.2,1.79,4.92,157,0.0,0.0,586,2.7
2026-06-30T08:10:00Z,32.1,77,27.6,1012.1,2.24,4.92,135,0.0,0.0,509,2.3
2026-06-30T08:20:00Z,32.0,77,27.5,1012.2,1.79,5.36,157,0.0,0.0,532,2.0
2026-06-30T08:30:00Z,32.0,77,27.5,1012.3,1.79,5.36,157,0.0,0.0,497,1.7
2026-06-30T08:40:00Z,31.8,78,27.5,1012.1,1.34,4.47,45,0.0,0.0,462,1.4
2026-06-30T08:50:00Z,31.7,77,27.2,1012.1,1.79,4.92,135,0.0,0.0,428,1.2
2026-06-30T09:00:00Z,31.6,78,27.3,1012.1,1.79,5.36,157,0.0,0.0,394,0.9
2026-06-30T09:10:00Z,31.4,78,27.1,1012.0,1.34,4.02,135,0.0,0.0,354,0.7
2026-06-30T09:20:00Z,31.3,78,27.0,1011.9,1.79,4.47,157,0.0,0.0,307,0.6
2026-06-30T09:30:00Z,31.1,79,27.0,1012.1,1.79,5.36,135,0.0,0.0,277,0.1
2026-06-30T09:40:00Z,30.9,80,27.0,1012.2,1.79,4.92,157,0.0,0.0,145,0.0
2026-06-30T09:50:00Z,30.5,81,26.9,1012.2,1.34,5.81,157,0.0,0.0,45,0.0
2026-06-30T10:00:00Z,30.2,82,26.8,1012.2,1.79,4.02,157,0.0,0.0,28,0.0
2026-06-30T10:10:00Z,30.0,82,26.6,1012.2,1.34,3.58,157,0.0,0.0,23,0.0
2026-06-30T10:20:00Z,29.8,82,26.4,1012.3,1.34,4.02,157,0.0,0.0,26,0.0
2026-06-30T10:30:00Z,29.7,82,26.3,1012.3,1.79,4.02,157,0.0,0.0,21,0.0
2026-06-30T10:40:00Z,29.6,83,26.4,1012.4,1.34,3.58,135,0.0,0.0,6,0.0
2026-06-30T10:50:00Z,29.5,84,26.5,1012.5,0.89,4.47,90,0.0,0.0,0,0.0
2026-06-30T11:00:00Z,29.3,84,26.3,1012.6,0.89,4.02,135,0.0,0.0,0,0.0
2026-06-30T11:10:00Z,29.2,84,26.2,1012.6,1.34,4.02,157,0.0,0.0,0,0.0
2026-06-30T11:20:00Z,29.2,85,26.4,1012.6,1.34,4.02,135,0.0,0.0,0,0.0
2026-06-30T11:30:00Z,29.1,85,26.3,1012.7,1.34,4.02,135,0.0,0.0,0,0.0
2026-06-30T11:40:00Z,29.1,85,26.3,1012.6,0.89,4.02,157,0.0,0.0,0,0.0
2026-06-30T11:50:00Z,29.1,84,26.1,1012.8,0.89,3.58,90,0.0,0.0,0,0.0
2026-06-30T12:00:00Z,29.1,84,26.1,1013.0,1.34,4.02,157,0.0,0.0,0,0.0
2026-06-30T12:10:00Z,29.1,85,26.3,1012.9,0.89,3.58,157,0.0,0.0,0,0.0
2026-06-30T12:20:00Z,29.0,85,26.2,1013.0,0.89,3.13,90,0.0,0.0,0,0.0
2026-06-30T12:30:00Z,29.1,85,26.3,1013.1,0.89,2.68,112,0.0,0.0,0,0.0
2026-06-30T12:40:00Z,29.1,84,26.1,1013.3,0.89,4.47,157,0.0,0.0,0,0.0
2026-06-30T12:50:00Z,29.1,85,26.3,1013.5,1.34,4.02,157,0.0,0.0,0,0.0
2026-06-30T13:00:00Z,29.0,85,26.2,1013.7,1.34,4.47,157,0.0,0.0,0,0.0
2026-06-30T13:10:00Z,28.9,85,26.1,1013.9,0.89,3.13,135,0.0,0.0,0,0.0
2026-06-30T13:20:00Z,28.9,85,26.1,1013.9,0.89,3.58,157,0.0,0.0,0,0.0
2026-06-30T13:30:00Z,28.9,85,26.1,1013.9,1.34,3.58,135,0.0,0.0,0,0.0
2026-06-30T13:40:00Z,28.8,85,26.0,1014.0,1.34,4.02,135,0.0,0.0,0,0.0
2026-06-30T13:50:00Z,28.8,84,25.8,1014.0,1.34,3.58,157,0.0,0.0,0,0.0
2026-06-30T14:00:00Z,28.8,83,25.6,1014.0,1.34,5.81,157,0.0,0.0,0,0.0
2026-06-30T14:10:00Z,28.8,83,25.6,1013.9,1.34,4.02,157,0.0,0.0,0,0.0
2026-06-30T14:20:00Z,28.8,84,25.8,1013.9,1.34,4.92,157,0.0,0.0,0,0.0
2026-06-30T14:30:00Z,28.8,84,25.8,1013.9,1.34,4.47,157,0.0,0.0,0,0.0
2026-06-30T14:40:00Z,28.9,84,25.9,1013.7,1.34,4.47,157,0.0,0.0,0,0.0
2026-06-30T14:50:00Z,28.9,84,25.9,1013.7,1.79,4.92,135,0.0,0.0,0,0.0
2026-06-30T15:00:00Z,28.8,85,26.0,1013.6,1.34,4.92,157,0.0,0.0,0,0.0
2026-06-30T15:10:00Z,28.7,85,25.9,1013.5,1.34,5.36,135,0.0,0.0,0,0.0
2026-06-30T15:20:00Z,28.7,85,25.9,1013.5,1.79,4.47,135,0.0,0.0,0,0.0
2026-06-30T15:30:00Z,28.7,85,25.9,1013.5,1.79,4.92,157,0.0,0.0,0,0.0
2026-06-30T15:40:00Z,28.6,85,25.8,1013.6,1.34,4.02,135,0.0,0.0,0,0.0
2026-06-30T15:50:00Z,28.3,86,25.7,1013.5,1.34,4.02,157,0.0,0.0,0,0.0
