observed_at_utc,temp_c,humidity_pct,dew_point_c,pressure_hpa,wind_speed_ms,wind_gust_ms,wind_dir_deg,rain_mm,rain_rate_mmhr,solar_wm2,uv_index
2026-06-30T16:00:00Z,28.0,87,25.6,1013.3,1.34,4.02,90,0.0,0.0,0,0.0
2026-06-30T16:10:00Z,27.9,87,25.5,1013.2,1.34,5.36,67,0.0,0.0,0,0.0
2026-06-30T16:20:00Z,27.9,86,25.3,1013.1,1.34,4.92,112,0.0,0.0,0,0.0
2026-06-30T16:30:00Z,27.9,86,25.3,1012.9,1.34,4.02,157,0.0,0.0,0,0.0
2026-06-30T16:40:00Z,28.0,86,25.4,1013.0,1.34,4.02,90,0.0,0.0,0,0.0
2026-06-30T16:50:00Z,28.1,86,25.5,1012.9,1.34,4.47,157,0.0,0.0,0,0.0
2026-06-30T17:00:00Z,28.1,86,25.5,1012.9,1.34,4.47,45,0.0,0.0,0,0.0
2026-06-30T17:10:00Z,28.1,86,25.5,1012.6,0.89,4.02,112,0.0,0.0,0,0.0
2026-06-30T17:20:00Z,28.1,86,25.5,1012.4,1.34,4.02,135,0.0,0.0,0,0.0
2026-06-30T17:30:00Z,28.1,85,25.3,1012.3,1.34,5.36,90,0.0,0.0,0,0.0
2026-06-30T17:40:00Z,28.2,85,25.4,1012.4,1.34,4.47,157,0.0,0.0,0,0.0
2026-06-30T17:50:00Z,28.3,85,25.5,1012.2,1.79,4.02,157,0.0,0.0,0,0.0
2026-06-30T18:00:00Z,28.3,85,25.5,1012.3,1.34,4.92,135,0.0,0.0,0,0.0
2026-06-30T18:10:00Z,28.3,85,25.5,1012.3,1.34,3.58,157,0.0,0.0,0,0.0
2026-06-30T18:20:00Z,28.3,85,25.5,1012.2,0.89,4.47,157,0.0,0.0,0,0.0
2026-06-30T18:30:00Z,28.1,85,25.3,1012.1,1.34,4.47,90,0.0,0.0,0,0.0
2026-06-30T18:40:00Z,27.9,85,25.1,1012.2,0.89,3.13,157,0.0,0.0,0,0.0
2026-06-30T18:50:00Z,28.0,85,25.2,1012.2,1.34,4.02,135,0.0,0.0,0,0.0
2026-06-30T19:00:00Z,28.1,85,25.3,1012.1,0.89,4.47,135,0.0,0.0,0,0.0
2026-06-30T19:10:00Z,28.2,85,25.4,1012.2,1.34,4.02,112,0.0,0.0,0,0.0
2026-06-30T19:20:00Z,28.3,85,25.5,1012.3,1.34,4.92,90,0.0,0.0,0,0.0
2026-06-30T19:30:00Z,28.2,85,25.4,1012.3,0.89,3.13,67,0.0,0.0,0,0.0
2026-06-30T19:40:00Z,28.1,85,25.3,1012.4,0.45,2.24,135,0.0,0.0,0,0.0
2026-06-30T19:50:00Z,27.9,86,25.3,1012.3,0.45,2.68,135,0.0,0.0,0,0.0
2026-06-30T20:00:00Z,27.7,86,25.1,1012.4,0.45,3.13,112,0.0,0.0,0,0.0
2026-06-30T20:10:00Z,27.6,87,25.2,1012.3,0.45,3.13,112,0.0,0.0,0,0.0
2026-06-30T20:20:00Z,27.5,87,25.1,1012.4,0.45,2.68,67,0.0,0.0,0,0.0
2026-06-30T20:30:00Z,27.6,87,25.2,1012.6,0.89,2.68,157,0.0,0.0,0,0.0
2026-06-30T20:40:00Z,27.4,88,25.2,1012.6,0.89,3.58,135,2.6,36.2,0,0.0
2026-06-30T20:50:00Z,26.9,89,24.9,1012.8,0.89,2.68,135,6.8,55.6,0,0.0
2026-06-30T21:00:00Z,26.7,90,24.9,1012.4,0.45,1.79,67,12.4,66.6,0,0.0
2026-06-30T21:10:00Z,26.4,91,24.8,1012.4,0.89,1.79,90,12.4,1.0,1,0.0
2026-06-30T21:20:00Z,26.4,91,24.8,1012.2,0.45,2.68,90,12.4,0.0,5,0.0
2026-06-30T21:30:00Z,26.4,91,24.8,1012.2,0.89,3.13,112,12.4,0.0,9,0.0
2026-06-30T21:40:00Z,26.4,92,25.0,1012.2,0.89,3.58,67,12.4,0.0,13,0.0
2026-06-30T21:50:00Z,26.4,92,25.0,1012.2,0.45,1.79,157,12.6,0.0,20,0.0
2026-06-30T22:00:00Z,26.4,92,25.0,1012.2,1.34,4.47,112,12.6,0.0,18,0.0
2026-06-30T22:10:00Z,26.3,92,24.9,1012.1,1.79,4.92,157,12.8,0.0,24,0.0
2026-06-30T22:20:00Z,25.9,92,24.5,1012.4,1.34,4.92,157,13.0,0.8,33,0.0
2026-06-30T22:30:00Z,26.1,92,24.7,1012.6,1.34,4.47,157,13.0,0.8,111,0.0
2026-06-30T22:40:00Z,26.5,92,25.1,1012.4,1.34,4.92,90,13.0,0.0,69,0.0
2026-06-30T22:50:00Z,27.1,91,25.5,1012.5,0.89,4.02,135,13.0,0.0,45,0.1
2026-06-30T23:00:00Z,27.6,90,25.8,1012.7,1.34,4.02,157,13.0,0.0,43,0.0
2026-06-30T23:10:00Z,28.0,89,26.0,1012.7,1.34,4.02,135,13.0,0.0,43,0.0
2026-06-30T23:20:00Z,28.4,88,26.2,1012.8,1.34,3.58,157,13.0,0.0,42,0.0
2026-06-30T23:30:00Z,28.8,87,26.4,1012.9,1.34,4.92,67,13.0,0.0,45,0.0
2026-06-30T23:40:00Z,28.8,86,26.2,1013.0,1.34,4.47,90,13.0,0.0,62,1.0
2026-06-30T23:50:00Z,28.9,85,26.1,1013.0,1.34,5.36,112,13.0,0.0,54,0.8
2026-07-01T00:00:00Z,28.6,85,25.8,1013.3,1.34,4.47,157,13.0,0.0,63,0.8
2026-07-01T00:10:00Z,28.4,88,26.2,1013.3,1.34,6.71,135,13.2,0.0,119,1.6
2026-07-01T00:20:00Z,28.5,88,26.3,1013.3,1.79,4.92,157,13.2,0.0,75,2.1
2026-07-01T00:30:00Z,28.9,87,26.5,1013.2,1.79,5.81,112,13.2,0.0,55,1.3
2026-07-01T00:40:00Z,29.3,86,26.7,1013.3,1.79,4.02,67,13.2,0.0,63,3.1
2026-07-01T00:50:00Z,29.5,85,26.7,1013.1,1.79,5.81,135,13.2,0.0,69,3.7
2026-07-01T01:00:00Z,29.8,84,26.8,1013.1,1.34,4.02,67,13.2,0.0,63,3.9
2026-07-01T01:10:00Z,29.9,83,26.7,1013.1,1.79,6.26,157,13.4,0.0,69,4.7
2026-07-01T01:20:00Z,30.0,82,26.6,1013.0,1.79,5.36,90,13.4,0.0,97,4.6
2026-07-01T01:30:00Z,29.9,83,26.7,1012.8,1.79,5.36,157,13.4,0.0,107,4.7
2026-07-01T01:40:00Z,30.3,82,26.9,1012.9,1.79,7.15,157,13.4,0.0,81,6.0
2026-07-01T01:50:00Z,30.7,80,26.8,1013.0,2.24,7.6,157,13.4,0.0,83,6.5
2026-07-01T02:00:00Z,30.7,79,26.6,1013.0,2.24,8.94,157,13.4,0.0,142,6.6
2026-07-01T02:10:00Z,30.9,80,27.0,1012.9,2.24,8.05,90,13.4,0.0,714,6.9
2026-07-01T02:20:00Z,31.2,79,27.1,1012.9,2.24,5.81,157,13.4,0.0,869,7.6
2026-07-01T02:30:00Z,31.3,78,27.0,1013.0,2.24,5.81,135,13.4,0.0,691,7.5
2026-07-01T02:40:00Z,31.4,78,27.1,1013.1,2.24,6.26,135,13.4,0.0,934,8.6
2026-07-01T02:50:00Z,31.6,78,27.3,1012.9,2.24,7.6,135,13.4,0.0,889,8.3
2026-07-01T03:00:00Z,31.8,78,27.5,1012.8,1.79,6.71,112,13.4,0.0,1036,9.1
2026-07-01T03:10:00Z,31.7,78,27.4,1012.9,2.24,5.36,157,13.4,0.0,320,7.2
2026-07-01T03:20:00Z,31.4,79,27.3,1013.3,2.68,5.36,157,13.4,0.0,903,8.1
2026-07-01T03:30:00Z,31.6,78,27.3,1013.3,2.24,6.26,157,13.4,0.0,900,9.0
2026-07-01T03:40:00Z,31.9,76,27.1,1013.1,2.68,6.26,157,13.4,0.0,1030,10.1
2026-07-01T03:50:00Z,32.2,77,27.7,1012.9,2.24,6.26,157,13.4,0.0,1046,10.2
2026-07-01T04:00:00Z,32.2,76,27.4,1012.7,2.24,6.71,135,13.4,0.0,1044,9.9
2026-07-01T04:10:00Z,32.3,75,27.3,1012.7,2.24,4.92,157,13.4,0.0,1066,10.1
2026-07-01T04:20:00Z,32.4,77,27.8,1012.8,1.79,5.36,157,13.4,0.0,978,8.4
2026-07-01T04:30:00Z,32.4,76,27.6,1012.8,2.24,5.81,135,13.4,0.0,1090,9.7
2026-07-01T04:40:00Z,32.6,76,27.8,1012.8,1.79,6.26,67,13.4,0.0,1091,10.3
2026-07-01T04:50:00Z,32.6,76,27.8,1012.6,2.24,6.26,135,13.4,0.0,1076,9.4
2026-07-01T05:00:00Z,32.6,75,27.6,1012.5,2.24,5.81,157,13.4,0.0,1056,8.5
2026-07-01T05:10:00Z,32.4,76,27.6,1012.5,2.24,6.71,135,13.4,0.0,1006,9.3
2026-07-01T05:20:00Z,32.4,75,27.4,1012.5,2.24,6.71,135,13.4,0.0,1017,9.1
2026-07-01T05:30:00Z,32.6,75,27.6,1012.5,2.24,6.26,135,13.4,0.0,1050,8.2
2026-07-01T05:40:00Z,32.4,76,27.6,1012.3,2.24,6.71,157,13.4,0.0,1031,8.7
2026-07-01T05:50:00Z,32.4,75,27.4,1012.2,2.24,6.71,157,13.4,0.0,1044,7.7
2026-07-01T06:00:00Z,32.4,75,27.4,1012.0,2.68,8.05,135,13.4,0.0,967,7.7
2026-07-01T06:10:00Z,32.4,76,27.6,1011.7,2.24,5.36,135,13.4,0.0,913,7.3
2026-07-01T06:20:00Z,32.6,76,27.8,1011.6,1.79,5.36,67,13.4,0.0,890,6.7
2026-07-01T06:30:00Z,32.4,75,27.4,1011.4,2.68,6.26,67,13.4,0.0,856,6.4
2026-07-01T06:40:00Z,32.3,75,27.3,1011.2,3.13,7.15,90,13.4,0.0,706,5.9
2026-07-01T06:50:00Z,32.2,76,27.4,1011.2,2.68,6.71,112,13.4,0.0,778,5.6
2026-07-01T07:00:00Z,32.3,75,27.3,1011.0,2.24,5.81,157,13.4,0.0,728,5.1
2026-07-01T07:10:00Z,32.2,75,27.2,1011.4,2.68,8.05,112,13.4,0.0,782,4.7
2026-07-01T07:20:00Z,32.3,76,27.5,1011.5,1.79,7.6,157,13.4,0.0,770,4.3
2026-07-01T07:30:00Z,32.2,75,27.2,1011.4,2.68,6.71,67,13.4,0.0,741,3.8
2026-07-01T07:40:00Z,32.1,75,27.1,1011.4,2.24,5.81,157,13.4,0.0,677,3.4
2026-07-01T07:50:00Z,32.3,76,27.5,1011.6,1.34,4.02,67,13.4,0.0,648,3.1
2026-07-01T08:00:00Z,32.3,75,27.3,1011.3,1.79,5.36,112,13.4,0.0,643,2.5
2026-07-01T08:10:00Z,32.1,75,27.1,1011.4,1.79,6.26,112,13.4,0.0,506,2.0
2026-07-01T08:20:00Z,31.9,77,27.4,1011.4,1.79,6.26,135,13.4,0.0,553,1.8
2026-07-01T08:30:00Z,31.6,76,26.8,1011.4,2.24,5.36,157,13.4,0.0,524,1.6
2026-07-01T08:40:00Z,31.5,77,27.0,1011.3,2.24,6.71,157,13.4,0.0,492,1.4
2026-07-01T08:50:00Z,31.4,78,27.1,1011.1,1.79,4.92,112,13.4,0.0,446,1.2
2026-07-01T09:00:00Z,31.2,78,26.9,1011.1,2.68,7.15,157,13.4,0.0,412,0.9
2026-07-01T09:10:00Z,31.2,79,27.1,1011.2,1.79,7.6,157,13.4,0.0,349,0.7
2026-07-01T09:20:00Z,31.1,79,27.0,1011.2,1.79,5.36,45,13.4,0.0,325,0.6
2026-07-01T09:30:00Z,30.8,80,26.9,1011.3,2.24,5.36,112,13.4,0.0,279,0.0
2026-07-01T09:40:00Z,30.8,80,26.9,1011.0,1.79,5.36,67,13.4,0.0,240,0.0
2026-07-01T09:50:00Z,30.6,81,27.0,1011.0,1.79,4.92,157,13.4,0.0,195,0.0
2026-07-01T10:00:00Z,30.3,81,26.7,1011.4,1.79,5.36,135,13.4,0.0,142,0.0
2026-07-01T10:10:00Z,30.0,82,26.6,1011.6,2.24,5.81,157,13.4,0.0,83,0.0
2026-07-01T10:20:00Z,29.9,82,26.5,1011.6,2.24,5.36,157,13.4,0.0,40,0.0
2026-07-01T10:30:00Z,29.7,82,26.3,1011.8,1.34,5.36,157,13.4,0.0,10,0.0
2026-07-01T10:40:00Z,29.6,82,26.2,1011.9,2.24,6.26,157,13.4,0.0,3,0.0
2026-07-01T10:50:00Z,29.4,82,26.0,1012.0,1.79,4.92,157,13.4,0.0,0,0.0
2026-07-01T11:00:00Z,29.3,83,26.1,1012.1,1.34,4.92,135,13.4,0.0,0,0.0
2026-07-01T11:10:00Z,29.3,83,26.1,1012.2,1.79,5.81,45,13.4,0.0,0,0.0
2026-07-01T11:20:00Z,29.2,83,26.0,1012.4,1.34,4.02,90,13.4,0.0,0,0.0
2026-07-01T11:30:00Z,29.1,84,26.1,1012.3,1.34,6.71,67,13.4,0.0,0,0.0
2026-07-01T11:40:00Z,29.0,84,26.0,1012.5,1.79,6.71,90,13.4,0.0,0,0.0
2026-07-01T11:50:00Z,29.0,84,26.0,1012.7,1.34,4.47,157,13.4,0.0,0,0.0
2026-07-01T12:00:00Z,29.0,84,26.0,1012.7,1.34,4.92,135,13.4,0.0,0,0.0
2026-07-01T12:10:00Z,28.9,84,25.9,1012.8,1.34,3.58,90,13.4,0.0,0,0.0
2026-07-01T12:20:00Z,28.9,84,25.9,1012.7,1.34,4.47,112,13.4,0.0,0,0.0
2026-07-01T12:30:00Z,28.9,84,25.9,1012.7,1.34,5.81,90,13.4,0.0,0,0.0
2026-07-01T12:40:00Z,29.0,84,26.0,1012.6,1.34,4.92,90,13.4,0.0,0,0.0
2026-07-01T12:50:00Z,28.9,84,25.9,1012.8,1.79,7.6,157,13.4,0.0,0,0.0
2026-07-01T13:00:00Z,28.9,84,25.9,1012.8,1.34,4.92,112,13.4,0.0,0,0.0
2026-07-01T13:10:00Z,28.9,84,25.9,1012.9,1.34,4.47,112,13.4,0.0,0,0.0
2026-07-01T13:20:00Z,28.9,84,25.9,1013.1,1.79,4.92,157,13.4,0.0,0,0.0
2026-07-01T13:30:00Z,28.9,84,25.9,1013.2,1.34,4.92,157,13.4,0.0,0,0.0
2026-07-01T13:40:00Z,28.9,84,25.9,1013.4,1.79,5.36,135,13.4,0.0,0,0.0
2026-07-01T13:50:00Z,28.9,84,25.9,1013.3,1.79,6.26,157,13.4,0.0,0,0.0
2026-07-01T14:00:00Z,28.8,84,25.8,1013.5,1.34,4.47,90,13.4,0.0,0,0.0
2026-07-01T14:10:00Z,28.8,84,25.8,1013.7,1.34,4.47,112,13.4,0.0,0,0.0
2026-07-01T14:20:00Z,28.7,85,25.9,1013.8,1.34,4.47,67,13.4,0.0,0,0.0
2026-07-01T14:30:00Z,28.6,85,25.8,1013.8,0.89,4.47,112,13.4,0.0,0,0.0
2026-07-01T14:40:00Z,28.6,85,25.8,1014.0,1.34,4.47,90,13.4,0.0,0,0.0
2026-07-01T14:50:00Z,28.6,84,25.6,1014.0,1.34,5.36,67,13.4,0.0,0,0.0
2026-07-01T15:00:00Z,28.6,84,25.6,1014.3,0.89,4.02,112,13.4,0.0,0,0.0
2026-07-01T15:10:00Z,28.7,85,25.9,1013.9,1.79,5.36,67,13.4,0.0,0,0.0
2026-07-01T15:20:00Z,28.4,85,25.6,1014.0,2.24,5.36,157,13.4,0.0,0,0.0
2026-07-01T15:30:00Z,28.2,86,25.6,1014.1,1.34,4.47,157,13.4,0.0,0,0.0
2026-07-01T15:40:00Z,28.1,87,25.7,1014.2,0.89,4.47,112,13.4,0.0,0,0.0
2026-07-01T15:50:00Z,28.1,87,25.7,1014.3,0.89,3.58,67,13.4,0.0,0,0.0
2026-07-01T16:00:00Z,27.9,87,25.5,1014.2,0.89,2.68,90,0.0,0.0,0,0.0
2026-07-01T16:10:00Z,27.9,88,25.7,1013.9,0.45,4.02,112,0.0,0.0,0,0.0
2026-07-01T16:20:00Z,27.7,88,25.5,1013.7,0.45,1.79,112,0.0,0.0,0,0.0
2026-07-01T16:30:00Z,27.7,88,25.5,1013.7,0.89,3.13,112,0.0,0.0,0,0.0
2026-07-01T16:40:00Z,27.7,87,25.3,1013.6,1.34,4.92,135,0.0,0.0,0,0.0
2026-07-01T16:50:00Z,27.7,87,25.3,1013.5,1.34,4.02,135,0.0,0.0,0,0.0
2026-07-01T17:00:00Z,27.8,87,25.4,1013.5,1.79,4.92,67,0.0,0.0,0,0.0
2026-07-01T17:10:00Z,27.7,87,25.3,1013.3,1.34,4.92,112,0.0,0.0,0,0.0
2026-07-01T17:20:00Z,27.6,87,25.2,1013.3,1.34,5.36,45,0.0,0.0,0,0.0
2026-07-01T17:30:00Z,27.7,87,25.3,1013.2,1.79,5.36,67,0.0,0.0,0,0.0
2026-07-01T17:40:00Z,27.8,86,25.2,1013.2,2.24,5.36,112,0.0,0.0,0,0.0
2026-07-01T17:50:00Z,27.9,86,25.3,1013.1,1.79,5.36,112,0.0,0.0,0,0.0
2026-07-01T18:00:00Z,27.9,86,25.3,1013.1,2.24,6.71,135,0.0,0.0,0,0.0
2026-07-01T18:10:00Z,27.9,87,25.5,1013.2,1.79,5.36,112,0.0,0.0,0,0.0
2026-07-01T18:20:00Z,27.9,87,25.5,1013.4,1.34,4.92,157,0.0,0.0,0,0.0
2026-07-01T18:30:00Z,27.7,87,25.3,1013.3,1.34,4.47,135,0.0,0.0,0,0.0
2026-07-01T18:40:00Z,27.6,88,25.4,1013.3,1.34,4.47,112,0.2,0.0,0,0.0
2026-07-01T18:50:00Z,27.4,88,25.2,1013.3,0.89,3.58,90,0.2,0.0,0,0.0
2026-07-01T19:00:00Z,27.3,89,25.3,1013.6,1.34,3.13,135,1.6,14.4,0,0.0
2026-07-01T19:10:00Z,27.2,90,25.4,1013.5,0.89,1.79,135,2.2,15.4,0,0.0
2026-07-01T19:20:00Z,27.1,90,25.3,1013.4,0.45,2.24,135,2.2,0.8,0,0.0
2026-07-01T19:30:00Z,26.9,91,25.3,1013.4,0.89,4.02,112,2.2,0.0,0,0.0
2026-07-01T19:40:00Z,26.8,91,25.2,1013.4,0.89,2.24,135,2.4,0.0,0,0.0
2026-07-01T19:50:00Z,26.8,91,25.2,1013.4,0.45,3.58,135,2.4,0.0,0,0.0
2026-07-01T20:00:00Z,26.8,91,25.2,1013.3,0.89,3.13,135,2.4,0.0,0,0.0
2026-07-01T20:10:00Z,26.8,91,25.2,1013.2,0.45,2.68,135,2.4,0.0,0,0.0
2026-07-01T20:20:00Z,26.7,91,25.1,1013.1,0.89,4.02,157,2.4,0.0,0,0.0
2026-07-01T20:30:00Z,26.7,92,25.3,1013.6,1.34,4.02,90,2.4,0.0,0,0.0
2026-07-01T20:40:00Z,26.8,92,25.4,1013.4,1.34,5.36,112,2.4,0.0,0,0.0
2026-07-01T20:50:00Z,26.7,91,25.1,1013.6,1.79,4.47,157,3.2,16.6,0,0.0
2026-07-01T21:00:00Z,26.3,91,24.7,1013.4,0.45,4.02,90,3.2,0.8,0,0.0
2026-07-01T21:10:00Z,26.4,91,24.8,1013.5,0.89,3.13,112,3.2,0.0,0,0.0
2026-07-01T21:20:00Z,26.6,91,25.0,1013.4,1.34,4.92,112,3.2,0.0,5,0.0
2026-07-01T21:30:00Z,26.7,91,25.1,1013.1,1.34,4.92,135,3.2,0.0,12,0.0
2026-07-01T21:40:00Z,26.7,91,25.1,1013.4,1.79,4.47,157,3.2,0.0,18,0.0
2026-07-01T21:50:00Z,26.6,91,25.0,1013.4,0.89,4.02,135,3.2,0.0,17,0.0
2026-07-01T22:00:00Z,26.7,90,24.9,1013.5,1.34,5.81,157,3.2,0.0,23,0.0
2026-07-01T22:10:00Z,27.0,90,25.2,1013.8,2.24,5.36,157,3.2,0.0,28,0.0
2026-07-01T22:20:00Z,27.2,90,25.4,1014.0,1.34,4.92,157,3.2,0.0,45,0.0
2026-07-01T22:30:00Z,27.2,90,25.4,1014.0,1.34,4.02,157,3.2,0.0,38,0.0
2026-07-01T22:40:00Z,27.2,90,25.4,1014.1,0.89,2.68,157,3.2,0.0,42,0.0
2026-07-01T22:50:00Z,27.4,90,25.6,1014.0,1.34,4.92,157,3.2,0.0,54,0.0
2026-07-01T23:00:00Z,27.6,89,25.6,1014.2,0.45,4.02,157,3.2,0.0,32,0.0
2026-07-01T23:10:00Z,27.6,89,25.6,1014.2,1.34,4.02,157,3.4,0.0,21,0.0
2026-07-01T23:20:00Z,27.5,89,25.5,1014.2,1.34,3.58,157,3.4,0.0,29,0.0
2026-07-01T23:30:00Z,27.4,89,25.4,1014.4,1.34,4.47,157,3.4,0.0,25,0.0
2026-07-01T23:40:00Z,27.5,90,25.7,1014.5,0.45,3.13,157,3.6,0.0,56,0.4
2026-07-01T23:50:00Z,27.6,90,25.8,1014.5,0.89,2.68,157,3.6,0.0,82,1.2
2026-07-02T00:00:00Z,27.7,90,25.9,1014.6,0.45,3.58,112,3.6,0.0,71,1.3
2026-07-02T00:10:00Z,27.9,91,26.3,1014.6,0.89,3.58,135,3.6,0.0,107,1.7
2026-07-02T00:20:00Z,28.1,90,26.3,1014.5,0.89,3.13,135,3.8,0.0,175,1.9
2026-07-02T00:30:00Z,28.2,90,26.4,1014.5,0.45,2.24,90,3.8,0.0,126,1.4
2026-07-02T00:40:00Z,28.3,91,26.7,1014.6,0.89,4.02,112,4.2,17.4,122,2.7
2026-07-02T00:50:00Z,28.6,91,27.0,1014.5,1.79,3.58,157,4.2,0.0,145,3.3
2026-07-02T01:00:00Z,28.8,90,27.0,1014.6,0.89,4.02,135,4.2,0.0,120,3.4
2026-07-02T01:10:00Z,28.9,89,26.9,1014.6,1.34,4.92,157,4.2,0.0,123,3.2
2026-07-02T01:20:00Z,28.7,88,26.5,1014.8,1.34,4.02,157,4.6,5.4,70,0.9
2026-07-02T01:30:00Z,28.9,90,27.1,1014.8,0.89,3.13,90,4.6,0.8,179,4.7
2026-07-02T01:40:00Z,29.2,90,27.4,1014.6,1.34,4.92,157,4.6,0.0,107,6.0
2026-07-02T01:50:00Z,29.7,89,27.7,1014.6,1.34,3.58,135,4.6,0.0,137,6.5
2026-07-02T02:00:00Z,30.0,87,27.6,1014.7,0.89,3.13,157,4.6,0.0,125,5.5
2026-07-02T02:10:00Z,30.2,86,27.6,1014.9,1.34,3.58,157,4.6,0.0,168,4.0
2026-07-02T02:20:00Z,30.6,84,27.6,1014.9,1.79,4.47,157,4.6,0.0,536,6.9
2026-07-02T02:30:00Z,30.3,82,26.9,1014.9,1.79,5.81,135,4.6,0.0,189,3.8
2026-07-02T02:40:00Z,30.3,83,27.1,1014.9,1.34,4.92,157,4.6,0.0,209,4.3
2026-07-02T02:50:00Z,28.9,82,25.5,1015.3,2.24,7.6,135,6.2,61.6,109,2.2
2026-07-02T03:00:00Z,28.3,87,25.9,1015.1,0.89,3.58,135,6.6,11.8,98,3.3
2026-07-02T03:10:00Z,28.4,89,26.4,1015.0,0.89,1.79,45,6.6,0.0,136,5.2
2026-07-02T03:20:00Z,28.9,91,27.3,1014.9,0.89,2.68,90,6.6,0.0,205,8.1
2026-07-02T03:30:00Z,29.2,90,27.4,1015.0,0.89,4.02,157,6.6,0.0,182,6.8
2026-07-02T03:40:00Z,29.5,89,27.5,1014.9,0.89,3.58,45,6.6,0.0,163,4.6
2026-07-02T03:50:00Z,29.8,89,27.8,1014.8,0.89,3.58,135,6.6,0.0,235,6.8
2026-07-02T04:00:00Z,30.1,87,27.7,1014.8,1.34,3.58,135,6.6,0.0,196,5.9
2026-07-02T04:10:00Z,30.6,86,28.0,1014.6,0.89,3.58,157,6.6,0.0,240,7.7
2026-07-02T04:20:00Z,31.0,82,27.6,1014.4,1.79,4.47,157,6.6,0.0,446,8.7
2026-07-02T04:30:00Z,31.6,81,27.9,1014.3,1.34,4.02,67,6.6,0.0,297,10.5
2026-07-02T04:40:00Z,32.1,81,28.4,1014.3,1.34,4.47,90,6.6,0.0,478,10.4
2026-07-02T04:50:00Z,32.2,80,28.3,1014.3,1.34,4.92,157,6.6,0.0,609,10.2
2026-07-02T05:00:00Z,32.4,79,28.3,1014.3,1.34,4.47,67,6.6,0.0,355,8.7
2026-07-02T05:10:00Z,31.8,79,27.7,1014.4,1.34,4.02,157,6.6,0.0,163,4.2
2026-07-02T05:20:00Z,31.1,81,27.5,1014.3,1.34,4.47,67,6.6,0.0,188,6.0
2026-07-02T05:30:00Z,31.2,81,27.5,1014.2,1.34,4.92,45,6.6,0.0,230,9.3
2026-07-02T05:40:00Z,31.3,81,27.6,1014.0,1.79,4.47,157,6.6,0.0,992,8.8
2026-07-02T05:50:00Z,31.7,81,28.0,1014.1,1.79,4.02,157,6.6,0.0,1006,7.7
2026-07-02T06:00:00Z,32.1,82,28.6,1014.0,1.34,5.36,67,6.6,0.0,268,6.8
2026-07-02T06:10:00Z,32.2,80,28.3,1013.8,1.79,4.02,157,6.6,0.0,751,6.9
2026-07-02T06:20:00Z,32.2,79,28.1,1013.6,1.79,4.47,157,6.6,0.0,571,7.1
2026-07-02T06:30:00Z,32.1,79,28.0,1013.7,2.24,5.36,157,6.6,0.0,798,6.6
2026-07-02T06:40:00Z,32.2,79,28.1,1013.6,1.79,4.92,135,6.6,0.0,841,6.3
2026-07-02T06:50:00Z,32.1,78,27.8,1013.6,2.24,5.81,157,6.6,0.0,843,5.8
2026-07-02T07:00:00Z,31.9,79,27.8,1013.6,2.68,6.71,157,6.6,0.0,738,5.2
2026-07-02T07:10:00Z,32.1,80,28.2,1013.5,1.79,4.47,157,6.6,0.0,782,4.7
2026-07-02T07:20:00Z,32.3,79,28.2,1013.4,1.34,4.92,112,6.6,0.0,609,4.3
2026-07-02T07:30:00Z,31.9,78,27.6,1013.3,2.24,5.81,157,6.6,0.0,733,4.0
2026-07-02T07:40:00Z,31.8,79,27.7,1013.2,2.24,5.36,157,6.6,0.0,691,3.5
2026-07-02T07:50:00Z,32.1,79,28.0,1013.3,1.34,3.58,112,6.6,0.0,664,2.9
2026-07-02T08:00:00Z,32.1,79,28.0,1013.3,1.34,3.58,157,6.6,0.0,650,2.7
2026-07-02T08:10:00Z,32.3,79,28.2,1013.3,0.89,3.58,90,6.6,0.0,630,2.4
2026-07-02T08:20:00Z,31.7,79,27.6,1013.4,2.24,5.36,157,6.6,0.0,551,2.0
2026-07-02T08:30:00Z,31.6,78,27.3,1013.5,1.79,5.36,135,6.6,0.0,519,1.7
2026-07-02T08:40:00Z,31.3,79,27.2,1013.3,2.68,5.81,157,6.6,0.0,493,1.4
2026-07-02T08:50:00Z,31.3,80,27.4,1013.2,1.79,4.47,157,6.6,0.0,456,1.1
2026-07-02T09:00:00Z,31.2,79,27.1,1013.2,1.79,4.47,157,6.6,0.0,393,0.9
2026-07-02T09:10:00Z,31.2,80,27.3,1013.4,1.34,4.92,157,6.6,0.0,365,0.7
2026-07-02T09:20:00Z,31.1,80,27.2,1013.5,1.79,4.02,157,6.6,0.0,339,0.5
2026-07-02T09:30:00Z,30.8,81,27.2,1013.4,1.79,4.92,157,6.6,0.0,258,0.1
2026-07-02T09:40:00Z,30.7,81,27.1,1013.7,2.24,4.02,157,6.6,0.0,232,0.0
2026-07-02T09:50:00Z,30.4,82,27.0,1013.9,2.68,5.36,157,6.6,0.0,187,0.0
2026-07-02T10:00:00Z,30.3,82,26.9,1013.9,2.24,5.81,157,6.6,0.0,147,0.0
2026-07-02T10:10:00Z,30.1,83,26.9,1013.9,2.24,5.81,157,6.6,0.0,92,0.0
2026-07-02T10:20:00Z,29.9,83,26.7,1014.0,2.68,4.92,157,6.6,0.0,27,0.0
2026-07-02T10:30:00Z,29.8,83,26.6,1014.0,1.34,4.02,157,6.6,0.0,19,0.0
2026-07-02T10:40:00Z,29.6,83,26.4,1014.4,1.34,4.02,157,6.6,0.0,8,0.0
2026-07-02T10:50:00Z,29.6,84,26.6,1014.7,1.34,4.02,157,6.6,0.0,0,0.0
2026-07-02T11:00:00Z,29.6,84,26.6,1015.0,1.79,4.02,157,6.6,0.0,0,0.0
2026-07-02T11:10:00Z,29.4,85,26.6,1015.0,2.24,5.36,157,6.6,0.0,0,0.0
2026-07-02T11:20:00Z,29.3,85,26.5,1015.0,1.34,4.47,157,6.6,0.0,0,0.0
2026-07-02T11:30:00Z,29.3,85,26.5,1015.2,1.79,5.36,135,6.6,0.0,0,0.0
2026-07-02T11:40:00Z,29.3,85,26.5,1015.2,2.24,5.81,157,6.6,0.0,0,0.0
2026-07-02T11:50:00Z,29.2,85,26.4,1015.2,1.34,3.13,135,6.6,0.0,0,0.0
2026-07-02T12:00:00Z,29.1,86,26.5,1015.3,0.89,3.13,135,6.6,0.0,0,0.0
2026-07-02T12:10:00Z,29.1,86,26.5,1015.5,1.79,4.02,157,6.6,0.0,0,0.0
2026-07-02T12:20:00Z,29.0,86,26.4,1015.6,1.34,3.58,157,6.6,0.0,0,0.0
2026-07-02T12:30:00Z,28.9,86,26.3,1015.7,1.34,4.02,135,6.6,0.0,0,0.0
2026-07-02T12:40:00Z,28.8,86,26.2,1015.9,0.89,3.13,135,6.6,0.0,0,0.0
2026-07-02T12:50:00Z,28.8,86,26.2,1016.0,0.89,2.68,135,6.6,0.0,0,0.0
2026-07-02T13:00:00Z,28.7,86,26.1,1016.0,0.89,3.13,135,6.6,0.0,0,0.0
2026-07-02T13:10:00Z,28.7,86,26.1,1016.0,0.45,1.79,157,6.6,0.0,0,0.0
2026-07-02T13:20:00Z,28.6,87,26.2,1016.0,0.45,2.24,157,6.6,0.0,0,0.0
2026-07-02T13:30:00Z,28.5,87,26.1,1016.4,0.45,1.79,157,6.6,0.0,0,0.0
2026-07-02T13:40:00Z,28.4,87,26.0,1016.5,0.45,2.24,157,6.6,0.0,0,0.0
2026-07-02T13:50:00Z,28.4,87,26.0,1016.6,0.45,4.02,135,6.6,0.0,0,0.0
2026-07-02T14:00:00Z,28.4,87,26.0,1016.7,0.45,1.79,135,6.6,0.0,0,0.0
2026-07-02T14:10:00Z,28.4,87,26.0,1016.7,0.45,1.34,112,6.6,0.0,0,0.0
2026-07-02T14:20:00Z,28.4,87,26.0,1016.6,0.45,1.79,112,6.6,0.0,0,0.0
2026-07-02T14:30:00Z,28.3,87,25.9,1016.7,0.89,3.13,157,6.6,0.0,0,0.0
2026-07-02T14:40:00Z,28.3,87,25.9,1016.6,0.89,2.68,135,6.6,0.0,0,0.0
2026-07-02T14:50:00Z,28.2,87,25.8,1016.7,0.0,1.34,135,6.6,0.0,0,0.0
2026-07-02T15:00:00Z,28.2,88,26.0,1016.7,0.0,0.89,135,6.6,0.0,0,0.0
2026-07-02T15:10:00Z,28.2,88,26.0,1016.5,0.45,1.79,135,6.6,0.0,0,0.0
2026-07-02T15:20:00Z,28.1,88,25.9,1016.5,0.89,1.79,135,6.6,0.0,0,0.0
2026-07-02T15:30:00Z,28.1,88,25.9,1016.4,0.89,2.24,135,6.6,0.0,0,0.0
2026-07-02T15:40:00Z,28.1,88,25.9,1016.3,0.45,1.79,157,6.6,0.0,0,0.0
2026-07-02T15:50:00Z,28.0,88,25.8,1016.4,0.45,1.34,157,6.6,0.0,0,0.0
2026-07-02T16:00:00Z,28.0,88,25.8,1016.4,0.45,1.79,157,0.0,0.0,0,0.0
2026-07-02T16:10:00Z,28.1,88,25.9,1016.6,0.89,2.24,157,0.0,0.0,0,0.0
2026-07-02T16:20:00Z,28.1,88,25.9,1016.7,0.45,1.79,157,0.0,0.0,0,0.0
2026-07-02T16:30:00Z,28.1,88,25.9,1016.5,0.45,2.68,135,0.0,0.0,0,0.0
2026-07-02T16:40:00Z,28.1,87,25.7,1016.5,0.0,1.34,135,0.0,0.0,0,0.0
2026-07-02T16:50:00Z,28.0,87,25.6,1016.5,0.45,1.79,135,0.0,0.0,0,0.0
2026-07-02T17:00:00Z,28.0,88,25.8,1016.4,0.89,2.24,135,0.0,0.0,0,0.0
2026-07-02T17:10:00Z,28.0,88,25.8,1016.2,0.45,1.79,135,0.0,0.0,0,0.0
2026-07-02T17:20:00Z,27.9,88,25.7,1016.1,0.45,1.34,135,0.0,0.0,0,0.0
2026-07-02T17:30:00Z,27.8,88,25.6,1016.1,0.45,1.79,135,0.0,0.0,0,0.0
2026-07-02T17:40:00Z,27.8,88,25.6,1015.9,0.45,1.34,157,0.0,0.0,0,0.0
2026-07-02T17:50:00Z,27.8,88,25.6,1015.9,0.89,2.24,135,0.0,0.0,0,0.0
2026-07-02T18:00:00Z,27.8,88,25.6,1015.7,0.89,1.79,157,0.0,0.0,0,0.0
2026-07-02T18:10:00Z,27.8,88,25.6,1015.8,0.89,3.13,157,0.0,0.0,0,0.0
2026-07-02T18:20:00Z,27.8,88,25.6,1015.8,0.89,2.68,157,0.0,0.0,0,0.0
2026-07-02T18:30:00Z,27.8,88,25.6,1015.6,0.89,3.13,157,0.0,0.0,0,0.0
2026-07-02T18:40:00Z,27.8,87,25.4,1015.6,0.89,3.58,157,0.0,0.0,0,0.0
2026-07-02T18:50:00Z,27.8,87,25.4,1015.6,0.89,2.24,157,0.0,0.0,0,0.0
2026-07-02T19:00:00Z,27.8,87,25.4,1015.6,0.89,2.24,157,0.0,0.0,0,0.0
2026-07-02T19:10:00Z,27.8,86,25.2,1015.6,0.45,2.24,157,0.0,0.0,0,0.0
2026-07-02T19:20:00Z,27.8,86,25.2,1015.7,0.89,2.24,157,0.0,0.0,0,0.0
2026-07-02T19:30:00Z,27.8,87,25.4,1015.5,0.89,2.68,157,0.0,0.0,0,0.0
2026-07-02T19:40:00Z,27.8,87,25.4,1015.5,0.89,3.58,135,0.0,0.0,0,0.0
2026-07-02T19:50:00Z,27.9,87,25.5,1015.5,0.89,3.13,157,0.0,0.0,0,0.0
2026-07-02T20:00:00Z,27.9,87,25.5,1015.3,0.89,2.68,157,0.0,0.0,0,0.0
2026-07-02T20:10:00Z,27.9,87,25.5,1015.6,0.89,4.47,135,0.0,0.0,0,0.0
2026-07-02T20:20:00Z,27.9,87,25.5,1015.5,0.89,4.02,135,0.0,0.0,0,0.0
2026-07-02T20:30:00Z,27.8,87,25.4,1015.5,0.89,3.58,90,0.0,0.0,0,0.0
2026-07-02T20:40:00Z,27.8,87,25.4,1015.5,0.45,2.68,90,0.0,0.0,0,0.0
2026-07-02T20:50:00Z,27.7,87,25.3,1015.5,0.45,1.79,112,0.0,0.0,0,0.0
2026-07-02T21:00:00Z,27.7,87,25.3,1015.5,0.45,2.24,112,0.0,0.0,0,0.0
2026-07-02T21:10:00Z,27.7,87,25.3,1015.5,0.89,2.24,157,0.0,0.0,0,0.0
2026-07-02T21:20:00Z,27.7,88,25.5,1015.6,0.45,1.79,157,0.0,0.0,0,0.0
2026-07-02T21:30:00Z,27.7,88,25.5,1015.7,0.45,1.79,157,0.0,0.0,4,0.0
2026-07-02T21:40:00Z,27.6,88,25.4,1015.7,0.45,1.34,157,0.0,0.0,8,0.0
2026-07-02T21:50:00Z,27.7,88,25.5,1015.6,0.45,2.24,157,0.0,0.0,15,0.0
2026-07-02T22:00:00Z,27.8,88,25.6,1015.6,0.45,2.24,157,0.0,0.0,21,0.0
2026-07-02T22:10:00Z,27.9,87,25.5,1015.5,0.45,1.79,157,0.0,0.0,34,0.0
2026-07-02T22:20:00Z,28.1,87,25.7,1015.5,0.45,1.79,157,0.0,0.0,56,0.0
2026-07-02T22:30:00Z,28.4,86,25.8,1015.6,0.45,1.79,135,0.0,0.0,76,0.0
2026-07-02T22:40:00Z,28.9,85,26.1,1015.7,0.89,3.58,157,0.0,0.0,44,0.0
2026-07-02T22:50:00Z,29.3,84,26.3,1015.9,1.34,3.58,157,0.0,0.0,38,0.0
2026-07-02T23:00:00Z,29.6,83,26.4,1016.1,1.34,3.58,157,0.0,0.0,38,0.0
2026-07-02T23:10:00Z,29.9,82,26.5,1016.0,1.34,3.13,157,0.0,0.0,44,0.0
2026-07-02T23:20:00Z,30.1,82,26.7,1015.8,1.34,3.58,157,0.0,0.0,40,0.0
2026-07-02T23:30:00Z,30.3,81,26.7,1016.0,1.34,4.02,135,0.0,0.0,43,0.0
2026-07-02T23:40:00Z,30.3,81,26.7,1016.2,1.79,4.92,135,0.0,0.0,49,0.0
2026-07-02T23:50:00Z,30.4,81,26.8,1016.4,1.34,4.02,157,0.0,0.0,62,0.8
2026-07-03T00:00:00Z,30.5,82,27.1,1016.3,0.89,4.02,67,0.0,0.0,52,0.9
2026-07-03T00:10:00Z,30.8,81,27.2,1016.3,1.34,3.58,90,0.0,0.0,50,0.2
2026-07-03T00:20:00Z,31.0,79,26.9,1016.3,1.79,5.81,135,0.0,0.0,49,0.2
2026-07-03T00:30:00Z,31.2,79,27.1,1016.2,1.34,5.36,157,0.0,0.0,49,0.3
2026-07-03T00:40:00Z,31.3,79,27.2,1016.2,1.34,4.92,157,0.0,0.0,47,0.0
2026-07-03T00:50:00Z,31.4,79,27.3,1016.3,1.34,6.71,157,0.0,0.0,97,3.0
2026-07-03T01:00:00Z,31.6,78,27.3,1016.2,2.24,5.81,157,0.0,0.0,128,4.3
2026-07-03T01:10:00Z,31.3,78,27.0,1016.2,2.24,6.26,157,0.0,0.0,113,4.6
2026-07-03T01:20:00Z,31.4,77,26.9,1016.2,1.79,4.47,157,0.0,0.0,77,4.6
2026-07-03T01:30:00Z,31.4,78,27.1,1016.3,2.24,5.36,157,0.0,0.0,87,5.5
2026-07-03T01:40:00Z,31.6,78,27.3,1016.2,1.79,4.92,157,0.0,0.0,178,4.8
2026-07-03T01:50:00Z,31.4,78,27.1,1016.0,1.79,5.36,157,0.0,0.0,199,5.6
2026-07-03T02:00:00Z,31.8,78,27.5,1015.9,1.34,4.47,157,0.0,0.0,222,6.7
2026-07-03T02:10:00Z,31.9,77,27.4,1015.9,2.24,7.6,157,0.0,0.0,857,7.3
2026-07-03T02:20:00Z,31.7,77,27.2,1015.7,2.68,7.6,157,0.0,0.0,898,6.7
2026-07-03T02:30:00Z,31.7,76,26.9,1015.5,2.24,6.71,157,0.0,0.0,877,8.1
2026-07-03T02:40:00Z,31.8,77,27.3,1015.4,3.13,8.05,157,0.0,0.0,921,8.3
2026-07-03T02:50:00Z,32.2,75,27.2,1015.5,2.24,5.36,157,0.0,0.0,942,8.8
2026-07-03T03:00:00Z,32.2,74,27.0,1015.5,2.68,7.15,157,0.0,0.0,957,9.1
2026-07-03T03:10:00Z,32.2,75,27.2,1015.2,2.24,7.15,157,0.0,0.0,985,9.4
2026-07-03T03:20:00Z,32.5,74,27.3,1015.2,1.79,5.36,135,0.0,0.0,1009,9.7
2026-07-03T03:30:00Z,32.4,73,26.9,1015.2,2.68,6.26,135,0.0,0.0,1035,10.0
2026-07-03T03:40:00Z,32.3,74,27.1,1015.1,3.13,8.05,157,0.0,0.0,1028,10.1
2026-07-03T03:50:00Z,32.3,73,26.8,1015.0,3.13,6.71,157,0.0,0.0,1030,10.1
2026-07-03T04:00:00Z,32.3,73,26.8,1015.0,2.68,6.26,157,0.0,0.0,876,8.6
2026-07-03T04:10:00Z,32.2,74,27.0,1015.0,2.24,6.26,157,0.0,0.0,1027,8.9
2026-07-03T04:20:00Z,32.4,74,27.2,1015.0,2.68,8.05,157,0.0,0.0,1010,10.1
2026-07-03T04:30:00Z,32.7,74,27.5,1014.9,1.79,6.71,157,0.0,0.0,1020,10.2
2026-07-03T04:40:00Z,32.8,73,27.3,1015.0,2.24,6.71,157,0.0,0.0,1057,10.1
2026-07-03T04:50:00Z,32.4,73,26.9,1014.9,3.13,7.6,157,0.0,0.0,1051,9.9
2026-07-03T05:00:00Z,32.5,73,27.0,1015.1,2.68,6.71,157,0.0,0.0,1060,9.9
2026-07-03T05:10:00Z,32.4,73,26.9,1015.0,3.13,6.71,157,0.0,0.0,1056,9.2
2026-07-03T05:20:00Z,32.3,74,27.1,1015.0,3.13,6.26,157,0.0,0.0,1009,9.1
2026-07-03T05:30:00Z,32.5,73,27.0,1014.9,2.24,6.71,157,0.0,0.0,971,8.9
2026-07-03T05:40:00Z,32.7,74,27.5,1014.8,2.24,5.36,157,0.0,0.0,958,8.6
2026-07-03T05:50:00Z,32.4,76,27.6,1014.8,2.68,6.71,157,0.0,0.0,943,8.2
2026-07-03T06:00:00Z,32.4,75,27.4,1014.9,2.68,5.36,135,0.0,0.0,923,7.8
2026-07-03T06:10:00Z,32.6,74,27.4,1014.9,2.24,5.81,157,0.0,0.0,914,7.3
2026-07-03T06:20:00Z,32.3,74,27.1,1014.9,2.68,6.71,157,0.0,0.0,898,7.0
2026-07-03T06:30:00Z,32.3,75,27.3,1014.9,2.24,6.26,157,0.0,0.0,867,6.6
2026-07-03T06:40:00Z,32.4,74,27.2,1014.9,1.79,5.81,135,0.0,0.0,841,6.0
2026-07-03T06:50:00Z,32.3,74,27.1,1014.9,1.79,5.36,157,0.0,0.0,817,5.7
2026-07-03T07:00:00Z,31.9,73,26.5,1014.9,2.68,5.81,157,0.0,0.0,797,5.3
2026-07-03T07:10:00Z,31.9,73,26.5,1015.1,2.24,6.71,157,0.0,0.0,784,4.5
2026-07-03T07:20:00Z,31.8,73,26.4,1014.8,2.24,5.36,157,0.0,0.0,742,4.3
2026-07-03T07:30:00Z,31.7,73,26.3,1014.8,2.68,7.15,157,0.0,0.0,703,3.9
2026-07-03T07:40:00Z,32.0,74,26.8,1014.8,1.79,4.47,112,0.0,0.0,667,3.5
2026-07-03T07:50:00Z,32.1,73,26.6,1014.7,1.34,4.92,157,0.0,0.0,641,3.1
2026-07-03T08:00:00Z,32.1,74,26.9,1014.8,1.34,4.02,157,0.0,0.0,616,2.7
2026-07-03T08:10:00Z,32.0,74,26.8,1014.7,1.34,4.02,135,0.0,0.0,571,2.4
2026-07-03T08:20:00Z,32.1,74,26.9,1014.8,0.89,3.58,112,0.0,0.0,536,2.0
2026-07-03T08:30:00Z,32.0,75,27.0,1015.0,1.34,4.92,157,0.0,0.0,505,1.7
2026-07-03T08:40:00Z,31.8,75,26.8,1015.0,1.34,5.36,135,0.0,0.0,469,1.4
2026-07-03T08:50:00Z,31.6,75,26.6,1014.9,1.34,4.47,157,0.0,0.0,426,1.2
2026-07-03T09:00:00Z,31.4,75,26.4,1014.9,1.34,4.92,90,0.0,0.0,401,1.0
2026-07-03T09:10:00Z,31.2,75,26.2,1014.9,2.24,4.47,157,0.0,0.0,362,0.7
2026-07-03T09:20:00Z,30.9,76,26.2,1014.7,1.79,4.47,157,0.0,0.0,322,0.6
2026-07-03T09:30:00Z,30.8,76,26.1,1014.7,1.79,5.36,157,0.0,0.0,280,0.2
2026-07-03T09:40:00Z,30.6,78,26.3,1014.7,1.79,4.47,157,0.0,0.0,237,0.0
2026-07-03T09:50:00Z,30.5,78,26.2,1014.8,1.34,3.58,135,0.0,0.0,188,0.0
2026-07-03T10:00:00Z,30.3,79,26.2,1014.7,1.79,4.92,157,0.0,0.0,144,0.0
2026-07-03T10:10:00Z,30.1,79,26.1,1014.8,1.79,4.92,157,0.0,0.0,102,0.0
2026-07-03T10:20:00Z,29.8,80,26.0,1015.0,1.79,6.26,157,0.0,0.0,44,0.0
2026-07-03T10:30:00Z,29.6,80,25.8,1015.1,1.79,4.47,157,0.0,0.0,24,0.0
2026-07-03T10:40:00Z,29.4,81,25.8,1015.1,1.34,3.58,157,0.0,0.0,7,0.0
2026-07-03T10:50:00Z,29.2,82,25.8,1014.8,1.34,3.13,157,0.0,0.0,0,0.0
2026-07-03T11:00:00Z,29.0,82,25.6,1015.1,1.34,3.13,157,0.0,0.0,0,0.0
2026-07-03T11:10:00Z,28.9,83,25.7,1015.2,0.89,3.13,135,0.0,0.0,0,0.0
2026-07-03T11:20:00Z,28.8,83,25.6,1015.5,0.45,3.13,157,0.0,0.0,0,0.0
2026-07-03T11:30:00Z,28.6,83,25.4,1015.7,0.89,3.13,157,0.0,0.0,0,0.0
2026-07-03T11:40:00Z,28.5,84,25.5,1015.6,0.45,2.24,135,0.0,0.0,0,0.0
2026-07-03T11:50:00Z,28.4,84,25.4,1015.5,0.45,2.24,135,0.0,0.0,0,0.0
2026-07-03T12:00:00Z,28.3,84,25.3,1015.7,0.89,1.79,157,0.0,0.0,0,0.0
2026-07-03T12:10:00Z,28.3,84,25.3,1015.8,0.45,2.68,157,0.0,0.0,0,0.0
2026-07-03T12:20:00Z,28.2,85,25.4,1015.8,0.45,2.24,135,0.0,0.0,0,0.0
2026-07-03T12:30:00Z,28.1,85,25.3,1015.8,0.45,1.34,135,0.0,0.0,0,0.0
2026-07-03T12:40:00Z,28.0,85,25.2,1015.8,1.34,3.58,157,0.0,0.0,0,0.0
2026-07-03T12:50:00Z,27.9,86,25.3,1016.0,0.89,2.68,157,0.0,0.0,0,0.0
2026-07-03T13:00:00Z,27.9,86,25.3,1016.2,0.89,3.58,157,0.0,0.0,0,0.0
2026-07-03T13:10:00Z,27.9,86,25.3,1016.2,1.79,4.02,157,0.0,0.0,0,0.0
2026-07-03T13:20:00Z,27.9,86,25.3,1016.5,0.89,2.68,157,0.0,0.0,0,0.0
2026-07-03T13:30:00Z,27.8,86,25.2,1016.5,1.34,3.58,157,0.0,0.0,0,0.0
2026-07-03T13:40:00Z,27.8,86,25.2,1016.6,0.89,3.13,157,0.0,0.0,0,0.0
2026-07-03T13:50:00Z,27.8,86,25.2,1016.7,1.34,3.58,157,0.0,0.0,0,0.0
2026-07-03T14:00:00Z,27.8,85,25.0,1016.7,0.89,3.13,135,0.0,0.0,0,0.0
2026-07-03T14:10:00Z,27.8,85,25.0,1016.7,1.34,4.02,157,0.0,0.0,0,0.0
2026-07-03T14:20:00Z,27.8,85,25.0,1016.9,1.34,3.58,157,0.0,0.0,0,0.0
2026-07-03T14:30:00Z,27.7,86,25.1,1016.9,0.89,3.58,157,0.0,0.0,0,0.0
2026-07-03T14:40:00Z,27.7,86,25.1,1016.9,0.89,3.13,157,0.0,0.0,0,0.0
2026-07-03T14:50:00Z,27.7,86,25.1,1016.9,0.45,1.79,135,0.0,0.0,0,0.0
2026-07-03T15:00:00Z,27.6,86,25.0,1017.0,0.45,1.34,135,0.0,0.0,0,0.0
2026-07-03T15:10:00Z,27.5,86,24.9,1016.9,0.45,1.79,157,0.0,0.0,0,0.0
2026-07-03T15:20:00Z,27.3,86,24.7,1016.8,1.34,3.13,157,0.0,0.0,0,0.0
2026-07-03T15:30:00Z,27.2,87,24.8,1016.7,1.34,3.13,157,0.0,0.0,0,0.0
2026-07-03T15:40:00Z,27.2,87,24.8,1016.7,1.34,4.02,157,0.0,0.0,0,0.0
2026-07-03T15:50:00Z,27.2,87,24.8,1016.8,0.45,2.24,157,0.0,0.0,0,0.0
2026-07-03T16:00:00Z,27.2,87,24.8,1016.7,0.45,2.24,157,0.0,0.0,0,0.0
2026-07-03T16:10:00Z,27.1,87,24.7,1016.7,0.45,2.24,157,0.0,0.0,0,0.0
2026-07-03T16:20:00Z,27.1,87,24.7,1016.4,0.89,3.13,157,0.0,0.0,0,0.0
2026-07-03T16:30:00Z,27.0,87,24.6,1016.3,1.34,3.58,157,0.0,0.0,0,0.0
2026-07-03T16:40:00Z,26.9,87,24.6,1016.4,0.89,3.13,157,0.0,0.0,0,0.0
2026-07-03T16:50:00Z,26.9,87,24.6,1016.4,0.45,3.13,157,0.0,0.0,0,0.0
2026-07-03T17:00:00Z,26.8,87,24.5,1016.3,0.45,2.24,157,0.0,0.0,0,0.0
2026-07-03T17:10:00Z,26.8,87,24.5,1016.2,0.0,1.79,157,0.0,0.0,0,0.0
2026-07-03T17:20:00Z,26.7,88,24.5,1016.2,0.45,2.24,135,0.0,0.0,0,0.0
2026-07-03T17:30:00Z,26.7,88,24.5,1016.2,0.45,3.58,135,0.0,0.0,0,0.0
2026-07-03T17:40:00Z,26.7,88,24.5,1016.2,0.89,2.68,157,0.0,0.0,0,0.0
2026-07-03T17:50:00Z,26.7,88,24.5,1016.3,0.45,2.24,157,0.0,0.0,0,0.0
2026-07-03T18:00:00Z,26.6,88,24.4,1016.2,0.0,1.79,157,0.0,0.0,0,0.0
2026-07-03T18:10:00Z,26.6,88,24.4,1016.2,1.34,2.68,157,0.0,0.0,0,0.0
2026-07-03T18:20:00Z,26.5,88,24.3,1016.1,1.34,2.68,157,0.0,0.0,0,0.0
2026-07-03T18:30:00Z,26.5,88,24.3,1016.1,0.45,2.68,157,0.0,0.0,0,0.0
2026-07-03T18:40:00Z,26.4,88,24.2,1016.0,0.45,2.68,157,0.0,0.0,0,0.0
2026-07-03T18:50:00Z,26.4,88,24.2,1016.0,0.45,2.24,157,0.0,0.0,0,0.0
2026-07-03T19:00:00Z,26.3,88,24.2,1015.9,0.0,1.79,157,0.0,0.0,0,0.0
2026-07-03T19:10:00Z,26.3,88,24.2,1015.8,0.45,1.79,135,0.0,0.0,0,0.0
2026-07-03T19:20:00Z,26.3,88,24.2,1015.8,0.45,1.34,180,0.0,0.0,0,0.0
2026-07-03T19:30:00Z,26.3,88,24.2,1015.8,0.45,2.24,180,0.0,0.0,0,0.0
2026-07-03T19:40:00Z,26.3,88,24.2,1015.6,0.45,2.68,135,0.0,0.0,0,0.0
2026-07-03T19:50:00Z,26.3,88,24.2,1015.7,0.45,2.24,157,0.0,0.0,0,0.0
2026-07-03T20:00:00Z,26.3,88,24.2,1015.9,0.89,3.58,157,0.0,0.0,0,0.0
2026-07-03T20:10:00Z,26.3,88,24.2,1015.8,0.45,1.34,157,0.0,0.0,0,0.0
2026-07-03T20:20:00Z,26.3,88,24.2,1015.8,0.45,1.79,157,0.0,0.0,0,0.0
2026-07-03T20:30:00Z,26.3,88,24.2,1015.7,0.45,2.68,157,0.0,0.0,0,0.0
2026-07-03T20:40:00Z,26.3,88,24.2,1015.5,0.89,3.13,135,0.0,0.0,0,0.0
2026-07-03T20:50:00Z,26.3,88,24.2,1015.6,0.89,2.24,135,0.0,0.0,0,0.0
2026-07-03T21:00:00Z,26.3,88,24.2,1015.4,0.45,2.68,135,0.0,0.0,0,0.0
2026-07-03T21:10:00Z,26.4,88,24.2,1015.4,0.89,2.68,67,0.0,0.0,0,0.0
2026-07-03T21:20:00Z,26.6,88,24.4,1015.6,1.34,2.68,157,0.0,0.0,0,0.0
2026-07-03T21:30:00Z,26.7,88,24.5,1015.6,0.89,4.47,135,0.0,0.0,5,0.0
2026-07-03T21:40:00Z,26.8,87,24.5,1015.7,0.89,2.68,157,0.0,0.0,10,0.0
2026-07-03T21:50:00Z,26.9,87,24.6,1015.9,0.89,2.68,157,0.0,0.0,18,0.0
2026-07-03T22:00:00Z,27.2,86,24.7,1016.0,0.89,3.13,157,0.0,0.0,22,0.0
2026-07-03T22:10:00Z,27.3,86,24.7,1016.2,0.45,1.34,157,0.0,0.0,29,0.0
2026-07-03T22:20:00Z,27.3,86,24.7,1016.3,0.45,1.79,135,0.0,0.0,20,0.0
2026-07-03T22:30:00Z,27.5,86,24.9,1016.4,0.45,2.24,135,0.0,0.0,35,0.0
2026-07-03T22:40:00Z,28.0,86,25.4,1016.3,0.45,2.24,135,0.0,0.0,35,0.0
2026-07-03T22:50:00Z,28.5,85,25.7,1016.4,0.45,1.79,135,0.0,0.0,35,0.0
2026-07-03T23:00:00Z,29.0,83,25.8,1016.4,0.89,3.13,67,0.0,0.0,36,0.0
2026-07-03T23:10:00Z,29.4,82,26.0,1016.5,0.89,3.13,135,0.0,0.0,38,0.0
2026-07-03T23:20:00Z,29.8,81,26.2,1016.4,0.89,3.13,135,0.0,0.0,40,0.0
2026-07-03T23:30:00Z,30.1,81,26.5,1016.3,0.45,2.24,157,0.0,0.0,41,0.0
2026-07-03T23:40:00Z,30.4,80,26.6,1016.3,0.45,3.13,112,0.0,0.0,61,1.2
2026-07-03T23:50:00Z,30.6,80,26.8,1016.2,0.89,3.13,157,0.0,0.0,65,1.3
2026-07-04T00:00:00Z,30.6,79,26.5,1016.3,1.34,4.47,157,0.0,0.0,67,1.7
2026-07-04T00:10:00Z,30.3,79,26.2,1016.2,1.34,3.13,157,0.0,0.0,84,1.7
2026-07-04T00:20:00Z,30.2,79,26.2,1016.3,0.89,3.58,112,0.0,0.0,70,2.2
2026-07-04T00:30:00Z,30.1,78,25.8,1016.5,0.89,3.58,135,0.0,0.0,63,1.8
2026-07-04T00:40:00Z,30.7,78,26.4,1016.6,1.34,3.58,135,0.0,0.0,64,3.5
2026-07-04T00:50:00Z,31.1,76,26.4,1016.6,1.79,4.02,157,0.0,0.0,54,1.6
2026-07-04T01:00:00Z,31.4,77,26.9,1016.6,1.34,4.02,112,0.0,0.0,50,0.0
2026-07-04T01:10:00Z,31.6,75,26.6,1016.6,1.34,4.47,135,0.0,0.0,47,0.0
2026-07-04T01:20:00Z,31.7,76,26.9,1016.4,1.34,4.47,135,0.0,0.0,48,0.0
2026-07-04T01:30:00Z,31.8,75,26.8,1016.2,1.34,4.47,135,0.0,0.0,47,0.0
2026-07-04T01:40:00Z,31.9,71,26.0,1016.2,1.79,4.02,135,0.0,0.0,47,0.0
2026-07-04T01:50:00Z,32.3,72,26.6,1016.2,1.34,2.68,157,0.0,0.0,49,0.0
2026-07-04T02:00:00Z,32.4,71,26.5,1016.1,1.34,4.47,157,0.0,0.0,156,3.2
2026-07-04T02:10:00Z,32.6,73,27.1,1016.2,1.34,4.47,157,0.0,0.0,808,7.3
2026-07-04T02:20:00Z,32.6,74,27.4,1016.0,0.89,4.92,135,0.0,0.0,735,6.9
2026-07-04T02:30:00Z,32.3,75,27.3,1016.1,1.79,4.92,157,0.0,0.0,963,8.0
2026-07-04T02:40:00Z,32.3,73,26.8,1015.9,1.34,4.02,157,0.0,0.0,1001,7.6
2026-07-04T02:50:00Z,32.3,74,27.1,1015.6,1.34,4.02,157,0.0,0.0,432,6.7
2026-07-04T03:00:00Z,32.4,76,27.6,1015.6,0.89,4.02,135,0.0,0.0,923,8.5
2026-07-04T03:10:00Z,32.6,74,27.4,1015.5,1.34,5.36,90,0.0,0.0,611,8.6
2026-07-04T03:20:00Z,32.8,75,27.8,1015.6,0.89,3.58,157,0.0,0.0,937,9.7
2026-07-04T03:30:00Z,33.0,74,27.7,1015.4,1.34,4.92,112,0.0,0.0,944,8.7
2026-07-04T03:40:00Z,32.8,71,26.8,1015.4,1.79,4.92,135,0.0,0.0,1002,9.9
2026-07-04T03:50:00Z,32.9,71,26.9,1015.1,1.34,4.47,157,0.0,0.0,1039,10.2
2026-07-04T04:00:00Z,33.0,71,27.0,1015.0,1.79,4.47,157,0.0,0.0,1016,10.1
2026-07-04T04:10:00Z,33.1,70,26.9,1014.8,1.79,5.36,157,0.0,0.0,1013,10.1
2026-07-04T04:20:00Z,33.1,70,26.9,1014.7,1.79,5.36,157,0.0,0.0,1000,10.0
2026-07-04T04:30:00Z,33.2,71,27.2,1014.6,2.24,4.92,157,0.0,0.0,1006,10.0
2026-07-04T04:40:00Z,33.3,71,27.3,1014.5,1.34,4.47,135,0.0,0.0,1006,9.9
2026-07-04T04:50:00Z,33.3,70,27.1,1014.4,2.24,4.92,135,0.0,0.0,1000,9.7
2026-07-04T05:00:00Z,33.1,72,27.4,1014.2,2.24,6.26,135,0.0,0.0,994,9.5
2026-07-04T05:10:00Z,33.1,71,27.1,1014.1,1.79,4.92,157,0.0,0.0,986,9.3
2026-07-04T05:20:00Z,33.2,70,27.0,1014.3,1.79,4.92,157,0.0,0.0,975,9.0
2026-07-04T05:30:00Z,33.5,70,27.3,1014.2,1.79,4.47,67,0.0,0.0,966,8.8
2026-07-04T05:40:00Z,33.3,71,27.3,1014.1,2.24,5.36,135,0.0,0.0,952,8.5
2026-07-04T05:50:00Z,33.3,71,27.3,1014.2,2.24,4.47,135,0.0,0.0,935,8.1
2026-07-04T06:00:00Z,33.3,71,27.3,1014.1,1.34,4.02,157,0.0,0.0,921,7.7
2026-07-04T06:10:00Z,33.2,70,27.0,1013.9,1.79,4.47,157,0.0,0.0,901,7.3
2026-07-04T06:20:00Z,33.0,71,27.0,1013.9,2.24,5.36,135,0.0,0.0,883,6.9
2026-07-04T06:30:00Z,33.2,72,27.5,1014.1,1.34,4.92,112,0.0,0.0,858,6.5
2026-07-04T06:40:00Z,33.4,71,27.4,1014.1,1.34,5.36,157,0.0,0.0,836,6.0
2026-07-04T06:50:00Z,33.3,71,27.3,1014.0,1.79,4.47,135,0.0,0.0,814,5.6
2026-07-04T07:00:00Z,32.9,72,27.2,1013.8,2.24,4.92,157,0.0,0.0,786,5.1
2026-07-04T07:10:00Z,32.8,72,27.1,1014.0,1.79,4.92,157,0.0,0.0,759,4.7
2026-07-04T07:20:00Z,32.6,73,27.1,1014.0,2.24,4.92,135,0.0,0.0,732,4.3
2026-07-04T07:30:00Z,32.4,74,27.2,1013.9,1.79,5.81,157,0.0,0.0,701,3.8
2026-07-04T07:40:00Z,32.6,73,27.1,1013.9,1.79,4.92,157,0.0,0.0,670,3.4
2026-07-04T07:50:00Z,32.5,73,27.0,1014.1,1.79,5.81,135,0.0,0.0,640,3.0
2026-07-04T08:00:00Z,32.5,73,27.0,1013.9,1.34,4.47,135,0.0,0.0,616,2.7
2026-07-04T08:10:00Z,32.3,73,26.8,1014.0,1.79,4.47,135,0.0,0.0,579,2.3
2026-07-04T08:20:00Z,32.2,72,26.5,1013.7,2.24,4.47,135,0.0,0.0,539,2.0
2026-07-04T08:30:00Z,32.1,72,26.4,1013.7,1.79,4.47,135,0.0,0.0,507,1.7
2026-07-04T08:40:00Z,31.9,73,26.5,1013.8,1.79,4.92,157,0.0,0.0,474,1.4
2026-07-04T08:50:00Z,32.0,72,26.3,1014.0,1.34,3.13,135,0.0,0.0,438,1.2
2026-07-04T09:00:00Z,32.0,73,26.5,1014.0,0.89,3.13,135,0.0,0.0,400,0.9
2026-07-04T09:10:00Z,31.8,72,26.1,1014.2,0.89,3.58,135,0.0,0.0,359,0.7
2026-07-04T09:20:00Z,31.7,74,26.5,1014.2,0.89,3.13,135,0.0,0.0,321,0.6
2026-07-04T09:30:00Z,31.6,75,26.6,1014.2,0.89,2.68,157,0.0,0.0,280,0.1
2026-07-04T09:40:00Z,31.3,74,26.1,1014.0,0.89,3.13,157,0.0,0.0,235,0.0
2026-07-04T09:50:00Z,31.1,74,25.9,1014.2,0.89,2.24,157,0.0,0.0,187,0.0
2026-07-04T10:00:00Z,31.0,75,26.0,1014.2,0.45,1.79,157,0.0,0.0,143,0.0
2026-07-04T10:10:00Z,30.8,78,26.5,1014.3,0.89,3.58,135,0.0,0.0,102,0.0
2026-07-04T10:20:00Z,30.6,78,26.3,1014.4,0.0,1.34,135,0.0,0.0,45,0.0
2026-07-04T10:30:00Z,30.2,79,26.2,1014.4,0.45,1.79,135,0.0,0.0,25,0.0
2026-07-04T10:40:00Z,29.9,80,26.1,1014.5,0.45,1.79,135,0.0,0.0,7,0.0
2026-07-04T10:50:00Z,29.6,81,26.0,1014.6,0.45,1.79,157,0.0,0.0,0,0.0
2026-07-04T11:00:00Z,29.4,82,26.0,1014.4,0.0,1.34,157,0.0,0.0,0,0.0
2026-07-04T11:10:00Z,29.2,83,26.0,1014.3,0.45,1.79,157,0.0,0.0,0,0.0
2026-07-04T11:20:00Z,29.0,83,25.8,1014.2,0.45,1.34,135,0.0,0.0,0,0.0
2026-07-04T11:30:00Z,28.9,83,25.7,1014.3,0.0,1.34,135,0.0,0.0,0,0.0
2026-07-04T11:40:00Z,28.6,83,25.4,1014.3,0.0,1.34,135,0.0,0.0,0,0.0
2026-07-04T11:50:00Z,28.4,83,25.2,1014.5,0.0,1.34,135,0.0,0.0,0,0.0
2026-07-04T12:00:00Z,28.3,84,25.3,1014.6,0.0,1.34,135,0.0,0.0,0,0.0
2026-07-04T12:10:00Z,28.2,84,25.2,1014.8,0.45,1.79,135,0.0,0.0,0,0.0
2026-07-04T12:20:00Z,28.1,85,25.3,1014.9,0.45,1.34,157,0.0,0.0,0,0.0
2026-07-04T12:30:00Z,27.8,85,25.0,1015.1,0.45,2.24,157,0.0,0.0,0,0.0
2026-07-04T12:40:00Z,27.6,85,24.8,1015.0,0.45,1.79,157,0.0,0.0,0,0.0
2026-07-04T12:50:00Z,27.4,85,24.7,1015.2,0.89,3.13,157,0.0,0.0,0,0.0
2026-07-04T13:00:00Z,27.4,86,24.8,1015.1,0.45,1.34,157,0.0,0.0,0,0.0
2026-07-04T13:10:00Z,27.3,86,24.7,1015.2,0.89,3.13,157,0.0,0.0,0,0.0
2026-07-04T13:20:00Z,27.2,86,24.7,1015.3,1.34,1.79,157,0.0,0.0,0,0.0
2026-07-04T13:30:00Z,27.2,86,24.7,1015.6,0.45,2.68,157,0.0,0.0,0,0.0
2026-07-04T13:40:00Z,27.2,85,24.5,1015.4,0.45,1.79,157,0.0,0.0,0,0.0
2026-07-04T13:50:00Z,27.2,85,24.5,1015.6,0.45,1.79,157,0.0,0.0,0,0.0
2026-07-04T14:00:00Z,27.1,85,24.4,1015.6,0.45,1.79,157,0.0,0.0,0,0.0
2026-07-04T14:10:00Z,27.1,85,24.4,1015.9,0.89,1.79,157,0.0,0.0,0,0.0
2026-07-04T14:20:00Z,27.1,85,24.4,1015.9,0.89,3.58,157,0.0,0.0,0,0.0
2026-07-04T14:30:00Z,27.0,85,24.3,1015.7,0.89,2.68,157,0.0,0.0,0,0.0
2026-07-04T14:40:00Z,27.0,85,24.3,1015.8,0.89,2.68,157,0.0,0.0,0,0.0
2026-07-04T14:50:00Z,27.0,85,24.3,1015.8,0.89,2.68,157,0.0,0.0,0,0.0
2026-07-04T15:00:00Z,26.9,86,24.4,1015.7,0.89,3.13,157,0.0,0.0,0,0.0
2026-07-04T15:10:00Z,26.9,86,24.4,1015.8,0.45,2.68,157,0.0,0.0,0,0.0
2026-07-04T15:20:00Z,26.9,86,24.4,1015.8,0.89,2.68,157,0.0,0.0,0,0.0
2026-07-04T15:30:00Z,27.0,86,24.5,1015.8,0.89,3.13,157,0.0,0.0,0,0.0
2026-07-04T15:40:00Z,27.1,86,24.6,1015.8,0.89,2.24,157,0.0,0.0,0,0.0
2026-07-04T15:50:00Z,27.0,86,24.5,1015.6,0.89,3.13,157,0.0,0.0,0,0.0
2026-07-04T16:00:00Z,26.9,86,24.4,1015.6,0.45,2.68,157,0.0,0.0,0,0.0
2026-07-04T16:10:00Z,26.8,86,24.3,1015.4,0.89,2.68,157,0.0,0.0,0,0.0
2026-07-04T16:20:00Z,26.8,86,24.3,1015.4,0.89,2.68,157,0.0,0.0,0,0.0
2026-07-04T16:30:00Z,26.7,87,24.4,1015.2,0.89,2.68,157,0.0,0.0,0,0.0
2026-07-04T16:40:00Z,26.7,87,24.4,1015.2,0.45,1.79,157,0.0,0.0,0,0.0
2026-07-04T16:50:00Z,26.6,87,24.3,1015.0,0.89,2.68,157,0.0,0.0,0,0.0
2026-07-04T17:00:00Z,26.6,87,24.3,1014.9,0.45,2.24,157,0.0,0.0,0,0.0
2026-07-04T17:10:00Z,26.6,87,24.3,1014.7,0.89,2.24,157,0.0,0.0,0,0.0
2026-07-04T17:20:00Z,26.5,88,24.3,1014.6,0.45,2.24,157,0.0,0.0,0,0.0
2026-07-04T17:30:00Z,26.4,88,24.2,1014.6,0.45,2.24,157,0.0,0.0,0,0.0
2026-07-04T17:40:00Z,26.4,88,24.2,1014.7,0.89,2.24,157,0.0,0.0,0,0.0
2026-07-04T17:50:00Z,26.4,88,24.2,1014.5,0.45,1.34,157,0.0,0.0,0,0.0
2026-07-04T18:00:00Z,26.4,88,24.2,1014.5,0.0,0.0,,0.0,0.0,0,0.0
2026-07-04T18:10:00Z,26.4,88,24.2,1014.5,0.45,2.24,157,0.0,0.0,0,0.0
2026-07-04T18:20:00Z,26.3,88,24.2,1014.6,0.45,2.24,157,0.0,0.0,0,0.0
2026-07-04T18:30:00Z,26.4,88,24.2,1014.6,1.34,2.68,157,0.0,0.0,0,0.0
2026-07-04T18:40:00Z,26.4,88,24.2,1014.5,0.45,2.24,157,0.0,0.0,0,0.0
2026-07-04T18:50:00Z,26.3,88,24.2,1014.6,0.0,0.45,157,0.0,0.0,0,0.0
2026-07-04T19:00:00Z,26.3,88,24.2,1014.5,0.0,0.0,,0.0,0.0,0,0.0
2026-07-04T19:10:00Z,26.3,88,24.2,1014.5,0.0,0.0,,0.0,0.0,0,0.0
2026-07-04T19:20:00Z,26.3,89,24.3,1014.6,0.0,0.0,,0.0,0.0,0,0.0
2026-07-04T19:30:00Z,26.3,89,24.3,1014.6,0.0,0.0,,0.0,0.0,0,0.0
2026-07-04T19:40:00Z,26.2,89,24.2,1014.6,0.0,0.0,,0.0,0.0,0,0.0
2026-07-04T19:50:00Z,26.3,89,24.3,1014.6,0.0,0.0,,0.0,0.0,0,0.0
2026-07-04T20:00:00Z,26.2,89,24.2,1014.7,0.0,0.0,,0.0,0.0,0,0.0
2026-07-04T20:10:00Z,26.2,89,24.2,1014.7,0.0,0.0,,0.0,0.0,0,0.0
2026-07-04T20:20:00Z,26.2,89,24.2,1014.7,0.0,0.0,,0.0,0.0,0,0.0
2026-07-04T20:30:00Z,26.2,89,24.2,1014.7,0.0,0.0,,0.0,0.0,0,0.0
2026-07-04T20:40:00Z,26.2,89,24.2,1015.0,0.0,0.0,,0.0,0.0,0,0.0
2026-07-04T20:50:00Z,26.2,89,24.2,1015.1,0.0,0.0,,0.0,0.0,0,0.0
2026-07-04T21:00:00Z,26.2,89,24.2,1015.1,0.0,0.45,157,0.0,0.0,0,0.0
2026-07-04T21:10:00Z,26.2,89,24.2,1015.3,0.0,0.0,,0.0,0.0,0,0.0
2026-07-04T21:20:00Z,26.1,89,24.1,1015.4,0.0,0.0,,0.0,0.0,0,0.0
2026-07-04T21:30:00Z,26.1,89,24.1,1015.4,0.0,0.0,,0.0,0.0,5,0.0
2026-07-04T21:40:00Z,26.1,89,24.1,1015.5,0.0,1.34,157,0.0,0.0,10,0.0
2026-07-04T21:50:00Z,26.2,89,24.2,1015.6,0.0,0.45,157,0.0,0.0,15,0.0
2026-07-04T22:00:00Z,26.2,89,24.2,1015.7,0.0,0.0,,0.0,0.0,17,0.0
2026-07-04T22:10:00Z,26.4,89,24.4,1015.9,0.0,0.89,135,0.0,0.0,23,0.0
2026-07-04T22:20:00Z,26.6,89,24.6,1015.9,0.0,0.45,135,0.0,0.0,30,0.0
2026-07-04T22:30:00Z,26.9,89,24.9,1015.9,0.0,0.0,,0.0,0.0,41,0.0
2026-07-04T22:40:00Z,27.4,89,25.4,1016.0,0.0,1.34,135,0.0,0.0,38,0.0
2026-07-04T22:50:00Z,28.0,87,25.6,1016.1,0.0,0.89,135,0.0,0.0,38,0.0
2026-07-04T23:00:00Z,28.7,86,26.1,1016.2,0.45,2.24,135,0.0,0.0,37,0.0
2026-07-04T23:10:00Z,29.3,84,26.3,1016.0,0.45,1.79,135,0.0,0.0,37,0.0
2026-07-04T23:20:00Z,29.8,82,26.4,1016.1,0.45,3.58,112,0.0,0.0,37,0.0
2026-07-04T23:30:00Z,30.2,80,26.4,1016.1,0.45,2.68,112,0.0,0.0,38,0.0
2026-07-04T23:40:00Z,30.4,79,26.3,1016.0,0.89,3.58,90,0.0,0.0,39,0.0
2026-07-04T23:50:00Z,30.4,79,26.3,1015.9,0.89,2.68,135,0.0,0.0,40,0.0
2026-07-05T00:00:00Z,30.8,79,26.7,1015.7,0.45,2.24,135,0.0,0.0,40,0.0
2026-07-05T00:10:00Z,31.1,78,26.8,1015.5,0.89,2.68,157,0.0,0.0,42,0.0
2026-07-05T00:20:00Z,31.3,77,26.8,1015.8,0.45,2.24,90,0.0,0.0,52,0.7
2026-07-05T00:30:00Z,31.7,75,26.7,1015.7,0.45,3.13,90,0.0,0.0,75,3.1
2026-07-05T00:40:00Z,31.9,75,26.9,1015.9,0.89,3.58,135,0.0,0.0,78,3.4
2026-07-05T00:50:00Z,31.9,75,26.9,1015.7,0.89,3.58,90,0.0,0.0,61,2.5
2026-07-05T01:00:00Z,31.8,76,27.0,1015.7,1.34,4.02,157,0.0,0.0,56,2.4
2026-07-05T01:10:00Z,31.8,74,26.6,1015.5,0.89,4.02,135,0.0,0.0,89,4.6
2026-07-05T01:20:00Z,32.1,73,26.6,1015.6,0.89,3.13,90,0.0,0.0,118,5.1
2026-07-05T01:30:00Z,32.4,72,26.7,1015.6,0.89,4.02,67,0.0,0.0,159,5.6
2026-07-05T01:40:00Z,32.2,72,26.5,1015.4,1.79,4.47,157,0.0,0.0,179,6.2
2026-07-05T01:50:00Z,32.7,71,26.7,1015.5,0.45,3.58,67,0.0,0.0,171,6.6
2026-07-05T02:00:00Z,32.7,72,27.0,1015.5,0.89,2.68,112,0.0,0.0,202,6.2
2026-07-05T02:10:00Z,32.9,70,26.7,1015.5,0.89,3.13,135,0.0,0.0,824,7.1
2026-07-05T02:20:00Z,32.9,70,26.7,1015.4,1.34,3.58,135,0.0,0.0,832,7.4
2026-07-05T02:30:00Z,32.9,69,26.5,1015.2,0.89,2.68,135,0.0,0.0,866,7.8
2026-07-05T02:40:00Z,33.2,69,26.7,1015.3,0.89,3.58,90,0.0,0.0,910,8.1
2026-07-05T02:50:00Z,33.4,67,26.4,1015.1,0.45,3.58,135,0.0,0.0,943,8.3
2026-07-05T03:00:00Z,33.4,66,26.2,1014.9,0.45,1.79,157,0.0,0.0,954,8.7
2026-07-05T03:10:00Z,33.6,66,26.4,1015.0,0.45,2.24,247,0.0,0.0,969,9.0
2026-07-05T03:20:00Z,33.7,65,26.2,1014.9,0.89,4.02,112,0.0,0.0,982,9.2
2026-07-05T03:30:00Z,33.7,65,26.2,1014.7,0.89,3.13,180,0.0,0.0,991,9.4
2026-07-05T03:40:00Z,33.8,63,25.8,1014.8,0.89,4.02,135,0.0,0.0,997,9.5
2026-07-05T03:50:00Z,33.7,67,26.7,1014.6,0.89,3.58,135,0.0,0.0,1007,9.6
2026-07-05T04:00:00Z,33.7,64,25.9,1014.4,1.34,4.02,112,0.0,0.0,1010,9.7
2026-07-05T04:10:00Z,33.8,67,26.8,1014.4,0.45,3.13,135,0.0,0.0,1016,9.7
2026-07-05T04:20:00Z,33.9,66,26.7,1014.3,0.89,3.58,135,0.0,0.0,1013,9.7
2026-07-05T04:30:00Z,33.9,68,27.2,1014.1,0.89,4.02,135,0.0,0.0,1008,9.6
2026-07-05T04:40:00Z,34.0,67,27.0,1014.0,0.89,2.24,112,0.0,0.0,1009,9.6
2026-07-05T04:50:00Z,33.9,67,26.9,1014.1,0.89,4.47,135,0.0,0.0,1001,9.5
2026-07-05T05:00:00Z,33.8,67,26.8,1013.8,0.89,4.47,135,0.0,0.0,1006,8.4
2026-07-05T05:10:00Z,33.8,68,27.1,1013.8,0.89,4.02,135,0.0,0.0,986,9.1
2026-07-05T05:20:00Z,34.1,70,27.8,1013.9,0.45,1.79,135,0.0,0.0,986,8.9
2026-07-05T05:30:00Z,34.2,67,27.2,1013.8,0.89,3.58,135,0.0,0.0,970,8.6
2026-07-05T05:40:00Z,34.3,67,27.3,1013.6,0.45,2.24,135,0.0,0.0,949,8.3
2026-07-05T05:50:00Z,34.6,66,27.3,1013.4,0.45,2.24,315,0.0,0.0,934,8.0
2026-07-05T06:00:00Z,34.8,65,27.2,1013.7,0.89,4.02,90,0.0,0.0,918,7.7
2026-07-05T06:10:00Z,34.4,67,27.4,1013.5,0.89,3.13,90,0.0,0.0,901,7.3
2026-07-05T06:20:00Z,34.2,66,26.9,1013.3,0.89,4.47,112,0.0,0.0,880,6.9
2026-07-05T06:30:00Z,34.3,66,27.0,1013.4,0.45,3.13,270,0.0,0.0,859,6.5
2026-07-05T06:40:00Z,34.3,68,27.5,1013.3,0.45,2.68,270,0.0,0.0,837,6.0
2026-07-05T06:50:00Z,34.4,67,27.4,1013.0,0.45,3.13,270,0.0,0.0,812,5.6
2026-07-05T07:00:00Z,34.3,66,27.0,1013.0,0.89,2.68,90,0.0,0.0,785,5.2
2026-07-05T07:10:00Z,34.4,67,27.4,1012.8,0.45,2.68,90,0.0,0.0,761,4.7
2026-07-05T07:20:00Z,34.4,67,27.4,1012.7,0.45,2.24,292,0.0,0.0,731,4.3
2026-07-05T07:30:00Z,34.1,68,27.3,1012.8,0.89,2.68,180,0.0,0.0,704,3.9
2026-07-05T07:40:00Z,33.7,68,27.0,1012.7,0.45,2.24,135,0.0,0.0,675,3.5
2026-07-05T07:50:00Z,33.6,68,26.9,1012.8,0.45,3.13,135,0.0,0.0,642,2.9
2026-07-05T08:00:00Z,33.6,70,27.4,1012.9,0.45,1.79,135,0.0,0.0,617,2.6
2026-07-05T08:10:00Z,33.7,69,27.2,1012.9,0.45,1.79,292,0.0,0.0,585,2.4
2026-07-05T08:20:00Z,33.4,71,27.4,1012.9,0.45,3.13,90,0.0,0.0,550,2.0
2026-07-05T08:30:00Z,33.3,70,27.1,1013.0,0.45,2.68,180,0.0,0.0,517,1.7
2026-07-05T08:40:00Z,33.2,71,27.2,1013.0,0.45,2.24,270,0.0,0.0,481,1.4
2026-07-05T08:50:00Z,32.9,71,26.9,1013.0,0.89,3.13,247,0.0,0.0,444,1.2
2026-07-05T09:00:00Z,32.9,70,26.7,1013.1,0.45,2.68,90,0.0,0.0,404,0.9
2026-07-05T09:10:00Z,32.8,72,27.1,1013.0,0.45,2.68,270,0.0,0.0,367,0.7
2026-07-05T09:20:00Z,32.4,73,26.9,1013.0,0.45,2.68,157,0.0,0.0,324,0.6
2026-07-05T09:30:00Z,32.3,73,26.8,1013.0,0.45,1.79,180,0.0,0.0,284,0.2
2026-07-05T09:40:00Z,32.2,74,27.0,1013.2,0.45,1.79,225,0.0,0.0,240,0.0
2026-07-05T09:50:00Z,32.0,74,26.8,1013.1,0.45,2.24,225,0.0,0.0,194,0.0
2026-07-05T10:00:00Z,31.7,75,26.7,1013.2,0.45,1.34,135,0.0,0.0,145,0.0
2026-07-05T10:10:00Z,31.6,75,26.6,1013.2,0.0,1.79,225,0.0,0.0,99,0.0
2026-07-05T10:20:00Z,31.3,76,26.6,1013.2,0.0,1.34,225,0.0,0.0,46,0.0
2026-07-05T10:30:00Z,31.1,77,26.6,1013.2,0.0,1.34,225,0.0,0.0,24,0.0
2026-07-05T10:40:00Z,30.6,79,26.5,1013.3,0.45,1.79,225,0.0,0.0,5,0.0
2026-07-05T10:50:00Z,30.1,79,26.1,1013.3,0.45,1.34,225,0.0,0.0,0,0.0
2026-07-05T11:00:00Z,29.7,81,26.1,1013.3,0.45,1.34,225,0.0,0.0,0,0.0
2026-07-05T11:10:00Z,29.4,82,26.0,1013.5,0.45,1.79,225,0.0,0.0,0,0.0
2026-07-05T11:20:00Z,29.2,82,25.8,1013.5,0.0,1.34,225,0.0,0.0,0,0.0
2026-07-05T11:30:00Z,29.0,83,25.8,1013.7,0.0,1.34,225,0.0,0.0,0,0.0
2026-07-05T11:40:00Z,28.7,83,25.5,1013.7,0.0,0.89,225,0.0,0.0,0,0.0
2026-07-05T11:50:00Z,28.3,84,25.3,1013.7,0.45,1.79,225,0.0,0.0,0,0.0
2026-07-05T12:00:00Z,28.0,85,25.2,1013.9,0.45,1.79,225,0.0,0.0,0,0.0
2026-07-05T12:10:00Z,27.8,85,25.0,1014.0,0.45,1.34,225,0.0,0.0,0,0.0
2026-07-05T12:20:00Z,27.6,86,25.0,1014.0,0.45,1.79,225,0.0,0.0,0,0.0
2026-07-05T12:30:00Z,27.4,86,24.8,1014.2,0.89,2.24,225,0.0,0.0,0,0.0
2026-07-05T12:40:00Z,27.3,86,24.7,1014.3,0.45,2.24,225,0.0,0.0,0,0.0
2026-07-05T12:50:00Z,27.3,86,24.7,1014.3,0.89,2.24,225,0.0,0.0,0,0.0
2026-07-05T13:00:00Z,27.3,86,24.7,1014.3,0.89,2.68,225,0.0,0.0,0,0.0
2026-07-05T13:10:00Z,27.2,86,24.7,1014.8,0.89,2.24,202,0.0,0.0,0,0.0
2026-07-05T13:20:00Z,27.2,86,24.7,1014.8,0.45,1.79,202,0.0,0.0,0,0.0
2026-07-05T13:30:00Z,27.1,86,24.6,1015.0,0.89,2.68,202,0.0,0.0,0,0.0
2026-07-05T13:40:00Z,26.9,86,24.4,1015.1,0.45,1.34,202,0.0,0.0,0,0.0
2026-07-05T13:50:00Z,26.9,86,24.4,1015.0,0.45,1.34,202,0.0,0.0,0,0.0
2026-07-05T14:00:00Z,26.8,86,24.3,1015.1,0.89,2.24,202,0.0,0.0,0,0.0
2026-07-05T14:10:00Z,26.7,86,24.2,1015.2,0.89,1.79,202,0.0,0.0,0,0.0
2026-07-05T14:20:00Z,26.7,86,24.2,1015.0,0.89,2.24,202,0.0,0.0,0,0.0
2026-07-05T14:30:00Z,26.5,86,24.0,1015.0,0.45,1.79,202,0.0,0.0,0,0.0
2026-07-05T14:40:00Z,26.4,86,23.9,1015.0,0.89,1.79,202,0.0,0.0,0,0.0
2026-07-05T14:50:00Z,26.4,86,23.9,1014.9,0.89,1.79,202,0.0,0.0,0,0.0
2026-07-05T15:00:00Z,26.3,86,23.8,1014.8,0.89,2.24,202,0.0,0.0,0,0.0
2026-07-05T15:10:00Z,26.3,86,23.8,1014.7,0.45,1.79,202,0.0,0.0,0,0.0
2026-07-05T15:20:00Z,26.2,86,23.7,1014.6,0.45,1.79,202,0.0,0.0,0,0.0
2026-07-05T15:30:00Z,26.1,86,23.6,1014.6,0.45,1.79,202,0.0,0.0,0,0.0
2026-07-05T15:40:00Z,26.1,87,23.8,1014.6,0.45,1.79,202,0.0,0.0,0,0.0
2026-07-05T15:50:00Z,26.1,87,23.8,1014.5,0.45,1.79,202,0.0,0.0,0,0.0
2026-07-05T16:00:00Z,26.0,87,23.7,1014.3,0.45,1.79,202,0.0,0.0,0,0.0
2026-07-05T16:10:00Z,25.9,87,23.6,1014.2,0.89,2.24,202,0.0,0.0,0,0.0
2026-07-05T16:20:00Z,25.8,87,23.5,1014.1,0.45,1.79,202,0.0,0.0,0,0.0
2026-07-05T16:30:00Z,25.8,87,23.5,1014.1,0.45,1.79,202,0.0,0.0,0,0.0
2026-07-05T16:40:00Z,25.8,87,23.5,1013.9,0.45,1.79,202,0.0,0.0,0,0.0
2026-07-05T16:50:00Z,25.8,87,23.5,1013.7,0.89,2.24,202,0.0,0.0,0,0.0
2026-07-05T17:00:00Z,25.7,88,23.6,1013.6,0.89,2.68,202,0.0,0.0,0,0.0
2026-07-05T17:10:00Z,25.7,87,23.4,1013.7,0.45,1.79,202,0.0,0.0,0,0.0
2026-07-05T17:20:00Z,25.7,87,23.4,1013.5,0.45,1.79,202,0.0,0.0,0,0.0
2026-07-05T17:30:00Z,25.6,87,23.3,1013.5,0.89,2.24,202,0.0,0.0,0,0.0
2026-07-05T17:40:00Z,25.6,87,23.3,1013.5,0.89,2.68,180,0.0,0.0,0,0.0
2026-07-05T17:50:00Z,25.5,86,23.0,1013.6,0.45,2.24,180,0.0,0.0,0,0.0
2026-07-05T18:00:00Z,25.6,86,23.1,1013.4,0.89,2.24,180,0.0,0.0,0,0.0
2026-07-05T18:10:00Z,25.6,86,23.1,1013.5,0.89,2.24,180,0.0,0.0,0,0.0
2026-07-05T18:20:00Z,25.5,86,23.0,1013.4,0.45,1.79,180,0.0,0.0,0,0.0
2026-07-05T18:30:00Z,25.5,86,23.0,1013.3,0.45,2.24,180,0.0,0.0,0,0.0
2026-07-05T18:40:00Z,25.6,86,23.1,1013.2,0.89,2.24,180,0.0,0.0,0,0.0
2026-07-05T18:50:00Z,25.5,86,23.0,1013.4,0.89,2.68,180,0.0,0.0,0,0.0
2026-07-05T19:00:00Z,25.4,86,22.9,1013.3,0.89,3.58,180,0.0,0.0,0,0.0
2026-07-05T19:10:00Z,25.6,86,23.1,1013.4,0.45,3.58,135,0.0,0.0,0,0.0
2026-07-05T19:20:00Z,25.6,86,23.1,1013.3,0.89,1.79,157,0.0,0.0,0,0.0
2026-07-05T19:30:00Z,25.5,86,23.0,1013.3,0.89,3.13,157,0.0,0.0,0,0.0
2026-07-05T19:40:00Z,25.4,86,22.9,1013.4,0.45,2.24,157,0.0,0.0,0,0.0
2026-07-05T19:50:00Z,25.4,86,22.9,1013.5,0.45,1.79,157,0.0,0.0,0,0.0
2026-07-05T20:00:00Z,25.6,86,23.1,1013.6,0.89,2.68,157,0.0,0.0,0,0.0
2026-07-05T20:10:00Z,25.5,86,23.0,1013.6,1.34,3.58,157,0.0,0.0,0,0.0
2026-07-05T20:20:00Z,25.5,86,23.0,1013.5,1.34,3.13,157,0.0,0.0,0,0.0
2026-07-05T20:30:00Z,25.4,86,22.9,1013.5,0.89,3.13,157,0.0,0.0,0,0.0
2026-07-05T20:40:00Z,25.4,87,23.1,1013.5,0.89,2.68,157,0.0,0.0,0,0.0
2026-07-05T20:50:00Z,25.4,87,23.1,1013.3,0.89,2.24,157,0.0,0.0,0,0.0
2026-07-05T21:00:00Z,25.4,87,23.1,1013.3,0.89,2.24,135,0.0,0.0,0,0.0
2026-07-05T21:10:00Z,25.5,87,23.2,1013.5,0.89,3.58,135,0.0,0.0,0,0.0
2026-07-05T21:20:00Z,25.5,87,23.2,1013.7,1.34,3.58,135,0.0,0.0,0,0.0
2026-07-05T21:30:00Z,25.5,87,23.2,1013.7,0.89,2.24,157,0.0,0.0,5,0.0
2026-07-05T21:40:00Z,25.5,87,23.2,1013.7,0.89,2.24,157,0.0,0.0,10,0.0
2026-07-05T21:50:00Z,25.7,88,23.6,1013.9,0.89,3.13,157,0.0,0.0,16,0.0
2026-07-05T22:00:00Z,26.0,87,23.7,1014.0,1.34,3.13,157,0.0,0.0,22,0.0
2026-07-05T22:10:00Z,26.3,87,24.0,1014.1,1.34,3.13,157,0.0,0.0,38,0.0
2026-07-05T22:20:00Z,26.7,86,24.2,1014.1,1.34,2.68,157,0.0,0.0,69,0.0
2026-07-05T22:30:00Z,27.1,86,24.6,1014.0,0.89,3.13,157,0.0,0.0,84,0.0
2026-07-05T22:40:00Z,27.5,85,24.7,1014.0,0.89,2.24,135,0.0,0.0,45,0.0
2026-07-05T22:50:00Z,28.1,84,25.1,1014.1,0.89,4.02,90,0.0,0.0,36,0.0
2026-07-05T23:00:00Z,28.4,83,25.2,1014.2,0.45,2.68,90,0.0,0.0,35,0.0
2026-07-05T23:10:00Z,29.1,83,25.9,1014.3,0.45,1.79,90,0.0,0.0,35,0.0
2026-07-05T23:20:00Z,29.6,81,26.0,1014.4,0.45,3.13,90,0.0,0.0,37,0.0
2026-07-05T23:30:00Z,29.9,80,26.1,1014.5,1.34,4.02,67,0.0,0.0,37,0.0
2026-07-05T23:40:00Z,30.2,80,26.4,1014.5,0.89,3.13,90,0.0,0.0,38,0.0
2026-07-05T23:50:00Z,30.5,79,26.4,1014.5,1.34,4.02,90,0.0,0.0,44,0.0
2026-07-06T00:00:00Z,30.8,77,26.3,1014.5,1.34,4.02,90,0.0,0.0,53,0.6
2026-07-06T00:10:00Z,30.8,76,26.1,1014.5,0.89,3.13,90,0.0,0.0,48,0.0
2026-07-06T00:20:00Z,30.8,77,26.3,1014.6,1.34,3.58,112,0.0,0.0,49,0.2
2026-07-06T00:30:00Z,31.2,77,26.7,1014.6,0.89,3.58,90,0.0,0.0,45,0.0
2026-07-06T00:40:00Z,31.4,75,26.4,1014.5,0.89,3.13,112,0.0,0.0,46,0.0
2026-07-06T00:50:00Z,31.6,75,26.6,1014.6,0.89,2.68,90,0.0,0.0,44,0.0
2026-07-06T01:00:00Z,31.8,75,26.8,1014.4,0.89,2.68,112,0.0,0.0,46,0.0
2026-07-06T01:10:00Z,32.1,75,27.1,1014.3,0.89,3.13,112,0.0,0.0,59,2.9
2026-07-06T01:20:00Z,32.3,75,27.3,1014.3,0.89,3.58,135,0.0,0.0,64,5.1
2026-07-06T01:30:00Z,32.7,72,27.0,1014.0,0.89,3.58,90,0.0,0.0,69,5.6
2026-07-06T01:40:00Z,32.8,73,27.3,1013.9,0.89,4.47,90,0.0,0.0,96,6.1
2026-07-06T01:50:00Z,32.6,70,26.4,1014.0,0.89,4.47,135,0.0,0.0,117,6.2
2026-07-06T02:00:00Z,32.6,69,26.2,1014.0,1.34,3.58,135,0.0,0.0,189,6.5
2026-07-06T02:10:00Z,32.8,68,26.1,1014.0,0.89,3.58,135,0.0,0.0,825,7.3
2026-07-06T02:20:00Z,33.0,69,26.6,1014.1,0.89,3.13,292,0.0,0.0,840,7.7
2026-07-06T02:30:00Z,33.3,67,26.3,1013.8,0.45,3.13,135,0.0,0.0,864,8.1
2026-07-06T02:40:00Z,33.5,68,26.8,1013.7,0.89,3.58,202,0.0,0.0,908,8.4
2026-07-06T02:50:00Z,33.6,68,26.9,1013.4,1.34,3.58,67,0.0,0.0,947,8.7
2026-07-06T03:00:00Z,33.3,69,26.8,1013.3,1.34,4.02,135,0.0,0.0,964,9.0
2026-07-06T03:10:00Z,33.4,67,26.4,1013.4,1.34,4.02,135,0.0,0.0,982,9.2
2026-07-06T03:20:00Z,33.5,67,26.5,1013.3,1.34,3.58,135,0.0,0.0,992,9.5
2026-07-06T03:30:00Z,33.8,68,27.1,1013.4,0.89,4.47,157,0.0,0.0,1009,9.7
2026-07-06T03:40:00Z,33.5,69,27.0,1013.2,1.34,4.92,135,0.0,0.0,1024,9.8
2026-07-06T03:50:00Z,33.5,69,27.0,1013.2,0.89,3.58,112,0.0,0.0,1035,9.3
2026-07-06T04:00:00Z,33.4,67,26.4,1013.2,0.89,2.68,112,0.0,0.0,762,7.6
2026-07-06T04:10:00Z,33.2,71,27.2,1013.1,0.45,2.24,112,0.0,0.0,509,7.0
2026-07-06T04:20:00Z,33.6,71,27.6,1013.0,0.45,3.13,270,0.0,0.0,1104,9.0
2026-07-06T04:30:00Z,33.5,70,27.3,1012.9,0.45,1.79,67,0.0,0.0,756,7.8
2026-07-06T04:40:00Z,33.8,71,27.8,1012.9,0.45,2.68,67,0.0,0.0,837,9.0
2026-07-06T04:50:00Z,34.1,70,27.8,1012.9,0.45,3.13,270,0.0,0.0,1057,10.1
2026-07-06T05:00:00Z,34.3,67,27.3,1012.8,0.89,3.58,247,0.0,0.0,1082,9.6
2026-07-06T05:10:00Z,34.4,66,27.1,1012.7,0.89,4.02,247,0.0,0.0,1097,9.5
2026-07-06T05:20:00Z,34.3,66,27.0,1012.8,1.34,3.58,247,0.0,0.0,983,9.2
2026-07-06T05:30:00Z,34.4,64,26.6,1012.7,0.89,3.58,270,0.0,0.0,978,9.0
2026-07-06T05:40:00Z,34.2,65,26.7,1012.6,0.89,3.13,270,0.0,0.0,959,8.7
2026-07-06T05:50:00Z,34.4,65,26.9,1012.7,0.89,4.02,270,0.0,0.0,934,8.3
2026-07-06T06:00:00Z,34.6,67,27.6,1012.7,0.45,2.68,270,0.0,0.0,919,7.9
2026-07-06T06:10:00Z,34.8,66,27.5,1012.6,0.45,2.68,270,0.0,0.0,896,7.5
2026-07-06T06:20:00Z,34.7,67,27.7,1012.6,0.45,3.13,90,0.0,0.0,908,6.9
2026-07-06T06:30:00Z,34.5,68,27.7,1012.5,0.45,2.68,67,0.0,0.0,864,6.4
2026-07-06T06:40:00Z,34.6,68,27.8,1012.4,0.45,3.13,90,0.0,0.0,864,5.7
2026-07-06T06:50:00Z,34.4,70,28.1,1012.5,0.89,3.13,270,0.0,0.0,812,5.3
2026-07-06T07:00:00Z,34.2,68,27.4,1012.6,0.89,3.58,270,0.0,0.0,704,4.6
2026-07-06T07:10:00Z,34.2,69,27.7,1012.5,0.89,3.13,247,0.0,0.0,697,4.2
2026-07-06T07:20:00Z,33.7,72,27.9,1012.5,0.89,3.13,225,0.0,0.0,558,3.7
2026-07-06T07:30:00Z,33.6,71,27.6,1012.5,0.45,3.58,225,0.0,0.0,472,3.3
2026-07-06T07:40:00Z,33.6,71,27.6,1012.5,0.45,3.13,135,0.0,0.0,264,2.5
2026-07-06T07:50:00Z,33.5,71,27.5,1012.5,0.45,1.79,225,0.0,0.0,244,2.2
2026-07-06T08:00:00Z,33.2,71,27.2,1012.4,0.45,3.13,202,0.0,0.0,188,1.8
2026-07-06T08:10:00Z,33.3,72,27.6,1012.4,0.45,2.24,135,0.0,0.0,623,2.3
2026-07-06T08:20:00Z,33.7,73,28.2,1012.4,0.45,1.79,247,0.0,0.0,614,2.0
2026-07-06T08:30:00Z,33.9,72,28.1,1012.4,0.45,3.13,247,0.0,0.0,597,1.7
2026-07-06T08:40:00Z,33.7,73,28.2,1012.5,0.89,3.58,292,0.0,0.0,530,1.4
2026-07-06T08:50:00Z,33.2,72,27.5,1012.4,0.89,3.58,247,0.0,0.0,482,1.2
2026-07-06T09:00:00Z,32.7,73,27.2,1012.4,0.89,4.02,247,0.0,0.0,431,0.9
2026-07-06T09:10:00Z,32.4,73,26.9,1012.4,0.89,3.58,247,0.0,0.0,364,0.7
2026-07-06T09:20:00Z,32.3,74,27.1,1012.5,0.89,2.68,247,0.0,0.0,322,0.6
2026-07-06T09:30:00Z,32.4,73,26.9,1012.5,0.0,1.79,247,0.0,0.0,279,0.1
2026-07-06T09:40:00Z,32.4,73,26.9,1012.3,0.45,1.79,247,0.0,0.0,234,0.0
2026-07-06T09:50:00Z,32.2,73,26.7,1012.4,0.45,1.79,247,0.0,0.0,189,0.0
2026-07-06T10:00:00Z,31.9,74,26.7,1012.4,0.45,1.34,247,0.0,0.0,144,0.0
2026-07-06T10:10:00Z,31.8,74,26.6,1012.6,0.45,1.34,247,0.0,0.0,100,0.0
2026-07-06T10:20:00Z,31.6,75,26.6,1012.6,0.45,1.79,247,0.0,0.0,49,0.0
2026-07-06T10:30:00Z,31.3,76,26.6,1012.6,0.45,1.79,247,0.0,0.0,26,0.0
2026-07-06T10:40:00Z,30.7,77,26.2,1012.6,0.45,1.79,247,0.0,0.0,6,0.0
2026-07-06T10:50:00Z,30.3,78,26.0,1012.7,0.0,1.34,225,0.0,0.0,0,0.0
2026-07-06T11:00:00Z,30.2,79,26.2,1012.8,0.0,0.89,225,0.0,0.0,0,0.0
2026-07-06T11:10:00Z,29.9,80,26.1,1012.9,0.0,0.89,225,0.0,0.0,0,0.0
2026-07-06T11:20:00Z,29.7,81,26.1,1013.0,0.45,1.79,225,0.0,0.0,0,0.0
2026-07-06T11:30:00Z,29.4,82,26.0,1013.1,0.0,0.89,225,0.0,0.0,0,0.0
2026-07-06T11:40:00Z,29.2,82,25.8,1012.9,0.0,1.34,225,0.0,0.0,0,0.0
2026-07-06T11:50:00Z,28.7,83,25.5,1013.1,0.45,1.34,225,0.0,0.0,0,0.0
2026-07-06T12:00:00Z,28.2,84,25.2,1013.1,0.89,2.68,225,0.0,0.0,0,0.0
2026-07-06T12:10:00Z,28.1,84,25.1,1013.3,0.45,2.24,180,0.0,0.0,0,0.0
2026-07-06T12:20:00Z,28.0,84,25.0,1013.3,0.45,2.24,180,0.0,0.0,0,0.0
2026-07-06T12:30:00Z,27.9,84,24.9,1013.4,0.45,2.24,180,0.0,0.0,0,0.0
2026-07-06T12:40:00Z,27.9,84,24.9,1013.3,0.45,1.34,180,0.0,0.0,0,0.0
2026-07-06T12:50:00Z,27.8,84,24.8,1013.3,0.45,1.34,180,0.0,0.0,0,0.0
2026-07-06T13:00:00Z,27.8,84,24.8,1013.6,0.89,1.79,180,0.0,0.0,0,0.0
2026-07-06T13:10:00Z,27.7,85,24.9,1013.5,0.45,1.79,180,0.0,0.0,0,0.0
2026-07-06T13:20:00Z,27.5,85,24.7,1013.6,0.45,1.34,180,0.0,0.0,0,0.0
2026-07-06T13:30:00Z,27.4,85,24.7,1013.8,0.45,2.24,180,0.0,0.0,0,0.0
2026-07-06T13:40:00Z,27.3,85,24.6,1013.9,0.45,2.24,180,0.0,0.0,0,0.0
2026-07-06T13:50:00Z,27.2,85,24.5,1013.9,0.45,1.79,180,0.0,0.0,0,0.0
2026-07-06T14:00:00Z,27.3,85,24.6,1014.0,0.89,2.24,180,0.0,0.0,0,0.0
2026-07-06T14:10:00Z,27.2,85,24.5,1013.9,0.45,1.79,180,0.0,0.0,0,0.0
2026-07-06T14:20:00Z,27.2,85,24.5,1013.9,0.45,1.79,180,0.0,0.0,0,0.0
2026-07-06T14:30:00Z,27.1,86,24.6,1013.6,0.89,2.24,180,0.0,0.0,0,0.0
2026-07-06T14:40:00Z,27.1,86,24.6,1013.7,0.45,1.79,180,0.0,0.0,0,0.0
2026-07-06T14:50:00Z,27.1,86,24.6,1013.6,0.45,1.79,180,0.0,0.0,0,0.0
2026-07-06T15:00:00Z,27.0,86,24.5,1013.5,0.45,1.79,180,0.0,0.0,0,0.0
2026-07-06T15:10:00Z,27.0,86,24.5,1013.4,0.45,1.79,180,0.0,0.0,0,0.0
2026-07-06T15:20:00Z,27.0,86,24.5,1013.3,0.89,2.68,180,0.0,0.0,0,0.0
2026-07-06T15:30:00Z,26.9,86,24.4,1013.3,0.45,2.68,180,0.0,0.0,0,0.0
2026-07-06T15:40:00Z,26.9,86,24.4,1013.3,0.45,1.79,180,0.0,0.0,0,0.0
2026-07-06T15:50:00Z,26.8,86,24.3,1013.2,0.45,2.24,180,0.0,0.0,0,0.0
2026-07-06T16:00:00Z,26.8,86,24.3,1013.2,0.45,2.24,180,0.0,0.0,0,0.0
2026-07-06T16:10:00Z,26.8,86,24.3,1013.1,0.45,2.24,180,0.0,0.0,0,0.0
2026-07-06T16:20:00Z,26.7,87,24.4,1013.2,0.45,2.24,180,0.0,0.0,0,0.0
2026-07-06T16:30:00Z,26.7,87,24.4,1013.0,0.45,1.34,180,0.0,0.0,0,0.0
2026-07-06T16:40:00Z,26.7,87,24.4,1013.0,0.45,2.24,180,0.0,0.0,0,0.0
2026-07-06T16:50:00Z,26.7,87,24.4,1012.9,0.45,2.24,180,0.0,0.0,0,0.0
2026-07-06T17:00:00Z,26.7,87,24.4,1012.9,0.89,2.24,180,0.0,0.0,0,0.0
2026-07-06T17:10:00Z,26.7,87,24.4,1012.9,0.45,2.68,180,0.0,0.0,0,0.0
2026-07-06T17:20:00Z,26.7,87,24.4,1012.8,0.45,2.24,180,0.0,0.0,0,0.0
2026-07-06T17:30:00Z,26.6,87,24.3,1012.9,0.89,2.68,180,0.0,0.0,0,0.0
2026-07-06T17:40:00Z,26.6,87,24.3,1012.8,0.89,3.13,180,0.0,0.0,0,0.0
2026-07-06T17:50:00Z,26.6,87,24.3,1013.0,0.89,2.68,180,0.0,0.0,0,0.0
2026-07-06T18:00:00Z,26.5,87,24.2,1013.0,1.34,2.68,180,0.0,0.0,0,0.0
2026-07-06T18:10:00Z,26.6,87,24.3,1013.0,0.89,3.13,180,0.0,0.0,0,0.0
2026-07-06T18:20:00Z,26.5,87,24.2,1012.8,0.89,3.13,180,0.0,0.0,0,0.0
2026-07-06T18:30:00Z,26.4,87,24.1,1013.0,0.89,2.68,157,0.0,0.0,0,0.0
2026-07-06T18:40:00Z,26.4,87,24.1,1012.9,0.89,2.68,157,0.0,0.0,0,0.0
2026-07-06T18:50:00Z,26.4,87,24.1,1012.9,0.45,2.24,157,0.0,0.0,0,0.0
2026-07-06T19:00:00Z,26.3,87,24.0,1012.8,0.89,2.24,157,0.0,0.0,0,0.0
2026-07-06T19:10:00Z,26.3,87,24.0,1012.8,0.89,2.24,157,0.0,0.0,0,0.0
2026-07-06T19:20:00Z,26.3,88,24.2,1012.8,0.89,2.24,180,0.0,0.0,0,0.0
2026-07-06T19:30:00Z,26.2,88,24.1,1012.7,0.45,3.58,157,0.0,0.0,0,0.0
2026-07-06T19:40:00Z,26.2,88,24.1,1012.9,0.89,3.58,157,0.0,0.0,0,0.0
2026-07-06T19:50:00Z,26.2,88,24.1,1013.0,0.89,2.24,157,0.0,0.0,0,0.0
2026-07-06T20:00:00Z,26.1,88,24.0,1013.0,0.89,3.13,157,0.0,0.0,0,0.0
2026-07-06T20:10:00Z,26.2,88,24.1,1012.9,0.89,2.24,157,0.0,0.0,0,0.0
2026-07-06T20:20:00Z,26.1,88,24.0,1013.0,1.34,2.68,157,0.0,0.0,0,0.0
2026-07-06T20:30:00Z,26.1,88,24.0,1013.0,1.34,2.68,157,0.0,0.0,0,0.0
2026-07-06T20:40:00Z,26.1,88,24.0,1013.1,0.89,2.68,157,0.0,0.0,0,0.0
2026-07-06T20:50:00Z,26.0,88,23.9,1013.1,0.89,2.68,157,0.0,0.0,0,0.0
2026-07-06T21:00:00Z,25.9,88,23.8,1013.1,0.45,2.68,157,0.0,0.0,0,0.0
2026-07-06T21:10:00Z,25.9,88,23.8,1013.3,0.45,2.24,157,0.0,0.0,0,0.0
2026-07-06T21:20:00Z,25.8,88,23.7,1013.3,0.45,3.13,157,0.0,0.0,0,0.0
2026-07-06T21:30:00Z,25.8,88,23.7,1013.3,1.34,2.24,157,0.0,0.0,5,0.0
2026-07-06T21:40:00Z,25.8,88,23.7,1013.3,1.34,2.24,157,0.0,0.0,10,0.0
2026-07-06T21:50:00Z,26.0,87,23.7,1013.4,1.34,2.68,157,0.0,0.0,15,0.0
2026-07-06T22:00:00Z,26.1,87,23.8,1013.5,1.34,2.24,157,0.0,0.0,24,0.0
2026-07-06T22:10:00Z,26.3,87,24.0,1013.5,0.89,2.24,157,0.0,0.0,69,0.0
2026-07-06T22:20:00Z,26.6,87,24.3,1013.6,0.89,3.13,157,0.0,0.0,96,0.0
2026-07-06T22:30:00Z,26.9,87,24.6,1013.8,0.89,2.24,157,0.0,0.0,88,0.0
2026-07-06T22:40:00Z,27.4,86,24.8,1013.7,0.89,2.68,157,0.0,0.0,43,0.0
2026-07-06T22:50:00Z,28.1,85,25.3,1013.6,0.45,2.24,157,0.0,0.0,33,0.0
2026-07-06T23:00:00Z,28.6,83,25.4,1013.5,0.89,2.68,157,0.0,0.0,33,0.0
2026-07-06T23:10:00Z,29.2,82,25.8,1013.5,0.45,2.24,157,0.0,0.0,35,0.0
2026-07-06T23:20:00Z,29.7,82,26.3,1013.3,0.45,2.24,157,0.0,0.0,37,0.0
2026-07-06T23:30:00Z,30.2,80,26.4,1013.3,0.45,2.24,157,0.0,0.0,38,0.0
2026-07-06T23:40:00Z,30.6,80,26.8,1013.5,0.45,2.24,157,0.0,0.0,39,0.0
2026-07-06T23:50:00Z,30.9,79,26.8,1013.6,0.89,2.68,157,0.0,0.0,52,0.3
2026-07-07T00:00:00Z,30.9,78,26.6,1013.6,0.45,2.24,157,0.0,0.0,71,1.6
2026-07-07T00:10:00Z,30.7,79,26.6,1013.4,0.45,1.79,157,0.0,0.0,108,1.6
2026-07-07T00:20:00Z,31.0,78,26.7,1013.3,0.89,2.68,157,0.0,0.0,87,2.7
2026-07-07T00:30:00Z,31.4,77,26.9,1013.3,0.89,3.13,157,0.0,0.0,91,3.1
2026-07-07T00:40:00Z,31.7,77,27.2,1013.3,0.89,3.13,135,0.0,0.0,98,3.5
2026-07-07T00:50:00Z,31.9,74,26.7,1013.4,0.45,2.24,157,0.0,0.0,64,2.9
2026-07-07T01:00:00Z,31.8,74,26.6,1013.3,0.45,2.24,225,0.0,0.0,73,3.9
2026-07-07T01:10:00Z,32.0,74,26.8,1013.4,0.45,2.24,202,0.0,0.0,75,4.7
2026-07-07T01:20:00Z,32.1,70,25.9,1013.5,0.45,1.79,202,0.0,0.0,85,5.2
2026-07-07T01:30:00Z,32.1,70,25.9,1013.4,0.89,2.24,225,0.0,0.0,107,5.4
2026-07-07T01:40:00Z,32.3,75,27.3,1013.5,0.89,3.58,225,0.0,0.0,98,6.1
2026-07-07T01:50:00Z,32.3,76,27.5,1013.5,0.89,4.02,292,0.0,0.0,142,6.2
2026-07-07T02:00:00Z,32.5,75,27.5,1013.3,0.89,3.58,292,0.0,0.0,149,7.1
2026-07-07T02:10:00Z,32.5,75,27.5,1013.2,0.89,3.13,270,0.0,0.0,723,5.8
2026-07-07T02:20:00Z,32.6,76,27.8,1013.1,0.89,3.13,292,0.0,0.0,698,6.1
2026-07-07T02:30:00Z,32.7,75,27.7,1013.0,0.89,4.02,292,0.0,0.0,800,7.5
2026-07-07T02:40:00Z,32.7,74,27.5,1012.9,1.34,3.58,292,0.0,0.0,934,8.5
2026-07-07T02:50:00Z,32.7,74,27.5,1012.8,1.34,3.58,292,0.0,0.0,936,8.7
2026-07-07T03:00:00Z,32.7,74,27.5,1012.7,0.89,4.02,247,0.0,0.0,948,9.0
2026-07-07T03:10:00Z,33.2,74,27.9,1012.7,0.89,3.13,247,0.0,0.0,982,9.4
2026-07-07T03:20:00Z,33.1,73,27.6,1012.6,1.34,3.58,247,0.0,0.0,985,9.6
2026-07-07T03:30:00Z,33.1,75,28.1,1012.7,1.34,4.02,270,0.0,0.0,1006,9.8
2026-07-07T03:40:00Z,33.2,74,27.9,1012.6,1.34,4.02,292,0.0,0.0,996,9.9
2026-07-07T03:50:00Z,33.3,74,28.0,1012.4,1.34,4.02,270,0.0,0.0,1013,10.1
2026-07-07T04:00:00Z,33.3,72,27.6,1012.1,1.34,3.58,247,0.0,0.0,1003,10.1
2026-07-07T04:10:00Z,33.5,74,28.2,1012.0,0.89,3.58,247,0.0,0.0,1002,10.1
2026-07-07T04:20:00Z,33.1,70,26.9,1011.9,1.79,4.47,247,0.0,0.0,997,10.1
2026-07-07T04:30:00Z,33.2,71,27.2,1011.8,1.34,4.02,247,0.0,0.0,1002,10.1
2026-07-07T04:40:00Z,33.6,73,28.1,1011.8,1.34,3.58,292,0.0,0.0,1002,9.8
2026-07-07T04:50:00Z,33.8,73,28.3,1011.9,1.34,4.47,292,0.0,0.0,1008,9.6
2026-07-07T05:00:00Z,33.8,73,28.3,1011.8,1.34,4.02,270,0.0,0.0,1044,8.8
2026-07-07T05:10:00Z,33.7,73,28.2,1011.9,1.79,4.02,247,0.0,0.0,1005,9.3
2026-07-07T05:20:00Z,33.8,72,28.0,1011.8,1.34,3.58,247,0.0,0.0,1007,9.1
2026-07-07T05:30:00Z,33.7,72,27.9,1011.7,1.34,4.47,270,0.0,0.0,967,8.8
2026-07-07T05:40:00Z,33.9,72,28.1,1011.5,1.34,4.02,292,0.0,0.0,948,8.5
2026-07-07T05:50:00Z,33.3,71,27.3,1011.4,1.79,5.36,270,0.0,0.0,940,8.1
2026-07-07T06:00:00Z,33.4,74,28.1,1011.3,1.34,4.02,292,0.0,0.0,912,7.7
2026-07-07T06:10:00Z,33.3,73,27.8,1011.4,1.34,4.47,247,0.0,0.0,894,7.4
2026-07-07T06:20:00Z,33.3,74,28.0,1011.6,1.34,4.02,292,0.0,0.0,872,7.0
2026-07-07T06:30:00Z,33.0,74,27.7,1011.6,1.34,4.47,247,0.0,0.0,854,6.5
2026-07-07T06:40:00Z,32.7,75,27.7,1011.5,1.79,5.36,247,0.0,0.0,829,6.1
2026-07-07T06:50:00Z,32.9,75,27.9,1011.5,1.34,4.47,292,0.0,0.0,807,5.6
2026-07-07T07:00:00Z,33.2,74,27.9,1011.5,0.89,4.02,292,0.0,0.0,782,5.2
2026-07-07T07:10:00Z,32.8,74,27.6,1011.4,1.34,4.92,247,0.0,0.0,755,4.7
2026-07-07T07:20:00Z,32.9,75,27.9,1011.4,1.34,4.02,292,0.0,0.0,725,4.3
2026-07-07T07:30:00Z,32.8,74,27.6,1011.4,0.89,3.13,292,0.0,0.0,695,3.9
2026-07-07T07:40:00Z,32.7,75,27.7,1011.3,1.34,3.58,292,0.0,0.0,665,3.5
2026-07-07T07:50:00Z,32.4,75,27.4,1011.3,0.89,4.02,247,0.0,0.0,634,3.1
2026-07-07T08:00:00Z,32.6,75,27.6,1011.4,0.89,3.58,270,0.0,0.0,612,2.7
2026-07-07T08:10:00Z,32.6,74,27.4,1011.3,0.89,2.68,270,0.0,0.0,574,2.3
2026-07-07T08:20:00Z,32.5,74,27.3,1011.2,0.45,3.13,270,0.0,0.0,537,2.0
2026-07-07T08:30:00Z,32.4,74,27.2,1011.1,0.89,3.13,270,0.0,0.0,508,1.7
2026-07-07T08:40:00Z,32.5,75,27.5,1011.2,0.45,1.79,315,0.0,0.0,475,1.4
2026-07-07T08:50:00Z,32.4,75,27.4,1011.2,1.34,3.13,292,0.0,0.0,439,1.2
2026-07-07T09:00:00Z,32.2,75,27.2,1011.2,0.89,1.79,292,0.0,0.0,402,0.9
2026-07-07T09:10:00Z,32.1,75,27.1,1011.2,0.89,2.24,292,0.0,0.0,372,0.7
2026-07-07T09:20:00Z,32.0,75,27.0,1011.1,0.89,3.13,292,0.0,0.0,334,0.6
2026-07-07T09:30:00Z,31.9,75,26.9,1011.1,0.45,2.24,292,0.0,0.0,290,0.1
2026-07-07T09:40:00Z,31.9,76,27.1,1010.9,0.45,1.79,292,0.0,0.0,264,0.0
2026-07-07T09:50:00Z,31.7,76,26.9,1011.0,0.45,1.79,292,0.0,0.0,150,0.0
2026-07-07T10:00:00Z,31.3,76,26.6,1010.9,0.45,1.79,292,0.0,0.0,72,0.0
2026-07-07T10:10:00Z,31.1,78,26.8,1010.8,0.89,1.79,292,0.0,0.0,85,0.0
2026-07-07T10:20:00Z,30.9,78,26.6,1011.0,0.45,1.79,292,0.0,0.0,55,0.0
2026-07-07T10:30:00Z,30.6,78,26.3,1011.0,0.45,1.34,292,0.0,0.0,28,0.0
2026-07-07T10:40:00Z,30.3,79,26.2,1011.0,0.45,1.34,292,0.0,0.0,9,0.0
2026-07-07T10:50:00Z,30.1,80,26.3,1011.0,0.45,1.79,292,0.0,0.0,0,0.0
2026-07-07T11:00:00Z,29.7,80,25.9,1010.9,0.89,2.24,292,0.0,0.0,0,0.0
2026-07-07T11:10:00Z,29.4,81,25.8,1011.1,0.45,1.79,292,0.0,0.0,0,0.0
2026-07-07T11:20:00Z,29.3,82,25.9,1011.1,0.89,1.79,292,0.0,0.0,0,0.0
2026-07-07T11:30:00Z,29.1,82,25.7,1011.3,0.45,1.34,292,0.0,0.0,0,0.0
2026-07-07T11:40:00Z,29.1,82,25.7,1011.4,0.45,1.34,292,0.0,0.0,0,0.0
2026-07-07T11:50:00Z,29.1,83,25.9,1011.4,0.0,0.89,292,0.0,0.0,0,0.0
2026-07-07T12:00:00Z,29.0,83,25.8,1011.6,0.0,0.89,292,0.0,0.0,0,0.0
2026-07-07T12:10:00Z,28.9,83,25.7,1011.4,0.0,0.0,,0.0,0.0,0,0.0
2026-07-07T12:20:00Z,28.9,83,25.7,1011.5,0.0,0.45,292,0.0,0.0,0,0.0
2026-07-07T12:30:00Z,28.9,83,25.7,1011.4,0.0,0.89,292,0.0,0.0,0,0.0
2026-07-07T12:40:00Z,28.8,84,25.8,1011.6,0.0,0.89,292,0.0,0.0,0,0.0
2026-07-07T12:50:00Z,28.7,84,25.7,1011.7,0.0,0.89,292,0.0,0.0,0,0.0
2026-07-07T13:00:00Z,28.8,84,25.8,1011.8,0.0,0.89,292,0.0,0.0,0,0.0
2026-07-07T13:10:00Z,28.4,85,25.6,1011.9,0.45,0.89,292,0.0,0.0,0,0.0
2026-07-07T13:20:00Z,28.2,85,25.4,1012.0,0.0,0.89,292,0.0,0.0,0,0.0
2026-07-07T13:30:00Z,28.1,86,25.5,1012.1,0.0,1.34,292,0.0,0.0,0,0.0
2026-07-07T13:40:00Z,27.8,86,25.2,1012.2,0.45,1.79,292,0.0,0.0,0,0.0
2026-07-07T13:50:00Z,27.5,87,25.1,1012.3,0.89,1.34,292,0.0,0.0,0,0.0
2026-07-07T14:00:00Z,27.3,87,24.9,1012.2,0.45,1.79,292,0.0,0.0,0,0.0
2026-07-07T14:10:00Z,27.3,87,24.9,1012.3,0.45,1.34,292,0.0,0.0,0,0.0
2026-07-07T14:20:00Z,27.2,87,24.8,1012.5,0.45,1.34,292,0.0,0.0,0,0.0
2026-07-07T14:30:00Z,27.2,87,24.8,1012.5,0.0,0.89,292,0.0,0.0,0,0.0
2026-07-07T14:40:00Z,27.1,87,24.7,1012.5,0.89,1.79,292,0.0,0.0,0,0.0
2026-07-07T14:50:00Z,27.1,87,24.7,1012.3,0.0,0.89,292,0.0,0.0,0,0.0
2026-07-07T15:00:00Z,27.1,87,24.7,1012.2,0.45,1.34,292,0.0,0.0,0,0.0
2026-07-07T15:10:00Z,26.9,87,24.6,1012.2,0.45,1.79,292,0.0,0.0,0,0.0
2026-07-07T15:20:00Z,26.9,87,24.6,1012.0,0.45,1.79,292,0.0,0.0,0,0.0
2026-07-07T15:30:00Z,26.7,88,24.5,1012.0,0.45,1.34,292,0.0,0.0,0,0.0
2026-07-07T15:40:00Z,26.7,88,24.5,1012.0,0.45,1.34,292,0.0,0.0,0,0.0
2026-07-07T15:50:00Z,26.6,88,24.4,1012.0,0.45,1.34,292,0.0,0.0,0,0.0
2026-07-07T16:00:00Z,26.6,88,24.4,1011.9,0.45,1.34,292,0.0,0.0,0,0.0
2026-07-07T16:10:00Z,26.5,88,24.3,1011.8,0.0,1.34,292,0.0,0.0,0,0.0
2026-07-07T16:20:00Z,26.4,88,24.2,1011.9,0.45,1.79,315,0.0,0.0,0,0.0
2026-07-07T16:30:00Z,26.4,88,24.2,1011.8,0.0,0.45,315,0.0,0.0,0,0.0
2026-07-07T16:40:00Z,26.4,88,24.2,1011.7,0.0,1.34,315,0.0,0.0,0,0.0
2026-07-07T16:50:00Z,26.3,88,24.2,1011.7,0.45,1.34,315,0.0,0.0,0,0.0
2026-07-07T17:00:00Z,26.2,88,24.1,1011.7,0.45,1.79,315,0.0,0.0,0,0.0
2026-07-07T17:10:00Z,26.1,89,24.1,1011.5,0.45,1.79,315,0.0,0.0,0,0.0
2026-07-07T17:20:00Z,26.1,89,24.1,1011.4,0.0,0.89,315,0.0,0.0,0,0.0
2026-07-07T17:30:00Z,26.0,89,24.0,1011.4,0.45,1.34,315,0.0,0.0,0,0.0
2026-07-07T17:40:00Z,26.0,89,24.0,1011.3,0.0,1.34,315,0.0,0.0,0,0.0
2026-07-07T17:50:00Z,25.9,89,23.9,1011.3,0.45,1.34,315,0.0,0.0,0,0.0
2026-07-07T18:00:00Z,25.9,89,23.9,1011.1,0.0,0.89,315,0.0,0.0,0,0.0
2026-07-07T18:10:00Z,25.8,89,23.8,1011.1,0.0,1.34,315,0.0,0.0,0,0.0
2026-07-07T18:20:00Z,25.8,90,24.0,1011.2,0.89,1.79,315,0.0,0.0,0,0.0
2026-07-07T18:30:00Z,25.8,90,24.0,1011.1,0.45,1.34,315,0.0,0.0,0,0.0
2026-07-07T18:40:00Z,25.8,90,24.0,1011.2,0.89,2.24,315,0.0,0.0,0,0.0
2026-07-07T18:50:00Z,25.8,90,24.0,1011.1,0.89,1.79,315,0.0,0.0,0,0.0
2026-07-07T19:00:00Z,25.8,90,24.0,1011.1,0.45,1.79,315,0.0,0.0,0,0.0
2026-07-07T19:10:00Z,25.8,90,24.0,1011.0,0.89,1.79,315,0.0,0.0,0,0.0
2026-07-07T19:20:00Z,25.7,90,23.9,1010.9,0.45,1.34,315,0.0,0.0,0,0.0
2026-07-07T19:30:00Z,25.7,90,23.9,1010.9,0.0,0.0,,0.0,0.0,0,0.0
2026-07-07T19:40:00Z,25.6,90,23.8,1011.1,0.0,0.0,,0.0,0.0,0,0.0
2026-07-07T19:50:00Z,25.6,90,23.8,1011.2,0.0,0.0,,0.0,0.0,0,0.0
2026-07-07T20:00:00Z,25.6,90,23.8,1011.3,0.0,0.0,,0.0,0.0,0,0.0
2026-07-07T20:10:00Z,25.6,90,23.8,1011.3,0.0,1.79,225,0.0,0.0,0,0.0
2026-07-07T20:20:00Z,25.5,90,23.7,1011.3,0.89,1.79,225,0.0,0.0,0,0.0
2026-07-07T20:30:00Z,25.4,90,23.6,1011.4,0.45,1.34,225,0.0,0.0,0,0.0
2026-07-07T20:40:00Z,25.4,90,23.6,1011.4,0.45,1.79,225,0.0,0.0,0,0.0
2026-07-07T20:50:00Z,25.4,90,23.6,1011.6,0.45,1.34,225,0.0,0.0,0,0.0
2026-07-07T21:00:00Z,25.3,90,23.5,1011.8,0.45,1.79,225,0.0,0.0,0,0.0
2026-07-07T21:10:00Z,25.3,90,23.5,1011.9,0.45,1.34,225,0.0,0.0,0,0.0
2026-07-07T21:20:00Z,25.3,90,23.5,1011.7,0.0,0.89,225,0.0,0.0,0,0.0
2026-07-07T21:30:00Z,25.3,90,23.5,1011.9,0.45,1.79,225,0.0,0.0,8,0.0
2026-07-07T21:40:00Z,25.4,90,23.6,1012.0,0.45,2.24,225,0.0,0.0,20,0.0
2026-07-07T21:50:00Z,25.6,90,23.8,1012.0,0.0,1.79,225,0.0,0.0,31,0.0
2026-07-07T22:00:00Z,25.7,90,23.9,1012.1,0.45,2.24,225,0.0,0.0,48,0.0
2026-07-07T22:10:00Z,25.9,90,24.1,1012.2,0.45,1.79,225,0.0,0.0,60,0.0
2026-07-07T22:20:00Z,26.1,89,24.1,1012.2,0.89,2.24,225,0.0,0.0,60,0.0
2026-07-07T22:30:00Z,26.3,89,24.3,1012.2,0.0,1.34,225,0.0,0.0,55,0.0
2026-07-07T22:40:00Z,26.7,89,24.7,1012.5,0.0,1.34,225,0.0,0.0,66,0.0
2026-07-07T22:50:00Z,27.2,88,25.0,1012.4,0.45,1.79,225,0.0,0.0,91,0.3
2026-07-07T23:00:00Z,27.7,87,25.3,1012.5,0.45,1.79,225,0.0,0.0,71,0.5
2026-07-07T23:10:00Z,28.4,86,25.8,1012.3,0.0,1.79,225,0.0,0.0,44,0.0
2026-07-07T23:20:00Z,29.2,85,26.4,1012.2,0.0,0.89,225,0.0,0.0,45,0.0
2026-07-07T23:30:00Z,29.8,83,26.6,1012.2,0.0,0.89,225,0.0,0.0,46,0.0
2026-07-07T23:40:00Z,30.3,80,26.5,1012.2,0.0,0.89,225,0.0,0.0,46,0.0
2026-07-07T23:50:00Z,30.4,80,26.6,1012.1,0.45,1.79,225,0.0,0.0,45,0.0
2026-07-08T00:00:00Z,30.6,81,27.0,1012.2,0.45,1.79,225,0.0,0.0,46,0.0
2026-07-08T00:10:00Z,30.6,80,26.8,1012.0,0.89,2.24,247,0.0,0.0,52,0.6
2026-07-08T00:20:00Z,30.7,81,27.1,1012.1,0.89,2.24,247,0.0,0.0,55,0.5
2026-07-08T00:30:00Z,30.6,81,27.0,1012.3,1.34,3.13,292,0.0,0.0,65,2.8
2026-07-08T00:40:00Z,30.6,81,27.0,1012.3,1.34,3.58,292,0.0,0.0,72,3.2
2026-07-08T00:50:00Z,30.6,81,27.0,1012.4,1.34,3.13,292,0.0,0.0,88,3.8
2026-07-08T01:00:00Z,30.8,81,27.2,1012.2,1.34,3.58,292,0.0,0.0,51,0.0
2026-07-08T01:10:00Z,30.9,80,27.0,1012.2,1.34,4.02,292,0.0,0.0,53,0.0
2026-07-08T01:20:00Z,30.9,81,27.3,1012.3,1.34,3.58,292,0.0,0.0,53,0.0
2026-07-08T01:30:00Z,31.1,80,27.2,1012.4,1.34,3.58,292,0.0,0.0,58,5.5
2026-07-08T01:40:00Z,31.1,80,27.2,1012.3,1.34,4.02,292,0.0,0.0,60,6.0
2026-07-08T01:50:00Z,31.1,80,27.2,1012.2,1.79,4.02,292,0.0,0.0,58,6.4
2026-07-08T02:00:00Z,31.3,80,27.4,1012.2,1.34,3.58,292,0.0,0.0,146,6.3
2026-07-08T02:10:00Z,31.6,79,27.5,1012.2,1.79,4.02,292,0.0,0.0,781,7.3
2026-07-08T02:20:00Z,31.6,78,27.3,1012.0,2.24,4.47,292,0.0,0.0,797,7.6
2026-07-08T02:30:00Z,31.5,79,27.4,1012.0,2.24,4.92,292,0.0,0.0,830,8.0
2026-07-08T02:40:00Z,31.7,79,27.6,1012.1,1.79,4.47,292,0.0,0.0,880,8.3
2026-07-08T02:50:00Z,31.7,78,27.4,1012.0,2.68,5.36,292,0.0,0.0,919,8.7
2026-07-08T03:00:00Z,31.8,78,27.5,1011.7,2.24,4.92,292,0.0,0.0,934,8.9
2026-07-08T03:10:00Z,31.8,79,27.7,1011.6,2.24,4.92,292,0.0,0.0,948,9.2
2026-07-08T03:20:00Z,31.9,79,27.8,1011.5,2.24,4.92,292,0.0,0.0,959,9.4
2026-07-08T03:30:00Z,32.1,78,27.8,1011.4,2.24,4.92,292,0.0,0.0,971,9.6
2026-07-08T03:40:00Z,32.1,78,27.8,1011.2,2.24,4.47,292,0.0,0.0,981,9.9
2026-07-08T03:50:00Z,32.1,78,27.8,1011.1,2.68,5.36,292,0.0,0.0,985,10.0
2026-07-08T04:00:00Z,32.2,78,27.9,1011.0,2.24,4.92,292,0.0,0.0,986,10.0
2026-07-08T04:10:00Z,32.4,78,28.1,1010.9,2.24,5.36,292,0.0,0.0,984,9.9
2026-07-08T04:20:00Z,32.4,78,28.1,1010.9,1.79,4.02,315,0.0,0.0,980,9.7
2026-07-08T04:30:00Z,32.6,79,28.5,1010.8,1.79,4.47,292,0.0,0.0,977,9.5
2026-07-08T04:40:00Z,32.5,78,28.2,1010.7,2.24,4.47,292,0.0,0.0,978,9.5
2026-07-08T04:50:00Z,32.5,77,27.9,1010.5,2.24,4.92,292,0.0,0.0,973,9.3
2026-07-08T05:00:00Z,32.6,76,27.8,1010.3,2.24,5.81,292,0.0,0.0,966,9.2
2026-07-08T05:10:00Z,32.5,74,27.3,1010.3,2.68,5.81,292,0.0,0.0,958,9.0
2026-07-08T05:20:00Z,32.6,76,27.8,1010.3,2.24,5.81,292,0.0,0.0,952,8.7
2026-07-08T05:30:00Z,32.3,75,27.3,1010.3,3.13,5.81,292,0.0,0.0,824,7.3
2026-07-08T05:40:00Z,32.2,76,27.4,1010.3,2.24,4.92,292,0.0,0.0,764,7.3
2026-07-08T05:50:00Z,32.4,75,27.4,1010.2,2.24,4.92,292,0.0,0.0,968,7.8
2026-07-08T06:00:00Z,32.6,75,27.6,1010.2,2.68,5.36,292,0.0,0.0,909,7.4
2026-07-08T06:10:00Z,32.7,74,27.5,1010.2,2.24,4.92,292,0.0,0.0,897,6.8
2026-07-08T06:20:00Z,32.7,75,27.7,1010.2,2.24,4.92,292,0.0,0.0,886,6.3
2026-07-08T06:30:00Z,32.8,75,27.8,1010.0,2.24,5.36,292,0.0,0.0,856,6.0
2026-07-08T06:40:00Z,32.8,75,27.8,1009.8,2.24,5.36,292,0.0,0.0,799,5.5
2026-07-08T06:50:00Z,32.6,75,27.6,1009.6,2.24,4.47,292,0.0,0.0,770,5.1
2026-07-08T07:00:00Z,32.5,75,27.5,1009.7,2.24,5.36,292,0.0,0.0,751,4.8
2026-07-08T07:10:00Z,32.4,76,27.6,1009.5,1.79,4.47,292,0.0,0.0,723,4.3
2026-07-08T07:20:00Z,32.3,76,27.5,1009.6,2.24,5.36,292,0.0,0.0,689,3.9
2026-07-08T07:30:00Z,32.3,75,27.3,1009.4,2.24,5.36,315,0.0,0.0,653,3.5
2026-07-08T07:40:00Z,32.3,76,27.5,1009.3,2.24,4.92,292,0.0,0.0,628,3.1
2026-07-08T07:50:00Z,32.2,75,27.2,1009.0,2.68,4.92,315,0.0,0.0,600,2.8
2026-07-08T08:00:00Z,32.4,77,27.8,1009.2,2.24,4.47,315,0.0,0.0,589,2.5
2026-07-08T08:10:00Z,32.4,77,27.8,1009.4,2.24,4.02,292,0.0,0.0,550,2.1
2026-07-08T08:20:00Z,32.3,77,27.7,1009.3,1.79,4.47,292,0.0,0.0,485,1.8
2026-07-08T08:30:00Z,31.9,78,27.6,1009.2,2.24,4.92,292,0.0,0.0,422,1.4
2026-07-08T08:40:00Z,31.9,78,27.6,1009.2,1.79,4.47,292,0.0,0.0,407,1.2
2026-07-08T08:50:00Z,31.9,78,27.6,1009.2,1.79,4.02,292,0.0,0.0,396,1.0
2026-07-08T09:00:00Z,31.8,79,27.7,1009.3,2.24,4.47,315,0.0,0.0,351,0.8
2026-07-08T09:10:00Z,31.7,79,27.6,1009.4,1.34,4.02,292,0.0,0.0,302,0.6
2026-07-08T09:20:00Z,31.4,79,27.3,1009.6,1.34,4.02,315,0.0,0.0,191,0.4
2026-07-08T09:30:00Z,31.4,79,27.3,1009.6,0.89,2.24,337,0.0,0.0,264,0.0
2026-07-08T09:40:00Z,31.5,78,27.2,1009.6,0.89,3.58,337,0.0,0.0,240,0.0
2026-07-08T09:50:00Z,31.3,79,27.2,1009.4,1.34,3.13,315,0.0,0.0,190,0.0
2026-07-08T10:00:00Z,31.2,79,27.1,1009.4,1.34,3.58,315,0.0,0.0,121,0.0
2026-07-08T10:10:00Z,31.1,80,27.2,1009.4,0.89,3.13,315,0.0,0.0,62,0.0
2026-07-08T10:20:00Z,30.8,80,26.9,1009.6,1.34,3.13,315,0.0,0.0,34,0.0
2026-07-08T10:30:00Z,30.7,81,27.1,1009.5,0.89,2.24,292,0.0,0.0,13,0.0
2026-07-08T10:40:00Z,30.6,81,27.0,1009.4,0.89,1.79,292,0.0,0.0,6,0.0
2026-07-08T10:50:00Z,30.3,82,26.9,1009.4,0.45,1.79,292,0.0,0.0,0,0.0
2026-07-08T11:00:00Z,30.2,82,26.8,1009.7,0.45,1.34,292,0.0,0.0,0,0.0
2026-07-08T11:10:00Z,30.1,82,26.7,1009.8,0.0,0.89,292,0.0,0.0,0,0.0
2026-07-08T11:20:00Z,29.8,83,26.6,1009.8,0.45,1.34,292,0.0,0.0,0,0.0
2026-07-08T11:30:00Z,29.4,83,26.2,1010.0,0.45,1.34,337,0.0,0.0,0,0.0
2026-07-08T11:40:00Z,29.2,83,26.0,1009.9,0.0,1.34,337,0.0,0.0,0,0.0
2026-07-08T11:50:00Z,29.0,83,25.8,1010.0,0.45,1.79,337,0.0,0.0,0,0.0
2026-07-08T12:00:00Z,28.7,81,25.1,1010.1,0.45,1.79,90,0.0,0.0,0,0.0
2026-07-08T12:10:00Z,28.5,80,24.7,1010.2,0.0,1.34,90,0.0,0.0,0,0.0
2026-07-08T12:20:00Z,28.3,79,24.3,1010.4,0.0,0.89,90,0.0,0.0,0,0.0
2026-07-08T12:30:00Z,28.1,78,23.9,1010.6,0.0,1.34,90,0.0,0.0,0,0.0
2026-07-08T12:40:00Z,28.1,78,23.9,1010.7,0.89,3.13,90,0.0,0.0,0,0.0
2026-07-08T12:50:00Z,28.1,78,23.9,1010.8,0.0,1.34,112,0.0,0.0,0,0.0
2026-07-08T13:00:00Z,28.3,78,24.1,1010.6,0.45,1.34,112,0.0,0.0,0,0.0
2026-07-08T13:10:00Z,28.6,78,24.4,1010.5,0.45,2.24,112,0.0,0.0,0,0.0
2026-07-08T13:20:00Z,28.4,78,24.2,1010.4,0.45,1.79,112,0.0,0.0,0,0.0
2026-07-08T13:30:00Z,28.2,79,24.2,1010.4,0.45,1.79,112,0.0,0.0,0,0.0
2026-07-08T13:40:00Z,27.9,80,24.1,1010.5,0.45,1.34,112,0.0,0.0,0,0.0
2026-07-08T13:50:00Z,27.8,81,24.2,1010.6,0.45,1.34,112,0.0,0.0,0,0.0
2026-07-08T14:00:00Z,27.6,82,24.2,1010.5,0.45,1.34,112,0.0,0.0,0,0.0
2026-07-08T14:10:00Z,27.5,82,24.1,1010.7,0.45,1.34,112,0.0,0.0,0,0.0
2026-07-08T14:20:00Z,27.5,82,24.1,1010.8,0.0,1.34,112,0.0,0.0,0,0.0
2026-07-08T14:30:00Z,27.4,82,24.1,1010.7,0.45,1.34,112,0.0,0.0,0,0.0
2026-07-08T14:40:00Z,27.5,83,24.4,1010.8,0.45,1.34,112,0.0,0.0,0,0.0
2026-07-08T14:50:00Z,27.6,83,24.4,1010.9,0.45,1.79,112,0.0,0.0,0,0.0
2026-07-08T15:00:00Z,27.6,83,24.4,1010.8,0.45,1.79,112,0.0,0.0,0,0.0
2026-07-08T15:10:00Z,27.5,83,24.4,1010.7,0.45,1.79,112,0.0,0.0,0,0.0
2026-07-08T15:20:00Z,27.6,83,24.4,1010.5,0.0,0.89,112,0.0,0.0,0,0.0
2026-07-08T15:30:00Z,27.5,82,24.1,1010.4,0.0,1.34,112,0.0,0.0,0,0.0
2026-07-08T15:40:00Z,27.3,82,24.0,1010.5,0.45,1.79,112,0.0,0.0,0,0.0
2026-07-08T15:50:00Z,27.2,82,23.9,1010.4,0.45,1.79,135,0.0,0.0,0,0.0
2026-07-08T16:00:00Z,27.2,83,24.1,1010.3,0.0,1.34,135,0.0,0.0,0,0.0
2026-07-08T16:10:00Z,27.1,83,24.0,1010.0,0.0,0.89,135,0.0,0.0,0,0.0
2026-07-08T16:20:00Z,26.9,83,23.8,1010.0,0.45,1.79,135,0.0,0.0,0,0.0
2026-07-08T16:30:00Z,26.7,84,23.8,1009.8,0.45,1.79,135,0.0,0.0,0,0.0
2026-07-08T16:40:00Z,26.6,84,23.7,1009.6,0.45,1.34,135,0.0,0.0,0,0.0
2026-07-08T16:50:00Z,26.7,84,23.8,1009.6,0.89,1.34,135,0.0,0.0,0,0.0
2026-07-08T17:00:00Z,26.7,84,23.8,1009.4,0.45,1.79,135,0.0,0.0,0,0.0
2026-07-08T17:10:00Z,26.5,85,23.8,1009.3,0.45,1.79,135,0.0,0.0,0,0.0
2026-07-08T17:20:00Z,26.4,85,23.7,1009.4,0.89,2.24,135,0.0,0.0,0,0.0
2026-07-08T17:30:00Z,26.4,86,23.9,1009.1,0.45,2.24,135,0.0,0.0,0,0.0
2026-07-08T17:40:00Z,26.4,86,23.9,1009.1,0.89,2.24,135,0.0,0.0,0,0.0
2026-07-08T17:50:00Z,26.4,86,23.9,1009.2,0.89,1.79,135,0.0,0.0,0,0.0
2026-07-08T18:00:00Z,26.4,86,23.9,1009.1,0.45,1.79,135,0.0,0.0,0,0.0
2026-07-08T18:10:00Z,26.3,86,23.8,1009.1,0.45,2.24,135,0.0,0.0,0,0.0
2026-07-08T18:20:00Z,26.3,86,23.8,1008.9,0.45,1.79,135,0.0,0.0,0,0.0
2026-07-08T18:30:00Z,26.2,87,23.9,1008.7,0.0,1.79,135,0.0,0.0,0,0.0
2026-07-08T18:40:00Z,26.1,87,23.8,1008.6,0.0,0.89,135,0.0,0.0,0,0.0
2026-07-08T18:50:00Z,26.1,87,23.8,1008.6,0.0,1.34,135,0.0,0.0,0,0.0
2026-07-08T19:00:00Z,26.0,87,23.7,1008.6,0.0,1.34,135,0.0,0.0,0,0.0
2026-07-08T19:10:00Z,25.9,87,23.6,1008.6,0.45,0.89,135,0.0,0.0,0,0.0
2026-07-08T19:20:00Z,25.9,87,23.6,1008.7,0.45,1.79,135,0.0,0.0,0,0.0
2026-07-08T19:30:00Z,25.9,87,23.6,1008.5,0.45,1.79,135,0.0,0.0,0,0.0
2026-07-08T19:40:00Z,25.8,88,23.7,1008.7,0.45,1.79,135,0.0,0.0,0,0.0
2026-07-08T19:50:00Z,25.7,88,23.6,1008.7,0.0,1.34,135,0.0,0.0,0,0.0
2026-07-08T20:00:00Z,25.7,88,23.6,1008.6,0.0,1.34,135,0.0,0.0,0,0.0
2026-07-08T20:10:00Z,25.7,88,23.6,1008.7,0.0,0.89,135,0.0,0.0,0,0.0
2026-07-08T20:20:00Z,25.7,88,23.6,1008.8,0.45,1.79,135,0.0,0.0,0,0.0
2026-07-08T20:30:00Z,25.6,88,23.5,1008.8,0.0,1.34,135,0.0,0.0,0,0.0
2026-07-08T20:40:00Z,25.6,88,23.5,1008.7,0.45,1.34,135,0.0,0.0,0,0.0
2026-07-08T20:50:00Z,25.5,88,23.4,1008.7,0.45,1.34,135,0.0,0.0,0,0.0
2026-07-08T21:00:00Z,25.5,88,23.4,1008.7,0.0,1.34,135,0.0,0.0,0,0.0
2026-07-08T21:10:00Z,25.4,89,23.5,1008.7,0.0,1.34,135,0.0,0.0,0,0.0
2026-07-08T21:20:00Z,25.3,89,23.4,1008.6,0.0,1.79,135,0.0,0.0,0,0.0
2026-07-08T21:30:00Z,25.3,89,23.4,1008.5,0.0,0.0,,0.0,0.0,5,0.0
2026-07-08T21:40:00Z,25.3,89,23.4,1008.6,0.0,0.89,135,0.0,0.0,14,0.0
2026-07-08T21:50:00Z,25.4,89,23.5,1008.6,0.45,1.79,135,0.0,0.0,22,0.0
2026-07-08T22:00:00Z,25.4,89,23.5,1008.7,0.45,1.34,135,0.0,0.0,28,0.0
2026-07-08T22:10:00Z,25.6,89,23.6,1008.8,0.45,1.34,135,0.0,0.0,45,0.0
2026-07-08T22:20:00Z,25.8,89,23.8,1008.8,0.45,1.34,135,0.0,0.0,54,0.0
2026-07-08T22:30:00Z,26.1,89,24.1,1008.8,0.0,0.89,135,0.0,0.0,58,0.0
2026-07-08T22:40:00Z,26.6,89,24.6,1008.8,0.0,0.89,135,0.0,0.0,76,0.0
2026-07-08T22:50:00Z,26.9,88,24.7,1008.9,0.45,1.79,135,0.0,0.0,145,0.0
2026-07-08T23:00:00Z,27.7,87,25.3,1008.8,0.0,1.34,135,0.0,0.0,151,0.5
2026-07-08T23:10:00Z,28.3,86,25.7,1008.9,0.89,4.02,292,0.0,0.0,122,0.7
2026-07-08T23:20:00Z,29.0,85,26.2,1008.9,1.34,3.58,315,0.0,0.0,126,0.9
2026-07-08T23:30:00Z,29.3,83,26.1,1008.8,1.34,4.02,292,0.0,0.0,129,1.1
2026-07-08T23:40:00Z,29.6,83,26.4,1008.7,1.79,4.92,315,0.0,0.0,126,1.3
2026-07-08T23:50:00Z,29.8,83,26.6,1008.7,1.79,4.47,292,0.0,0.0,125,1.5
2026-07-09T00:00:00Z,29.9,82,26.5,1008.7,1.79,4.92,315,0.0,0.0,137,1.8
2026-07-09T00:10:00Z,30.1,82,26.7,1008.3,2.24,4.92,292,0.0,0.0,140,2.1
2026-07-09T00:20:00Z,30.2,82,26.8,1008.3,2.68,5.81,292,0.0,0.0,139,2.3
2026-07-09T00:30:00Z,30.3,82,26.9,1008.5,2.68,5.81,315,0.0,0.0,152,2.7
2026-07-09T00:40:00Z,30.4,81,26.8,1008.5,2.68,6.71,292,0.0,0.0,179,3.0
2026-07-09T00:50:00Z,30.6,82,27.2,1008.7,2.24,5.81,315,0.0,0.0,213,3.2
2026-07-09T01:00:00Z,30.6,81,27.0,1008.9,2.68,6.26,292,0.0,0.0,246,3.3
2026-07-09T01:10:00Z,30.5,81,26.9,1008.9,2.24,5.81,315,0.0,0.0,275,2.7
2026-07-09T01:20:00Z,30.6,81,27.0,1008.8,2.68,5.36,292,0.0,0.0,278,4.0
2026-07-09T01:30:00Z,30.9,81,27.3,1009.0,2.24,5.81,292,0.0,0.0,276,4.8
2026-07-09T01:40:00Z,31.3,80,27.4,1009.1,1.79,4.02,315,0.0,0.0,312,4.8
2026-07-09T01:50:00Z,31.4,80,27.5,1009.1,1.79,4.92,292,0.0,0.0,336,5.1
2026-07-09T02:00:00Z,31.4,79,27.3,1009.2,1.34,3.58,292,0.0,0.0,239,3.6
2026-07-09T02:10:00Z,31.1,80,27.2,1009.2,1.34,3.58,315,0.0,0.0,197,2.5
2026-07-09T02:20:00Z,31.3,76,26.6,1009.0,0.89,3.58,112,0.0,0.0,693,5.2
2026-07-09T02:30:00Z,31.8,74,26.6,1008.8,0.89,3.13,112,0.0,0.0,977,7.1
2026-07-09T02:40:00Z,32.1,73,26.6,1008.9,1.34,3.58,112,0.0,0.0,777,6.5
2026-07-09T02:50:00Z,32.5,75,27.5,1008.7,0.45,1.79,90,0.0,0.0,853,6.9
2026-07-09T03:00:00Z,32.7,70,26.5,1008.5,0.89,3.13,90,0.0,0.0,997,8.1
2026-07-09T03:10:00Z,32.7,68,26.0,1008.4,0.89,2.68,90,0.0,0.0,938,8.6
2026-07-09T03:20:00Z,32.8,68,26.1,1008.4,1.34,5.36,112,0.0,0.0,852,8.3
2026-07-09T03:30:00Z,32.8,68,26.1,1008.4,1.34,3.58,135,0.0,0.0,856,8.1
2026-07-09T03:40:00Z,32.8,71,26.8,1008.2,0.89,3.58,135,0.0,0.0,490,6.9
2026-07-09T03:50:00Z,32.9,69,26.5,1008.3,0.89,3.58,135,0.0,0.0,585,7.3
2026-07-09T04:00:00Z,33.2,70,27.0,1008.1,0.45,1.34,135,0.0,0.0,377,5.6
2026-07-09T04:10:00Z,33.2,73,27.7,1008.0,0.89,2.68,292,0.0,0.0,330,4.3
2026-07-09T04:20:00Z,32.6,76,27.8,1008.0,1.79,4.02,292,0.0,0.0,244,3.7
2026-07-09T04:30:00Z,32.6,77,28.0,1007.9,1.79,4.02,292,0.0,0.0,925,9.0
2026-07-09T04:40:00Z,32.8,77,28.2,1007.6,2.24,5.36,315,0.0,0.0,1006,9.1
2026-07-09T04:50:00Z,32.8,77,28.2,1007.7,2.68,5.81,315,0.0,0.0,982,9.3
2026-07-09T05:00:00Z,32.9,77,28.3,1007.5,2.68,5.81,292,0.0,0.0,989,9.2
2026-07-09T05:10:00Z,32.8,77,28.2,1007.6,2.68,6.26,292,0.0,0.0,978,9.0
2026-07-09T05:20:00Z,32.8,77,28.2,1007.6,2.68,5.36,292,0.0,0.0,964,8.6
2026-07-09T05:30:00Z,33.1,78,28.7,1007.4,2.24,5.36,292,0.0,0.0,945,8.2
2026-07-09T05:40:00Z,33.1,76,28.3,1007.3,2.68,5.81,292,0.0,0.0,929,7.9
2026-07-09T05:50:00Z,32.9,76,28.1,1007.0,2.68,5.81,315,0.0,0.0,911,7.5
2026-07-09T06:00:00Z,33.0,77,28.4,1007.0,2.68,5.36,292,0.0,0.0,879,7.0
2026-07-09T06:10:00Z,33.0,77,28.4,1006.8,2.68,5.36,292,0.0,0.0,865,6.5
2026-07-09T06:20:00Z,32.9,77,28.3,1006.8,2.24,4.92,292,0.0,0.0,839,6.2
2026-07-09T06:30:00Z,32.8,77,28.2,1006.7,2.24,5.36,292,0.0,0.0,830,5.6
2026-07-09T06:40:00Z,32.9,77,28.3,1006.6,2.24,4.92,315,0.0,0.0,799,5.2
2026-07-09T06:50:00Z,33.0,77,28.4,1006.4,2.24,4.92,292,0.0,0.0,758,4.9
2026-07-09T07:00:00Z,33.1,77,28.5,1006.4,1.79,3.58,315,0.0,0.0,645,4.1
2026-07-09T07:10:00Z,32.9,76,28.1,1006.6,1.79,4.02,292,0.0,0.0,734,4.0
2026-07-09T07:20:00Z,32.7,77,28.1,1006.4,1.79,4.47,315,0.0,0.0,558,3.2
2026-07-09T07:30:00Z,32.6,77,28.0,1006.3,2.24,4.47,292,0.0,0.0,621,3.0
2026-07-09T07:40:00Z,32.3,77,27.7,1006.5,1.79,4.47,315,0.0,0.0,376,2.2
2026-07-09T07:50:00Z,32.1,78,27.8,1006.5,1.34,4.02,292,0.0,0.0,233,1.5
2026-07-09T08:00:00Z,31.8,79,27.7,1006.4,1.34,4.47,315,0.0,0.0,159,1.4
2026-07-09T08:10:00Z,31.4,79,27.3,1006.4,1.34,4.02,315,0.0,0.0,126,1.0
2026-07-09T08:20:00Z,31.3,80,27.4,1006.5,1.34,3.58,315,0.0,0.0,161,0.7
2026-07-09T08:30:00Z,31.3,81,27.6,1006.5,1.34,2.68,315,0.0,0.0,204,0.7
2026-07-09T08:40:00Z,31.3,81,27.6,1006.5,0.89,2.24,315,0.0,0.0,95,0.0
2026-07-09T08:50:00Z,30.7,80,26.8,1006.5,0.89,3.13,112,0.0,0.0,64,0.0
2026-07-09T09:00:00Z,30.3,81,26.7,1006.6,0.45,1.79,247,0.2,0.0,41,0.0
2026-07-09T09:10:00Z,29.8,80,26.0,1006.7,0.0,0.89,247,0.2,0.0,35,0.0
2026-07-09T09:20:00Z,29.7,83,26.5,1006.7,0.0,0.89,247,0.4,0.8,28,0.0
2026-07-09T09:30:00Z,29.4,84,26.4,1006.7,0.0,1.34,247,0.4,0.0,49,0.0
2026-07-09T09:40:00Z,29.3,85,26.5,1006.8,0.0,1.34,247,0.4,0.0,46,0.0
2026-07-09T09:50:00Z,28.9,85,26.1,1006.8,0.0,0.89,247,0.4,0.0,56,0.0
2026-07-09T10:00:00Z,28.8,83,25.6,1006.8,0.0,0.89,247,0.4,0.0,55,0.0
2026-07-09T10:10:00Z,28.6,79,24.6,1006.8,0.0,0.89,247,0.4,0.0,33,0.0
2026-07-09T10:20:00Z,28.4,76,23.8,1006.9,0.0,0.89,247,0.4,0.0,23,0.0
2026-07-09T10:30:00Z,28.6,75,23.7,1006.9,0.0,0.89,247,0.4,0.0,16,0.0
2026-07-09T10:40:00Z,28.7,74,23.6,1006.7,0.45,1.34,247,0.4,0.0,7,0.0
2026-07-09T10:50:00Z,28.7,75,23.8,1006.7,0.0,0.45,247,0.4,0.0,3,0.0
2026-07-09T11:00:00Z,28.4,74,23.3,1006.7,0.45,1.34,247,0.4,0.0,0,0.0
2026-07-09T11:10:00Z,28.4,74,23.3,1006.7,0.0,0.89,247,0.4,0.0,0,0.0
2026-07-09T11:20:00Z,28.3,76,23.7,1006.6,0.0,0.89,247,0.4,0.0,0,0.0
2026-07-09T11:30:00Z,28.2,77,23.8,1006.6,0.0,0.45,247,0.4,0.0,0,0.0
2026-07-09T11:40:00Z,28.0,79,24.0,1006.7,0.45,1.34,247,0.4,0.0,0,0.0
2026-07-09T11:50:00Z,27.8,79,23.8,1006.8,0.0,0.89,247,0.4,0.0,0,0.0
2026-07-09T12:00:00Z,27.7,80,23.9,1006.9,0.0,0.89,247,0.4,0.0,0,0.0
2026-07-09T12:10:00Z,27.7,80,23.9,1007.0,0.0,1.34,247,0.4,0.0,0,0.0
2026-07-09T12:20:00Z,27.7,80,23.9,1007.0,0.0,0.0,,0.4,0.0,0,0.0
2026-07-09T12:30:00Z,27.6,80,23.8,1006.8,0.0,0.0,,0.4,0.0,0,0.0
2026-07-09T12:40:00Z,27.5,82,24.1,1006.8,0.0,0.0,,0.4,0.0,0,0.0
2026-07-09T12:50:00Z,27.4,83,24.3,1006.9,0.0,0.0,,0.4,0.0,0,0.0
2026-07-09T13:00:00Z,27.3,84,24.4,1006.9,0.0,0.0,,0.4,0.0,0,0.0
2026-07-09T13:10:00Z,27.3,85,24.6,1007.1,0.0,0.0,,0.4,0.0,0,0.0
2026-07-09T13:20:00Z,27.2,85,24.5,1007.2,0.0,0.0,,0.4,0.0,0,0.0
2026-07-09T13:30:00Z,27.2,85,24.5,1007.4,0.0,1.34,247,0.4,0.0,0,0.0
2026-07-09T13:40:00Z,26.9,85,24.2,1007.5,0.45,1.34,247,0.4,0.0,0,0.0
2026-07-09T13:50:00Z,26.8,85,24.1,1007.6,0.45,1.79,247,0.4,0.0,0,0.0
2026-07-09T14:00:00Z,26.8,85,24.1,1007.7,0.45,1.79,247,0.4,0.0,0,0.0
2026-07-09T14:10:00Z,26.8,84,23.9,1007.7,0.45,3.13,135,0.4,0.0,0,0.0
2026-07-09T14:20:00Z,27.1,84,24.2,1007.6,0.45,1.34,112,0.4,0.0,0,0.0
2026-07-09T14:30:00Z,27.1,83,24.0,1007.6,0.45,1.79,112,0.4,0.0,0,0.0
2026-07-09T14:40:00Z,27.3,82,24.0,1007.4,0.45,1.34,112,0.4,0.0,0,0.0
2026-07-09T14:50:00Z,27.4,82,24.1,1007.4,0.45,1.79,112,0.4,0.0,0,0.0
2026-07-09T15:00:00Z,27.3,82,24.0,1007.2,0.45,1.34,112,0.4,0.0,0,0.0
2026-07-09T15:10:00Z,27.2,82,23.9,1007.1,0.0,0.89,112,0.4,0.0,0,0.0
2026-07-09T15:20:00Z,27.1,83,24.0,1007.1,0.0,1.79,112,0.4,0.0,0,0.0
2026-07-09T15:30:00Z,26.9,83,23.8,1006.9,0.45,1.34,112,0.4,0.0,0,0.0
2026-07-09T15:40:00Z,26.9,83,23.8,1006.6,0.45,1.79,112,0.4,0.0,0,0.0
2026-07-09T15:50:00Z,26.8,84,23.9,1006.5,0.89,1.79,112,0.4,0.0,0,0.0
2026-07-09T16:00:00Z,26.7,84,23.8,1006.2,0.89,2.68,112,0.0,0.0,0,0.0
2026-07-09T16:10:00Z,26.7,84,23.8,1006.2,0.45,1.79,112,0.0,0.0,0,0.0
2026-07-09T16:20:00Z,26.5,84,23.6,1006.1,0.45,1.79,112,0.0,0.0,0,0.0
2026-07-09T16:30:00Z,26.4,85,23.7,1005.7,0.0,0.89,112,0.0,0.0,0,0.0
2026-07-09T16:40:00Z,26.3,85,23.6,1006.0,0.0,0.89,112,0.0,0.0,0,0.0
2026-07-09T16:50:00Z,26.2,86,23.7,1005.7,0.0,0.89,112,0.0,0.0,0,0.0
2026-07-09T17:00:00Z,26.2,86,23.7,1005.5,0.0,1.34,112,0.0,0.0,0,0.0
2026-07-09T17:10:00Z,26.3,87,24.0,1005.6,0.45,1.79,112,0.0,0.0,0,0.0
2026-07-09T17:20:00Z,26.1,86,23.6,1005.4,0.0,0.89,112,0.0,0.0,0,0.0
2026-07-09T17:30:00Z,25.9,87,23.6,1005.1,0.45,1.34,112,0.0,0.0,0,0.0
2026-07-09T17:40:00Z,25.9,87,23.6,1005.0,0.45,2.68,112,0.0,0.0,0,0.0
2026-07-09T17:50:00Z,25.8,87,23.5,1005.0,0.45,1.34,112,0.0,0.0,0,0.0
2026-07-09T18:00:00Z,25.7,87,23.4,1004.7,0.0,0.89,112,0.0,0.0,0,0.0
2026-07-09T18:10:00Z,25.7,87,23.4,1004.6,0.0,1.34,112,0.0,0.0,0,0.0
2026-07-09T18:20:00Z,25.7,88,23.6,1004.7,0.45,1.79,112,0.0,0.0,0,0.0
2026-07-09T18:30:00Z,25.7,88,23.6,1004.8,0.45,1.34,112,0.0,0.0,0,0.0
2026-07-09T18:40:00Z,25.7,88,23.6,1004.7,0.45,1.79,112,0.0,0.0,0,0.0
2026-07-09T18:50:00Z,25.7,88,23.6,1004.7,0.45,1.79,112,0.0,0.0,0,0.0
2026-07-09T19:00:00Z,25.7,88,23.6,1004.6,0.45,1.79,112,0.0,0.0,0,0.0
2026-07-09T19:10:00Z,25.7,88,23.6,1004.5,0.45,1.34,112,0.0,0.0,0,0.0
2026-07-09T19:20:00Z,25.8,88,23.7,1004.3,0.0,0.89,112,0.0,0.0,0,0.0
2026-07-09T19:30:00Z,25.7,87,23.4,1004.2,0.45,1.79,112,0.0,0.0,0,0.0
2026-07-09T19:40:00Z,25.7,88,23.6,1004.2,0.45,1.79,112,0.0,0.0,0,0.0
2026-07-09T19:50:00Z,25.6,87,23.3,1003.9,0.45,1.34,112,0.0,0.0,0,0.0
2026-07-09T20:00:00Z,25.5,88,23.4,1003.9,0.0,1.34,112,0.0,0.0,0,0.0
2026-07-09T20:10:00Z,25.4,88,23.3,1004.0,0.45,1.34,112,0.0,0.0,0,0.0
2026-07-09T20:20:00Z,25.4,88,23.3,1003.9,0.45,0.89,112,0.0,0.0,0,0.0
2026-07-09T20:30:00Z,25.4,89,23.5,1003.8,0.0,0.89,112,0.0,0.0,0,0.0
2026-07-09T20:40:00Z,25.4,89,23.5,1003.6,0.0,0.45,112,0.0,0.0,0,0.0
2026-07-09T20:50:00Z,25.7,90,23.9,1003.6,0.0,0.0,,0.0,0.0,0,0.0
2026-07-09T21:00:00Z,26.4,90,24.6,1003.5,1.34,3.58,315,0.0,0.0,0,0.0
2026-07-09T21:10:00Z,26.8,90,25.0,1003.5,1.34,3.58,315,0.0,0.0,0,0.0
2026-07-09T21:20:00Z,27.2,89,25.2,1003.4,1.79,4.47,315,0.0,0.0,0,0.0
2026-07-09T21:30:00Z,27.4,88,25.2,1003.4,2.24,4.47,292,0.0,0.0,7,0.0
2026-07-09T21:40:00Z,27.6,87,25.2,1003.4,2.24,5.36,292,0.0,0.0,22,0.0
2026-07-09T21:50:00Z,27.8,87,25.4,1003.4,2.24,4.02,292,0.0,0.0,33,0.0
2026-07-09T22:00:00Z,27.8,87,25.4,1003.3,2.24,4.92,292,0.0,0.0,47,0.0
2026-07-09T22:10:00Z,27.9,87,25.5,1003.2,1.79,5.81,292,0.0,0.0,55,0.0
2026-07-09T22:20:00Z,28.1,87,25.7,1003.5,1.79,4.47,292,0.0,0.0,64,0.0
2026-07-09T22:30:00Z,28.2,87,25.8,1003.5,1.79,4.47,315,0.0,0.0,74,0.0
2026-07-09T22:40:00Z,28.4,87,26.0,1003.6,1.79,4.47,292,0.0,0.0,82,0.0
2026-07-09T22:50:00Z,28.5,87,26.1,1003.6,2.24,4.47,292,0.0,0.0,76,0.2
2026-07-09T23:00:00Z,28.7,86,26.1,1003.6,2.24,5.81,292,0.0,0.0,77,0.6
2026-07-09T23:10:00Z,28.9,85,26.1,1003.6,2.68,5.36,315,0.0,0.0,75,0.7
2026-07-09T23:20:00Z,29.1,85,26.3,1003.5,3.13,7.15,292,0.0,0.0,74,0.9
2026-07-09T23:30:00Z,29.2,84,26.2,1003.6,2.68,7.15,292,0.0,0.0,73,1.1
2026-07-09T23:40:00Z,29.3,84,26.3,1003.6,2.68,5.81,292,0.0,0.0,77,1.3
2026-07-09T23:50:00Z,29.5,83,26.3,1003.6,1.79,5.36,292,0.0,0.0,79,1.6
2026-07-10T00:00:00Z,29.7,82,26.3,1003.8,2.24,4.47,315,0.0,0.0,85,1.9
2026-07-10T00:10:00Z,29.9,82,26.5,1003.8,2.24,4.92,315,0.0,0.0,89,2.2
2026-07-10T00:20:00Z,30.1,81,26.5,1003.8,1.79,4.47,315,0.0,0.0,92,2.5
2026-07-10T00:30:00Z,30.3,81,26.7,1003.8,2.24,4.47,292,0.0,0.0,96,2.8
2026-07-10T00:40:00Z,30.4,81,26.8,1003.7,2.68,4.92,292,0.0,0.0,104,3.1
2026-07-10T00:50:00Z,30.5,81,26.9,1003.7,2.68,6.26,292,0.0,0.0,112,3.5
2026-07-10T01:00:00Z,30.6,81,27.0,1003.7,2.24,5.36,292,0.0,0.0,114,3.9
2026-07-10T01:10:00Z,30.8,81,27.2,1003.9,1.79,4.47,292,0.0,0.0,133,4.3
2026-07-10T01:20:00Z,30.9,81,27.3,1003.8,1.79,4.02,292,0.0,0.0,137,4.7
2026-07-10T01:30:00Z,30.9,80,27.0,1003.9,2.24,4.02,292,0.0,0.0,122,4.8
2026-07-10T01:40:00Z,31.1,80,27.2,1003.8,2.24,4.02,292,0.0,0.0,136,5.5
2026-07-10T01:50:00Z,31.1,79,27.0,1003.6,2.24,4.92,292,0.0,0.0,233,5.5
2026-07-10T02:00:00Z,31.1,80,27.2,1003.8,2.24,4.47,292,0.0,0.0,438,5.0
2026-07-10T02:10:00Z,31.4,80,27.5,1003.8,1.79,3.58,292,0.0,0.0,794,6.6
2026-07-10T02:20:00Z,31.5,79,27.4,1003.8,1.79,4.02,292,0.0,0.0,517,5.4
2026-07-10T02:30:00Z,31.3,80,27.4,1003.8,1.79,4.47,315,0.0,0.0,475,5.0
2026-07-10T02:40:00Z,31.3,80,27.4,1003.5,1.34,3.58,315,0.0,0.0,541,6.0
2026-07-10T02:50:00Z,31.7,80,27.8,1003.3,1.34,3.58,292,0.0,0.0,937,8.4
2026-07-10T03:00:00Z,31.9,79,27.8,1003.2,1.79,4.02,292,0.0,0.0,903,8.2
2026-07-10T03:10:00Z,32.2,79,28.1,1002.8,1.79,3.58,292,0.0,0.0,972,9.4
2026-07-10T03:20:00Z,32.4,80,28.5,1002.6,1.79,3.58,315,0.0,0.0,945,9.0
2026-07-10T03:30:00Z,32.4,79,28.3,1002.3,2.24,6.26,292,0.0,0.0,958,8.6
2026-07-10T03:40:00Z,32.3,80,28.4,1002.0,2.24,4.47,292,0.0,0.0,939,9.5
2026-07-10T03:50:00Z,32.5,79,28.4,1001.8,2.68,5.36,292,0.0,0.0,908,9.3
2026-07-10T04:00:00Z,32.3,80,28.4,1001.7,2.68,6.26,292,0.0,0.0,984,8.6
2026-07-10T04:10:00Z,32.0,80,28.1,1001.6,3.13,6.26,292,0.0,0.0,695,8.4
2026-07-10T04:20:00Z,32.1,80,28.2,1001.5,2.68,6.26,292,0.0,0.0,741,8.0
2026-07-10T04:30:00Z,31.9,79,27.8,1001.3,2.68,6.71,315,0.0,0.0,595,7.1
2026-07-10T04:40:00Z,31.8,80,27.9,1001.2,1.79,4.92,292,0.0,0.0,519,6.8
2026-07-10T04:50:00Z,32.1,80,28.2,1001.0,1.79,4.02,292,0.0,0.0,959,8.9
2026-07-10T05:00:00Z,32.3,77,27.7,1000.8,2.24,4.92,315,0.0,0.0,646,8.1
2026-07-10T05:10:00Z,31.8,77,27.3,1000.8,1.79,4.02,292,0.0,0.0,462,5.0
2026-07-10T05:20:00Z,31.6,79,27.5,1000.5,1.79,4.02,292,0.0,0.0,477,5.0
2026-07-10T05:30:00Z,31.7,78,27.4,1000.3,1.79,4.92,292,0.0,0.0,639,6.8
2026-07-10T05:40:00Z,32.2,78,27.9,1000.2,1.79,3.58,292,0.0,0.0,711,7.1
2026-07-10T05:50:00Z,32.5,77,27.9,1000.1,1.79,4.02,292,0.0,0.0,823,7.4
2026-07-10T06:00:00Z,32.9,76,28.1,1000.1,1.79,3.58,292,0.0,0.0,984,7.5
2026-07-10T06:10:00Z,32.3,76,27.5,1000.2,1.79,4.47,292,0.0,0.0,421,4.8
2026-07-10T06:20:00Z,32.2,78,27.9,1000.1,1.79,4.47,315,0.0,0.0,766,5.9
2026-07-10T06:30:00Z,32.3,76,27.5,1000.1,1.79,4.02,292,0.0,0.0,723,5.8
2026-07-10T06:40:00Z,32.3,75,27.3,999.9,1.34,3.58,292,0.0,0.0,764,5.3
2026-07-10T06:50:00Z,32.7,74,27.5,999.9,1.34,3.58,315,0.0,0.0,729,5.3
2026-07-10T07:00:00Z,33.0,73,27.5,999.8,1.34,3.58,292,0.0,0.0,813,4.9
2026-07-10T07:10:00Z,32.8,73,27.3,999.7,1.34,3.13,315,0.0,0.0,305,2.4
2026-07-10T07:20:00Z,32.2,75,27.2,999.6,0.89,2.24,315,0.0,0.0,131,1.2
2026-07-10T07:30:00Z,31.8,79,27.7,999.7,0.89,2.68,315,0.0,0.0,100,0.9
2026-07-10T07:40:00Z,31.4,80,27.5,999.5,0.89,1.79,315,0.0,0.0,84,0.6
2026-07-10T07:50:00Z,31.2,81,27.5,999.4,1.34,3.58,315,0.0,0.0,70,0.4
2026-07-10T08:00:00Z,31.2,83,28.0,999.2,1.34,3.13,292,0.0,0.0,64,0.1
2026-07-10T08:10:00Z,30.7,84,27.7,998.7,2.24,5.36,292,0.0,0.0,52,0.0
2026-07-10T08:20:00Z,29.6,87,27.2,999.0,2.24,5.81,292,0.4,7.4,26,0.0
2026-07-10T08:30:00Z,28.4,87,26.0,998.8,2.68,5.81,292,0.6,1.4,19,0.0
2026-07-10T08:40:00Z,27.6,88,25.4,998.7,2.24,4.47,315,0.6,0.0,28,0.0
2026-07-10T08:50:00Z,27.2,89,25.2,998.8,2.24,4.47,315,1.2,7.4,23,0.0
2026-07-10T09:00:00Z,26.3,89,24.3,998.8,2.68,6.26,315,1.2,0.8,17,0.0
2026-07-10T09:10:00Z,25.7,89,23.7,998.6,2.68,6.26,292,1.2,0.0,19,0.0
2026-07-10T09:20:00Z,25.7,89,23.7,998.2,2.68,6.71,292,1.2,0.0,17,0.0
2026-07-10T09:30:00Z,25.8,88,23.7,998.0,1.79,4.92,315,1.2,0.0,15,0.0
2026-07-10T09:40:00Z,25.9,88,23.8,997.9,2.24,4.02,292,1.2,0.0,13,0.0
2026-07-10T09:50:00Z,26.1,88,24.0,997.7,1.79,4.02,292,1.2,0.0,13,0.0
2026-07-10T10:00:00Z,26.1,88,24.0,997.5,1.34,3.58,292,1.2,0.0,15,0.0
2026-07-10T10:10:00Z,26.1,88,24.0,997.5,1.34,3.13,292,1.2,0.0,12,0.0
2026-07-10T10:20:00Z,26.3,87,24.0,997.2,0.89,2.24,315,1.2,0.0,15,0.0
2026-07-10T10:30:00Z,26.6,87,24.3,997.1,1.34,3.58,315,1.2,0.0,23,0.0
2026-07-10T10:40:00Z,27.0,86,24.5,997.2,1.34,3.13,292,1.2,0.0,13,0.0
2026-07-10T10:50:00Z,27.4,85,24.7,997.6,0.89,3.13,292,1.2,0.0,4,0.0
2026-07-10T11:00:00Z,27.8,84,24.8,997.8,0.89,2.68,315,1.2,0.0,0,0.0
2026-07-10T11:10:00Z,27.8,82,24.4,998.0,0.89,2.24,292,1.2,0.0,0,0.0
2026-07-10T11:20:00Z,28.1,82,24.7,998.1,0.0,0.89,292,1.2,0.0,0,0.0
2026-07-10T11:30:00Z,28.1,83,24.9,998.0,0.0,0.89,292,1.2,0.0,0,0.0
2026-07-10T11:40:00Z,28.1,83,24.9,998.3,0.45,1.79,292,1.2,0.0,0,0.0
2026-07-10T11:50:00Z,27.8,83,24.6,998.3,0.45,0.89,292,1.2,0.0,0,0.0
2026-07-10T12:00:00Z,27.6,84,24.6,998.1,0.0,0.89,292,1.2,0.0,0,0.0
2026-07-10T12:10:00Z,27.7,84,24.7,998.0,0.45,1.79,292,1.2,0.0,0,0.0
2026-07-10T12:20:00Z,27.9,83,24.7,997.8,0.0,1.34,292,1.2,0.0,0,0.0
2026-07-10T12:30:00Z,28.1,83,24.9,997.7,0.0,0.89,292,1.2,0.0,0,0.0
2026-07-10T12:40:00Z,28.2,84,25.2,997.9,0.0,1.34,292,1.2,0.0,0,0.0
2026-07-10T12:50:00Z,28.3,85,25.5,997.7,0.0,0.89,292,1.2,0.0,0,0.0
2026-07-10T13:00:00Z,28.3,85,25.5,997.7,0.0,0.89,292,1.2,0.0,0,0.0
2026-07-10T13:10:00Z,28.2,86,25.6,997.7,0.45,1.34,292,1.2,0.0,0,0.0
2026-07-10T13:20:00Z,28.1,86,25.5,997.7,0.0,0.89,292,1.2,0.0,0,0.0
2026-07-10T13:30:00Z,28.1,86,25.5,997.8,0.0,0.89,292,1.2,0.0,0,0.0
2026-07-10T13:40:00Z,28.0,86,25.4,997.6,0.0,0.45,292,1.2,0.0,0,0.0
2026-07-10T13:50:00Z,27.8,86,25.2,997.4,0.0,0.89,292,1.2,0.0,0,0.0
2026-07-10T14:00:00Z,27.8,86,25.2,997.3,0.45,0.89,292,1.2,0.0,0,0.0
2026-07-10T14:10:00Z,27.7,87,25.3,997.2,0.0,0.89,292,1.2,0.0,0,0.0
2026-07-10T14:20:00Z,27.7,87,25.3,997.0,0.45,1.34,292,1.2,0.0,0,0.0
2026-07-10T14:30:00Z,27.6,87,25.2,996.9,0.0,0.89,292,1.2,0.0,0,0.0
2026-07-10T14:40:00Z,27.4,87,25.0,996.8,0.0,0.89,292,1.2,0.0,0,0.0
2026-07-10T14:50:00Z,27.4,88,25.2,996.4,0.45,1.34,292,1.2,0.0,0,0.0
2026-07-10T15:00:00Z,27.6,89,25.6,996.4,0.45,2.24,292,1.2,0.0,0,0.0
2026-07-10T15:10:00Z,27.9,89,25.9,996.0,0.89,3.13,292,1.2,0.0,0,0.0
2026-07-10T15:20:00Z,28.1,89,26.1,996.0,1.79,3.58,292,1.2,0.0,0,0.0
2026-07-10T15:30:00Z,28.3,89,26.3,995.7,1.34,3.58,292,1.2,0.0,0,0.0
2026-07-10T15:40:00Z,28.4,88,26.2,995.2,1.34,4.02,292,1.2,0.0,0,0.0
2026-07-10T15:50:00Z,28.3,88,26.1,995.0,1.34,3.58,292,1.2,0.0,0,0.0
2026-07-10T16:00:00Z,28.3,87,25.9,994.9,1.34,3.58,315,0.0,0.0,0,0.0
2026-07-10T16:10:00Z,28.3,87,25.9,994.5,1.34,3.58,315,0.0,0.0,0,0.0
2026-07-10T16:20:00Z,28.3,87,25.9,994.1,1.34,3.58,292,0.0,0.0,0,0.0
2026-07-10T16:30:00Z,28.3,87,25.9,993.9,2.24,4.92,315,0.0,0.0,0,0.0
2026-07-10T16:40:00Z,28.3,87,25.9,993.6,2.68,5.81,292,0.0,0.0,0,0.0
2026-07-10T16:50:00Z,28.3,87,25.9,993.6,2.68,5.81,315,0.0,0.0,0,0.0
2026-07-10T17:00:00Z,28.3,86,25.7,993.5,2.68,6.71,292,0.0,0.0,0,0.0
2026-07-10T17:10:00Z,28.2,86,25.6,993.3,2.68,6.26,292,0.0,0.0,0,0.0
2026-07-10T17:20:00Z,28.2,86,25.6,993.1,2.68,5.36,315,0.0,0.0,0,0.0
2026-07-10T17:30:00Z,28.2,86,25.6,993.0,2.24,5.81,292,0.0,0.0,0,0.0
2026-07-10T17:40:00Z,28.2,86,25.6,992.6,2.68,6.71,292,0.0,0.0,0,0.0
2026-07-10T17:50:00Z,28.2,85,25.4,992.4,3.13,6.71,292,0.0,0.0,0,0.0
2026-07-10T18:00:00Z,28.2,85,25.4,992.0,3.58,7.15,292,0.0,0.0,0,0.0
2026-07-10T18:10:00Z,28.2,85,25.4,992.0,3.58,7.15,292,0.0,0.0,0,0.0
2026-07-10T18:20:00Z,28.3,85,25.5,992.0,3.13,7.6,292,0.0,0.0,0,0.0
2026-07-10T18:30:00Z,28.3,85,25.5,991.9,3.58,7.15,292,0.0,0.0,0,0.0
2026-07-10T18:40:00Z,28.3,84,25.3,991.6,4.02,8.49,292,0.0,0.0,0,0.0
2026-07-10T18:50:00Z,28.3,84,25.3,991.4,4.02,8.94,292,0.0,0.0,0,0.0
2026-07-10T19:00:00Z,28.4,83,25.2,991.3,4.92,11.18,292,0.0,0.0,0,0.0
2026-07-10T19:10:00Z,28.4,82,25.0,991.3,5.81,11.18,292,0.0,0.0,0,0.0
2026-07-10T19:20:00Z,28.5,83,25.3,991.3,4.92,10.28,292,0.0,0.0,0,0.0
2026-07-10T19:30:00Z,28.5,83,25.3,991.2,5.36,10.73,292,0.0,0.0,0,0.0
2026-07-10T19:40:00Z,28.3,84,25.3,991.3,5.81,12.52,292,0.0,0.0,0,0.0
2026-07-10T19:50:00Z,28.2,85,25.4,991.4,5.81,12.07,292,0.0,0.0,0,0.0
2026-07-10T20:00:00Z,28.1,85,25.3,991.3,6.71,12.96,292,0.0,0.0,0,0.0
2026-07-10T20:10:00Z,28.1,86,25.5,991.0,7.15,16.09,292,0.0,0.0,0,0.0
2026-07-10T20:20:00Z,28.2,86,25.6,990.8,7.15,14.31,292,0.0,0.0,0,0.0
2026-07-10T20:30:00Z,28.1,86,25.5,990.9,7.6,15.65,292,0.0,0.0,0,0.0
2026-07-10T20:40:00Z,28.2,86,25.6,991.0,6.71,12.96,292,0.0,0.0,0,0.0
2026-07-10T20:50:00Z,28.1,86,25.5,991.3,7.15,15.65,292,0.0,0.0,0,0.0
2026-07-10T21:00:00Z,27.6,89,25.6,991.1,7.6,14.31,292,0.6,8.8,0,0.0
2026-07-10T21:10:00Z,26.9,90,25.1,991.6,6.71,14.31,292,2.6,19.8,0,0.0
2026-07-10T21:20:00Z,27.2,92,25.8,991.5,7.15,14.31,292,2.8,14.6,0,0.0
2026-07-10T21:30:00Z,27.2,92,25.8,992.2,8.05,14.75,292,3.0,1.2,0,0.0
2026-07-10T21:40:00Z,27.1,92,25.7,991.8,8.05,16.54,292,3.2,1.0,2,0.0
2026-07-10T21:50:00Z,27.1,92,25.7,992.1,8.05,14.75,292,3.2,0.8,5,0.0
2026-07-10T22:00:00Z,27.1,92,25.7,992.2,8.94,17.88,292,3.2,0.0,12,0.0
2026-07-10T22:10:00Z,27.1,92,25.7,992.0,8.94,17.88,292,3.2,0.0,21,0.0
2026-07-10T22:20:00Z,27.6,91,26.0,992.2,9.39,17.88,292,3.2,0.0,41,0.0
2026-07-10T22:30:00Z,28.1,88,25.9,992.3,10.28,16.54,292,3.2,0.0,47,0.0
2026-07-10T22:40:00Z,28.2,87,25.8,992.6,9.83,17.43,292,3.2,0.0,52,0.0
2026-07-10T22:50:00Z,28.1,88,25.9,992.8,10.28,15.65,292,3.2,0.0,45,0.0
2026-07-10T23:00:00Z,27.4,89,25.4,992.9,10.28,16.09,292,3.2,0.0,44,0.0
2026-07-10T23:10:00Z,27.3,89,25.3,993.0,9.83,16.09,292,3.2,0.0,51,0.0
2026-07-10T23:20:00Z,27.1,90,25.3,992.9,9.39,15.65,292,3.4,0.0,31,0.0
2026-07-10T23:30:00Z,27.2,90,25.4,992.8,8.94,16.09,292,3.4,0.0,16,0.0
2026-07-10T23:40:00Z,27.6,89,25.6,993.1,8.49,18.33,292,3.4,0.0,33,0.0
2026-07-10T23:50:00Z,27.7,88,25.5,993.3,9.39,16.54,292,3.4,0.0,29,0.0
2026-07-11T00:00:00Z,27.8,86,25.2,993.1,8.94,19.22,292,3.4,0.0,62,0.3
2026-07-11T00:10:00Z,27.7,87,25.3,993.2,8.94,16.54,292,3.4,0.0,117,1.0
2026-07-11T00:20:00Z,27.6,86,25.0,993.2,9.83,16.99,292,3.4,0.0,146,1.3
2026-07-11T00:30:00Z,28.0,85,25.2,993.1,9.39,17.88,292,3.4,0.0,134,1.3
2026-07-11T00:40:00Z,28.3,85,25.5,993.4,9.83,16.99,292,3.4,0.0,153,1.5
2026-07-11T00:50:00Z,28.6,85,25.8,993.5,8.94,15.65,292,3.4,0.0,207,1.9
2026-07-11T01:00:00Z,28.8,85,26.0,993.7,8.49,15.2,292,3.4,0.0,207,2.1
2026-07-11T01:10:00Z,29.1,83,25.9,993.7,8.94,16.99,292,3.4,0.0,182,2.0
2026-07-11T01:20:00Z,29.2,84,26.2,993.8,8.94,16.54,292,3.4,0.0,216,2.3
2026-07-11T01:30:00Z,29.1,84,26.1,994.2,8.94,16.09,292,3.4,0.0,222,2.5
2026-07-11T01:40:00Z,29.2,84,26.2,994.2,8.05,15.65,292,3.4,0.0,131,1.5
2026-07-11T01:50:00Z,28.0,87,25.6,994.2,8.49,15.2,292,3.8,5.2,120,1.3
2026-07-11T02:00:00Z,27.7,89,25.7,993.8,8.49,14.75,292,3.8,0.8,275,3.4
2026-07-11T02:10:00Z,27.4,89,25.4,994.1,8.05,14.31,292,4.2,11.2,132,1.6
2026-07-11T02:20:00Z,27.2,90,25.4,994.2,8.49,14.75,292,4.2,1.0,273,3.5
2026-07-11T02:30:00Z,27.6,91,26.0,994.1,7.15,13.86,292,4.2,0.0,273,3.6
2026-07-11T02:40:00Z,27.7,89,25.7,993.8,8.05,15.2,292,4.2,0.0,282,3.6
2026-07-11T02:50:00Z,28.5,88,26.3,993.8,8.05,15.2,292,4.2,0.0,291,3.7
2026-07-11T03:00:00Z,29.2,86,26.6,993.9,7.6,14.31,292,4.2,0.0,178,2.4
2026-07-11T03:10:00Z,29.7,87,27.3,993.7,7.6,14.75,292,4.2,0.0,278,3.5
2026-07-11T03:20:00Z,29.8,87,27.4,993.6,7.6,14.31,292,4.2,0.0,313,4.1
2026-07-11T03:30:00Z,29.9,87,27.5,993.6,7.6,14.31,292,4.2,0.0,305,4.3
2026-07-11T03:40:00Z,29.9,87,27.5,993.9,7.15,14.31,292,4.2,0.0,314,4.5
2026-07-11T03:50:00Z,30.0,86,27.4,994.1,6.71,16.54,292,4.2,0.0,306,4.2
2026-07-11T04:00:00Z,30.1,86,27.5,994.3,5.81,12.52,292,4.2,0.0,299,4.1
2026-07-11T04:10:00Z,30.1,87,27.7,994.5,5.81,12.07,292,4.2,0.0,303,4.3
2026-07-11T04:20:00Z,30.3,87,27.9,994.5,6.26,11.62,292,4.2,0.0,365,5.1
2026-07-11T04:30:00Z,30.3,86,27.7,994.3,6.71,12.52,292,4.2,0.0,379,5.0
2026-07-11T04:40:00Z,30.2,86,27.6,994.4,6.71,13.86,292,4.2,0.0,280,3.6
2026-07-11T04:50:00Z,30.1,87,27.7,994.5,6.71,12.52,292,4.2,0.0,214,2.6
2026-07-11T05:00:00Z,30.3,87,27.9,994.2,6.26,12.52,292,4.2,0.0,305,4.8
2026-07-11T05:10:00Z,30.7,86,28.1,994.2,6.26,12.07,292,4.2,0.0,601,6.2
2026-07-11T05:20:00Z,30.9,85,28.1,994.3,6.26,11.62,292,4.2,0.0,642,6.9
2026-07-11T05:30:00Z,30.9,85,28.1,994.2,6.71,13.86,292,4.2,0.0,575,6.1
2026-07-11T05:40:00Z,31.0,85,28.2,994.0,5.81,10.73,292,4.2,0.0,599,6.4
2026-07-11T05:50:00Z,31.3,84,28.3,994.1,6.26,12.52,292,4.2,0.0,780,7.3
2026-07-11T06:00:00Z,31.2,85,28.4,994.1,5.81,12.07,292,4.2,0.0,431,6.1
2026-07-11T06:10:00Z,31.1,85,28.3,993.9,5.36,13.41,292,4.2,0.0,500,5.0
2026-07-11T06:20:00Z,30.6,85,27.8,993.8,6.26,12.07,292,4.2,0.0,230,2.6
2026-07-11T06:30:00Z,30.6,85,27.8,994.1,6.71,13.86,292,4.2,0.0,509,4.6
2026-07-11T06:40:00Z,29.2,82,25.8,994.8,6.71,13.41,292,4.2,0.0,166,1.5
2026-07-11T06:50:00Z,27.9,85,25.1,994.3,6.26,12.07,292,4.2,0.0,66,0.4
2026-07-11T07:00:00Z,28.9,89,26.9,994.3,5.81,10.73,292,4.2,0.0,178,1.6
2026-07-11T07:10:00Z,29.4,89,27.4,994.0,5.36,11.62,292,4.2,0.0,108,0.8
2026-07-11T07:20:00Z,29.6,90,27.8,994.2,4.92,11.62,292,4.2,0.0,388,2.6
2026-07-11T07:30:00Z,29.9,88,27.7,994.4,4.47,8.94,270,4.2,0.0,335,2.3
2026-07-11T07:40:00Z,29.6,89,27.6,994.2,4.92,13.86,270,4.2,0.0,131,1.0
2026-07-11T07:50:00Z,29.6,90,27.8,994.4,4.47,8.94,270,5.0,35.4,313,1.9
2026-07-11T08:00:00Z,29.5,90,27.7,994.5,4.47,12.52,270,5.0,0.0,449,2.3
2026-07-11T08:10:00Z,29.5,91,27.9,994.9,4.47,8.49,270,5.0,0.0,401,2.0
2026-07-11T08:20:00Z,29.6,90,27.8,995.0,4.92,9.39,270,5.0,0.0,399,1.8
2026-07-11T08:30:00Z,29.7,90,27.9,995.2,4.47,8.94,292,5.0,0.0,416,1.6
2026-07-11T08:40:00Z,29.8,89,27.8,995.3,4.47,8.49,270,5.0,0.0,343,1.3
2026-07-11T08:50:00Z,29.8,89,27.8,995.7,4.02,8.94,270,5.0,0.0,276,1.0
2026-07-11T09:00:00Z,29.8,88,27.6,995.8,3.58,7.15,270,5.0,0.0,228,0.7
2026-07-11T09:10:00Z,29.8,88,27.6,995.9,3.58,7.15,270,5.0,0.0,170,0.5
2026-07-11T09:20:00Z,29.8,88,27.6,995.9,4.02,7.6,270,5.0,0.0,167,0.3
2026-07-11T09:30:00Z,29.8,88,27.6,996.0,3.58,7.15,270,5.0,0.0,133,0.0
2026-07-11T09:40:00Z,29.8,88,27.6,996.2,3.58,7.15,270,5.0,0.0,116,0.0
2026-07-11T09:50:00Z,29.7,88,27.5,996.4,3.58,7.6,270,5.0,0.0,70,0.0
2026-07-11T10:00:00Z,29.6,88,27.4,996.7,3.58,8.05,270,5.0,0.0,65,0.0
2026-07-11T10:10:00Z,29.6,88,27.4,996.8,3.58,9.39,270,5.0,0.0,49,0.0
2026-07-11T10:20:00Z,29.5,88,27.3,997.0,3.58,8.49,270,5.0,0.0,31,0.0
2026-07-11T10:30:00Z,29.5,88,27.3,997.1,3.58,6.71,270,5.0,0.0,16,0.0
2026-07-11T10:40:00Z,29.4,88,27.2,997.2,3.58,6.71,270,5.0,0.0,3,0.0
2026-07-11T10:50:00Z,29.4,88,27.2,997.2,3.13,5.81,270,5.0,0.0,0,0.0
2026-07-11T11:00:00Z,29.4,88,27.2,997.4,3.13,7.6,270,5.0,0.0,0,0.0
2026-07-11T11:10:00Z,29.4,88,27.2,997.7,3.13,7.6,270,5.0,0.0,0,0.0
2026-07-11T11:20:00Z,29.4,89,27.4,997.9,3.13,6.71,270,5.0,0.0,0,0.0
2026-07-11T11:30:00Z,29.3,88,27.1,998.1,3.13,8.05,270,5.0,0.0,0,0.0
2026-07-11T11:40:00Z,29.3,89,27.3,998.4,2.68,6.71,270,5.0,0.0,0,0.0
2026-07-11T11:50:00Z,29.3,88,27.1,998.8,2.68,4.92,270,5.0,0.0,0,0.0
2026-07-11T12:00:00Z,29.4,88,27.2,998.9,2.24,5.81,270,5.0,0.0,0,0.0
2026-07-11T12:10:00Z,29.3,88,27.1,999.3,2.68,6.26,270,5.0,0.0,0,0.0
2026-07-11T12:20:00Z,29.4,88,27.2,999.3,2.68,5.81,270,5.0,0.0,0,0.0
2026-07-11T12:30:00Z,29.4,88,27.2,999.4,2.68,5.36,270,5.0,0.0,0,0.0
2026-07-11T12:40:00Z,29.4,88,27.2,999.6,2.68,5.81,270,5.0,0.0,0,0.0
2026-07-11T12:50:00Z,29.4,88,27.2,999.7,2.68,5.36,270,5.0,0.0,0,0.0
2026-07-11T13:00:00Z,29.4,88,27.2,999.9,2.24,4.92,270,5.0,0.0,0,0.0
2026-07-11T13:10:00Z,29.4,88,27.2,1000.1,2.24,6.71,270,5.0,0.0,0,0.0
2026-07-11T13:20:00Z,29.4,88,27.2,1000.4,1.79,4.92,270,5.0,0.0,0,0.0
2026-07-11T13:30:00Z,29.5,88,27.3,1000.6,1.79,4.47,270,5.0,0.0,0,0.0
2026-07-11T13:40:00Z,29.5,88,27.3,1000.7,1.34,4.02,292,5.0,0.0,0,0.0
2026-07-11T13:50:00Z,29.5,88,27.3,1000.8,1.34,3.58,270,5.0,0.0,0,0.0
2026-07-11T14:00:00Z,29.5,88,27.3,1000.9,1.34,4.92,270,5.0,0.0,0,0.0
2026-07-11T14:10:00Z,29.6,88,27.4,1001.1,1.34,4.02,270,5.0,0.0,0,0.0
2026-07-11T14:20:00Z,29.6,88,27.4,1001.1,0.89,3.58,270,5.0,0.0,0,0.0
2026-07-11T14:30:00Z,29.6,88,27.4,1001.1,0.89,3.58,270,5.0,0.0,0,0.0
2026-07-11T14:40:00Z,29.5,87,27.1,1001.1,1.34,5.81,247,5.0,0.0,0,0.0
2026-07-11T14:50:00Z,29.7,87,27.3,1001.2,1.34,6.26,247,5.0,0.0,0,0.0
2026-07-11T15:00:00Z,29.7,87,27.3,1001.3,1.34,4.92,247,5.0,0.0,0,0.0
2026-07-11T15:10:00Z,29.7,87,27.3,1001.4,1.79,5.36,247,5.0,0.0,0,0.0
2026-07-11T15:20:00Z,29.8,87,27.4,1001.6,1.34,6.26,247,5.0,0.0,0,0.0
2026-07-11T15:30:00Z,29.7,87,27.3,1001.6,2.24,5.81,247,5.0,0.0,0,0.0
2026-07-11T15:40:00Z,29.7,87,27.3,1001.4,3.58,5.81,247,5.0,0.0,0,0.0
2026-07-11T15:50:00Z,29.7,87,27.3,1001.5,2.68,6.26,247,5.0,0.0,0,0.0
2026-07-11T16:00:00Z,29.7,87,27.3,1001.6,1.79,5.81,247,0.0,0.0,0,0.0
2026-07-11T16:10:00Z,29.6,87,27.2,1001.6,3.13,6.71,247,0.0,0.0,0,0.0
2026-07-11T16:20:00Z,29.7,87,27.3,1001.6,2.24,6.26,247,0.0,0.0,0,0.0
2026-07-11T16:30:00Z,29.7,87,27.3,1001.7,2.68,7.6,247,0.0,0.0,0,0.0
2026-07-11T16:40:00Z,29.7,87,27.3,1001.9,2.24,7.15,247,0.0,0.0,0,0.0
2026-07-11T16:50:00Z,29.7,87,27.3,1002.0,2.68,7.6,247,0.0,0.0,0,0.0
2026-07-11T17:00:00Z,29.7,87,27.3,1002.0,2.24,6.71,247,0.0,0.0,0,0.0
2026-07-11T17:10:00Z,29.7,86,27.1,1002.0,2.68,6.26,247,0.0,0.0,0,0.0
2026-07-11T17:20:00Z,29.7,86,27.1,1002.0,2.24,5.81,247,0.0,0.0,0,0.0
2026-07-11T17:30:00Z,29.7,86,27.1,1002.1,2.68,6.26,247,0.0,0.0,0,0.0
2026-07-11T17:40:00Z,29.7,87,27.3,1002.0,2.24,4.92,247,0.0,0.0,0,0.0
2026-07-11T17:50:00Z,29.7,87,27.3,1002.1,2.24,6.26,247,0.0,0.0,0,0.0
2026-07-11T18:00:00Z,29.7,87,27.3,1002.0,1.79,4.02,225,0.0,0.0,0,0.0
2026-07-11T18:10:00Z,29.7,87,27.3,1002.1,1.79,5.36,247,0.0,0.0,0,0.0
2026-07-11T18:20:00Z,29.7,87,27.3,1002.1,1.79,4.47,247,0.0,0.0,0,0.0
2026-07-11T18:30:00Z,29.6,87,27.2,1002.2,1.79,5.36,270,0.0,0.0,0,0.0
2026-07-11T18:40:00Z,29.6,87,27.2,1002.2,1.34,5.36,247,0.0,0.0,0,0.0
2026-07-11T18:50:00Z,29.6,87,27.2,1002.2,1.34,3.58,247,0.0,0.0,0,0.0
2026-07-11T19:00:00Z,29.5,87,27.1,1002.2,1.34,4.02,247,0.0,0.0,0,0.0
2026-07-11T19:10:00Z,29.5,87,27.1,1002.2,1.34,4.02,247,0.0,0.0,0,0.0
2026-07-11T19:20:00Z,29.6,87,27.2,1002.3,0.89,2.68,247,0.0,0.0,0,0.0
2026-07-11T19:30:00Z,29.5,87,27.1,1002.3,0.45,2.68,270,0.0,0.0,0,0.0
2026-07-11T19:40:00Z,29.5,88,27.3,1002.3,0.45,2.24,247,0.0,0.0,0,0.0
2026-07-11T19:50:00Z,29.5,88,27.3,1002.3,0.45,2.24,225,0.0,0.0,0,0.0
2026-07-11T20:00:00Z,29.5,87,27.1,1002.5,0.89,4.47,247,0.0,0.0,0,0.0
2026-07-11T20:10:00Z,29.5,87,27.1,1002.6,1.34,5.81,247,0.0,0.0,0,0.0
2026-07-11T20:20:00Z,29.6,87,27.2,1002.5,1.34,4.02,247,0.0,0.0,0,0.0
2026-07-11T20:30:00Z,29.6,86,27.0,1002.5,0.89,4.02,247,0.0,0.0,0,0.0
2026-07-11T20:40:00Z,29.6,86,27.0,1002.7,1.34,4.02,270,0.0,0.0,0,0.0
2026-07-11T20:50:00Z,29.6,86,27.0,1002.8,1.34,4.47,247,0.0,0.0,0,0.0
2026-07-11T21:00:00Z,29.7,86,27.1,1002.9,0.89,3.58,247,0.0,0.0,0,0.0
2026-07-11T21:10:00Z,29.7,86,27.1,1002.8,0.89,4.02,247,0.0,0.0,0,0.0
2026-07-11T21:20:00Z,29.7,86,27.1,1002.9,0.89,4.47,247,0.0,0.0,0,0.0
2026-07-11T21:30:00Z,29.6,86,27.0,1003.2,0.89,4.02,247,0.0,0.0,0,0.0
2026-07-11T21:40:00Z,29.6,86,27.0,1003.4,0.89,3.13,270,0.0,0.0,7,0.0
2026-07-11T21:50:00Z,29.6,86,27.0,1003.5,1.34,3.58,247,0.0,0.0,13,0.0
2026-07-11T22:00:00Z,29.6,86,27.0,1003.7,0.89,3.13,247,0.0,0.0,32,0.0
2026-07-11T22:10:00Z,29.7,86,27.1,1003.8,0.89,4.47,270,0.0,0.0,50,0.0
2026-07-11T22:20:00Z,29.6,86,27.0,1003.9,0.89,4.02,247,3.0,72.0,39,0.0
2026-07-11T22:30:00Z,29.1,88,26.9,1004.2,0.89,3.58,247,3.2,21.2,40,0.0
2026-07-11T22:40:00Z,28.9,89,26.9,1004.3,0.89,3.58,270,3.2,0.8,59,0.0
2026-07-11T22:50:00Z,28.8,90,27.0,1004.5,0.45,3.13,225,3.2,0.0,73,0.2
2026-07-11T23:00:00Z,28.7,90,26.9,1004.5,0.45,2.24,270,3.2,0.0,51,0.0
2026-07-11T23:10:00Z,28.3,90,26.5,1004.6,0.45,1.34,337,3.2,0.0,76,0.6
2026-07-11T23:20:00Z,28.5,91,26.9,1004.7,0.45,1.79,292,3.2,0.0,59,0.3
2026-07-11T23:30:00Z,28.7,91,27.1,1004.8,0.45,3.58,270,3.2,0.0,112,0.6
2026-07-11T23:40:00Z,28.9,91,27.3,1004.8,0.89,4.92,225,3.2,0.0,152,1.1
2026-07-11T23:50:00Z,29.2,91,27.6,1005.1,0.45,3.58,270,3.2,0.0,174,1.4
2026-07-12T00:00:00Z,29.3,91,27.7,1005.3,0.89,4.02,270,3.2,0.0,202,1.7
2026-07-12T00:10:00Z,29.4,91,27.8,1005.3,0.89,3.13,247,3.2,0.0,173,1.6
2026-07-12T00:20:00Z,29.5,91,27.9,1005.4,1.34,4.02,270,3.2,0.0,208,2.3
2026-07-12T00:30:00Z,29.7,90,27.9,1005.4,0.89,3.13,270,3.2,0.0,205,1.7
2026-07-12T00:40:00Z,28.2,86,25.6,1005.6,1.79,4.47,270,3.2,0.0,81,0.6
2026-07-12T00:50:00Z,27.8,88,25.6,1005.6,0.89,3.13,292,3.2,0.0,122,0.8
2026-07-12T01:00:00Z,28.6,90,26.8,1005.7,0.45,1.34,292,3.2,0.0,214,3.8
2026-07-12T01:10:00Z,29.1,89,27.1,1005.8,0.89,3.13,247,3.2,0.0,260,3.8
2026-07-12T01:20:00Z,29.6,88,27.4,1005.8,0.89,3.13,247,3.2,0.0,248,3.2
2026-07-12T01:30:00Z,30.1,87,27.7,1006.0,1.79,4.92,247,3.2,0.0,262,4.4
2026-07-12T01:40:00Z,30.4,85,27.6,1006.0,1.79,5.36,247,3.2,0.0,265,4.1
2026-07-12T01:50:00Z,30.8,84,27.8,1006.0,1.34,4.47,247,3.2,0.0,266,5.4
2026-07-12T02:00:00Z,31.1,83,27.9,1006.1,1.34,4.02,247,3.2,0.0,352,4.3
2026-07-12T02:10:00Z,31.1,83,27.9,1006.2,0.89,3.58,247,3.2,0.0,262,3.3
2026-07-12T02:20:00Z,31.4,84,28.4,1006.1,0.89,2.68,247,3.2,0.0,424,5.8
2026-07-12T02:30:00Z,31.4,83,28.2,1006.2,1.34,4.02,247,3.2,0.0,441,4.7
2026-07-12T02:40:00Z,31.6,83,28.4,1006.2,1.34,4.92,247,3.2,0.0,483,6.2
2026-07-12T02:50:00Z,31.7,82,28.2,1006.1,1.79,4.47,247,3.2,0.0,399,5.3
2026-07-12T03:00:00Z,31.6,81,27.9,1006.2,1.34,4.92,247,3.2,0.0,228,4.7
2026-07-12T03:10:00Z,31.4,82,28.0,1006.2,1.79,5.81,247,3.2,0.0,461,6.3
2026-07-12T03:20:00Z,31.8,82,28.3,1006.4,0.89,4.47,247,3.2,0.0,306,5.3
2026-07-12T03:30:00Z,31.9,81,28.2,1006.4,1.34,4.92,247,3.2,0.0,928,7.4
2026-07-12T03:40:00Z,31.7,80,27.8,1006.4,2.24,6.71,247,3.2,0.0,606,7.2
2026-07-12T03:50:00Z,31.8,81,28.1,1006.4,1.79,5.81,247,3.2,0.0,882,7.9
2026-07-12T04:00:00Z,32.1,81,28.4,1006.3,1.34,4.47,247,3.2,0.0,489,6.5
2026-07-12T04:10:00Z,32.2,80,28.3,1006.1,1.34,4.47,247,3.2,0.0,613,7.4
2026-07-12T04:20:00Z,32.3,80,28.4,1006.1,1.34,3.58,247,3.2,0.0,378,5.5
2026-07-12T04:30:00Z,32.2,80,28.3,1006.0,1.34,4.47,247,3.2,0.0,463,6.5
2026-07-12T04:40:00Z,32.3,80,28.4,1005.8,0.89,1.79,135,3.2,0.0,436,6.6
2026-07-12T04:50:00Z,32.6,80,28.7,1005.6,1.34,4.02,247,3.2,0.0,946,9.0
2026-07-12T05:00:00Z,32.7,80,28.8,1005.8,0.89,4.47,225,3.2,0.0,986,8.2
2026-07-12T05:10:00Z,32.7,79,28.6,1005.7,0.89,5.81,247,3.2,0.0,379,6.1
2026-07-12T05:20:00Z,32.5,78,28.2,1005.7,1.34,4.02,270,3.2,0.0,628,6.2
2026-07-12T05:30:00Z,32.3,79,28.2,1005.8,1.34,4.47,270,3.2,0.0,632,6.3
2026-07-12T05:40:00Z,32.3,79,28.2,1005.7,1.79,4.92,247,3.2,0.0,466,6.2
2026-07-12T05:50:00Z,32.1,80,28.2,1005.6,1.79,5.36,247,3.2,0.0,337,5.0
2026-07-12T06:00:00Z,32.1,80,28.2,1005.5,1.34,4.47,270,3.2,0.0,332,4.4
2026-07-12T06:10:00Z,32.0,81,28.3,1005.7,0.89,4.02,225,3.2,0.0,337,3.5
2026-07-12T06:20:00Z,32.1,81,28.4,1005.5,0.89,2.68,247,3.2,0.0,275,3.6
2026-07-12T06:30:00Z,32.1,80,28.2,1005.4,1.34,4.02,270,3.2,0.0,341,4.6
2026-07-12T06:40:00Z,31.9,81,28.2,1005.6,1.34,4.47,247,3.2,0.0,270,3.1
2026-07-12T06:50:00Z,31.8,82,28.3,1005.5,0.89,3.13,270,3.2,0.0,676,4.8
2026-07-12T07:00:00Z,32.1,81,28.4,1005.5,1.34,5.36,247,3.2,0.0,788,4.4
2026-07-12T07:10:00Z,32.3,80,28.4,1005.5,1.34,3.58,247,3.2,0.0,685,4.4
2026-07-12T07:20:00Z,32.6,79,28.5,1005.6,0.89,3.58,270,3.2,0.0,803,3.9
2026-07-12T07:30:00Z,32.6,79,28.5,1005.5,1.34,3.58,270,3.2,0.0,602,3.5
2026-07-12T07:40:00Z,32.4,79,28.3,1005.5,1.34,4.02,247,3.2,0.0,520,3.2
2026-07-12T07:50:00Z,32.6,80,28.7,1005.5,0.89,4.02,270,3.2,0.0,735,3.0
2026-07-12T08:00:00Z,32.5,79,28.4,1005.4,1.34,4.02,247,3.2,0.0,339,2.0
2026-07-12T08:10:00Z,32.1,80,28.2,1005.4,0.89,3.58,270,3.2,0.0,231,1.5
2026-07-12T08:20:00Z,32.0,81,28.3,1005.5,0.89,2.68,270,3.2,0.0,320,1.6
2026-07-12T08:30:00Z,32.2,81,28.5,1005.5,0.89,2.68,112,3.2,0.0,538,1.7
2026-07-12T08:40:00Z,32.2,80,28.3,1005.7,0.45,4.02,247,3.2,0.0,224,1.0
2026-07-12T08:50:00Z,32.1,80,28.2,1005.7,0.45,1.79,135,3.2,0.0,234,0.9
2026-07-12T09:00:00Z,31.9,81,28.2,1005.8,0.45,3.13,292,3.2,0.0,159,0.7
2026-07-12T09:10:00Z,31.4,83,28.2,1005.8,0.45,4.02,247,3.6,3.6,98,0.0
2026-07-12T09:20:00Z,30.7,85,27.9,1005.9,0.45,1.79,112,3.6,1.0,221,0.4
2026-07-12T09:30:00Z,30.3,86,27.7,1005.9,0.45,1.79,135,3.6,0.0,279,0.2
2026-07-12T09:40:00Z,30.2,86,27.6,1006.1,0.45,2.24,112,3.6,0.0,194,0.0
2026-07-12T09:50:00Z,29.4,87,27.0,1006.1,0.45,3.58,67,6.0,77.4,35,0.0
2026-07-12T10:00:00Z,28.9,88,26.7,1006.2,0.45,3.13,157,6.2,3.4,28,0.0
2026-07-12T10:10:00Z,28.7,89,26.7,1006.2,0.45,1.34,157,6.2,0.0,30,0.0
2026-07-12T10:20:00Z,28.7,90,26.9,1006.4,0.0,1.34,157,6.2,0.0,17,0.0
2026-07-12T10:30:00Z,28.6,90,26.8,1006.5,0.45,2.24,157,6.2,0.0,11,0.0
2026-07-12T10:40:00Z,28.6,91,27.0,1006.8,0.0,1.34,157,6.2,0.0,1,0.0
2026-07-12T10:50:00Z,28.4,91,26.8,1006.9,0.45,2.68,157,6.2,0.0,0,0.0
2026-07-12T11:00:00Z,28.3,91,26.7,1007.1,0.45,2.24,135,6.2,0.0,0,0.0
2026-07-12T11:10:00Z,28.1,91,26.5,1007.0,0.45,1.79,135,6.2,0.0,0,0.0
2026-07-12T11:20:00Z,28.0,91,26.4,1007.2,0.45,1.34,135,6.2,0.0,0,0.0
2026-07-12T11:30:00Z,27.9,91,26.3,1007.4,0.45,1.34,135,6.2,0.0,0,0.0
2026-07-12T11:40:00Z,27.9,91,26.3,1007.2,0.45,1.79,135,6.2,0.0,0,0.0
2026-07-12T11:50:00Z,27.9,92,26.5,1007.6,0.45,1.34,135,6.2,0.0,0,0.0
2026-07-12T12:00:00Z,27.8,92,26.4,1007.8,0.45,2.24,135,6.2,0.0,0,0.0
2026-07-12T12:10:00Z,27.8,92,26.4,1008.0,0.45,1.79,112,6.2,0.0,0,0.0
2026-07-12T12:20:00Z,27.8,92,26.4,1008.1,0.45,1.79,135,6.2,0.0,0,0.0
2026-07-12T12:30:00Z,27.7,91,26.1,1008.2,0.0,0.89,135,6.2,0.0,0,0.0
2026-07-12T12:40:00Z,27.7,92,26.3,1008.3,0.0,0.89,135,6.2,0.0,0,0.0
2026-07-12T12:50:00Z,27.8,92,26.4,1008.5,0.0,2.24,135,6.2,0.0,0,0.0
2026-07-12T13:00:00Z,27.9,92,26.5,1008.6,0.45,1.79,135,6.2,0.0,0,0.0
2026-07-12T13:10:00Z,28.1,92,26.7,1008.8,0.0,1.34,135,6.2,0.0,0,0.0
2026-07-12T13:20:00Z,27.9,92,26.5,1009.0,0.0,1.34,135,6.2,0.0,0,0.0
2026-07-12T13:30:00Z,27.8,92,26.4,1008.9,0.0,0.89,135,6.2,0.0,0,0.0
2026-07-12T13:40:00Z,27.7,92,26.3,1009.0,0.0,0.89,135,6.2,0.0,0,0.0
2026-07-12T13:50:00Z,27.6,92,26.2,1009.0,0.0,0.89,135,6.2,0.0,0,0.0
2026-07-12T14:00:00Z,27.7,92,26.3,1009.0,0.0,0.45,135,6.2,0.0,0,0.0
2026-07-12T14:10:00Z,27.7,92,26.3,1009.0,0.0,1.34,135,6.2,0.0,0,0.0
2026-07-12T14:20:00Z,27.7,92,26.3,1009.2,0.0,1.34,135,6.2,0.0,0,0.0
2026-07-12T14:30:00Z,27.7,92,26.3,1009.1,0.0,0.45,135,6.2,0.0,0,0.0
2026-07-12T14:40:00Z,27.6,92,26.2,1009.1,0.45,1.79,135,6.2,0.0,0,0.0
2026-07-12T14:50:00Z,27.6,92,26.2,1009.1,0.0,1.34,135,6.2,0.0,0,0.0
2026-07-12T15:00:00Z,27.6,92,26.2,1009.2,0.0,1.34,135,6.2,0.0,0,0.0
2026-07-12T15:10:00Z,27.5,92,26.1,1009.2,0.0,0.89,135,6.2,0.0,0,0.0
2026-07-12T15:20:00Z,27.4,92,26.0,1009.2,0.0,1.79,135,6.2,0.0,0,0.0
2026-07-12T15:30:00Z,27.4,91,25.8,1009.3,0.0,1.34,135,6.2,0.0,0,0.0
2026-07-12T15:40:00Z,27.4,91,25.8,1009.2,0.45,1.79,135,6.2,0.0,0,0.0
2026-07-12T15:50:00Z,27.5,91,25.9,1009.3,0.45,1.79,135,6.2,0.0,0,0.0
2026-07-12T16:00:00Z,27.5,90,25.7,1009.3,0.0,1.34,135,0.0,0.0,0,0.0
2026-07-12T16:10:00Z,27.5,90,25.7,1009.3,0.0,1.79,135,0.0,0.0,0,0.0
2026-07-12T16:20:00Z,27.4,90,25.6,1009.0,0.0,1.34,135,0.0,0.0,0,0.0
2026-07-12T16:30:00Z,27.4,90,25.6,1009.0,0.45,1.34,157,0.0,0.0,0,0.0
2026-07-12T16:40:00Z,27.4,89,25.4,1009.0,0.45,3.13,135,0.0,0.0,0,0.0
2026-07-12T16:50:00Z,27.4,89,25.4,1008.9,0.45,3.13,135,0.0,0.0,0,0.0
2026-07-12T17:00:00Z,27.5,89,25.5,1008.7,0.45,2.24,157,0.0,0.0,0,0.0
2026-07-12T17:10:00Z,27.4,89,25.4,1008.5,0.0,1.34,157,0.0,0.0,0,0.0
2026-07-12T17:20:00Z,27.4,89,25.4,1008.5,0.0,1.34,157,0.0,0.0,0,0.0
2026-07-12T17:30:00Z,27.3,89,25.3,1008.3,0.0,0.89,157,0.0,0.0,0,0.0
2026-07-12T17:40:00Z,27.3,89,25.3,1008.1,0.0,1.79,157,0.0,0.0,0,0.0
2026-07-12T17:50:00Z,27.4,89,25.4,1008.0,0.0,1.34,157,0.0,0.0,0,0.0
2026-07-12T18:00:00Z,27.5,89,25.5,1008.0,0.45,2.24,157,0.0,0.0,0,0.0
2026-07-12T18:10:00Z,27.6,88,25.4,1008.1,0.0,1.34,157,0.0,0.0,0,0.0
2026-07-12T18:20:00Z,27.6,88,25.4,1008.1,0.45,2.24,157,0.0,0.0,0,0.0
2026-07-12T18:30:00Z,27.7,87,25.3,1008.1,0.45,2.24,157,0.0,0.0,0,0.0
2026-07-12T18:40:00Z,27.8,87,25.4,1008.0,0.45,1.34,157,0.0,0.0,0,0.0
2026-07-12T18:50:00Z,27.7,87,25.3,1008.1,0.45,2.68,157,0.0,0.0,0,0.0
2026-07-12T19:00:00Z,27.7,87,25.3,1008.2,0.0,1.34,157,0.0,0.0,0,0.0
2026-07-12T19:10:00Z,27.7,87,25.3,1008.2,0.0,1.79,157,0.0,0.0,0,0.0
2026-07-12T19:20:00Z,27.6,87,25.2,1008.2,0.45,1.79,157,0.0,0.0,0,0.0
2026-07-12T19:30:00Z,27.6,88,25.4,1008.1,0.0,1.34,157,0.0,0.0,0,0.0
2026-07-12T19:40:00Z,27.5,88,25.3,1008.1,0.0,1.34,157,0.0,0.0,0,0.0
2026-07-12T19:50:00Z,27.4,88,25.2,1008.0,0.0,1.34,157,0.0,0.0,0,0.0
2026-07-12T20:00:00Z,27.4,88,25.2,1008.0,0.0,1.79,157,0.0,0.0,0,0.0
2026-07-12T20:10:00Z,27.4,88,25.2,1008.1,0.0,1.34,157,0.0,0.0,0,0.0
2026-07-12T20:20:00Z,27.4,89,25.4,1008.1,0.0,1.34,157,0.0,0.0,0,0.0
2026-07-12T20:30:00Z,27.3,89,25.3,1008.2,0.45,2.24,157,0.0,0.0,0,0.0
2026-07-12T20:40:00Z,27.3,89,25.3,1008.2,0.45,3.13,157,0.0,0.0,0,0.0
2026-07-12T20:50:00Z,27.3,89,25.3,1008.4,0.45,2.68,157,0.0,0.0,0,0.0
2026-07-12T21:00:00Z,27.2,89,25.2,1008.3,0.45,1.34,157,0.0,0.0,0,0.0
2026-07-12T21:10:00Z,27.2,89,25.2,1008.3,0.45,2.68,157,0.0,0.0,0,0.0
2026-07-12T21:20:00Z,27.2,89,25.2,1008.4,0.89,3.58,157,0.0,0.0,0,0.0
2026-07-12T21:30:00Z,27.1,89,25.1,1008.5,0.45,3.58,157,0.0,0.0,1,0.0
2026-07-12T21:40:00Z,27.2,89,25.2,1008.5,0.45,2.24,157,0.0,0.0,7,0.0
2026-07-12T21:50:00Z,27.1,90,25.3,1008.7,0.45,2.24,157,0.0,0.0,12,0.0
2026-07-12T22:00:00Z,27.2,90,25.4,1008.7,0.45,1.34,157,0.0,0.0,32,0.0
2026-07-12T22:10:00Z,27.4,90,25.6,1008.7,0.45,2.24,157,0.0,0.0,65,0.0
2026-07-12T22:20:00Z,27.7,90,25.9,1008.7,0.45,2.24,157,0.0,0.0,93,0.0
2026-07-12T22:30:00Z,28.1,90,26.3,1008.7,0.0,1.34,135,0.0,0.0,90,0.0
2026-07-12T22:40:00Z,28.4,89,26.4,1008.7,0.45,1.79,135,0.0,0.0,101,0.0
2026-07-12T22:50:00Z,28.9,88,26.7,1008.8,0.45,2.68,135,0.0,0.0,100,0.3
2026-07-12T23:00:00Z,29.3,87,26.9,1008.9,0.45,3.13,112,0.0,0.0,60,0.3
2026-07-12T23:10:00Z,29.7,85,26.9,1009.0,0.45,1.79,112,0.0,0.0,46,0.0
2026-07-12T23:20:00Z,30.1,84,27.1,1009.0,0.45,2.68,135,0.0,0.0,48,0.0
2026-07-12T23:30:00Z,30.4,83,27.2,1009.0,0.45,2.24,135,0.0,0.0,49,0.0
2026-07-12T23:40:00Z,30.7,82,27.3,1009.1,0.89,3.58,157,0.0,0.0,53,0.1
2026-07-12T23:50:00Z,30.8,81,27.2,1009.1,0.89,2.68,90,0.0,0.0,63,1.5
2026-07-13T00:00:00Z,30.8,80,26.9,1009.2,1.34,4.02,135,0.0,0.0,84,1.9
2026-07-13T00:10:00Z,30.7,81,27.1,1009.1,1.34,4.92,157,0.0,0.0,99,2.0
2026-07-13T00:20:00Z,30.8,80,26.9,1009.1,0.89,4.02,112,0.0,0.0,122,2.1
2026-07-13T00:30:00Z,30.8,81,27.2,1009.1,0.89,3.13,135,0.0,0.0,114,2.2
2026-07-13T00:40:00Z,30.9,81,27.3,1009.1,0.89,2.24,135,0.0,0.0,132,2.7
2026-07-13T00:50:00Z,30.9,80,27.0,1009.2,0.89,3.13,112,0.0,0.0,179,2.2
2026-07-13T01:00:00Z,30.8,80,26.9,1009.1,1.34,4.02,157,0.0,0.0,203,2.9
2026-07-13T01:10:00Z,31.2,80,27.3,1009.1,0.89,3.13,135,0.0,0.0,189,3.9
2026-07-13T01:20:00Z,31.4,80,27.5,1009.3,0.89,3.13,135,0.0,0.0,183,4.0
2026-07-13T01:30:00Z,31.7,78,27.4,1009.3,2.24,6.26,157,0.0,0.0,142,5.3
2026-07-13T01:40:00Z,31.9,78,27.6,1009.2,1.79,6.71,135,0.0,0.0,90,5.8
2026-07-13T01:50:00Z,32.1,78,27.8,1009.2,1.79,6.71,135,0.0,0.0,84,6.2
2026-07-13T02:00:00Z,32.4,78,28.1,1009.2,1.34,5.36,135,0.0,0.0,170,6.7
2026-07-13T02:10:00Z,32.6,78,28.3,1009.2,1.79,4.92,157,0.0,0.0,765,7.1
2026-07-13T02:20:00Z,32.6,77,28.0,1009.0,1.79,4.47,157,0.0,0.0,787,7.5
2026-07-13T02:30:00Z,32.6,77,28.0,1009.0,1.34,4.47,45,0.0,0.0,811,7.6
2026-07-13T02:40:00Z,32.8,76,28.0,1008.8,1.79,5.81,67,0.0,0.0,867,8.3
2026-07-13T02:50:00Z,32.8,76,28.0,1008.8,1.79,5.36,157,0.0,0.0,914,8.7
2026-07-13T03:00:00Z,32.8,75,27.8,1008.7,2.24,6.26,157,0.0,0.0,934,9.0
2026-07-13T03:10:00Z,32.9,76,28.1,1008.5,1.79,5.36,157,0.0,0.0,948,9.3
2026-07-13T03:20:00Z,33.0,76,28.2,1008.2,1.79,5.36,45,0.0,0.0,954,9.6
2026-07-13T03:30:00Z,33.1,75,28.1,1008.1,2.24,5.81,135,0.0,0.0,965,9.8
2026-07-13T03:40:00Z,33.1,75,28.1,1008.1,2.24,5.36,135,0.0,0.0,949,9.8
2026-07-13T03:50:00Z,33.0,75,28.0,1008.0,2.68,7.15,157,0.0,0.0,950,9.8
2026-07-13T04:00:00Z,33.3,76,28.5,1007.8,1.79,5.36,67,0.0,0.0,946,9.8
2026-07-13T04:10:00Z,33.1,74,27.8,1007.8,2.68,5.81,67,0.0,0.0,952,10.0
2026-07-13T04:20:00Z,33.1,76,28.3,1007.9,2.24,5.36,157,0.0,0.0,910,9.6
2026-07-13T04:30:00Z,33.3,76,28.5,1008.1,1.79,4.92,157,0.0,0.0,1000,10.3
2026-07-13T04:40:00Z,33.6,75,28.6,1008.1,1.79,6.71,157,0.0,0.0,1003,10.3
2026-07-13T04:50:00Z,33.6,74,28.3,1008.5,1.79,5.36,112,0.0,0.0,1017,10.3
2026-07-13T05:00:00Z,33.5,74,28.2,1008.6,1.79,6.26,157,0.0,0.0,932,9.3
2026-07-13T05:10:00Z,33.4,76,28.6,1008.6,1.79,4.02,157,0.0,0.0,1025,9.2
2026-07-13T05:20:00Z,33.6,74,28.3,1008.5,1.34,4.47,157,0.0,0.0,885,9.3
2026-07-13T05:30:00Z,33.2,75,28.2,1008.5,1.34,4.02,112,0.0,0.0,590,6.9
2026-07-13T05:40:00Z,32.8,75,27.8,1008.6,1.79,7.6,157,0.0,0.0,378,4.3
2026-07-13T05:50:00Z,31.9,76,27.1,1009.0,1.34,4.02,135,0.0,0.0,103,1.0
2026-07-13T06:00:00Z,28.9,81,25.3,1009.5,1.79,4.92,45,1.6,43.2,11,0.0
2026-07-13T06:10:00Z,27.1,85,24.4,1009.4,0.89,3.58,135,11.6,174.6,17,0.0
2026-07-13T06:20:00Z,26.2,88,24.1,1009.4,0.89,3.58,135,18.4,74.4,13,0.0
2026-07-13T06:30:00Z,25.8,89,23.8,1009.1,0.89,2.68,112,21.6,62.6,17,0.0
2026-07-13T06:40:00Z,25.7,90,23.9,1009.0,0.45,2.68,90,21.8,4.2,22,0.0
2026-07-13T06:50:00Z,25.7,90,23.9,1008.9,1.34,4.47,157,22.2,2.2,19,0.0
2026-07-13T07:00:00Z,25.7,91,24.1,1009.2,1.79,5.36,157,22.4,3.2,15,0.0
2026-07-13T07:10:00Z,25.6,91,24.0,1009.2,1.79,5.81,157,22.8,2.2,14,0.0
2026-07-13T07:20:00Z,25.7,91,24.1,1008.8,0.89,3.58,180,22.8,1.0,18,0.0
2026-07-13T07:30:00Z,25.7,91,24.1,1009.0,1.34,4.02,135,22.8,0.0,18,0.0
2026-07-13T07:40:00Z,25.6,91,24.0,1009.1,1.34,4.92,135,22.8,0.0,19,0.0
2026-07-13T07:50:00Z,25.7,91,24.1,1009.2,1.34,4.02,112,22.8,0.0,18,0.0
2026-07-13T08:00:00Z,25.7,91,24.1,1009.0,0.89,4.47,135,22.8,0.0,29,0.0
2026-07-13T08:10:00Z,25.7,91,24.1,1008.8,0.89,4.02,157,22.8,0.0,36,0.0
2026-07-13T08:20:00Z,25.7,91,24.1,1008.7,0.89,4.02,157,22.8,0.0,47,0.0
2026-07-13T08:30:00Z,25.9,91,24.3,1008.7,0.89,2.68,157,22.8,0.0,56,0.0
2026-07-13T08:40:00Z,26.2,91,24.6,1008.5,1.34,4.47,157,22.8,0.0,62,0.0
2026-07-13T08:50:00Z,26.3,90,24.5,1008.4,0.89,3.13,157,22.8,0.0,57,0.0
2026-07-13T09:00:00Z,26.5,89,24.5,1008.6,0.89,3.58,112,22.8,0.0,38,0.0
2026-07-13T09:10:00Z,26.7,89,24.7,1008.8,0.89,3.13,157,22.8,0.0,29,0.0
2026-07-13T09:20:00Z,26.8,89,24.8,1009.0,0.89,3.13,157,22.8,0.0,26,0.0
2026-07-13T09:30:00Z,26.9,89,24.9,1009.2,0.89,3.13,135,22.8,0.0,22,0.0
2026-07-13T09:40:00Z,27.1,88,24.9,1009.4,1.34,4.47,157,22.8,0.0,12,0.0
2026-07-13T09:50:00Z,27.3,87,24.9,1009.7,1.34,3.58,157,22.8,0.0,9,0.0
2026-07-13T10:00:00Z,27.3,87,24.9,1009.6,0.89,2.68,135,22.8,0.0,11,0.0
2026-07-13T10:10:00Z,27.4,87,25.0,1009.5,0.89,3.58,135,22.8,0.0,15,0.0
2026-07-13T10:20:00Z,27.4,87,25.0,1009.4,0.45,3.13,157,22.8,0.0,12,0.0
2026-07-13T10:30:00Z,27.4,87,25.0,1009.5,0.89,3.13,157,22.8,0.0,6,0.0
2026-07-13T10:40:00Z,27.6,86,25.0,1009.7,1.34,4.92,157,22.8,0.0,0,0.0
2026-07-13T10:50:00Z,27.7,86,25.1,1009.8,0.89,3.58,112,22.8,0.0,0,0.0
2026-07-13T11:00:00Z,27.5,86,24.9,1010.1,0.45,1.79,157,22.8,0.0,0,0.0
2026-07-13T11:10:00Z,27.6,86,25.0,1010.4,0.45,1.79,157,22.8,0.0,0,0.0
2026-07-13T11:20:00Z,27.4,87,25.0,1010.3,0.89,3.13,67,23.2,5.0,0,0.0
2026-07-13T11:30:00Z,27.2,88,25.0,1010.3,0.45,3.13,157,23.4,2.4,0,0.0
2026-07-13T11:40:00Z,27.1,89,25.1,1010.2,0.0,1.79,135,23.4,0.0,0,0.0
2026-07-13T11:50:00Z,26.8,89,24.8,1010.2,0.0,0.89,67,23.4,0.0,0,0.0
2026-07-13T12:00:00Z,26.7,89,24.7,1010.3,0.0,1.34,90,23.4,0.0,0,0.0
2026-07-13T12:10:00Z,26.7,90,24.9,1010.4,0.45,2.24,135,23.4,0.0,0,0.0
2026-07-13T12:20:00Z,26.6,90,24.8,1010.2,0.89,3.13,135,23.4,0.0,0,0.0
2026-07-13T12:30:00Z,26.4,90,24.6,1010.1,0.89,3.13,157,23.4,0.0,0,0.0
2026-07-13T12:40:00Z,26.4,90,24.6,1010.3,0.45,2.24,135,23.4,0.0,0,0.0
2026-07-13T12:50:00Z,26.4,90,24.6,1010.2,0.89,3.13,135,23.4,0.0,0,0.0
2026-07-13T13:00:00Z,26.5,90,24.7,1010.5,0.89,3.13,157,23.4,0.0,0,0.0
2026-07-13T13:10:00Z,26.6,90,24.8,1010.8,1.34,4.47,157,23.4,0.0,0,0.0
2026-07-13T13:20:00Z,26.7,90,24.9,1011.0,0.89,3.13,157,24.6,9.8,0,0.0
2026-07-13T13:30:00Z,26.6,90,24.8,1010.6,0.89,3.58,90,25.6,17.2,0,0.0
2026-07-13T13:40:00Z,26.6,91,25.0,1010.9,0.89,2.68,157,25.8,2.0,0,0.0
2026-07-13T13:50:00Z,26.6,91,25.0,1011.5,0.45,2.68,157,25.8,0.8,0,0.0
2026-07-13T14:00:00Z,26.6,91,25.0,1011.8,0.0,1.79,157,25.8,0.0,0,0.0
2026-07-13T14:10:00Z,26.7,91,25.1,1012.0,0.45,2.68,157,25.8,0.0,0,0.0
2026-07-13T14:20:00Z,26.7,92,25.3,1012.5,0.0,0.89,157,25.8,0.0,0,0.0
2026-07-13T14:30:00Z,26.9,92,25.5,1012.6,0.0,2.24,225,25.8,0.0,0,0.0
2026-07-13T14:40:00Z,26.7,91,25.1,1012.5,0.45,3.13,225,27.2,89.4,0,0.0
2026-07-13T14:50:00Z,26.4,91,24.8,1012.2,0.45,1.34,225,30.4,79.0,0,0.0
2026-07-13T15:00:00Z,26.4,92,25.0,1012.4,0.0,0.89,225,31.8,48.2,0,0.0
2026-07-13T15:10:00Z,26.4,92,25.0,1012.2,0.0,0.89,225,31.8,1.0,0,0.0
2026-07-13T15:20:00Z,26.5,92,25.1,1012.4,0.0,0.89,225,32.0,1.0,0,0.0
2026-07-13T15:30:00Z,26.6,92,25.2,1012.5,0.0,1.34,225,32.0,0.0,0,0.0
2026-07-13T15:40:00Z,26.6,92,25.2,1012.5,0.0,0.0,,32.0,0.0,0,0.0
2026-07-13T15:50:00Z,26.7,93,25.5,1012.5,0.0,1.79,135,32.0,0.0,0,0.0
2026-07-13T16:00:00Z,26.8,93,25.6,1012.3,0.45,2.24,135,0.0,0.0,0,0.0
2026-07-13T16:10:00Z,26.7,93,25.5,1012.2,0.45,2.24,135,0.0,0.0,0,0.0
2026-07-13T16:20:00Z,26.6,93,25.4,1012.0,0.0,1.34,135,0.0,0.0,0,0.0
2026-07-13T16:30:00Z,26.4,93,25.2,1011.7,0.45,2.24,135,0.0,0.0,0,0.0
2026-07-13T16:40:00Z,26.3,93,25.1,1011.6,0.0,1.79,135,0.0,0.0,0,0.0
2026-07-13T16:50:00Z,26.3,93,25.1,1011.4,0.0,1.34,135,0.0,0.0,0,0.0
2026-07-13T17:00:00Z,26.3,93,25.1,1011.3,0.0,1.34,157,0.0,0.0,0,0.0
2026-07-13T17:10:00Z,26.3,93,25.1,1011.1,0.45,1.79,157,0.0,0.0,0,0.0
2026-07-13T17:20:00Z,26.3,93,25.1,1011.1,0.0,1.79,157,0.0,0.0,0,0.0
2026-07-13T17:30:00Z,26.3,93,25.1,1011.0,0.0,0.89,157,0.0,0.0,0,0.0
2026-07-13T17:40:00Z,26.2,93,25.0,1010.8,0.0,1.34,157,0.0,0.0,0,0.0
2026-07-13T17:50:00Z,26.2,93,25.0,1010.9,0.0,0.89,157,0.0,0.0,0,0.0
2026-07-13T18:00:00Z,26.1,93,24.9,1010.6,0.0,1.34,157,0.0,0.0,0,0.0
2026-07-13T18:10:00Z,26.1,93,24.9,1010.6,0.45,2.24,135,0.0,0.0,0,0.0
2026-07-13T18:20:00Z,26.1,93,24.9,1010.6,0.45,1.79,135,0.0,0.0,0,0.0
2026-07-13T18:30:00Z,26.0,93,24.8,1010.4,0.0,0.89,135,0.0,0.0,0,0.0
2026-07-13T18:40:00Z,26.0,93,24.8,1010.3,0.0,0.89,135,0.0,0.0,0,0.0
2026-07-13T18:50:00Z,26.0,93,24.8,1010.4,0.0,1.34,135,0.0,0.0,0,0.0
2026-07-13T19:00:00Z,26.1,93,24.9,1010.3,0.0,2.68,157,0.0,0.0,0,0.0
2026-07-13T19:10:00Z,26.1,93,24.9,1010.2,0.0,2.24,157,0.0,0.0,0,0.0
2026-07-13T19:20:00Z,26.0,92,24.6,1010.2,0.45,1.79,135,0.0,0.0,0,0.0
2026-07-13T19:30:00Z,26.1,92,24.7,1010.3,0.45,1.79,135,0.0,0.0,0,0.0
2026-07-13T19:40:00Z,26.1,92,24.7,1010.2,0.45,2.24,157,0.0,0.0,0,0.0
2026-07-13T19:50:00Z,26.1,91,24.5,1010.2,0.45,2.24,157,0.0,0.0,0,0.0
2026-07-13T20:00:00Z,26.1,91,24.5,1010.0,0.0,0.89,135,0.0,0.0,0,0.0
2026-07-13T20:10:00Z,26.1,91,24.5,1010.0,0.0,0.89,135,0.0,0.0,0,0.0
2026-07-13T20:20:00Z,26.1,91,24.5,1010.0,0.0,1.34,135,0.0,0.0,0,0.0
2026-07-13T20:30:00Z,26.1,91,24.5,1010.0,0.0,1.34,135,0.0,0.0,0,0.0
2026-07-13T20:40:00Z,26.0,91,24.4,1009.9,0.0,1.79,135,0.0,0.0,0,0.0
2026-07-13T20:50:00Z,26.0,91,24.4,1010.0,0.45,2.24,157,0.0,0.0,0,0.0
2026-07-13T21:00:00Z,26.0,91,24.4,1009.9,0.0,1.34,135,0.0,0.0,0,0.0
2026-07-13T21:10:00Z,26.0,91,24.4,1010.0,0.0,1.79,45,0.0,0.0,0,0.0
2026-07-13T21:20:00Z,25.9,91,24.3,1010.2,0.89,2.24,157,0.0,0.0,0,0.0
2026-07-13T21:30:00Z,25.9,91,24.3,1010.5,0.45,2.68,157,0.0,0.0,3,0.0
2026-07-13T21:40:00Z,26.1,91,24.5,1010.6,0.45,2.24,157,0.0,0.0,9,0.0
2026-07-13T21:50:00Z,26.1,91,24.5,1010.8,0.45,2.68,157,0.0,0.0,9,0.0
2026-07-13T22:00:00Z,26.2,91,24.6,1010.9,0.0,1.79,157,0.0,0.0,14,0.0
2026-07-13T22:10:00Z,26.3,91,24.7,1010.9,0.45,1.34,135,0.0,0.0,26,0.0
2026-07-13T22:20:00Z,26.6,91,25.0,1010.9,0.0,1.79,135,0.0,0.0,109,0.0
2026-07-13T22:30:00Z,26.9,91,25.3,1011.1,0.0,1.34,135,0.0,0.0,104,0.0
2026-07-13T22:40:00Z,26.9,90,25.1,1011.0,0.0,1.79,135,0.0,0.0,33,0.0
2026-07-13T22:50:00Z,27.1,90,25.3,1011.1,0.45,2.24,135,0.0,0.0,42,0.0
2026-07-13T23:00:00Z,27.2,89,25.2,1011.2,0.89,2.68,157,0.0,0.0,51,0.1
2026-07-13T23:10:00Z,27.4,89,25.4,1011.3,0.45,1.79,157,0.0,0.0,75,0.6
2026-07-13T23:20:00Z,27.8,89,25.8,1011.2,0.45,3.13,135,0.0,0.0,109,0.8
2026-07-13T23:30:00Z,28.2,89,26.2,1011.2,0.45,3.13,157,0.0,0.0,124,1.0
2026-07-13T23:40:00Z,28.4,87,26.0,1011.4,0.89,2.68,157,0.0,0.0,114,1.1
2026-07-13T23:50:00Z,28.6,87,26.2,1011.8,0.45,1.79,135,0.0,0.0,106,1.1
2026-07-14T00:00:00Z,28.7,87,26.3,1012.1,0.45,2.24,135,0.0,0.0,149,1.2
2026-07-14T00:10:00Z,28.9,87,26.5,1012.1,0.45,1.79,135,0.0,0.0,201,1.6
2026-07-14T00:20:00Z,29.3,87,26.9,1012.1,0.45,3.13,135,0.0,0.0,235,1.7
2026-07-14T00:30:00Z,29.5,85,26.7,1012.3,0.89,3.58,135,0.0,0.0,237,2.6
2026-07-14T00:40:00Z,29.9,84,26.9,1012.1,0.89,2.24,135,0.0,0.0,217,2.8
2026-07-14T00:50:00Z,30.2,82,26.8,1012.1,1.34,4.02,135,0.0,0.0,222,3.0
2026-07-14T01:00:00Z,30.2,83,27.0,1012.2,1.34,4.02,135,0.0,0.0,264,2.7
2026-07-14T01:10:00Z,30.5,83,27.3,1012.2,0.89,3.58,180,0.0,0.0,282,3.9
2026-07-14T01:20:00Z,30.8,82,27.4,1012.5,1.34,3.13,135,0.0,0.0,290,4.8
2026-07-14T01:30:00Z,30.9,81,27.3,1012.5,0.89,3.58,135,0.0,0.0,397,3.6
2026-07-14T01:40:00Z,30.7,80,26.8,1012.6,0.89,3.58,135,0.0,0.0,276,2.7
2026-07-14T01:50:00Z,30.0,81,26.4,1012.8,0.89,4.02,157,0.0,0.0,319,3.5
2026-07-14T02:00:00Z,29.5,82,26.1,1012.8,1.34,4.47,135,0.0,0.0,366,4.2
2026-07-14T02:10:00Z,29.7,83,26.5,1012.7,0.89,2.24,157,0.0,0.0,354,3.9
2026-07-14T02:20:00Z,29.9,83,26.7,1012.6,0.89,3.13,157,0.0,0.0,448,4.7
2026-07-14T02:30:00Z,30.3,83,27.1,1012.7,0.89,2.68,135,0.0,0.0,643,6.1
2026-07-14T02:40:00Z,30.7,82,27.3,1012.7,0.89,3.58,157,0.0,0.0,616,5.8
2026-07-14T02:50:00Z,31.0,82,27.6,1012.7,0.89,4.02,157,0.0,0.0,489,4.9
2026-07-14T03:00:00Z,31.1,82,27.7,1012.8,0.89,2.68,202,0.0,0.0,513,5.5
2026-07-14T03:10:00Z,31.4,82,28.0,1012.6,0.45,3.13,225,0.0,0.0,498,6.0
2026-07-14T03:20:00Z,31.5,81,27.8,1012.7,0.89,3.58,135,0.0,0.0,391,5.0
2026-07-14T03:30:00Z,31.6,80,27.7,1012.9,0.45,2.24,157,0.0,0.0,578,5.8
2026-07-14T03:40:00Z,31.7,80,27.8,1012.8,0.89,3.58,90,0.0,0.0,383,5.5
2026-07-14T03:50:00Z,31.8,80,27.9,1012.7,0.45,2.24,135,0.0,0.0,462,5.7
2026-07-14T04:00:00Z,31.7,80,27.8,1012.7,0.89,3.13,90,0.0,0.0,290,3.7
2026-07-14T04:10:00Z,29.7,83,26.5,1013.0,1.79,4.47,135,5.2,137.2,97,1.2
2026-07-14T04:20:00Z,28.6,86,26.0,1013.0,0.89,3.58,135,5.2,1.0,125,1.7
2026-07-14T04:30:00Z,27.9,88,25.7,1013.0,0.89,2.24,135,5.2,0.0,105,1.3
2026-07-14T04:40:00Z,27.7,89,25.7,1012.7,0.45,1.34,157,5.2,0.0,142,1.8
2026-07-14T04:50:00Z,27.8,90,26.0,1012.8,0.45,1.79,135,5.2,0.0,211,2.6
2026-07-14T05:00:00Z,27.8,90,26.0,1012.8,0.45,2.24,135,5.2,0.0,230,2.8
2026-07-14T05:10:00Z,27.9,90,26.1,1012.7,0.89,2.68,157,5.2,0.0,232,2.7
2026-07-14T05:20:00Z,28.3,90,26.5,1012.7,0.45,1.79,135,5.2,0.0,252,2.9
2026-07-14T05:30:00Z,28.7,90,26.9,1012.5,0.45,2.24,135,5.2,0.0,415,4.1
2026-07-14T05:40:00Z,29.1,89,27.1,1012.4,0.89,4.02,157,5.2,0.0,374,4.2
2026-07-14T05:50:00Z,29.2,88,27.0,1012.4,1.34,4.02,157,5.2,0.0,343,3.5
2026-07-14T06:00:00Z,29.6,87,27.2,1012.3,1.34,4.02,135,5.2,0.0,459,4.3
2026-07-14T06:10:00Z,30.0,87,27.6,1012.2,0.89,3.13,112,5.2,0.0,806,5.8
2026-07-14T06:20:00Z,30.3,86,27.7,1012.2,1.34,4.92,135,5.2,0.0,882,5.6
2026-07-14T06:30:00Z,30.6,84,27.6,1012.1,0.89,4.47,45,5.2,0.0,792,5.8
2026-07-14T06:40:00Z,30.5,83,27.3,1012.1,0.89,3.13,135,5.2,0.0,426,3.7
2026-07-14T06:50:00Z,30.6,83,27.4,1012.0,0.89,2.68,90,5.2,0.0,648,4.6
2026-07-14T07:00:00Z,30.8,83,27.6,1011.8,0.89,3.13,135,5.2,0.0,614,4.1
2026-07-14T07:10:00Z,31.1,82,27.7,1011.7,0.45,2.24,135,5.2,0.0,599,3.9
2026-07-14T07:20:00Z,30.9,82,27.5,1011.5,0.89,3.58,112,5.2,0.0,268,2.8
2026-07-14T07:30:00Z,30.7,82,27.3,1011.5,0.89,4.02,180,5.2,0.0,341,2.8
2026-07-14T07:40:00Z,30.7,83,27.5,1011.7,0.45,1.79,157,5.2,0.0,223,1.6
2026-07-14T07:50:00Z,30.3,83,27.1,1011.6,0.89,4.02,112,5.2,0.0,277,2.0
2026-07-14T08:00:00Z,30.7,83,27.5,1011.8,0.45,3.13,247,5.2,0.0,636,2.6
2026-07-14T08:10:00Z,31.0,82,27.6,1011.6,0.45,3.13,270,5.2,0.0,529,2.0
2026-07-14T08:20:00Z,31.0,81,27.4,1011.5,0.89,2.24,135,5.2,0.0,375,1.6
2026-07-14T08:30:00Z,31.1,81,27.5,1011.4,0.45,2.68,112,5.2,0.0,251,1.3
2026-07-14T08:40:00Z,30.8,80,26.9,1011.4,0.45,1.79,22,5.2,0.0,158,1.1
2026-07-14T08:50:00Z,30.7,81,27.1,1011.6,0.45,3.13,90,5.2,0.0,260,0.9
2026-07-14T09:00:00Z,30.8,81,27.2,1011.7,0.45,2.24,90,5.2,0.0,299,0.8
2026-07-14T09:10:00Z,30.8,81,27.2,1011.7,0.45,2.68,337,5.2,0.0,119,0.2
2026-07-14T09:20:00Z,30.3,80,26.5,1011.8,0.89,3.13,270,5.2,0.0,176,0.1
2026-07-14T09:30:00Z,30.3,80,26.5,1011.9,0.0,1.34,247,5.2,0.0,263,0.1
2026-07-14T09:40:00Z,30.2,82,26.8,1012.3,0.45,3.58,247,7.6,62.6,304,0.0
2026-07-14T09:50:00Z,29.2,84,26.2,1012.1,0.45,1.34,135,8.2,11.4,276,0.0
2026-07-14T10:00:00Z,28.4,86,25.8,1012.1,0.89,1.79,135,8.2,0.8,138,0.0
2026-07-14T10:10:00Z,27.9,88,25.7,1012.2,0.45,1.79,135,8.2,0.0,38,0.0
2026-07-14T10:20:00Z,27.8,89,25.8,1012.2,0.0,0.89,135,8.2,0.0,21,0.0
2026-07-14T10:30:00Z,27.7,89,25.7,1012.2,0.0,1.34,135,8.2,0.0,13,0.0
2026-07-14T10:40:00Z,27.5,90,25.7,1012.2,0.0,0.89,135,8.2,0.0,1,0.0
2026-07-14T10:50:00Z,27.4,90,25.6,1012.1,0.0,0.89,135,8.2,0.0,0,0.0
2026-07-14T11:00:00Z,27.4,91,25.8,1012.2,0.0,0.0,,8.2,0.0,0,0.0
2026-07-14T11:10:00Z,27.5,91,25.9,1012.4,0.0,0.0,,8.2,0.0,0,0.0
2026-07-14T11:20:00Z,27.4,91,25.8,1012.4,0.0,0.0,,8.2,0.0,0,0.0
2026-07-14T11:30:00Z,27.3,91,25.7,1012.6,0.0,0.0,,8.2,0.0,0,0.0
2026-07-14T11:40:00Z,27.3,91,25.7,1012.8,0.0,0.0,,8.2,0.0,0,0.0
2026-07-14T11:50:00Z,27.3,91,25.7,1012.9,0.0,0.0,,8.2,0.0,0,0.0
2026-07-14T12:00:00Z,27.3,92,25.9,1013.2,0.0,0.0,,8.2,0.0,0,0.0
2026-07-14T12:10:00Z,27.2,92,25.8,1013.1,0.0,0.0,,8.2,0.0,0,0.0
2026-07-14T12:20:00Z,27.2,92,25.8,1013.2,0.0,0.0,,8.2,0.0,0,0.0
2026-07-14T12:30:00Z,27.3,92,25.9,1013.4,0.0,0.89,135,8.2,0.0,0,0.0
2026-07-14T12:40:00Z,27.3,92,25.9,1013.4,0.0,0.0,,8.2,0.0,0,0.0
2026-07-14T12:50:00Z,27.3,92,25.9,1013.3,0.0,0.0,,8.2,0.0,0,0.0
2026-07-14T13:00:00Z,27.2,92,25.8,1013.5,0.0,0.0,,8.2,0.0,0,0.0
2026-07-14T13:10:00Z,27.2,92,25.8,1013.7,0.0,0.0,,8.2,0.0,0,0.0
2026-07-14T13:20:00Z,27.2,92,25.8,1013.9,0.0,0.0,,8.2,0.0,0,0.0
2026-07-14T13:30:00Z,27.1,92,25.7,1013.9,0.0,0.0,,8.2,0.0,0,0.0
2026-07-14T13:40:00Z,27.1,92,25.7,1014.1,0.0,0.0,,8.2,0.0,0,0.0
2026-07-14T13:50:00Z,27.0,92,25.6,1014.1,0.0,0.0,,8.2,0.0,0,0.0
2026-07-14T14:00:00Z,27.0,92,25.6,1014.2,0.0,0.0,,8.2,0.0,0,0.0
2026-07-14T14:10:00Z,26.9,93,25.7,1014.2,0.0,0.0,,8.2,0.0,0,0.0
2026-07-14T14:20:00Z,26.9,93,25.7,1014.0,0.0,0.0,,8.2,0.0,0,0.0
2026-07-14T14:30:00Z,26.8,93,25.6,1013.9,0.0,0.0,,8.2,0.0,0,0.0
2026-07-14T14:40:00Z,26.8,93,25.6,1013.8,0.0,0.0,,8.2,0.0,0,0.0
2026-07-14T14:50:00Z,26.8,93,25.6,1013.6,0.0,0.0,,8.2,0.0,0,0.0
2026-07-14T15:00:00Z,26.7,93,25.5,1013.7,0.0,0.0,,8.2,0.0,0,0.0
2026-07-14T15:10:00Z,26.7,93,25.5,1013.9,0.0,0.0,,8.2,0.0,0,0.0
2026-07-14T15:20:00Z,26.7,93,25.5,1013.7,0.0,0.0,,8.2,0.0,0,0.0
2026-07-14T15:30:00Z,26.6,93,25.4,1013.7,0.0,0.0,,8.2,0.0,0,0.0
2026-07-14T15:40:00Z,26.6,93,25.4,1013.8,0.0,0.0,,8.2,0.0,0,0.0
2026-07-14T15:50:00Z,26.5,93,25.3,1013.7,0.0,0.0,,8.2,0.0,0,0.0
2026-07-14T16:00:00Z,26.5,93,25.3,1013.7,0.0,0.0,,0.0,0.0,0,0.0
2026-07-14T16:10:00Z,26.6,93,25.4,1013.7,0.0,0.0,,0.0,0.0,0,0.0
2026-07-14T16:20:00Z,26.6,93,25.4,1013.9,0.0,0.0,,0.0,0.0,0,0.0
2026-07-14T16:30:00Z,26.6,93,25.4,1013.7,0.0,0.0,,0.0,0.0,0,0.0
2026-07-14T16:40:00Z,26.6,93,25.4,1013.6,0.0,0.0,,0.0,0.0,0,0.0
2026-07-14T16:50:00Z,26.6,93,25.4,1013.5,0.0,0.0,,0.0,0.0,0,0.0
2026-07-14T17:00:00Z,26.7,93,25.5,1013.2,0.0,0.0,,0.0,0.0,0,0.0
2026-07-14T17:10:00Z,26.7,93,25.5,1013.0,0.0,0.0,,0.0,0.0,0,0.0
2026-07-14T17:20:00Z,26.7,93,25.5,1012.9,0.0,0.0,,0.0,0.0,0,0.0
2026-07-14T17:30:00Z,26.7,93,25.5,1012.9,0.0,0.0,,0.0,0.0,0,0.0
2026-07-14T17:40:00Z,26.8,93,25.6,1012.9,0.0,0.0,,0.0,0.0,0,0.0
2026-07-14T17:50:00Z,26.7,93,25.5,1012.8,0.0,0.0,,0.0,0.0,0,0.0
2026-07-14T18:00:00Z,26.7,93,25.5,1012.8,0.0,0.0,,0.0,0.0,0,0.0
2026-07-14T18:10:00Z,26.7,93,25.5,1012.7,0.0,0.0,,0.0,0.0,0,0.0
2026-07-14T18:20:00Z,26.6,93,25.4,1012.6,0.0,0.0,,0.0,0.0,0,0.0
2026-07-14T18:30:00Z,26.6,93,25.4,1012.5,0.0,0.0,,0.0,0.0,0,0.0
2026-07-14T18:40:00Z,26.7,93,25.5,1012.6,0.0,0.0,,0.0,0.0,0,0.0
2026-07-14T18:50:00Z,26.8,93,25.6,1012.5,0.0,0.0,,0.0,0.0,0,0.0
2026-07-14T19:00:00Z,26.6,93,25.4,1012.6,0.0,0.0,,0.0,0.0,0,0.0
2026-07-14T19:10:00Z,26.6,93,25.4,1012.7,0.0,0.0,,0.0,0.0,0,0.0
2026-07-14T19:20:00Z,26.4,93,25.2,1012.7,0.0,0.0,,0.0,0.0,0,0.0
2026-07-14T19:30:00Z,26.4,93,25.2,1012.7,0.0,0.0,,0.0,0.0,0,0.0
2026-07-14T19:40:00Z,26.4,93,25.2,1012.8,0.0,0.0,,0.0,0.0,0,0.0
2026-07-14T19:50:00Z,26.4,93,25.2,1012.6,0.0,0.0,,0.0,0.0,0,0.0
2026-07-17T08:30:00Z,30.0,82,26.6,1009.6,2.24,4.92,292,0.0,0.0,241,1.3
2026-07-17T08:40:00Z,29.7,82,26.3,1009.6,1.79,4.92,292,0.0,0.0,196,1.1
2026-07-17T08:50:00Z,29.7,83,26.5,1009.6,2.24,4.47,292,0.0,0.0,218,0.9
2026-07-17T09:00:00Z,29.4,82,26.0,1009.9,2.68,8.49,292,0.0,0.0,22,0.3
2026-07-17T09:10:00Z,27.3,86,24.7,1010.2,4.02,8.49,292,3.8,95.2,10,0.0
2026-07-17T09:20:00Z,26.3,89,24.3,1010.5,3.58,7.15,292,4.0,7.4,20,0.0
2026-07-17T09:30:00Z,26.0,90,24.2,1010.9,3.13,5.81,292,4.2,1.4,13,0.0
2026-07-17T09:40:00Z,26.1,91,24.5,1010.6,3.58,7.6,292,4.2,0.8,6,0.0
2026-07-17T09:50:00Z,25.4,91,23.8,1010.7,3.13,6.26,292,4.4,0.8,0,0.0
2026-07-17T10:00:00Z,25.4,91,23.8,1011.1,2.68,7.6,292,5.0,5.0,0,0.0
2026-07-17T10:10:00Z,25.6,92,24.2,1011.3,3.13,6.71,292,9.2,101.0,0,0.0
2026-07-17T10:20:00Z,25.4,92,24.0,1011.3,2.24,4.92,292,9.4,6.8,0,0.0
2026-07-17T10:30:00Z,25.4,92,24.0,1011.1,2.24,5.36,292,9.4,0.8,0,0.0
2026-07-17T10:40:00Z,25.2,92,23.8,1011.1,1.79,5.81,292,9.8,3.6,0,0.0
2026-07-17T10:50:00Z,25.2,92,23.8,1010.8,2.24,5.81,292,10.0,3.6,0,0.0
2026-07-17T11:00:00Z,25.3,93,24.1,1010.8,1.79,4.92,292,10.0,0.0,0,0.0
2026-07-17T11:10:00Z,25.4,93,24.2,1010.7,1.34,3.13,292,10.0,0.0,0,0.0
2026-07-17T11:20:00Z,25.3,93,24.1,1010.8,1.79,4.02,292,10.0,0.0,0,0.0
2026-07-17T11:30:00Z,25.4,93,24.2,1011.3,1.79,4.92,292,10.2,0.0,0,0.0
2026-07-17T11:40:00Z,25.5,93,24.3,1011.9,2.68,6.71,292,10.4,1.2,0,0.0
2026-07-17T11:50:00Z,25.2,93,24.0,1011.9,1.79,5.36,270,10.4,0.8,0,0.0
2026-07-17T12:00:00Z,25.4,93,24.2,1012.1,2.24,5.36,270,10.6,0.8,0,0.0
2026-07-17T12:10:00Z,25.1,93,23.9,1012.0,3.13,7.15,292,10.8,0.8,0,0.0
2026-07-17T12:20:00Z,25.3,93,24.1,1011.7,3.58,6.71,292,10.8,0.0,0,0.0
2026-07-17T12:30:00Z,25.2,93,24.0,1011.6,3.58,7.6,292,10.8,0.0,0,0.0
2026-07-17T12:40:00Z,25.4,93,24.2,1011.7,2.68,5.36,292,10.8,0.0,0,0.0
2026-07-17T12:50:00Z,25.7,93,24.5,1011.5,2.24,6.26,292,10.8,0.0,0,0.0
2026-07-17T13:00:00Z,25.8,93,24.6,1011.4,2.24,5.81,292,10.8,0.0,0,0.0
2026-07-17T13:10:00Z,25.9,94,24.9,1011.4,2.24,4.92,292,10.8,0.0,0,0.0
2026-07-17T13:20:00Z,25.8,93,24.6,1011.6,2.68,5.36,292,10.8,0.0,0,0.0
2026-07-17T13:30:00Z,25.8,94,24.8,1011.7,2.24,5.81,292,10.8,0.0,0,0.0
2026-07-17T13:40:00Z,25.7,93,24.5,1011.9,2.68,6.26,292,10.8,0.0,0,0.0
2026-07-17T13:50:00Z,25.8,94,24.8,1012.1,3.13,5.81,292,10.8,0.0,0,0.0
2026-07-17T14:00:00Z,25.8,94,24.8,1012.0,3.13,6.26,292,10.8,0.0,0,0.0
2026-07-17T14:10:00Z,25.8,93,24.6,1011.9,3.13,5.81,292,10.8,0.0,0,0.0
2026-07-17T14:20:00Z,25.7,93,24.5,1011.8,2.68,5.36,292,10.8,0.0,0,0.0
2026-07-17T14:30:00Z,25.7,93,24.5,1011.7,1.79,4.92,292,10.8,0.0,0,0.0
2026-07-17T14:40:00Z,25.7,93,24.5,1011.6,2.68,5.81,292,10.8,0.0,0,0.0
2026-07-17T14:50:00Z,25.7,93,24.5,1011.4,2.68,6.71,292,10.8,0.0,0,0.0
2026-07-17T15:00:00Z,25.6,93,24.4,1011.4,2.68,5.36,292,10.8,0.0,0,0.0
2026-07-17T15:10:00Z,25.7,92,24.3,1011.4,3.13,5.81,292,10.8,0.0,0,0.0
2026-07-17T15:20:00Z,26.0,91,24.4,1011.3,3.13,6.71,292,10.8,0.0,0,0.0
2026-07-17T15:30:00Z,26.3,90,24.5,1011.2,3.13,5.81,292,10.8,0.0,0,0.0
2026-07-17T15:40:00Z,26.4,89,24.4,1011.0,2.24,5.81,292,10.8,0.0,0,0.0
2026-07-17T15:50:00Z,26.6,89,24.6,1010.7,2.68,5.36,292,10.8,0.0,0,0.0
2026-07-17T16:00:00Z,26.9,88,24.7,1010.5,3.13,5.36,292,0.0,0.0,0,0.0
2026-07-17T16:10:00Z,26.9,87,24.6,1010.3,2.24,5.36,292,0.0,0.0,0,0.0
2026-07-17T16:20:00Z,27.1,86,24.6,1010.2,2.68,5.81,292,0.0,0.0,0,0.0
2026-07-17T16:30:00Z,27.1,86,24.6,1010.3,2.68,4.92,292,0.0,0.0,0,0.0
2026-07-17T16:40:00Z,27.2,86,24.7,1010.2,2.68,6.26,292,0.0,0.0,0,0.0
2026-07-17T16:50:00Z,27.2,87,24.8,1010.0,2.24,5.36,292,0.0,0.0,0,0.0
2026-07-17T17:00:00Z,27.2,86,24.7,1009.9,2.68,5.36,292,0.0,0.0,0,0.0
2026-07-17T17:10:00Z,27.2,86,24.7,1009.7,2.68,5.36,292,0.0,0.0,0,0.0
2026-07-17T17:20:00Z,27.3,86,24.7,1009.6,3.13,4.92,292,0.0,0.0,0,0.0
2026-07-17T17:30:00Z,27.4,87,25.0,1009.5,3.13,5.81,292,0.0,0.0,0,0.0
2026-07-17T17:40:00Z,27.5,87,25.1,1009.6,2.68,5.81,292,0.0,0.0,0,0.0
2026-07-17T17:50:00Z,27.4,87,25.0,1009.4,2.68,5.36,292,0.0,0.0,0,0.0
2026-07-17T18:00:00Z,27.5,87,25.1,1009.3,2.24,4.92,292,0.0,0.0,0,0.0
2026-07-17T18:10:00Z,27.4,87,25.0,1009.2,1.34,4.02,292,0.0,0.0,0,0.0
2026-07-17T18:20:00Z,27.6,86,25.0,1009.0,1.79,4.47,292,0.0,0.0,0,0.0
2026-07-17T18:30:00Z,27.6,86,25.0,1009.1,1.79,4.92,292,0.0,0.0,0,0.0
2026-07-17T18:40:00Z,27.7,85,24.9,1009.1,2.24,5.36,292,0.0,0.0,0,0.0
2026-07-17T18:50:00Z,27.8,84,24.8,1009.1,1.34,4.02,292,0.0,0.0,0,0.0
2026-07-17T19:00:00Z,27.8,85,25.0,1009.0,1.34,4.02,292,0.0,0.0,0,0.0
2026-07-17T19:10:00Z,27.8,85,25.0,1009.1,1.34,4.47,292,0.0,0.0,0,0.0
2026-07-17T19:20:00Z,27.8,86,25.2,1009.1,0.89,1.79,315,0.0,0.0,0,0.0
2026-07-17T19:30:00Z,27.6,86,25.0,1009.2,0.89,2.68,292,0.0,0.0,0,0.0
2026-07-17T19:40:00Z,27.4,87,25.0,1009.1,0.89,1.79,292,0.0,0.0,0,0.0
2026-07-17T19:50:00Z,27.2,87,24.8,1009.0,0.89,2.24,315,0.0,0.0,0,0.0
2026-07-17T20:00:00Z,27.1,87,24.7,1009.1,1.34,3.58,315,0.0,0.0,0,0.0
2026-07-17T20:10:00Z,27.1,87,24.7,1009.1,0.89,2.24,292,0.0,0.0,0,0.0
2026-07-17T20:20:00Z,27.0,87,24.6,1009.0,0.89,3.13,292,0.0,0.0,0,0.0
2026-07-17T20:30:00Z,27.1,87,24.7,1008.9,0.89,2.68,292,0.0,0.0,0,0.0
2026-07-17T20:40:00Z,27.1,87,24.7,1009.1,0.89,2.24,292,0.0,0.0,0,0.0
2026-07-17T20:50:00Z,27.1,87,24.7,1009.0,0.89,1.79,292,0.0,0.0,0,0.0
2026-07-17T21:00:00Z,27.1,87,24.7,1009.1,0.89,2.24,292,0.0,0.0,0,0.0
2026-07-17T21:10:00Z,27.1,87,24.7,1009.3,1.34,3.13,292,0.0,0.0,0,0.0
2026-07-17T21:20:00Z,27.1,87,24.7,1009.4,1.34,3.13,292,0.0,0.0,0,0.0
2026-07-17T21:30:00Z,27.1,87,24.7,1009.3,0.89,1.79,292,0.0,0.0,1,0.0
2026-07-17T21:40:00Z,27.1,87,24.7,1009.4,1.34,3.13,315,0.0,0.0,11,0.0
2026-07-17T21:50:00Z,27.1,87,24.7,1009.6,1.34,2.68,292,0.0,0.0,19,0.0
2026-07-17T22:00:00Z,27.1,87,24.7,1009.7,0.89,2.68,292,0.0,0.0,29,0.0
2026-07-17T22:10:00Z,27.2,87,24.8,1009.8,0.89,2.24,292,0.0,0.0,40,0.0
2026-07-17T22:20:00Z,27.4,87,25.0,1009.7,0.89,3.13,292,0.0,0.0,58,0.0
2026-07-17T22:30:00Z,27.6,87,25.2,1009.8,0.89,2.24,315,0.0,0.0,42,0.0
2026-07-17T22:40:00Z,27.4,87,25.0,1010.0,0.45,2.24,292,0.0,0.0,66,0.0
2026-07-17T22:50:00Z,27.6,87,25.2,1010.1,0.89,2.68,292,0.0,0.0,51,0.0
2026-07-17T23:00:00Z,27.7,87,25.3,1010.2,1.34,3.58,292,0.0,0.0,66,0.3
2026-07-17T23:10:00Z,27.9,88,25.7,1010.1,1.34,3.13,292,0.0,0.0,83,0.6
2026-07-17T23:20:00Z,28.2,87,25.8,1010.1,1.79,4.02,292,0.0,0.0,125,0.8
2026-07-17T23:30:00Z,28.3,87,25.9,1010.2,1.79,3.58,292,0.0,0.0,134,1.0
2026-07-17T23:40:00Z,28.5,86,25.9,1010.3,1.79,4.47,292,0.0,0.0,144,1.1
2026-07-17T23:50:00Z,28.5,86,25.9,1010.2,1.34,3.58,292,0.0,0.0,135,1.2
2026-07-18T00:00:00Z,28.4,86,25.8,1010.2,1.34,3.58,315,0.0,0.0,120,1.3
2026-07-18T00:10:00Z,28.6,86,26.0,1010.4,1.34,3.58,315,0.0,0.0,173,1.5
2026-07-18T00:20:00Z,28.6,86,26.0,1010.3,1.34,3.13,292,0.0,0.0,170,1.6
2026-07-18T00:30:00Z,28.6,86,26.0,1010.1,1.79,4.02,292,0.0,0.0,148,1.8
2026-07-18T00:40:00Z,28.7,87,26.3,1010.1,1.79,5.36,292,0.0,0.0,167,1.8
2026-07-18T00:50:00Z,28.8,87,26.4,1010.1,2.24,4.92,292,0.0,0.0,235,2.2
2026-07-18T01:00:00Z,29.0,86,26.4,1010.2,1.79,3.58,292,0.0,0.0,280,2.5
2026-07-18T01:10:00Z,29.2,86,26.6,1010.2,1.79,4.02,292,0.0,0.0,282,2.3
2026-07-18T01:20:00Z,29.3,86,26.7,1010.3,1.79,4.02,292,0.0,0.0,318,2.7
2026-07-18T01:30:00Z,29.6,86,27.0,1010.4,1.79,4.02,292,0.0,0.0,279,3.8
2026-07-18T01:40:00Z,29.8,86,27.2,1010.3,1.79,4.47,292,0.0,0.0,309,4.6
2026-07-18T01:50:00Z,29.8,85,27.0,1010.4,1.79,4.47,292,0.0,0.0,292,4.2
2026-07-18T02:00:00Z,29.9,85,27.1,1010.4,1.79,4.47,292,0.0,0.0,464,6.5
2026-07-18T02:10:00Z,30.4,85,27.6,1010.2,1.79,4.47,292,0.0,0.0,814,7.0
2026-07-18T02:20:00Z,30.4,84,27.4,1010.2,1.79,4.47,292,0.0,0.0,584,6.4
2026-07-18T02:30:00Z,30.5,83,27.3,1010.2,1.79,4.47,292,0.0,0.0,367,5.6
2026-07-18T02:40:00Z,30.1,84,27.1,1010.4,1.79,4.47,292,0.0,0.0,239,3.6
2026-07-18T02:50:00Z,29.9,85,27.1,1010.5,2.24,4.47,292,0.0,0.0,327,4.2
2026-07-18T03:00:00Z,30.0,85,27.2,1010.4,2.24,4.47,292,0.0,0.0,337,5.6
2026-07-18T03:10:00Z,30.2,84,27.2,1010.3,1.79,4.47,292,0.0,0.0,409,4.7
2026-07-18T03:20:00Z,29.1,85,26.3,1011.0,2.24,4.92,270,6.8,110.8,65,0.5
2026-07-18T03:30:00Z,27.8,88,25.6,1011.2,1.79,5.81,270,11.8,101.0,65,0.9
2026-07-18T03:40:00Z,27.4,89,25.4,1011.2,1.34,4.02,270,13.2,11.8,92,1.3
2026-07-18T03:50:00Z,27.2,90,25.4,1011.1,0.89,3.13,270,14.0,11.8,119,1.6
2026-07-18T04:00:00Z,26.8,90,25.0,1010.9,2.24,5.81,292,14.4,2.8,126,1.7
2026-07-18T04:10:00Z,27.1,91,25.5,1010.8,1.79,4.92,292,14.4,0.8,158,2.2
2026-07-18T04:20:00Z,26.9,91,25.3,1010.8,2.24,4.92,292,14.4,0.0,156,2.2
2026-07-18T04:30:00Z,26.6,92,25.2,1010.7,2.24,4.47,292,14.4,0.0,144,2.0
2026-07-18T04:40:00Z,26.8,92,25.4,1010.6,1.79,4.02,292,14.4,0.0,350,4.2
2026-07-18T04:50:00Z,27.1,92,25.7,1010.4,1.79,5.81,292,14.4,0.0,677,6.6
2026-07-18T05:00:00Z,27.4,92,26.0,1010.2,2.68,5.36,292,14.4,0.0,914,8.1
2026-07-18T05:10:00Z,27.4,92,26.0,1010.0,2.24,5.36,292,14.4,0.0,782,8.1
2026-07-18T05:20:00Z,27.4,92,26.0,1009.9,1.79,4.02,292,14.4,0.0,832,7.7
2026-07-18T05:30:00Z,27.3,91,25.7,1009.8,1.79,4.92,292,14.4,0.0,427,6.7
2026-07-18T05:40:00Z,27.6,90,25.8,1009.9,2.24,4.47,292,14.4,0.0,757,6.9
2026-07-18T05:50:00Z,28.6,89,26.6,1009.6,2.24,4.92,292,14.4,0.0,1153,8.7
2026-07-18T06:00:00Z,29.1,86,26.5,1009.7,2.24,4.92,292,14.4,0.0,1151,8.2
2026-07-18T06:10:00Z,29.1,84,26.1,1009.6,2.24,4.92,292,14.4,0.0,482,4.5
2026-07-18T06:20:00Z,28.6,84,25.6,1009.6,2.24,4.47,292,14.4,0.0,328,3.1
2026-07-18T06:30:00Z,28.4,84,25.4,1009.7,2.24,4.47,292,14.4,0.0,356,3.1
2026-07-18T06:40:00Z,28.4,85,25.6,1009.9,2.68,4.92,292,14.4,0.0,355,3.0
2026-07-18T06:50:00Z,28.6,85,25.8,1009.9,2.24,5.36,292,14.4,0.0,474,3.5
2026-07-18T07:00:00Z,28.7,84,25.7,1009.8,2.24,5.81,292,14.4,0.0,387,3.0
2026-07-18T07:10:00Z,28.6,84,25.6,1009.5,1.79,5.81,292,14.4,0.0,315,2.5
2026-07-18T07:20:00Z,28.6,84,25.6,1009.5,1.79,5.81,292,14.4,0.0,271,2.1
2026-07-18T07:30:00Z,28.4,84,25.4,1009.3,2.24,4.47,292,14.4,0.0,256,1.9
2026-07-18T07:40:00Z,28.6,84,25.6,1009.1,2.24,5.36,292,14.4,0.0,325,2.1
2026-07-18T07:50:00Z,28.7,83,25.5,1008.8,2.68,5.81,292,14.4,0.0,364,2.3
2026-07-18T08:00:00Z,29.2,82,25.8,1008.6,2.24,4.92,292,14.4,0.0,562,2.5
2026-07-18T08:10:00Z,29.5,80,25.7,1008.7,3.13,5.81,292,14.4,0.0,555,2.2
2026-07-18T08:20:00Z,29.8,81,26.2,1008.5,2.24,4.47,292,14.4,0.0,556,2.0
2026-07-18T08:30:00Z,29.9,81,26.3,1008.4,2.68,5.81,292,14.4,0.0,519,1.7
2026-07-18T08:40:00Z,30.0,81,26.4,1008.1,2.68,5.81,292,14.4,0.0,475,1.4
2026-07-18T08:50:00Z,29.9,81,26.3,1008.2,3.13,5.81,292,14.4,0.0,430,1.1
2026-07-18T09:00:00Z,29.9,81,26.3,1008.1,2.68,5.81,292,14.4,0.0,315,0.8
2026-07-18T09:10:00Z,29.4,81,25.8,1008.4,2.68,5.81,292,14.4,0.0,90,0.4
2026-07-18T09:20:00Z,29.1,81,25.5,1008.6,3.13,6.26,292,14.4,0.0,90,0.0
2026-07-18T09:30:00Z,29.1,82,25.7,1009.0,3.13,5.81,292,14.4,0.0,86,0.0
2026-07-18T09:40:00Z,29.1,82,25.7,1009.2,2.68,4.92,292,14.4,0.0,75,0.0
2026-07-18T09:50:00Z,28.9,83,25.7,1009.2,3.13,6.71,292,14.4,0.0,62,0.0
2026-07-18T10:00:00Z,28.8,83,25.6,1009.2,3.13,5.81,292,14.4,0.0,47,0.0
2026-07-18T10:10:00Z,28.6,84,25.6,1009.3,3.13,5.81,292,14.4,0.0,28,0.0
2026-07-18T10:20:00Z,28.4,84,25.4,1009.4,3.13,5.36,292,14.4,0.0,17,0.0
2026-07-18T10:30:00Z,28.4,85,25.6,1009.6,2.24,4.92,292,14.4,0.0,6,0.0
2026-07-18T10:40:00Z,28.4,85,25.6,1009.8,2.24,6.26,292,14.4,0.0,0,0.0
2026-07-18T10:50:00Z,28.5,86,25.9,1009.8,2.24,4.92,292,14.4,0.0,0,0.0
2026-07-18T11:00:00Z,28.5,86,25.9,1010.1,1.79,5.36,292,14.4,0.0,0,0.0
2026-07-18T11:10:00Z,28.4,87,26.0,1010.2,1.34,3.58,270,14.4,0.0,0,0.0
2026-07-18T11:20:00Z,28.3,86,25.7,1010.3,1.34,4.02,292,14.4,0.0,0,0.0
2026-07-18T11:30:00Z,28.3,87,25.9,1010.0,2.24,4.92,292,14.4,0.0,0,0.0
2026-07-18T11:40:00Z,28.2,87,25.8,1010.1,2.24,4.02,292,14.4,0.0,0,0.0
2026-07-18T11:50:00Z,28.2,87,25.8,1010.0,2.24,4.47,292,14.4,0.0,0,0.0
2026-07-18T12:00:00Z,28.1,87,25.7,1010.0,2.24,3.58,292,14.4,0.0,0,0.0
2026-07-18T12:10:00Z,28.0,87,25.6,1010.1,2.24,4.02,292,14.4,0.0,0,0.0
2026-07-18T12:20:00Z,28.0,87,25.6,1010.3,2.24,4.47,292,14.4,0.0,0,0.0
2026-07-18T12:30:00Z,28.0,87,25.6,1010.4,1.79,3.58,292,14.4,0.0,0,0.0
2026-07-18T12:40:00Z,28.0,87,25.6,1010.5,1.79,4.47,292,14.4,0.0,0,0.0
2026-07-18T12:50:00Z,27.9,88,25.7,1010.7,0.89,3.13,292,14.4,0.0,0,0.0
2026-07-18T13:00:00Z,27.8,88,25.6,1010.8,1.34,3.58,292,14.4,0.0,0,0.0
2026-07-18T13:10:00Z,27.7,87,25.3,1010.9,1.34,3.13,270,14.4,0.0,0,0.0
2026-07-18T13:20:00Z,27.8,87,25.4,1010.8,0.89,4.02,270,14.4,0.0,0,0.0
2026-07-18T13:30:00Z,27.9,87,25.5,1010.9,1.34,3.58,270,14.4,0.0,0,0.0
2026-07-18T13:40:00Z,28.0,87,25.6,1011.0,1.34,3.13,270,14.4,0.0,0,0.0
2026-07-18T13:50:00Z,28.0,87,25.6,1011.1,1.34,3.13,270,14.4,0.0,0,0.0
2026-07-18T14:00:00Z,27.9,87,25.5,1011.1,1.34,3.13,270,14.4,0.0,0,0.0
2026-07-18T14:10:00Z,27.7,86,25.1,1011.0,1.34,3.13,270,14.4,0.0,0,0.0
2026-07-18T14:20:00Z,27.6,86,25.0,1010.9,0.89,3.13,270,14.4,0.0,0,0.0
2026-07-18T14:30:00Z,27.7,85,24.9,1010.8,1.79,4.47,292,14.4,0.0,0,0.0
2026-07-18T14:40:00Z,27.7,86,25.1,1010.8,2.24,4.02,292,14.4,0.0,0,0.0
2026-07-18T14:50:00Z,27.7,86,25.1,1010.9,2.24,4.92,292,14.4,0.0,0,0.0
2026-07-18T15:00:00Z,27.7,86,25.1,1010.7,2.24,4.47,292,14.4,0.0,0,0.0
2026-07-18T15:10:00Z,27.7,85,24.9,1010.5,2.24,5.36,292,14.4,0.0,0,0.0
2026-07-18T15:20:00Z,27.9,86,25.3,1010.5,1.79,4.47,292,14.4,0.0,0,0.0
2026-07-18T15:30:00Z,28.0,86,25.4,1010.5,1.34,4.02,270,14.4,0.0,0,0.0
2026-07-18T15:40:00Z,28.0,86,25.4,1010.5,1.79,4.92,270,14.4,0.0,0,0.0
2026-07-18T15:50:00Z,28.1,86,25.5,1010.5,1.79,3.58,270,14.4,0.0,0,0.0
2026-07-18T16:00:00Z,28.0,86,25.4,1010.3,1.34,3.58,292,0.0,0.0,0,0.0
2026-07-18T16:10:00Z,27.9,86,25.3,1010.3,1.79,4.92,292,0.0,0.0,0,0.0
2026-07-18T16:20:00Z,27.9,86,25.3,1010.3,1.79,4.47,292,0.0,0.0,0,0.0
2026-07-18T16:30:00Z,27.9,87,25.5,1010.3,1.79,4.47,292,0.0,0.0,0,0.0
2026-07-18T16:40:00Z,27.8,86,25.2,1010.2,2.68,5.81,292,0.0,0.0,0,0.0
2026-07-18T16:50:00Z,27.8,86,25.2,1010.2,2.24,4.47,292,0.0,0.0,0,0.0
2026-07-18T17:00:00Z,27.8,86,25.2,1010.1,1.79,4.92,292,0.0,0.0,0,0.0
2026-07-18T17:10:00Z,27.9,86,25.3,1010.2,2.24,4.92,292,0.0,0.0,0,0.0
2026-07-18T17:20:00Z,28.0,86,25.4,1010.0,2.68,5.81,292,0.0,0.0,0,0.0
2026-07-18T17:30:00Z,27.9,86,25.3,1009.8,2.68,5.81,292,0.0,0.0,0,0.0
2026-07-18T17:40:00Z,27.9,85,25.1,1009.9,3.13,5.81,292,0.0,0.0,0,0.0
2026-07-18T17:50:00Z,28.0,85,25.2,1009.9,3.13,6.26,292,0.0,0.0,0,0.0
2026-07-18T18:00:00Z,28.0,85,25.2,1009.7,3.13,5.36,292,0.0,0.0,0,0.0
2026-07-18T18:10:00Z,27.9,86,25.3,1009.7,3.13,5.36,292,0.0,0.0,0,0.0
2026-07-18T18:20:00Z,27.9,86,25.3,1009.5,2.68,5.36,292,0.0,0.0,0,0.0
2026-07-18T18:30:00Z,27.9,86,25.3,1009.6,2.24,4.92,292,0.0,0.0,0,0.0
2026-07-18T18:40:00Z,27.9,86,25.3,1009.5,1.79,4.92,292,0.0,0.0,0,0.0
2026-07-18T18:50:00Z,27.9,87,25.5,1009.6,2.68,4.47,292,0.2,0.0,0,0.0
2026-07-18T19:00:00Z,27.6,88,25.4,1009.8,2.24,4.47,292,0.4,9.0,0,0.0
2026-07-18T19:10:00Z,27.3,89,25.3,1009.7,1.34,3.58,292,0.4,0.0,0,0.0
2026-07-18T19:20:00Z,27.1,90,25.3,1009.7,1.34,3.13,292,0.6,0.0,0,0.0
2026-07-18T19:30:00Z,27.1,90,25.3,1009.7,1.79,3.58,292,0.6,0.0,0,0.0
2026-07-18T19:40:00Z,27.1,90,25.3,1009.6,1.79,3.58,292,0.6,0.0,0,0.0
2026-07-18T19:50:00Z,26.9,91,25.3,1009.6,1.34,3.58,292,0.6,0.0,0,0.0
2026-07-18T20:00:00Z,27.1,90,25.3,1009.6,2.24,5.36,315,0.6,0.0,0,0.0
2026-07-18T20:10:00Z,27.1,90,25.3,1009.5,1.79,4.47,292,0.6,0.0,0,0.0
2026-07-18T20:20:00Z,27.2,90,25.4,1009.5,1.79,4.02,292,0.6,0.0,0,0.0
2026-07-18T20:30:00Z,27.2,90,25.4,1009.8,1.34,4.47,292,1.0,7.2,0,0.0
2026-07-18T20:40:00Z,26.9,90,25.1,1010.1,1.79,3.58,292,1.0,1.0,0,0.0
2026-07-18T20:50:00Z,26.8,90,25.0,1010.1,2.24,5.36,292,1.0,0.0,0,0.0
2026-07-18T21:00:00Z,26.8,91,25.2,1010.1,1.79,4.47,292,1.0,0.0,0,0.0
2026-07-18T21:10:00Z,26.5,91,24.9,1010.1,2.24,4.47,292,1.0,0.0,0,0.0
2026-07-18T21:20:00Z,26.6,91,25.0,1010.0,1.79,4.02,292,1.0,0.0,0,0.0
2026-07-18T21:30:00Z,26.7,91,25.1,1010.0,1.79,4.02,292,1.0,0.0,9,0.0
2026-07-18T21:40:00Z,26.7,91,25.1,1009.9,1.34,4.47,315,1.0,0.0,14,0.0
2026-07-18T21:50:00Z,26.6,91,25.0,1009.9,1.34,3.58,292,1.0,0.0,19,0.0
2026-07-18T22:00:00Z,26.4,91,24.8,1009.8,1.34,3.58,292,1.0,0.0,24,0.0
2026-07-18T22:10:00Z,26.2,91,24.6,1009.9,1.34,4.02,292,1.0,0.0,38,0.0
2026-07-18T22:20:00Z,26.4,91,24.8,1009.9,0.45,2.24,292,1.0,0.0,46,0.0
2026-07-18T22:30:00Z,26.7,91,25.1,1010.0,1.34,3.58,292,1.0,0.0,60,0.0
2026-07-18T22:40:00Z,26.9,91,25.3,1010.2,1.34,4.47,292,1.0,0.0,63,0.0
2026-07-18T22:50:00Z,27.1,90,25.3,1010.2,1.79,4.02,292,1.0,0.0,81,0.1
2026-07-18T23:00:00Z,27.4,90,25.6,1010.3,1.79,3.58,292,1.0,0.0,103,0.6
2026-07-18T23:10:00Z,27.7,90,25.9,1010.4,1.79,3.58,292,1.0,0.0,119,0.7
2026-07-18T23:20:00Z,27.8,89,25.8,1010.6,2.24,4.47,292,1.0,0.0,136,0.7
2026-07-18T23:30:00Z,28.1,89,26.1,1010.7,1.79,4.47,292,1.0,0.0,147,1.0
2026-07-18T23:40:00Z,28.3,88,26.1,1010.5,1.79,3.58,292,1.0,0.0,153,1.1
2026-07-18T23:50:00Z,28.5,87,26.1,1010.6,1.79,4.02,292,1.0,0.0,184,1.3
2026-07-19T00:00:00Z,28.4,86,25.8,1010.7,1.79,4.02,292,1.0,0.0,133,1.1
2026-07-19T00:10:00Z,28.4,86,25.8,1010.9,2.68,5.36,292,1.0,0.0,135,1.3
2026-07-19T00:20:00Z,28.8,86,26.2,1010.9,2.24,5.81,292,1.0,0.0,194,1.7
2026-07-19T00:30:00Z,28.8,86,26.2,1011.2,2.24,4.47,292,1.0,0.0,151,1.9
2026-07-19T00:40:00Z,29.1,87,26.7,1011.2,1.79,4.92,292,1.0,0.0,229,2.7
2026-07-19T00:50:00Z,29.4,86,26.8,1011.2,1.79,4.47,292,1.0,0.0,233,3.3
2026-07-19T01:00:00Z,29.8,85,27.0,1011.3,2.24,4.02,292,1.0,0.0,221,4.0
2026-07-19T01:10:00Z,29.8,84,26.8,1011.3,2.24,4.92,292,1.0,0.0,284,3.8
2026-07-19T01:20:00Z,29.7,84,26.7,1011.3,2.24,4.47,292,1.0,0.0,341,3.3
2026-07-19T01:30:00Z,29.8,85,27.0,1011.4,2.24,4.92,292,1.0,0.0,406,3.9
2026-07-19T01:40:00Z,29.9,85,27.1,1011.2,1.79,4.47,292,1.0,0.0,374,4.1
2026-07-19T01:50:00Z,29.8,84,26.8,1011.1,2.24,4.47,292,1.0,0.0,315,3.5
2026-07-19T02:00:00Z,29.9,84,26.9,1011.1,1.79,4.47,292,1.0,0.0,337,4.5
2026-07-19T02:10:00Z,29.9,84,26.9,1011.0,1.79,4.02,315,1.0,0.0,319,3.6
2026-07-19T02:20:00Z,29.8,84,26.8,1010.7,2.24,4.92,292,1.0,0.0,262,4.0
2026-07-19T02:30:00Z,29.9,85,27.1,1010.4,1.79,4.02,292,1.0,0.0,398,4.5
2026-07-19T02:40:00Z,30.1,85,27.3,1010.4,2.24,4.02,292,1.0,0.0,541,6.2
2026-07-19T02:50:00Z,30.3,84,27.3,1010.3,2.24,4.92,292,1.0,0.0,769,7.4
2026-07-19T03:00:00Z,30.5,83,27.3,1010.0,2.24,4.92,292,1.0,0.0,804,7.7
2026-07-19T03:10:00Z,30.9,84,27.9,1010.0,2.24,4.92,292,1.0,0.0,1012,8.7
2026-07-19T03:20:00Z,31.2,82,27.8,1010.1,2.24,4.47,292,1.0,0.0,1047,9.3
2026-07-19T03:30:00Z,31.5,82,28.1,1010.1,2.24,4.47,292,1.0,0.0,1057,9.5
2026-07-19T03:40:00Z,31.6,82,28.1,1010.1,2.68,4.92,292,1.0,0.0,1049,9.4
2026-07-19T03:50:00Z,31.4,82,28.0,1010.0,2.24,4.92,292,1.0,0.0,726,7.5
2026-07-19T04:00:00Z,31.5,82,28.1,1010.0,1.79,3.58,292,1.0,0.0,863,8.5
2026-07-19T04:10:00Z,31.8,81,28.1,1010.3,1.34,4.02,292,1.0,0.0,902,8.3
2026-07-19T04:20:00Z,31.7,81,28.0,1010.3,2.24,4.02,292,1.0,0.0,633,6.7
2026-07-19T04:30:00Z,31.1,81,27.5,1010.4,2.24,4.47,292,1.0,0.0,222,3.5
2026-07-19T04:40:00Z,30.6,83,27.4,1010.4,1.79,3.58,292,1.0,0.0,280,3.3
2026-07-19T04:50:00Z,30.3,82,26.9,1010.2,2.24,4.47,292,1.0,0.0,412,5.0
2026-07-19T05:00:00Z,30.2,82,26.8,1010.2,1.34,3.13,292,1.0,0.0,519,6.0
2026-07-19T05:10:00Z,30.3,82,26.9,1010.1,1.79,4.02,292,1.0,0.0,535,6.5
2026-07-19T05:20:00Z,29.8,81,26.2,1009.9,2.24,4.92,292,1.0,0.0,332,3.6
2026-07-19T05:30:00Z,29.4,81,25.8,1009.7,1.34,3.58,292,1.0,0.0,237,2.7
2026-07-19T05:40:00Z,29.1,81,25.5,1009.6,1.34,3.58,292,1.0,0.0,369,3.7
2026-07-19T05:50:00Z,29.1,81,25.5,1009.6,1.34,3.13,292,1.0,0.0,344,3.3
2026-07-19T06:00:00Z,29.3,82,25.9,1009.7,1.34,3.13,292,1.0,0.0,347,3.1
2026-07-19T06:10:00Z,29.6,83,26.4,1009.8,1.34,3.58,292,1.0,0.0,214,2.0
2026-07-19T06:20:00Z,29.6,84,26.6,1009.7,0.89,3.13,315,1.0,0.0,313,2.7
2026-07-19T06:30:00Z,29.4,84,26.4,1009.7,2.24,5.81,292,1.0,0.0,168,1.4
2026-07-19T06:40:00Z,29.0,85,26.2,1009.5,2.68,4.92,292,1.0,0.0,214,1.8
2026-07-19T06:50:00Z,28.7,85,25.9,1009.7,1.79,4.47,292,1.0,0.0,199,1.6
2026-07-19T07:00:00Z,28.3,85,25.5,1010.2,2.24,5.36,270,1.0,0.0,32,0.1
2026-07-19T07:10:00Z,27.7,87,25.3,1010.3,1.34,4.02,292,5.4,75.2,19,0.0
2026-07-19T07:20:00Z,27.1,89,25.1,1010.3,1.34,5.36,270,8.0,45.4,19,0.0
2026-07-19T07:30:00Z,26.2,89,24.2,1010.1,2.24,6.26,292,11.4,62.0,5,0.0
2026-07-19T07:40:00Z,26.5,91,24.9,1010.1,1.34,4.02,292,11.6,5.2,15,0.0
2026-07-19T07:50:00Z,26.4,91,24.8,1010.0,1.79,4.92,270,11.6,0.8,21,0.0
2026-07-19T08:00:00Z,26.3,91,24.7,1009.8,1.79,4.02,270,11.6,0.0,32,0.0
2026-07-19T08:10:00Z,26.4,92,25.0,1009.9,1.34,4.02,270,11.6,0.0,35,0.0
2026-07-19T08:20:00Z,26.4,92,25.0,1010.0,1.34,3.58,292,11.6,0.0,33,0.0
2026-07-19T08:30:00Z,26.4,92,25.0,1010.1,1.34,3.13,292,11.6,0.0,28,0.0
2026-07-19T08:40:00Z,26.2,92,24.8,1010.2,1.79,4.92,292,11.6,0.0,31,0.0
2026-07-19T08:50:00Z,26.2,92,24.8,1010.3,1.79,4.47,292,11.8,0.0,36,0.0
2026-07-19T09:00:00Z,26.2,92,24.8,1010.4,2.24,5.36,292,11.8,0.0,47,0.0
2026-07-19T09:10:00Z,26.3,92,24.9,1010.5,2.24,4.47,292,11.8,0.0,46,0.0
2026-07-19T09:20:00Z,26.3,93,25.1,1010.5,2.24,4.02,292,11.8,0.0,39,0.0
2026-07-19T09:30:00Z,26.3,93,25.1,1010.5,1.34,4.02,292,11.8,0.0,22,0.0
2026-07-19T09:40:00Z,26.4,93,25.2,1010.5,0.45,4.02,292,11.8,0.0,24,0.0
2026-07-19T09:50:00Z,26.3,93,25.1,1010.4,1.34,3.58,292,11.8,0.0,28,0.0
2026-07-19T10:00:00Z,26.2,92,24.8,1010.5,0.89,4.02,270,11.8,0.0,23,0.0
2026-07-19T10:10:00Z,26.2,92,24.8,1010.4,1.79,3.58,292,11.8,0.0,18,0.0
2026-07-19T10:20:00Z,26.1,92,24.7,1010.2,1.79,4.47,292,11.8,0.0,11,0.0
2026-07-19T10:30:00Z,26.2,92,24.8,1010.3,1.34,3.58,292,11.8,0.0,4,0.0
2026-07-19T10:40:00Z,26.1,92,24.7,1010.2,0.89,3.13,292,11.8,0.0,0,0.0
2026-07-19T10:50:00Z,25.9,91,24.3,1010.2,0.89,3.58,292,11.8,0.0,0,0.0
2026-07-19T11:00:00Z,25.9,91,24.3,1010.2,0.89,3.13,292,11.8,0.0,0,0.0
2026-07-19T11:10:00Z,26.0,91,24.4,1010.3,1.79,4.02,292,11.8,0.0,0,0.0
2026-07-19T11:20:00Z,26.2,91,24.6,1010.3,1.34,3.58,292,11.8,0.0,0,0.0
2026-07-19T11:30:00Z,26.3,90,24.5,1010.3,2.24,4.47,292,11.8,0.0,0,0.0
2026-07-19T11:40:00Z,26.4,90,24.6,1010.3,1.79,4.02,292,11.8,0.0,0,0.0
2026-07-19T11:50:00Z,26.6,89,24.6,1010.4,1.79,4.02,292,11.8,0.0,0,0.0
2026-07-19T12:00:00Z,26.7,89,24.7,1010.7,1.79,4.02,292,11.8,0.0,0,0.0
2026-07-19T12:10:00Z,26.8,89,24.8,1010.6,1.34,3.58,292,11.8,0.0,0,0.0
2026-07-19T12:20:00Z,26.9,89,24.9,1010.4,1.34,4.02,292,11.8,0.0,0,0.0
2026-07-19T12:30:00Z,27.0,89,25.0,1010.5,1.34,2.68,292,11.8,0.0,0,0.0
2026-07-19T12:40:00Z,26.9,89,24.9,1010.6,0.89,3.13,292,11.8,0.0,0,0.0
2026-07-19T12:50:00Z,26.8,88,24.6,1010.7,0.89,1.79,292,11.8,0.0,0,0.0
2026-07-19T13:00:00Z,26.9,88,24.7,1010.8,0.89,2.68,292,11.8,0.0,0,0.0
2026-07-19T13:10:00Z,26.9,88,24.7,1010.9,1.34,3.13,292,11.8,0.0,0,0.0
2026-07-19T13:20:00Z,26.9,88,24.7,1011.0,0.89,3.13,292,11.8,0.0,0,0.0
2026-07-19T13:30:00Z,26.9,87,24.6,1011.2,0.89,2.68,292,11.8,0.0,0,0.0
2026-07-19T13:40:00Z,26.9,87,24.6,1011.5,0.89,2.24,292,11.8,0.0,0,0.0
2026-07-19T13:50:00Z,26.9,87,24.6,1011.5,0.89,1.79,292,11.8,0.0,0,0.0
2026-07-19T14:00:00Z,26.9,87,24.6,1011.6,0.89,1.79,315,11.8,0.0,0,0.0
2026-07-19T14:10:00Z,27.0,87,24.6,1011.6,1.34,3.13,292,11.8,0.0,0,0.0
2026-07-19T14:20:00Z,27.1,87,24.7,1011.7,0.89,2.68,292,11.8,0.0,0,0.0
2026-07-19T14:30:00Z,27.2,87,24.8,1011.8,1.34,3.58,292,11.8,0.0,0,0.0
2026-07-19T14:40:00Z,27.2,87,24.8,1011.9,1.34,3.58,292,11.8,0.0,0,0.0
2026-07-19T14:50:00Z,27.3,87,24.9,1011.8,1.34,3.13,292,11.8,0.0,0,0.0
2026-07-19T15:00:00Z,27.4,87,25.0,1011.8,1.34,2.68,292,11.8,0.0,0,0.0
2026-07-19T15:10:00Z,27.4,87,25.0,1011.8,1.34,3.13,292,11.8,0.0,0,0.0
2026-07-19T15:20:00Z,27.4,87,25.0,1011.8,1.34,3.13,292,11.8,0.0,0,0.0
2026-07-19T15:30:00Z,27.3,87,24.9,1011.7,0.89,3.13,292,11.8,0.0,0,0.0
2026-07-19T15:40:00Z,27.3,87,24.9,1011.5,0.89,3.13,292,11.8,0.0,0,0.0
2026-07-19T15:50:00Z,27.4,86,24.8,1011.4,0.89,3.58,292,11.8,0.0,0,0.0
2026-07-19T16:00:00Z,27.4,86,24.8,1011.4,0.89,3.13,292,0.0,0.0,0,0.0
2026-07-19T16:10:00Z,27.6,86,25.0,1011.4,0.89,3.13,292,0.0,0.0,0,0.0
2026-07-19T16:20:00Z,27.6,86,25.0,1011.3,1.34,2.68,292,0.0,0.0,0,0.0
2026-07-19T16:30:00Z,27.7,86,25.1,1011.2,0.0,1.79,292,0.0,0.0,0,0.0
2026-07-19T16:40:00Z,27.6,86,25.0,1011.2,0.89,3.13,292,0.0,0.0,0,0.0
2026-07-19T16:50:00Z,27.7,86,25.1,1011.2,0.89,3.58,270,0.0,0.0,0,0.0
2026-07-19T17:00:00Z,27.7,85,24.9,1011.0,0.89,2.68,270,0.0,0.0,0,0.0
2026-07-19T17:10:00Z,27.7,86,25.1,1010.8,0.45,1.79,292,0.0,0.0,0,0.0
2026-07-19T17:20:00Z,27.7,86,25.1,1010.9,0.89,3.13,292,0.0,0.0,0,0.0
2026-07-19T17:30:00Z,27.6,86,25.0,1011.0,0.45,2.68,292,0.0,0.0,0,0.0
2026-07-19T17:40:00Z,27.6,86,25.0,1010.9,0.45,1.79,292,0.0,0.0,0,0.0
2026-07-19T17:50:00Z,27.6,86,25.0,1011.1,0.45,1.79,270,0.0,0.0,0,0.0
2026-07-19T18:00:00Z,27.6,86,25.0,1011.0,0.45,2.68,270,0.0,0.0,0,0.0
2026-07-19T18:10:00Z,27.7,86,25.1,1011.0,0.89,3.13,292,0.0,0.0,0,0.0
2026-07-19T18:20:00Z,27.7,86,25.1,1011.0,0.45,1.79,292,0.0,0.0,0,0.0
2026-07-19T18:30:00Z,27.6,86,25.0,1011.1,1.34,3.13,292,0.0,0.0,0,0.0
2026-07-19T18:40:00Z,27.5,86,24.9,1011.1,1.34,3.13,292,0.0,0.0,0,0.0
2026-07-19T18:50:00Z,27.6,86,25.0,1011.1,0.89,2.68,292,0.0,0.0,0,0.0
2026-07-19T19:00:00Z,27.6,86,25.0,1011.0,0.89,3.13,292,0.0,0.0,0,0.0
2026-07-19T19:10:00Z,27.7,86,25.1,1010.9,1.34,3.13,292,0.0,0.0,0,0.0
2026-07-19T19:20:00Z,27.7,85,24.9,1010.9,1.34,3.58,292,0.0,0.0,0,0.0
2026-07-19T19:30:00Z,27.7,85,24.9,1010.9,1.34,3.13,292,0.0,0.0,0,0.0
2026-07-19T19:40:00Z,27.8,86,25.2,1010.9,1.34,3.58,292,0.0,0.0,0,0.0
2026-07-19T19:50:00Z,27.8,85,25.0,1010.8,1.34,3.58,292,0.0,0.0,0,0.0
2026-07-19T20:00:00Z,27.7,86,25.1,1010.6,0.89,2.68,292,0.0,0.0,0,0.0
2026-07-19T20:10:00Z,27.6,86,25.0,1010.5,0.89,2.24,292,0.0,0.0,0,0.0
2026-07-19T20:20:00Z,27.6,86,25.0,1010.5,0.45,2.68,292,0.0,0.0,0,0.0
2026-07-19T20:30:00Z,27.4,87,25.0,1010.6,0.45,1.34,292,0.0,0.0,0,0.0
2026-07-19T20:40:00Z,27.4,87,25.0,1010.8,0.45,1.79,315,0.0,0.0,0,0.0
2026-07-19T20:50:00Z,27.3,86,24.7,1010.7,0.45,1.34,315,0.0,0.0,0,0.0
2026-07-19T21:00:00Z,27.3,86,24.7,1010.8,0.45,1.79,315,0.0,0.0,0,0.0
2026-07-19T21:10:00Z,27.3,86,24.7,1010.7,0.45,0.89,292,0.0,0.0,0,0.0
2026-07-19T21:20:00Z,27.3,86,24.7,1010.8,0.0,0.89,292,0.0,0.0,0,0.0
2026-07-19T21:30:00Z,27.3,86,24.7,1010.8,0.0,0.89,292,0.0,0.0,5,0.0
2026-07-19T21:40:00Z,27.3,86,24.7,1010.4,0.0,0.0,,0.0,0.0,16,0.0
2026-07-19T21:50:00Z,27.3,86,24.7,1010.5,0.0,1.34,292,0.0,0.0,22,0.0
2026-07-19T22:00:00Z,27.3,86,24.7,1010.6,0.0,0.0,,0.0,0.0,32,0.0
2026-07-19T22:10:00Z,27.4,86,24.8,1010.5,0.0,1.34,292,0.0,0.0,38,0.0
2026-07-19T22:20:00Z,27.6,86,25.0,1010.8,0.89,2.24,292,0.0,0.0,46,0.0
2026-07-19T22:30:00Z,27.6,86,25.0,1010.6,0.89,1.79,315,0.0,0.0,59,0.0
2026-07-19T22:40:00Z,27.8,86,25.2,1010.8,0.89,2.24,315,0.0,0.0,87,0.0
2026-07-19T22:50:00Z,28.0,86,25.4,1010.8,0.89,3.13,292,0.0,0.0,109,0.0
2026-07-19T23:00:00Z,28.3,85,25.5,1011.0,0.89,2.68,292,0.0,0.0,115,0.5
2026-07-19T23:10:00Z,28.4,85,25.6,1010.9,0.89,2.68,292,0.0,0.0,80,0.7
2026-07-19T23:20:00Z,28.6,85,25.8,1010.9,0.45,1.34,292,0.0,0.0,74,0.7
2026-07-19T23:30:00Z,29.0,85,26.2,1011.1,0.45,1.79,292,0.0,0.0,112,1.1
2026-07-19T23:40:00Z,29.2,83,26.0,1011.2,0.89,2.68,292,0.0,0.0,138,1.2
2026-07-19T23:50:00Z,29.3,83,26.1,1011.3,0.89,2.68,270,0.0,0.0,144,1.4
2026-07-20T00:00:00Z,29.3,83,26.1,1011.4,0.89,2.24,315,0.0,0.0,133,1.7
2026-07-20T00:10:00Z,29.7,83,26.5,1011.3,0.89,3.58,292,0.0,0.0,169,2.4
2026-07-20T00:20:00Z,30.2,83,27.0,1011.3,0.89,1.79,315,0.0,0.0,262,2.7
2026-07-20T00:30:00Z,30.3,81,26.7,1011.3,0.89,3.58,292,0.0,0.0,314,2.8
2026-07-20T00:40:00Z,30.3,82,26.9,1011.4,1.34,4.02,292,0.0,0.0,272,2.3
2026-07-20T00:50:00Z,29.9,83,26.7,1011.4,0.89,2.68,292,0.0,0.0,222,2.8
2026-07-20T01:00:00Z,29.6,84,26.6,1011.5,1.34,4.02,315,0.0,0.0,297,3.4
2026-07-20T01:10:00Z,29.4,84,26.4,1011.3,1.34,3.58,292,0.0,0.0,279,2.9
2026-07-20T01:20:00Z,29.5,84,26.5,1011.3,1.34,4.02,292,0.0,0.0,335,4.8
2026-07-20T01:30:00Z,29.9,85,27.1,1011.6,1.34,4.02,292,0.0,0.0,412,5.8
2026-07-20T01:40:00Z,30.0,81,26.4,1011.8,1.79,4.02,292,0.0,0.0,358,6.3
2026-07-20T01:50:00Z,30.1,82,26.7,1011.8,1.79,4.02,292,0.0,0.0,325,6.9
2026-07-20T02:00:00Z,29.9,81,26.3,1011.7,1.79,4.47,292,0.0,0.0,365,5.3
2026-07-20T02:10:00Z,29.6,82,26.2,1011.8,1.79,4.47,292,0.0,0.0,489,4.4
2026-07-20T02:20:00Z,29.7,83,26.5,1011.8,1.34,3.58,292,0.0,0.0,200,4.3
2026-07-20T02:30:00Z,29.4,84,26.4,1011.7,1.79,3.58,292,0.0,0.0,541,5.9
2026-07-20T02:40:00Z,29.7,84,26.7,1011.5,1.34,3.58,292,0.0,0.0,805,7.4
2026-07-20T02:50:00Z,30.1,84,27.1,1011.4,1.34,3.58,292,0.0,0.0,955,8.6
2026-07-20T03:00:00Z,30.3,82,26.9,1011.3,1.79,3.58,292,0.0,0.0,990,8.3
2026-07-20T03:10:00Z,30.4,81,26.8,1011.3,1.79,4.47,292,0.0,0.0,879,7.7
2026-07-20T03:20:00Z,30.3,81,26.7,1011.3,0.89,2.68,292,0.0,0.0,225,4.7
2026-07-20T03:30:00Z,30.2,83,27.0,1011.7,0.89,2.68,292,0.0,0.0,159,2.6
2026-07-20T03:40:00Z,29.6,84,26.6,1011.6,0.45,2.68,270,0.6,5.6,102,1.7
2026-07-20T03:50:00Z,29.1,85,26.3,1011.5,0.45,1.79,270,0.6,1.0,176,2.7
2026-07-20T04:00:00Z,28.7,85,25.9,1011.4,0.45,2.24,247,0.6,0.0,272,3.9
2026-07-20T04:10:00Z,28.5,87,26.1,1011.3,0.45,1.79,247,0.8,0.0,370,4.9
2026-07-20T04:20:00Z,29.1,88,26.9,1011.3,0.45,2.68,247,0.8,0.0,706,8.6
2026-07-20T04:30:00Z,29.1,87,26.7,1011.2,0.89,2.68,292,0.8,0.0,942,8.7
2026-07-20T04:40:00Z,29.6,86,27.0,1011.1,1.34,3.58,292,0.8,0.0,1129,10.5
2026-07-20T04:50:00Z,30.1,84,27.1,1011.3,1.79,4.47,292,0.8,0.0,1173,9.5
2026-07-20T05:00:00Z,30.3,83,27.1,1011.5,1.34,3.13,292,0.8,0.0,632,7.3
2026-07-20T05:10:00Z,29.8,82,26.4,1011.6,1.34,3.58,292,0.8,0.0,252,3.0
2026-07-20T05:20:00Z,28.8,84,25.8,1011.8,2.24,5.36,292,1.4,10.0,95,1.2
2026-07-20T05:30:00Z,27.5,88,25.3,1011.8,3.58,6.71,292,3.0,30.6,170,2.2
2026-07-20T05:40:00Z,27.2,90,25.4,1011.4,3.13,5.36,292,3.0,1.2,323,3.9
2026-07-20T05:50:00Z,27.8,92,26.4,1011.0,1.79,4.02,292,3.2,1.2,1010,7.6
2026-07-20T06:00:00Z,27.9,91,26.3,1010.7,1.79,4.02,292,3.2,0.0,852,6.9
2026-07-20T06:10:00Z,28.0,91,26.4,1010.7,1.79,4.47,292,3.2,0.0,1101,7.4
2026-07-20T06:20:00Z,27.5,91,25.9,1010.5,1.34,4.47,315,3.2,0.0,500,4.6
2026-07-20T06:30:00Z,27.4,91,25.8,1010.5,1.34,3.13,315,3.2,0.0,473,4.3
2026-07-20T06:40:00Z,27.3,91,25.7,1010.5,1.34,3.58,292,3.2,0.0,353,3.5
2026-07-20T06:50:00Z,27.2,90,25.4,1010.5,1.34,4.02,292,3.2,0.0,402,3.5
2026-07-20T07:00:00Z,27.6,90,25.8,1010.6,1.79,4.02,292,3.2,0.0,735,4.8
2026-07-20T07:10:00Z,27.9,89,25.9,1010.6,1.79,3.58,292,3.2,0.0,649,4.3
2026-07-20T07:20:00Z,28.1,86,25.5,1010.4,1.79,4.92,292,3.2,0.0,469,3.5
2026-07-20T07:30:00Z,28.6,86,26.0,1010.5,1.79,4.02,292,3.2,0.0,646,3.7
2026-07-20T07:40:00Z,28.9,83,25.7,1010.7,1.79,4.02,292,3.2,0.0,492,2.8
2026-07-20T07:50:00Z,29.1,83,25.9,1010.6,1.79,4.02,292,3.2,0.0,355,2.7
2026-07-20T08:00:00Z,29.3,83,26.1,1010.6,2.24,4.47,292,3.2,0.0,608,2.6
2026-07-20T08:10:00Z,29.5,83,26.3,1010.4,1.79,4.47,292,3.2,0.0,577,2.3
2026-07-20T08:20:00Z,29.7,82,26.3,1010.6,1.79,4.02,292,3.2,0.0,472,1.9
2026-07-20T08:30:00Z,29.6,82,26.2,1010.5,1.79,4.47,292,3.2,0.0,508,1.6
2026-07-20T08:40:00Z,29.3,81,25.7,1010.6,1.79,4.02,292,3.2,0.0,264,1.2
2026-07-20T08:50:00Z,28.8,82,25.4,1010.6,1.79,4.02,292,3.2,0.0,239,0.9
2026-07-20T09:00:00Z,29.1,81,25.5,1010.4,1.34,4.02,292,3.2,0.0,406,0.9
2026-07-20T09:10:00Z,29.3,81,25.7,1010.4,1.34,4.02,292,3.2,0.0,361,0.7
2026-07-20T09:20:00Z,29.2,82,25.8,1010.4,1.34,3.58,292,3.2,0.0,298,0.5
2026-07-20T09:30:00Z,29.1,82,25.7,1010.5,1.34,3.58,292,3.2,0.0,271,0.1
2026-07-20T09:40:00Z,28.9,82,25.5,1010.3,1.34,3.13,292,3.2,0.0,116,0.0
2026-07-20T09:50:00Z,28.6,83,25.4,1010.4,1.34,3.13,292,3.2,0.0,53,0.0
2026-07-20T10:00:00Z,28.3,83,25.1,1010.4,1.34,3.13,292,3.2,0.0,36,0.0
2026-07-20T10:10:00Z,28.1,84,25.1,1010.3,0.89,1.79,292,3.2,0.0,15,0.0
2026-07-20T10:20:00Z,27.9,85,25.1,1010.4,0.89,2.24,292,3.2,0.0,11,0.0
2026-07-20T10:30:00Z,27.8,85,25.0,1010.6,0.89,1.79,292,3.2,0.0,8,0.0
2026-07-20T10:40:00Z,27.8,85,25.0,1010.6,0.89,1.79,292,3.2,0.0,0,0.0
2026-07-20T10:50:00Z,27.7,86,25.1,1010.8,0.89,1.79,292,3.2,0.0,0,0.0
2026-07-20T11:00:00Z,27.7,86,25.1,1011.0,0.45,1.79,292,3.2,0.0,0,0.0
2026-07-20T11:10:00Z,27.7,86,25.1,1011.0,0.89,1.79,292,3.2,0.0,0,0.0
2026-07-20T11:20:00Z,27.7,86,25.1,1011.1,0.89,1.79,292,3.2,0.0,0,0.0
2026-07-20T11:30:00Z,27.6,87,25.2,1011.2,0.45,1.34,292,3.2,0.0,0,0.0
2026-07-20T11:40:00Z,27.7,87,25.3,1011.2,0.45,1.34,292,3.2,0.0,0,0.0
2026-07-20T11:50:00Z,27.7,87,25.3,1011.4,0.45,1.79,292,3.2,0.0,0,0.0
2026-07-20T12:00:00Z,27.7,86,25.1,1011.4,0.45,1.34,292,3.2,0.0,0,0.0
2026-07-20T12:10:00Z,27.7,86,25.1,1011.4,0.0,0.89,292,3.2,0.0,0,0.0
2026-07-20T12:20:00Z,27.8,86,25.2,1011.4,0.0,1.34,292,3.2,0.0,0,0.0
2026-07-20T12:30:00Z,27.8,86,25.2,1011.6,0.0,0.45,292,3.2,0.0,0,0.0
2026-07-20T12:40:00Z,27.8,86,25.2,1011.7,0.0,0.0,,3.2,0.0,0,0.0
2026-07-20T12:50:00Z,27.8,86,25.2,1011.9,0.0,0.0,,3.2,0.0,0,0.0
2026-07-20T13:00:00Z,27.8,86,25.2,1012.0,0.0,0.0,,3.2,0.0,0,0.0
2026-07-20T13:10:00Z,27.8,86,25.2,1012.1,0.0,0.0,,3.2,0.0,0,0.0
2026-07-20T13:20:00Z,27.9,86,25.3,1012.1,0.0,1.34,292,3.2,0.0,0,0.0
2026-07-20T13:30:00Z,27.8,86,25.2,1012.3,0.0,0.0,,3.2,0.0,0,0.0
2026-07-20T13:40:00Z,27.7,87,25.3,1012.4,0.0,0.89,292,3.2,0.0,0,0.0
2026-07-20T13:50:00Z,27.5,87,25.1,1012.5,0.0,0.45,292,3.2,0.0,0,0.0
2026-07-20T14:00:00Z,27.4,88,25.2,1012.6,0.0,0.0,,3.2,0.0,0,0.0
2026-07-20T14:10:00Z,27.3,88,25.1,1012.6,0.0,0.89,292,3.2,0.0,0,0.0
2026-07-20T14:20:00Z,27.2,88,25.0,1012.6,0.0,1.34,292,3.2,0.0,0,0.0
2026-07-20T14:30:00Z,27.1,88,24.9,1012.7,0.0,0.0,,3.2,0.0,0,0.0
2026-07-20T14:40:00Z,27.0,89,25.0,1012.7,0.0,0.89,315,3.2,0.0,0,0.0
2026-07-20T14:50:00Z,26.8,89,24.8,1012.8,0.0,1.34,315,3.2,0.0,0,0.0
2026-07-20T15:00:00Z,26.7,89,24.7,1012.7,0.45,1.34,292,3.2,0.0,0,0.0
2026-07-20T15:10:00Z,26.7,89,24.7,1012.6,0.45,1.34,292,3.2,0.0,0,0.0
2026-07-20T15:20:00Z,26.7,89,24.7,1012.5,0.0,0.89,292,3.2,0.0,0,0.0
2026-07-20T15:30:00Z,26.6,90,24.8,1012.4,0.0,0.89,270,3.2,0.0,0,0.0
2026-07-20T15:40:00Z,26.6,90,24.8,1012.4,0.0,0.89,270,3.2,0.0,0,0.0
2026-07-20T15:50:00Z,26.4,90,24.6,1012.2,0.45,1.79,247,3.2,0.0,0,0.0
2026-07-20T16:00:00Z,26.4,90,24.6,1012.1,0.0,1.34,247,0.0,0.0,0,0.0
2026-07-20T16:10:00Z,26.4,90,24.6,1012.0,0.0,0.89,247,0.0,0.0,0,0.0
2026-07-20T16:20:00Z,26.4,90,24.6,1012.0,0.45,1.34,247,0.0,0.0,0,0.0
2026-07-20T16:30:00Z,26.4,90,24.6,1011.8,0.45,1.79,247,0.0,0.0,0,0.0
2026-07-20T16:40:00Z,26.4,90,24.6,1011.9,0.45,1.34,247,0.0,0.0,0,0.0
2026-07-20T16:50:00Z,26.3,90,24.5,1011.9,0.45,1.79,225,0.0,0.0,0,0.0
2026-07-20T17:00:00Z,26.3,90,24.5,1011.9,0.45,1.34,225,0.0,0.0,0,0.0
2026-07-20T17:10:00Z,26.3,90,24.5,1011.9,0.45,1.34,225,0.0,0.0,0,0.0
2026-07-20T17:20:00Z,26.3,90,24.5,1011.9,0.45,1.34,225,0.0,0.0,0,0.0
2026-07-20T17:30:00Z,26.3,90,24.5,1011.7,0.0,0.89,202,0.0,0.0,0,0.0
2026-07-20T17:40:00Z,26.3,90,24.5,1011.6,0.0,1.34,202,0.0,0.0,0,0.0
2026-07-20T17:50:00Z,26.3,90,24.5,1011.6,0.0,1.34,202,0.0,0.0,0,0.0
2026-07-20T18:00:00Z,26.3,90,24.5,1011.6,0.0,1.34,202,0.0,0.0,0,0.0
2026-07-20T18:10:00Z,26.3,90,24.5,1011.5,0.0,0.45,202,0.0,0.0,0,0.0
2026-07-20T18:20:00Z,26.3,90,24.5,1011.5,0.0,0.45,202,0.0,0.0,0,0.0
2026-07-20T18:30:00Z,26.3,90,24.5,1011.3,0.0,0.45,202,0.0,0.0,0,0.0
2026-07-20T18:40:00Z,26.3,90,24.5,1011.6,0.0,0.89,202,0.0,0.0,0,0.0
2026-07-20T18:50:00Z,26.3,90,24.5,1011.7,0.0,0.89,202,0.0,0.0,0,0.0
2026-07-20T19:00:00Z,26.3,90,24.5,1011.8,0.0,1.34,180,0.0,0.0,0,0.0
2026-07-20T19:10:00Z,26.4,90,24.6,1011.8,0.0,0.0,,0.4,4.0,0,0.0
2026-07-20T19:20:00Z,26.4,90,24.6,1011.7,0.0,0.0,,0.6,2.0,0,0.0
2026-07-20T19:30:00Z,26.3,90,24.5,1011.6,0.0,0.45,180,0.6,0.0,0,0.0
2026-07-20T19:40:00Z,26.2,91,24.6,1011.9,0.0,0.0,,0.6,0.0,0,0.0
2026-07-20T19:50:00Z,26.1,91,24.5,1011.9,0.0,0.0,,0.6,0.0,0,0.0
2026-07-20T20:00:00Z,26.1,91,24.5,1012.0,0.0,0.0,,0.6,0.0,0,0.0
2026-07-20T20:10:00Z,26.2,91,24.6,1012.2,0.0,2.24,202,2.4,100.2,0,0.0
2026-07-20T20:20:00Z,26.2,91,24.6,1012.1,0.0,0.89,225,4.4,40.0,0,0.0
2026-07-20T20:30:00Z,26.2,92,24.8,1012.3,0.0,0.89,225,4.4,0.8,0,0.0
2026-07-20T20:40:00Z,26.0,91,24.4,1012.3,0.45,1.79,225,13.0,167.0,0,0.0
2026-07-20T20:50:00Z,25.4,91,23.8,1012.1,0.45,1.79,135,15.4,63.6,0,0.0
2026-07-20T21:00:00Z,24.9,91,23.3,1012.1,0.45,1.79,135,15.4,1.0,0,0.0
2026-07-20T21:10:00Z,24.9,92,23.5,1012.4,0.0,0.89,135,15.4,0.0,0,0.0
2026-07-20T21:20:00Z,24.9,92,23.5,1012.5,0.0,1.34,135,15.4,0.0,0,0.0
2026-07-20T21:30:00Z,24.9,92,23.5,1012.8,0.0,1.79,135,15.4,0.0,15,0.0
2026-07-20T21:40:00Z,25.1,92,23.7,1012.8,0.0,0.0,,15.4,0.0,27,0.0
2026-07-20T21:50:00Z,25.1,92,23.7,1012.8,0.0,0.45,135,15.6,0.0,36,0.0
2026-07-20T22:00:00Z,25.2,92,23.8,1012.9,0.0,0.89,135,15.6,0.0,32,0.0
2026-07-20T22:10:00Z,25.2,93,24.0,1013.0,0.0,1.34,135,15.6,0.0,36,0.0
2026-07-20T22:20:00Z,25.3,93,24.1,1013.1,0.0,0.89,135,15.6,0.0,55,0.0
2026-07-20T22:30:00Z,25.4,93,24.2,1013.3,0.0,1.34,135,15.8,0.0,37,0.0
2026-07-20T22:40:00Z,25.4,93,24.2,1013.3,0.0,0.89,135,15.8,0.0,43,0.0
2026-07-20T22:50:00Z,25.6,93,24.4,1013.3,0.0,0.45,135,15.8,0.0,77,0.0
2026-07-20T23:00:00Z,25.8,93,24.6,1013.3,0.0,0.89,135,15.8,0.0,105,0.0
2026-07-20T23:10:00Z,25.7,93,24.5,1013.0,0.45,2.24,202,15.8,0.0,123,0.0
2026-07-20T23:20:00Z,25.6,93,24.4,1013.0,0.45,2.68,247,16.0,0.0,129,0.3
2026-07-20T23:30:00Z,25.8,93,24.6,1013.3,0.45,1.79,292,16.0,0.0,135,0.5
2026-07-20T23:40:00Z,25.9,93,24.7,1013.3,0.45,1.79,292,16.0,0.0,157,0.7
2026-07-20T23:50:00Z,26.1,93,24.9,1013.3,0.45,1.79,292,16.0,0.0,189,1.0
2026-07-21T00:00:00Z,25.9,93,24.7,1013.2,0.45,2.24,292,16.2,0.0,223,1.3
2026-07-21T00:10:00Z,25.6,93,24.4,1013.2,0.89,2.24,292,16.2,0.0,241,1.5
2026-07-21T00:20:00Z,25.8,93,24.6,1013.3,0.45,1.79,292,16.2,0.0,239,1.7
2026-07-21T00:30:00Z,26.0,93,24.8,1013.4,0.45,2.24,292,16.2,0.0,245,1.9
2026-07-21T00:40:00Z,26.1,93,24.9,1013.3,0.45,2.24,315,16.2,0.0,259,2.1
2026-07-21T00:50:00Z,26.2,93,25.0,1013.1,0.45,2.68,315,16.2,0.0,239,2.5
2026-07-21T01:00:00Z,26.3,93,25.1,1013.0,0.89,2.24,292,16.2,0.0,259,3.0
2026-07-21T01:10:00Z,26.4,93,25.2,1013.0,0.89,2.24,315,16.2,0.0,221,4.3
2026-07-21T01:20:00Z,26.9,94,25.9,1012.9,0.89,2.68,292,16.2,0.0,196,5.0
2026-07-21T01:30:00Z,26.8,93,25.6,1012.9,1.34,2.68,315,16.2,0.0,150,5.4
2026-07-21T01:40:00Z,27.2,93,26.0,1012.8,1.34,3.13,292,16.2,0.0,143,5.9
2026-07-21T01:50:00Z,27.3,92,25.9,1012.5,1.34,4.02,292,16.2,0.0,129,6.3
2026-07-21T02:00:00Z,27.6,92,26.2,1012.5,1.34,4.02,292,16.2,0.0,345,6.6
2026-07-21T02:10:00Z,28.0,91,26.4,1012.5,1.34,3.58,292,16.2,0.0,708,7.0
2026-07-21T02:20:00Z,28.2,90,26.4,1012.5,1.34,4.02,292,16.2,0.0,711,7.4
2026-07-21T02:30:00Z,28.5,89,26.5,1012.5,0.89,3.13,292,16.2,0.0,740,7.7
2026-07-21T02:40:00Z,28.9,88,26.7,1012.5,0.89,3.13,292,16.2,0.0,822,8.1
2026-07-21T02:50:00Z,29.3,87,26.9,1012.4,0.89,3.58,292,16.2,0.0,892,8.4
2026-07-21T03:00:00Z,29.6,86,27.0,1012.4,1.34,3.13,292,16.2,0.0,914,8.7
2026-07-21T03:10:00Z,29.8,85,27.0,1012.3,1.34,3.13,292,16.2,0.0,924,8.9
2026-07-21T03:20:00Z,29.9,85,27.1,1012.3,1.34,3.58,292,16.2,0.0,938,9.2
2026-07-21T03:30:00Z,30.2,84,27.2,1012.3,1.34,3.13,292,16.2,0.0,948,9.4
2026-07-21T03:40:00Z,30.3,84,27.3,1012.3,1.34,3.58,292,16.2,0.0,959,9.6
2026-07-21T03:50:00Z,30.7,84,27.7,1012.2,0.89,3.13,292,16.2,0.0,966,9.7
2026-07-21T04:00:00Z,30.8,83,27.6,1012.2,1.34,3.13,315,16.2,0.0,962,9.7
2026-07-21T04:10:00Z,30.9,83,27.7,1012.3,1.34,3.58,292,16.2,0.0,959,9.7
2026-07-21T04:20:00Z,31.2,81,27.5,1012.2,1.34,4.02,292,16.2,0.0,961,9.7
2026-07-21T04:30:00Z,31.2,81,27.5,1012.1,1.79,4.02,292,16.2,0.0,965,9.7
2026-07-21T04:40:00Z,31.4,80,27.5,1012.0,1.34,3.58,292,16.2,0.0,966,9.6
2026-07-21T04:50:00Z,31.6,81,27.9,1012.0,1.34,3.58,292,16.2,0.0,960,9.4
2026-07-21T05:00:00Z,31.8,80,27.9,1012.0,1.34,3.58,292,16.2,0.0,954,9.3
2026-07-21T05:10:00Z,32.1,79,28.0,1011.9,1.34,4.02,292,16.2,0.0,947,9.0
2026-07-21T05:20:00Z,32.2,79,28.1,1011.8,1.34,4.02,292,16.2,0.0,938,8.8
2026-07-21T05:30:00Z,32.1,79,28.0,1011.7,1.79,4.47,292,16.2,0.0,927,8.5
2026-07-21T05:40:00Z,32.2,79,28.1,1011.7,1.79,4.02,292,16.2,0.0,912,8.2
2026-07-21T05:50:00Z,32.2,80,28.3,1011.6,1.79,4.02,292,16.2,0.0,897,7.9
2026-07-21T06:00:00Z,32.1,79,28.0,1011.5,2.24,5.36,292,16.2,0.0,881,7.5
2026-07-21T06:10:00Z,32.1,80,28.2,1011.5,1.79,4.47,292,16.2,0.0,862,7.1
2026-07-21T06:20:00Z,32.0,79,27.9,1011.4,2.24,4.92,292,16.2,0.0,843,6.7
2026-07-21T06:30:00Z,32.0,80,28.1,1011.3,2.24,5.36,292,16.2,0.0,823,6.3
2026-07-21T06:40:00Z,32.1,80,28.2,1011.4,1.79,4.92,292,16.2,0.0,799,5.9
2026-07-21T06:50:00Z,32.2,80,28.3,1011.2,1.79,4.47,292,16.2,0.0,773,5.4
2026-07-21T07:00:00Z,32.0,80,28.1,1011.2,2.24,5.36,292,16.2,0.0,747,5.0
2026-07-21T07:10:00Z,32.1,81,28.4,1011.2,1.79,4.47,292,16.2,0.0,719,4.6
2026-07-21T07:20:00Z,32.1,80,28.2,1011.0,1.79,4.92,292,16.2,0.0,687,4.1
2026-07-21T07:30:00Z,32.1,81,28.4,1010.9,1.79,4.02,292,16.2,0.0,659,3.7
2026-07-21T07:40:00Z,32.3,81,28.6,1010.8,1.34,3.13,292,16.2,0.0,628,3.3
2026-07-21T07:50:00Z,32.3,80,28.4,1010.8,0.89,3.58,292,16.2,0.0,596,2.9
2026-07-21T08:00:00Z,32.3,81,28.6,1010.6,1.34,3.58,292,16.2,0.0,574,2.5
2026-07-21T08:10:00Z,32.1,80,28.2,1010.6,1.34,4.02,292,16.2,0.0,536,2.2
2026-07-21T08:20:00Z,32.0,80,28.1,1010.8,0.89,2.68,292,16.2,0.0,495,1.9
2026-07-21T08:30:00Z,31.6,81,27.9,1010.9,1.79,4.02,292,16.2,0.0,460,1.6
2026-07-21T08:40:00Z,31.4,82,28.0,1011.1,1.79,4.47,292,16.2,0.0,414,1.3
2026-07-21T08:50:00Z,31.2,82,27.8,1011.2,1.34,3.58,292,16.2,0.0,384,1.1
2026-07-21T09:00:00Z,31.1,82,27.7,1011.3,1.79,4.47,292,16.2,0.0,344,0.8
2026-07-21T09:10:00Z,30.9,83,27.7,1011.4,1.79,4.02,292,16.2,0.0,304,0.6
2026-07-21T09:20:00Z,30.8,83,27.6,1011.6,1.79,4.92,292,16.2,0.0,263,0.4
2026-07-21T09:30:00Z,30.7,83,27.5,1011.6,1.79,4.02,292,16.2,0.0,222,0.0
2026-07-21T09:40:00Z,30.5,84,27.5,1011.5,1.79,3.58,292,16.2,0.0,177,0.0
2026-07-21T09:50:00Z,30.3,84,27.3,1011.6,1.34,3.13,292,16.2,0.0,81,0.0
2026-07-21T10:00:00Z,30.1,84,27.1,1011.7,0.89,3.13,292,16.2,0.0,25,0.0
2026-07-21T10:10:00Z,29.9,84,26.9,1011.8,0.89,2.68,292,16.2,0.0,12,0.0
2026-07-21T10:20:00Z,29.7,85,26.9,1011.9,1.34,2.24,292,16.2,0.0,7,0.0
2026-07-21T10:30:00Z,29.6,85,26.8,1011.9,0.89,2.68,292,16.2,0.0,6,0.0
2026-07-21T10:40:00Z,29.5,85,26.7,1011.8,0.89,1.79,292,16.2,0.0,3,0.0
2026-07-21T10:50:00Z,29.4,86,26.8,1011.7,0.89,1.79,292,16.2,0.0,0,0.0
2026-07-21T11:00:00Z,29.3,86,26.7,1011.9,0.45,1.79,292,16.2,0.0,0,0.0
2026-07-21T11:10:00Z,29.2,86,26.6,1012.0,0.89,1.79,292,16.2,0.0,0,0.0
2026-07-21T11:20:00Z,29.1,86,26.5,1011.9,0.45,1.34,292,16.2,0.0,0,0.0
2026-07-21T11:30:00Z,29.1,87,26.7,1011.9,0.45,1.34,292,16.2,0.0,0,0.0
2026-07-21T11:40:00Z,29.1,87,26.7,1012.2,0.45,1.34,292,16.2,0.0,0,0.0
2026-07-21T11:50:00Z,28.9,87,26.5,1012.3,0.0,0.45,292,16.2,0.0,0,0.0
2026-07-21T12:00:00Z,28.8,87,26.4,1012.3,0.0,0.0,,16.2,0.0,0,0.0
2026-07-21T12:10:00Z,28.7,87,26.3,1012.3,0.0,0.0,,16.2,0.0,0,0.0
2026-07-21T12:20:00Z,28.6,87,26.2,1012.5,0.0,0.0,,16.2,0.0,0,0.0
2026-07-21T12:30:00Z,28.4,88,26.2,1012.7,0.0,0.0,,16.2,0.0,0,0.0
2026-07-21T12:40:00Z,28.2,88,26.0,1012.9,0.0,0.0,,16.2,0.0,0,0.0
2026-07-21T12:50:00Z,28.1,88,25.9,1012.9,0.0,0.0,,16.2,0.0,0,0.0
2026-07-21T13:00:00Z,27.9,89,25.9,1013.0,0.0,0.0,,16.2,0.0,0,0.0
2026-07-21T13:10:00Z,27.6,89,25.6,1013.2,0.45,1.34,292,16.2,0.0,0,0.0
2026-07-21T13:20:00Z,27.4,89,25.4,1013.3,0.0,1.34,225,16.2,0.0,0,0.0
2026-07-21T13:30:00Z,27.2,89,25.2,1013.3,0.0,1.34,225,16.2,0.0,0,0.0
2026-07-21T13:40:00Z,27.0,89,25.0,1013.3,0.45,2.24,180,16.2,0.0,0,0.0
2026-07-21T13:50:00Z,26.9,88,24.7,1013.4,0.0,1.34,180,16.2,0.0,0,0.0
2026-07-21T14:00:00Z,26.8,88,24.6,1013.4,0.45,1.79,180,16.2,0.0,0,0.0
2026-07-21T14:10:00Z,26.8,88,24.6,1013.4,0.45,1.34,180,16.2,0.0,0,0.0
2026-07-21T14:20:00Z,26.7,89,24.7,1013.4,0.45,1.79,180,16.2,0.0,0,0.0
2026-07-21T14:30:00Z,26.7,89,24.7,1013.3,0.45,2.24,180,16.2,0.0,0,0.0
2026-07-21T14:40:00Z,26.6,89,24.6,1013.2,0.45,1.79,180,16.2,0.0,0,0.0
2026-07-21T14:50:00Z,26.5,89,24.5,1013.1,0.45,1.79,180,16.2,0.0,0,0.0
2026-07-21T15:00:00Z,26.5,89,24.5,1013.1,0.45,1.34,180,16.2,0.0,0,0.0
2026-07-21T15:10:00Z,26.4,89,24.4,1013.2,0.0,1.34,180,16.2,0.0,0,0.0
2026-07-21T15:20:00Z,26.4,89,24.4,1013.0,0.45,2.24,180,16.2,0.0,0,0.0
2026-07-21T15:30:00Z,26.3,89,24.3,1013.0,0.45,1.79,180,16.2,0.0,0,0.0
2026-07-21T15:40:00Z,26.3,89,24.3,1012.9,0.0,1.34,180,16.2,0.0,0,0.0
2026-07-21T15:50:00Z,26.3,89,24.3,1012.9,0.45,1.34,180,16.2,0.0,0,0.0
2026-07-21T16:00:00Z,26.3,89,24.3,1012.8,0.45,1.79,180,0.0,0.0,0,0.0
2026-07-21T16:10:00Z,26.2,89,24.2,1012.8,0.45,1.79,180,0.0,0.0,0,0.0
2026-07-21T16:20:00Z,26.2,89,24.2,1012.8,0.0,0.89,180,0.0,0.0,0,0.0
2026-07-21T16:30:00Z,26.1,89,24.1,1012.7,0.0,1.34,180,0.0,0.0,0,0.0
2026-07-21T16:40:00Z,26.0,89,24.0,1012.7,0.0,0.89,180,0.0,0.0,0,0.0
2026-07-21T16:50:00Z,26.0,89,24.0,1012.6,0.0,0.89,180,0.0,0.0,0,0.0
2026-07-21T17:00:00Z,25.9,89,23.9,1012.6,0.0,0.89,180,0.0,0.0,0,0.0
2026-07-21T17:10:00Z,26.0,89,24.0,1012.6,0.0,0.89,180,0.0,0.0,0,0.0
2026-07-21T17:20:00Z,25.9,89,23.9,1012.5,0.0,0.0,,0.0,0.0,0,0.0
2026-07-21T17:30:00Z,25.9,89,23.9,1012.5,0.0,0.89,180,0.0,0.0,0,0.0
2026-07-21T17:40:00Z,25.9,90,24.1,1012.4,0.0,1.34,180,0.0,0.0,0,0.0
2026-07-21T17:50:00Z,25.8,90,24.0,1012.5,0.0,0.45,180,0.0,0.0,0,0.0
2026-07-21T18:00:00Z,25.8,90,24.0,1012.3,0.0,0.89,180,0.0,0.0,0,0.0
2026-07-21T18:10:00Z,25.8,90,24.0,1012.2,0.45,1.34,180,0.0,0.0,0,0.0
2026-07-21T18:20:00Z,25.7,90,23.9,1012.1,0.45,1.79,180,0.0,0.0,0,0.0
2026-07-21T18:30:00Z,25.7,90,23.9,1012.0,0.0,0.89,180,0.0,0.0,0,0.0
2026-07-21T18:40:00Z,25.6,90,23.8,1012.0,0.0,0.89,180,0.0,0.0,0,0.0
2026-07-21T18:50:00Z,25.7,90,23.9,1012.0,0.0,0.89,180,0.0,0.0,0,0.0
2026-07-21T19:00:00Z,25.6,90,23.8,1012.0,0.45,1.34,180,0.0,0.0,0,0.0
2026-07-21T19:10:00Z,25.6,90,23.8,1012.1,0.45,1.34,180,0.0,0.0,0,0.0
2026-07-21T19:20:00Z,25.6,90,23.8,1012.2,0.0,1.34,180,0.0,0.0,0,0.0
2026-07-21T19:30:00Z,25.6,90,23.8,1012.0,0.0,1.34,180,0.0,0.0,0,0.0
2026-07-21T19:40:00Z,25.6,90,23.8,1012.1,0.0,0.45,180,0.0,0.0,0,0.0
2026-07-21T19:50:00Z,25.6,91,24.0,1012.1,0.0,1.34,180,0.0,0.0,0,0.0
2026-07-21T20:00:00Z,25.5,91,23.9,1012.0,0.0,1.34,180,0.0,0.0,0,0.0
2026-07-21T20:10:00Z,25.4,91,23.8,1011.9,0.0,0.0,,0.0,0.0,0,0.0
2026-07-21T20:20:00Z,25.4,91,23.8,1012.0,0.0,0.0,,0.0,0.0,0,0.0
2026-07-21T20:30:00Z,25.3,91,23.7,1012.0,0.0,1.34,180,0.0,0.0,0,0.0
2026-07-21T20:40:00Z,25.4,91,23.8,1012.0,0.0,0.0,,0.0,0.0,0,0.0
2026-07-21T20:50:00Z,25.4,91,23.8,1012.1,0.0,0.89,180,0.0,0.0,0,0.0
2026-07-21T21:00:00Z,25.3,91,23.7,1012.2,0.0,1.34,180,0.0,0.0,0,0.0
2026-07-21T21:10:00Z,25.3,91,23.7,1012.2,0.0,0.89,180,0.0,0.0,0,0.0
2026-07-21T21:20:00Z,25.3,91,23.7,1012.3,0.0,0.0,,0.0,0.0,0,0.0
2026-07-21T21:30:00Z,25.3,91,23.7,1012.3,0.0,0.0,,0.0,0.0,2,0.0
2026-07-21T21:40:00Z,25.3,91,23.7,1012.5,0.0,0.0,,0.0,0.0,10,0.0
2026-07-21T21:50:00Z,25.3,91,23.7,1012.6,0.0,0.0,,0.0,0.0,16,0.0
2026-07-21T22:00:00Z,25.3,91,23.7,1012.6,0.0,0.89,180,0.0,0.0,23,0.0
2026-07-21T22:10:00Z,25.4,91,23.8,1012.6,0.0,0.0,,0.0,0.0,32,0.0
2026-07-21T22:20:00Z,25.6,91,24.0,1012.7,0.0,0.0,,0.0,0.0,39,0.0
2026-07-21T22:30:00Z,25.8,91,24.2,1012.7,0.0,0.0,,0.0,0.0,48,0.0
2026-07-21T22:40:00Z,26.2,91,24.6,1012.7,0.0,0.0,,0.0,0.0,53,0.0
2026-07-21T22:50:00Z,26.6,91,25.0,1012.8,0.0,0.0,,0.0,0.0,56,0.0
2026-07-21T23:00:00Z,26.9,91,25.3,1013.0,0.0,0.45,180,0.0,0.0,61,0.5
2026-07-21T23:10:00Z,27.7,90,25.9,1013.1,0.0,0.0,,0.0,0.0,64,0.7
2026-07-21T23:20:00Z,28.3,90,26.5,1013.1,0.0,0.0,,0.0,0.0,68,0.9
2026-07-21T23:30:00Z,28.9,88,26.7,1013.1,0.0,0.0,,0.0,0.0,72,1.1
2026-07-21T23:40:00Z,29.5,86,26.9,1013.1,0.0,0.45,180,0.0,0.0,76,1.3
2026-07-21T23:50:00Z,29.7,84,26.7,1013.0,0.0,1.34,225,0.0,0.0,78,1.5
2026-07-22T00:00:00Z,29.8,84,26.8,1013.1,0.45,1.34,247,0.0,0.0,83,1.8
2026-07-22T00:10:00Z,29.9,84,26.9,1013.2,0.45,1.79,270,0.0,0.0,86,2.1
2026-07-22T00:20:00Z,30.0,83,26.8,1013.1,0.45,1.79,270,0.0,0.0,88,2.4
2026-07-22T00:30:00Z,30.2,83,27.0,1013.1,0.45,1.79,270,0.0,0.0,93,2.7
2026-07-22T00:40:00Z,30.3,83,27.1,1012.9,0.45,1.79,270,0.0,0.0,95,3.1
2026-07-22T00:50:00Z,30.4,83,27.2,1012.9,0.45,2.68,270,0.0,0.0,97,3.4
2026-07-22T01:00:00Z,30.6,83,27.4,1012.9,0.89,2.24,270,0.0,0.0,98,3.9
2026-07-22T01:10:00Z,30.8,82,27.4,1013.0,0.45,1.79,292,0.0,0.0,104,4.2
2026-07-22T01:20:00Z,30.9,82,27.5,1012.9,0.89,2.68,292,0.0,0.0,108,4.6
2026-07-22T01:30:00Z,30.9,81,27.3,1012.8,0.89,1.79,292,0.0,0.0,108,5.0
2026-07-22T01:40:00Z,31.1,82,27.7,1012.8,0.89,2.24,292,0.0,0.0,120,5.4
2026-07-22T01:50:00Z,31.3,82,27.9,1012.8,0.45,2.68,292,0.0,0.0,148,5.7
2026-07-22T02:00:00Z,31.4,82,28.0,1012.8,0.89,3.13,292,0.0,0.0,381,6.3
2026-07-22T02:10:00Z,31.5,82,28.1,1012.8,0.89,3.13,292,0.0,0.0,673,6.6
2026-07-22T02:20:00Z,31.5,81,27.8,1012.7,0.89,3.13,270,0.0,0.0,690,7.0
2026-07-22T02:30:00Z,31.6,82,28.1,1012.6,0.89,3.13,292,0.0,0.0,721,7.1
2026-07-22T02:40:00Z,31.5,81,27.8,1012.5,0.89,3.13,315,0.0,0.0,810,7.7
2026-07-22T02:50:00Z,31.6,81,27.9,1012.5,0.89,4.02,292,0.0,0.0,884,8.0
2026-07-22T03:00:00Z,31.7,81,28.0,1012.4,0.89,3.58,292,0.0,0.0,907,8.4
2026-07-22T03:10:00Z,32.1,81,28.4,1012.3,0.89,3.58,270,0.0,0.0,919,8.6
2026-07-22T03:20:00Z,32.2,81,28.5,1012.3,0.89,3.13,292,0.0,0.0,940,8.9
2026-07-22T03:30:00Z,32.2,80,28.3,1012.2,1.34,3.58,292,0.0,0.0,951,9.1
2026-07-22T03:40:00Z,32.2,80,28.3,1012.3,1.34,3.58,292,0.0,0.0,959,9.3
2026-07-22T03:50:00Z,32.2,79,28.1,1012.3,1.34,3.58,292,0.0,0.0,965,9.4
2026-07-22T04:00:00Z,32.2,79,28.1,1012.1,1.79,4.02,292,0.0,0.0,972,9.5
2026-07-22T04:10:00Z,32.3,79,28.2,1012.2,1.79,3.58,292,0.0,0.0,974,9.5
2026-07-22T04:20:00Z,32.4,80,28.5,1012.1,1.34,4.02,292,0.0,0.0,974,9.5
2026-07-22T04:30:00Z,32.4,79,28.3,1012.0,1.79,4.92,292,0.0,0.0,975,9.5
2026-07-22T04:40:00Z,32.3,79,28.2,1011.9,1.79,4.02,292,0.0,0.0,973,9.5
2026-07-22T04:50:00Z,32.4,80,28.5,1011.8,2.24,4.47,292,0.0,0.0,972,9.4
2026-07-22T05:00:00Z,32.6,79,28.5,1011.8,1.34,4.47,292,0.0,0.0,968,9.2
2026-07-22T05:10:00Z,32.7,79,28.6,1011.8,1.34,4.02,270,0.0,0.0,962,9.0
2026-07-22T05:20:00Z,33.0,79,28.9,1011.8,1.34,3.58,270,0.0,0.0,951,8.8
2026-07-22T05:30:00Z,32.8,79,28.7,1011.7,1.79,4.02,270,0.0,0.0,938,8.5
2026-07-22T05:40:00Z,33.0,78,28.6,1011.5,1.79,3.58,270,0.0,0.0,924,8.2
2026-07-22T05:50:00Z,33.1,78,28.7,1011.4,1.34,4.47,292,0.0,0.0,910,7.9
2026-07-22T06:00:00Z,33.2,77,28.6,1011.3,1.34,4.02,292,0.0,0.0,893,7.5
2026-07-22T06:10:00Z,33.1,77,28.5,1011.4,1.34,3.58,270,0.0,0.0,874,7.1
2026-07-22T06:20:00Z,33.1,79,29.0,1011.2,1.34,4.02,270,0.0,0.0,851,6.6
2026-07-22T06:30:00Z,33.0,77,28.4,1011.1,1.34,4.02,270,0.0,0.0,828,6.2
2026-07-22T06:40:00Z,33.1,78,28.7,1011.1,1.79,4.92,315,0.0,0.0,813,5.7
2026-07-22T06:50:00Z,33.0,79,28.9,1011.1,2.24,4.47,292,0.0,0.0,793,5.3
2026-07-22T07:00:00Z,33.2,79,29.1,1010.9,1.34,4.02,292,0.0,0.0,752,4.9
2026-07-22T07:10:00Z,33.2,78,28.8,1010.7,1.79,4.47,292,0.0,0.0,727,4.5
2026-07-22T07:20:00Z,33.0,79,28.9,1010.6,1.79,4.47,292,0.0,0.0,703,4.1
2026-07-22T07:30:00Z,33.0,79,28.9,1010.5,1.79,4.47,292,0.0,0.0,670,3.6
2026-07-22T07:40:00Z,32.8,79,28.7,1010.5,2.24,5.36,292,0.0,0.0,609,3.1
2026-07-22T07:50:00Z,32.4,80,28.5,1010.4,2.24,4.02,292,0.0,0.0,590,2.7
2026-07-22T08:00:00Z,32.1,79,28.0,1010.3,2.24,4.47,292,0.0,0.0,572,2.4
2026-07-22T08:10:00Z,31.9,80,28.0,1010.2,1.79,4.47,292,0.0,0.0,526,2.1
2026-07-22T08:20:00Z,31.9,80,28.0,1010.3,1.79,4.47,292,0.0,0.0,505,1.8
2026-07-22T08:30:00Z,31.8,81,28.1,1010.3,1.79,4.02,292,0.0,0.0,500,1.5
2026-07-22T08:40:00Z,31.8,81,28.1,1010.3,1.79,4.02,292,0.0,0.0,465,1.3
2026-07-22T08:50:00Z,31.6,81,27.9,1010.3,1.79,3.58,292,0.0,0.0,238,0.8
2026-07-22T09:00:00Z,31.1,81,27.5,1010.2,1.34,3.58,292,0.0,0.0,72,0.5
2026-07-22T09:10:00Z,30.7,82,27.3,1010.2,1.34,3.13,292,0.0,0.0,86,0.3
2026-07-22T09:20:00Z,30.4,83,27.2,1010.4,1.34,3.58,292,0.0,0.0,50,0.0
2026-07-22T09:30:00Z,30.3,83,27.1,1010.5,1.34,3.58,292,0.0,0.0,68,0.0
2026-07-22T09:40:00Z,30.3,83,27.1,1010.5,1.34,2.68,292,0.0,0.0,131,0.0
2026-07-22T09:50:00Z,30.3,83,27.1,1010.6,1.34,3.13,292,0.0,0.0,131,0.0
2026-07-22T10:00:00Z,30.4,83,27.2,1010.6,1.34,2.68,292,0.0,0.0,108,0.0
2026-07-22T10:10:00Z,30.4,83,27.2,1010.7,0.89,1.79,292,0.0,0.0,80,0.0
2026-07-22T10:20:00Z,30.3,83,27.1,1010.7,0.89,2.24,315,0.0,0.0,43,0.0
2026-07-22T10:30:00Z,30.2,83,27.0,1010.8,0.89,1.79,315,0.0,0.0,19,0.0
2026-07-22T10:40:00Z,29.9,84,26.9,1011.0,0.89,2.24,315,0.0,0.0,6,0.0
2026-07-22T10:50:00Z,29.7,83,26.5,1011.0,0.89,1.79,315,0.0,0.0,0,0.0
2026-07-22T11:00:00Z,29.7,84,26.7,1011.0,0.45,1.79,315,0.0,0.0,0,0.0
2026-07-22T11:10:00Z,29.6,84,26.6,1011.2,0.45,1.34,315,0.0,0.0,0,0.0
2026-07-22T11:20:00Z,29.6,84,26.6,1011.3,0.45,1.34,315,0.0,0.0,0,0.0
2026-07-22T11:30:00Z,29.5,84,26.5,1011.4,0.45,1.34,315,0.0,0.0,0,0.0
2026-07-22T11:40:00Z,29.4,84,26.4,1011.5,0.45,1.34,315,0.0,0.0,0,0.0
2026-07-22T11:50:00Z,29.4,85,26.6,1011.5,0.0,0.89,315,0.0,0.0,0,0.0
2026-07-22T12:00:00Z,29.3,85,26.5,1011.5,0.0,0.89,315,0.0,0.0,0,0.0
2026-07-22T12:10:00Z,28.9,85,26.1,1011.4,0.0,0.0,,0.0,0.0,0,0.0
2026-07-22T12:20:00Z,28.7,86,26.1,1011.6,0.0,0.89,315,0.0,0.0,0,0.0
2026-07-22T12:30:00Z,28.7,86,26.1,1011.7,0.0,0.89,315,0.0,0.0,0,0.0
2026-07-22T12:40:00Z,28.4,86,25.8,1011.5,0.0,1.34,315,0.0,0.0,0,0.0
2026-07-22T12:50:00Z,28.0,86,25.4,1011.5,0.45,1.34,270,0.0,0.0,0,0.0
2026-07-22T13:00:00Z,27.7,86,25.1,1011.7,0.45,1.34,270,0.0,0.0,0,0.0
2026-07-22T13:10:00Z,27.4,87,25.0,1011.9,0.45,1.79,247,0.0,0.0,0,0.0
2026-07-22T13:20:00Z,27.3,87,24.9,1012.1,0.45,1.34,247,0.0,0.0,0,0.0
2026-07-22T13:30:00Z,27.2,87,24.8,1012.2,0.45,1.34,247,0.0,0.0,0,0.0
2026-07-22T13:40:00Z,27.2,87,24.8,1012.1,0.45,1.34,247,0.0,0.0,0,0.0
2026-07-22T13:50:00Z,27.0,87,24.6,1012.2,0.89,2.24,247,0.0,0.0,0,0.0
2026-07-22T14:00:00Z,26.9,87,24.6,1012.3,0.45,1.79,202,0.0,0.0,0,0.0
2026-07-22T14:10:00Z,26.9,87,24.6,1012.4,0.45,1.79,202,0.0,0.0,0,0.0
2026-07-22T14:20:00Z,26.9,87,24.6,1012.5,0.0,0.89,202,0.0,0.0,0,0.0
2026-07-22T14:30:00Z,27.1,87,24.7,1012.4,0.45,1.79,202,0.0,0.0,0,0.0
2026-07-22T14:40:00Z,26.9,87,24.6,1012.6,0.45,1.34,202,0.0,0.0,0,0.0
2026-07-22T14:50:00Z,26.9,87,24.6,1012.6,0.45,1.79,180,0.0,0.0,0,0.0
2026-07-22T15:00:00Z,26.9,87,24.6,1012.5,0.45,1.79,180,0.0,0.0,0,0.0
2026-07-22T15:10:00Z,26.9,87,24.6,1012.4,0.0,1.34,180,0.0,0.0,0,0.0
2026-07-22T15:20:00Z,26.9,87,24.6,1012.3,0.89,2.24,180,0.0,0.0,0,0.0
2026-07-22T15:30:00Z,26.8,87,24.5,1012.1,0.45,2.24,157,0.0,0.0,0,0.0
2026-07-22T15:40:00Z,26.8,87,24.5,1012.0,0.89,2.24,157,0.0,0.0,0,0.0
2026-07-22T15:50:00Z,26.8,87,24.5,1011.8,0.45,2.24,157,0.0,0.0,0,0.0
2026-07-22T16:00:00Z,26.7,88,24.5,1011.6,0.45,2.24,157,0.0,0.0,0,0.0
2026-07-22T16:10:00Z,26.6,88,24.4,1011.5,0.45,2.24,157,0.0,0.0,0,0.0
2026-07-22T16:20:00Z,26.6,88,24.4,1011.4,0.45,1.79,157,0.0,0.0,0,0.0
2026-07-22T16:30:00Z,26.5,88,24.3,1011.2,0.0,0.0,,0.0,0.0,0,0.0
2026-07-22T16:40:00Z,26.5,89,24.5,1011.3,0.0,0.89,157,0.0,0.0,0,0.0
2026-07-22T16:50:00Z,26.5,89,24.5,1011.3,0.0,0.45,157,0.0,0.0,0,0.0
2026-07-22T17:00:00Z,26.6,89,24.6,1011.1,0.0,0.89,157,0.0,0.0,0,0.0
2026-07-22T17:10:00Z,26.7,89,24.7,1011.0,0.0,0.45,157,0.0,0.0,0,0.0
2026-07-22T17:20:00Z,26.8,89,24.8,1010.8,0.0,0.89,157,0.0,0.0,0,0.0
2026-07-22T17:30:00Z,26.7,89,24.7,1010.8,0.0,0.89,157,0.0,0.0,0,0.0
2026-07-22T17:40:00Z,26.8,89,24.8,1010.8,0.0,0.45,157,0.0,0.0,0,0.0
2026-07-22T17:50:00Z,26.8,89,24.8,1010.7,0.0,1.79,157,0.0,0.0,0,0.0
2026-07-22T18:00:00Z,26.8,89,24.8,1010.7,0.0,0.45,157,0.0,0.0,0,0.0
2026-07-22T18:10:00Z,26.8,90,25.0,1010.8,0.0,0.0,,0.0,0.0,0,0.0
2026-07-22T18:20:00Z,26.8,90,25.0,1010.8,0.0,0.89,157,0.0,0.0,0,0.0
2026-07-22T18:30:00Z,26.7,90,24.9,1010.7,0.0,0.89,157,0.0,0.0,0,0.0
2026-07-22T18:40:00Z,26.8,90,25.0,1010.6,0.0,1.79,157,0.0,0.0,0,0.0
2026-07-22T18:50:00Z,26.8,90,25.0,1010.8,0.0,0.89,157,0.0,0.0,0,0.0
2026-07-22T19:00:00Z,26.8,90,25.0,1010.6,0.45,1.79,157,0.0,0.0,0,0.0
2026-07-22T19:10:00Z,26.8,90,25.0,1010.5,0.0,0.0,,0.0,0.0,0,0.0
2026-07-22T19:20:00Z,26.8,90,25.0,1010.6,0.0,0.89,157,0.0,0.0,0,0.0
2026-07-22T19:30:00Z,26.7,90,24.9,1010.6,0.0,0.45,157,0.0,0.0,0,0.0
2026-07-22T19:40:00Z,26.6,90,24.8,1010.5,0.0,0.0,,0.0,0.0,0,0.0
2026-07-22T19:50:00Z,26.5,90,24.7,1010.4,0.0,0.0,,0.0,0.0,0,0.0
2026-07-22T20:00:00Z,26.4,90,24.6,1010.3,0.0,0.0,,0.0,0.0,0,0.0
2026-07-22T20:10:00Z,26.3,90,24.5,1010.2,0.0,0.0,,0.0,0.0,0,0.0
2026-07-22T20:20:00Z,26.3,90,24.5,1010.2,0.0,0.45,157,0.0,0.0,0,0.0
2026-07-22T20:30:00Z,26.2,90,24.4,1010.3,0.0,0.0,,0.0,0.0,0,0.0
2026-07-22T20:40:00Z,26.2,91,24.6,1010.2,0.0,0.0,,0.0,0.0,0,0.0
2026-07-22T20:50:00Z,26.1,91,24.5,1010.3,0.0,1.79,157,0.0,0.0,0,0.0
2026-07-22T21:00:00Z,26.1,91,24.5,1010.3,0.0,0.89,157,0.0,0.0,0,0.0
2026-07-22T21:10:00Z,26.0,91,24.4,1010.4,0.45,1.79,157,0.0,0.0,0,0.0
2026-07-22T21:20:00Z,26.0,91,24.4,1010.4,0.45,1.79,157,0.0,0.0,0,0.0
2026-07-22T21:30:00Z,26.0,91,24.4,1010.4,0.45,0.89,157,0.0,0.0,2,0.0
2026-07-22T21:40:00Z,26.0,91,24.4,1010.7,0.45,1.79,157,0.0,0.0,9,0.0
2026-07-22T21:50:00Z,26.0,91,24.4,1010.7,0.45,1.79,157,0.0,0.0,16,0.0
2026-07-22T22:00:00Z,26.1,91,24.5,1010.7,0.0,1.79,157,0.0,0.0,25,0.0
2026-07-22T22:10:00Z,26.1,91,24.5,1010.7,0.0,1.79,157,0.0,0.0,33,0.0
2026-07-22T22:20:00Z,26.3,91,24.7,1010.8,0.0,1.79,157,0.0,0.0,39,0.0
2026-07-22T22:30:00Z,26.5,91,24.9,1010.7,0.45,1.79,157,0.0,0.0,45,0.0
2026-07-22T22:40:00Z,26.7,90,24.9,1010.8,0.89,2.24,157,0.0,0.0,49,0.0
2026-07-22T22:50:00Z,27.2,90,25.4,1010.9,0.0,0.89,157,0.0,0.0,52,0.0
2026-07-22T23:00:00Z,27.6,89,25.6,1011.0,0.45,2.68,157,0.0,0.0,56,0.4
2026-07-22T23:10:00Z,28.3,87,25.9,1011.1,0.45,2.68,157,0.0,0.0,60,0.7
2026-07-22T23:20:00Z,28.9,86,26.3,1011.2,0.45,1.34,135,0.0,0.0,64,0.9
2026-07-22T23:30:00Z,29.6,84,26.6,1011.0,0.45,2.24,157,0.0,0.0,68,1.1
2026-07-22T23:40:00Z,30.0,83,26.8,1010.9,0.45,1.34,157,0.0,0.0,70,1.3
2026-07-22T23:50:00Z,30.4,81,26.8,1011.1,0.45,1.34,157,0.0,0.0,73,1.5
2026-07-23T00:00:00Z,30.5,81,26.9,1011.2,0.45,1.34,225,0.0,0.0,79,1.8
2026-07-23T00:10:00Z,30.4,80,26.6,1011.3,0.45,1.79,225,0.0,0.0,93,2.0
2026-07-23T00:20:00Z,30.5,81,26.9,1011.4,0.89,1.79,292,0.0,0.0,104,2.4
2026-07-23T00:30:00Z,30.6,81,27.0,1011.4,0.89,2.24,292,0.0,0.0,98,2.8
2026-07-23T00:40:00Z,30.8,81,27.2,1011.4,0.45,2.24,292,0.0,0.0,107,3.1
2026-07-23T00:50:00Z,30.8,81,27.2,1011.6,0.89,2.68,292,0.0,0.0,119,3.1
2026-07-23T01:00:00Z,30.8,81,27.2,1011.6,0.45,2.24,315,0.0,0.0,154,3.3
2026-07-23T01:10:00Z,30.8,81,27.2,1011.7,0.89,2.24,315,0.0,0.0,171,3.9
2026-07-23T01:20:00Z,31.1,82,27.7,1011.6,0.89,3.13,315,0.0,0.0,175,4.8
2026-07-23T01:30:00Z,31.1,82,27.7,1011.5,0.89,3.13,270,0.0,0.0,137,3.6
2026-07-23T01:40:00Z,31.0,82,27.6,1011.4,0.89,2.68,292,0.0,0.0,182,5.3
2026-07-23T01:50:00Z,31.2,81,27.5,1011.5,1.34,2.68,292,0.0,0.0,196,6.0
2026-07-23T02:00:00Z,31.3,81,27.6,1011.5,1.34,2.68,292,0.0,0.0,430,6.3
2026-07-23T02:10:00Z,31.5,81,27.8,1011.6,1.34,3.13,292,0.0,0.0,705,6.5
2026-07-23T02:20:00Z,31.6,81,27.9,1011.6,1.34,3.13,292,0.0,0.0,738,7.3
2026-07-23T02:30:00Z,31.6,80,27.7,1011.6,1.79,4.02,292,0.0,0.0,793,7.7
2026-07-23T02:40:00Z,31.7,79,27.6,1011.4,1.79,3.58,315,0.0,0.0,872,8.1
2026-07-23T02:50:00Z,31.8,79,27.7,1011.5,1.34,3.58,292,0.0,0.0,827,7.2
2026-07-23T03:00:00Z,31.7,79,27.6,1011.4,1.34,3.58,292,0.0,0.0,420,6.9
2026-07-23T03:10:00Z,31.4,80,27.5,1011.3,1.34,3.58,292,0.0,0.0,793,7.7
2026-07-23T03:20:00Z,31.3,80,27.4,1011.2,1.79,3.58,292,0.0,0.0,479,5.8
2026-07-23T03:30:00Z,31.7,81,28.0,1011.1,1.34,3.58,292,0.0,0.0,1019,9.7
2026-07-23T03:40:00Z,31.8,79,27.7,1011.0,1.79,3.58,292,0.0,0.0,887,8.6
2026-07-23T03:50:00Z,31.9,80,28.0,1010.9,1.79,4.02,292,0.0,0.0,1000,9.8
2026-07-23T04:00:00Z,32.2,81,28.5,1010.8,1.79,4.47,292,0.0,0.0,1005,9.9
2026-07-23T04:10:00Z,32.3,80,28.4,1010.8,1.79,3.58,292,0.0,0.0,978,9.8
2026-07-23T04:20:00Z,32.1,79,28.0,1010.7,1.79,3.58,292,0.0,0.0,772,8.3
2026-07-23T04:30:00Z,32.4,80,28.5,1010.7,1.79,4.92,292,0.0,0.0,1041,9.6
2026-07-23T04:40:00Z,32.2,80,28.3,1010.6,2.24,4.92,292,0.0,0.0,929,8.4
2026-07-23T04:50:00Z,32.1,80,28.2,1010.5,1.79,4.47,292,0.0,0.0,997,9.3
2026-07-23T05:00:00Z,32.3,79,28.2,1010.3,2.24,4.02,292,0.0,0.0,984,9.0
2026-07-23T05:10:00Z,32.4,78,28.1,1010.2,2.24,4.02,292,0.0,0.0,975,8.9
2026-07-23T05:20:00Z,32.6,79,28.5,1010.2,1.79,4.02,292,0.0,0.0,996,8.4
2026-07-23T05:30:00Z,32.2,80,28.3,1010.1,1.79,3.58,315,0.0,0.0,352,4.8
2026-07-23T05:40:00Z,31.8,81,28.1,1010.0,1.79,4.02,292,0.0,0.0,465,4.9
2026-07-23T05:50:00Z,31.9,81,28.2,1009.8,1.34,3.58,292,0.0,0.0,406,5.7
2026-07-23T06:00:00Z,32.3,80,28.4,1009.7,1.79,4.02,315,0.0,0.0,909,7.1
2026-07-23T06:10:00Z,32.4,79,28.3,1009.6,1.79,4.47,292,0.0,0.0,864,6.8
2026-07-23T06:20:00Z,32.7,79,28.6,1009.4,1.79,4.02,292,0.0,0.0,844,6.3
2026-07-23T06:30:00Z,32.9,79,28.8,1009.4,1.79,4.47,292,0.0,0.0,802,5.9
2026-07-23T06:40:00Z,32.9,79,28.8,1009.3,1.79,3.13,315,0.0,0.0,789,5.5
2026-07-23T06:50:00Z,32.8,79,28.7,1009.1,1.79,3.58,292,0.0,0.0,751,5.1
2026-07-23T07:00:00Z,32.7,78,28.4,1009.0,1.79,3.58,292,0.0,0.0,772,4.9
2026-07-23T07:10:00Z,32.8,78,28.5,1009.3,1.34,3.58,292,0.0,0.0,793,4.3
2026-07-23T07:20:00Z,32.6,79,28.5,1009.2,1.34,3.58,292,0.0,0.0,543,3.6
2026-07-23T07:30:00Z,32.3,79,28.2,1009.4,1.34,3.13,292,0.0,0.0,343,2.5
2026-07-23T07:40:00Z,31.7,79,27.6,1009.4,1.34,3.58,292,0.0,0.0,154,1.2
2026-07-23T07:50:00Z,31.4,80,27.5,1009.3,1.34,3.58,292,0.0,0.0,227,1.8
2026-07-23T08:00:00Z,31.2,81,27.5,1009.6,1.79,4.47,292,0.0,0.0,254,1.7
2026-07-23T08:10:00Z,31.2,82,27.8,1009.5,1.34,3.13,292,0.0,0.0,292,1.5
2026-07-23T08:20:00Z,31.3,82,27.9,1009.6,1.34,3.58,292,0.0,0.0,264,1.3
2026-07-23T08:30:00Z,31.5,82,28.1,1009.6,1.34,2.68,292,0.0,0.0,524,1.3
2026-07-23T08:40:00Z,31.6,81,27.9,1009.6,0.89,3.13,292,0.0,0.0,293,0.9
2026-07-23T08:50:00Z,31.7,81,28.0,1009.6,1.34,4.02,292,0.0,0.0,473,0.7
2026-07-23T09:00:00Z,31.7,81,28.0,1009.6,1.34,3.13,315,0.0,0.0,332,0.1
2026-07-23T09:10:00Z,31.6,81,27.9,1009.8,0.45,1.79,315,0.0,0.0,156,0.0
2026-07-23T09:20:00Z,31.4,81,27.7,1009.8,0.45,1.79,90,0.0,0.0,81,0.0
2026-07-23T09:30:00Z,31.1,81,27.5,1010.0,0.89,2.24,90,0.0,0.0,155,0.0
2026-07-23T09:40:00Z,30.9,80,27.0,1010.1,0.45,2.68,90,0.0,0.0,41,0.0
2026-07-23T09:50:00Z,30.7,81,27.1,1010.1,0.45,1.34,112,0.0,0.0,46,0.0
2026-07-23T10:00:00Z,30.4,81,26.8,1010.1,0.89,2.68,112,0.0,0.0,35,0.0
2026-07-23T10:10:00Z,30.1,81,26.5,1010.2,0.89,3.13,112,0.0,0.0,21,0.0
2026-07-23T10:20:00Z,29.9,82,26.5,1010.4,0.45,2.68,112,0.0,0.0,32,0.0
2026-07-23T10:30:00Z,29.9,82,26.5,1010.4,0.45,1.34,90,0.0,0.0,17,0.0
2026-07-23T10:40:00Z,29.8,82,26.4,1010.5,0.45,1.34,90,0.0,0.0,4,0.0
2026-07-23T10:50:00Z,29.6,82,26.2,1010.6,0.0,0.89,90,0.0,0.0,0,0.0
2026-07-23T11:00:00Z,29.4,83,26.2,1010.7,0.45,1.34,90,0.0,0.0,0,0.0
2026-07-23T11:10:00Z,29.3,83,26.1,1010.9,0.45,1.34,90,0.0,0.0,0,0.0
2026-07-23T11:20:00Z,29.2,83,26.0,1010.9,0.0,0.89,90,0.0,0.0,0,0.0
2026-07-23T11:30:00Z,29.2,84,26.2,1010.9,0.0,0.89,90,0.0,0.0,0,0.0
2026-07-23T11:40:00Z,29.0,84,26.0,1011.1,0.0,1.34,90,0.0,0.0,0,0.0
2026-07-23T11:50:00Z,28.8,85,26.0,1011.1,0.0,0.89,90,0.0,0.0,0,0.0
2026-07-23T12:00:00Z,28.7,85,25.9,1011.0,0.45,1.79,135,0.0,0.0,0,0.0
2026-07-23T12:10:00Z,28.7,85,25.9,1010.9,0.45,2.24,135,0.0,0.0,0,0.0
2026-07-23T12:20:00Z,28.6,85,25.8,1011.0,0.45,1.79,135,0.0,0.0,0,0.0
2026-07-23T12:30:00Z,28.6,85,25.8,1011.0,0.0,1.79,135,0.0,0.0,0,0.0
2026-07-23T12:40:00Z,28.6,85,25.8,1010.8,0.45,3.13,135,0.0,0.0,0,0.0
2026-07-23T12:50:00Z,28.6,85,25.8,1011.0,1.34,4.02,90,0.0,0.0,0,0.0
2026-07-23T13:00:00Z,28.6,85,25.8,1011.0,0.89,3.58,135,0.0,0.0,0,0.0
2026-07-23T13:10:00Z,28.5,85,25.7,1010.8,0.89,3.58,135,0.0,0.0,0,0.0
2026-07-23T13:20:00Z,28.6,85,25.8,1010.9,0.89,4.47,135,0.0,0.0,0,0.0
2026-07-23T13:30:00Z,28.6,85,25.8,1010.8,0.89,4.02,90,0.0,0.0,0,0.0
2026-07-23T13:40:00Z,28.5,85,25.7,1010.8,0.89,4.02,112,0.0,0.0,0,0.0
2026-07-23T13:50:00Z,28.4,85,25.6,1010.9,0.89,3.13,45,0.0,0.0,0,0.0
2026-07-23T14:00:00Z,28.4,85,25.6,1010.9,0.89,4.02,90,0.0,0.0,0,0.0
2026-07-23T14:10:00Z,28.4,85,25.6,1011.1,1.34,3.58,90,0.0,0.0,0,0.0
2026-07-23T14:20:00Z,28.4,84,25.4,1011.1,0.89,4.02,135,0.0,0.0,0,0.0
2026-07-23T14:30:00Z,28.4,84,25.4,1011.2,0.89,3.13,157,0.0,0.0,0,0.0
2026-07-23T14:40:00Z,28.4,84,25.4,1011.2,0.89,2.24,67,0.0,0.0,0,0.0
2026-07-23T14:50:00Z,28.4,84,25.4,1011.0,0.45,1.79,67,0.0,0.0,0,0.0
2026-07-23T15:00:00Z,28.3,84,25.3,1011.0,0.89,3.13,90,0.0,0.0,0,0.0
2026-07-23T15:10:00Z,28.3,84,25.3,1010.9,0.89,3.13,67,0.0,0.0,0,0.0
2026-07-23T15:20:00Z,28.3,84,25.3,1010.8,0.45,3.13,135,0.0,0.0,0,0.0
2026-07-23T15:30:00Z,28.3,84,25.3,1010.6,0.89,3.58,112,0.0,0.0,0,0.0
2026-07-23T15:40:00Z,28.3,83,25.1,1010.5,0.45,3.13,90,0.0,0.0,0,0.0
2026-07-23T15:50:00Z,28.3,83,25.1,1010.3,0.45,2.68,67,0.0,0.0,0,0.0
2026-07-23T16:00:00Z,28.3,84,25.3,1010.2,0.0,1.34,67,0.0,0.0,0,0.0
2026-07-23T16:10:00Z,28.3,84,25.3,1010.1,0.45,3.13,90,0.0,0.0,0,0.0
2026-07-23T16:20:00Z,28.3,83,25.1,1009.9,0.45,1.79,112,0.0,0.0,0,0.0
2026-07-23T16:30:00Z,28.3,83,25.1,1009.6,0.45,1.79,112,0.0,0.0,0,0.0
2026-07-23T16:40:00Z,28.4,82,25.0,1009.4,0.45,1.79,112,0.0,0.0,0,0.0
2026-07-23T16:50:00Z,28.6,82,25.2,1009.4,0.45,1.79,112,0.0,0.0,0,0.0
2026-07-23T17:00:00Z,28.6,82,25.2,1009.3,0.89,4.02,135,0.0,0.0,0,0.0
2026-07-23T17:10:00Z,28.4,82,25.0,1009.2,0.0,0.89,135,0.0,0.0,0,0.0
2026-07-23T17:20:00Z,28.3,82,24.9,1009.0,0.45,3.58,135,0.0,0.0,0,0.0
2026-07-23T17:30:00Z,28.4,81,24.8,1008.9,0.89,4.02,157,0.0,0.0,0,0.0
2026-07-23T17:40:00Z,28.4,81,24.8,1008.8,0.0,1.79,157,0.0,0.0,0,0.0
2026-07-23T17:50:00Z,28.3,81,24.7,1008.7,0.45,2.68,180,0.0,0.0,0,0.0
2026-07-23T18:00:00Z,28.3,81,24.7,1008.6,0.89,3.58,292,0.0,0.0,0,0.0
2026-07-23T18:10:00Z,28.4,81,24.8,1008.6,0.89,2.68,292,0.0,0.0,0,0.0
2026-07-23T18:20:00Z,28.4,80,24.6,1008.5,0.45,3.58,225,0.0,0.0,0,0.0
2026-07-23T18:30:00Z,28.5,80,24.7,1008.3,0.0,0.89,67,0.0,0.0,0,0.0
2026-07-23T18:40:00Z,28.4,80,24.6,1008.2,0.45,2.68,270,0.0,0.0,0,0.0
2026-07-23T18:50:00Z,28.4,81,24.8,1008.3,0.0,0.89,270,0.0,0.0,0,0.0
2026-07-23T19:00:00Z,28.4,81,24.8,1008.2,0.45,1.79,270,0.0,0.0,0,0.0
2026-07-23T19:10:00Z,28.5,81,24.9,1008.3,1.34,3.13,135,0.0,0.0,0,0.0
2026-07-23T19:20:00Z,28.7,81,25.1,1008.3,1.79,5.81,112,0.0,0.0,0,0.0
2026-07-23T19:30:00Z,28.8,80,25.0,1008.4,1.79,4.92,112,0.0,0.0,0,0.0
2026-07-23T19:40:00Z,28.9,80,25.1,1008.3,1.34,4.02,112,0.0,0.0,0,0.0
2026-07-23T19:50:00Z,28.8,81,25.2,1008.2,0.89,3.13,112,0.0,0.0,0,0.0
2026-07-23T20:00:00Z,28.7,80,24.9,1008.0,1.34,5.81,112,0.0,0.0,0,0.0
2026-07-23T20:10:00Z,28.8,80,25.0,1007.9,1.79,6.26,90,0.0,0.0,0,0.0
2026-07-23T20:20:00Z,28.8,80,25.0,1008.0,2.24,7.15,90,0.0,0.0,0,0.0
2026-07-23T20:30:00Z,28.9,80,25.1,1008.0,2.24,7.15,67,0.0,0.0,0,0.0
2026-07-23T20:40:00Z,28.9,79,24.9,1008.1,2.24,5.36,135,0.0,0.0,0,0.0
2026-07-23T20:50:00Z,28.9,80,25.1,1008.1,2.24,5.36,112,0.0,0.0,0,0.0
2026-07-23T21:00:00Z,28.9,79,24.9,1008.2,2.24,5.81,90,0.0,0.0,0,0.0
2026-07-23T21:10:00Z,28.9,79,24.9,1008.1,2.68,5.81,67,0.0,0.0,0,0.0
2026-07-23T21:20:00Z,28.9,79,24.9,1008.4,2.68,6.26,67,0.0,0.0,0,0.0
2026-07-23T21:30:00Z,29.0,79,25.0,1008.5,1.79,5.81,135,0.0,0.0,0,0.0
2026-07-23T21:40:00Z,28.9,79,24.9,1008.6,1.34,4.92,90,0.0,0.0,3,0.0
2026-07-23T21:50:00Z,28.9,79,24.9,1008.7,2.24,5.36,67,0.0,0.0,13,0.0
2026-07-23T22:00:00Z,29.0,79,25.0,1008.7,1.79,5.36,135,0.0,0.0,34,0.0
2026-07-23T22:10:00Z,29.1,79,25.1,1009.0,2.24,5.36,112,0.0,0.0,44,0.0
2026-07-23T22:20:00Z,29.1,79,25.1,1009.2,1.34,4.92,90,0.0,0.0,39,0.0
2026-07-23T22:30:00Z,28.9,79,24.9,1009.3,1.34,3.58,135,0.0,0.0,44,0.0
2026-07-23T22:40:00Z,28.9,79,24.9,1009.3,0.89,4.02,112,0.0,0.0,48,0.0
2026-07-23T22:50:00Z,29.0,79,25.0,1009.4,1.79,5.36,90,0.0,0.0,53,0.0
2026-07-23T23:00:00Z,29.2,78,25.0,1009.4,1.79,5.36,135,0.0,0.0,74,0.0
2026-07-23T23:10:00Z,29.5,77,25.0,1009.4,1.79,4.92,157,0.0,0.0,119,0.4
2026-07-23T23:20:00Z,29.9,77,25.4,1009.3,1.34,4.47,180,0.0,0.0,153,0.8
2026-07-23T23:30:00Z,29.9,76,25.2,1009.4,1.34,3.58,90,0.0,0.0,136,0.9
2026-07-23T23:40:00Z,29.9,77,25.4,1009.6,1.79,4.02,112,0.0,0.0,158,1.2
2026-07-23T23:50:00Z,30.2,75,25.3,1009.8,2.24,5.36,112,0.0,0.0,209,1.4
2026-07-24T00:00:00Z,30.1,75,25.2,1009.6,1.34,4.02,135,0.0,0.0,168,1.1
2026-07-24T00:10:00Z,30.1,75,25.2,1009.7,1.34,4.47,135,0.0,0.0,130,1.0
2026-07-24T00:20:00Z,30.0,74,24.9,1009.3,1.34,5.36,202,0.0,0.0,133,1.0
2026-07-24T00:30:00Z,30.2,73,24.8,1009.7,1.79,4.47,135,0.0,0.0,163,1.3
2026-07-24T00:40:00Z,30.3,74,25.1,1009.7,0.89,3.13,112,0.0,0.0,179,1.6
2026-07-24T00:50:00Z,30.4,74,25.2,1009.7,1.34,6.26,112,0.0,0.0,254,2.3
2026-07-24T01:00:00Z,30.5,73,25.1,1009.4,1.79,7.15,112,0.0,0.0,250,2.5
2026-07-24T01:10:00Z,30.6,72,25.0,1009.4,1.34,3.58,67,0.0,0.0,242,2.3
2026-07-24T01:20:00Z,30.7,73,25.3,1009.4,0.89,3.58,112,0.0,0.0,205,2.2
2026-07-24T01:30:00Z,30.6,74,25.4,1009.3,1.79,4.47,135,0.0,0.0,179,2.0
2026-07-24T01:40:00Z,30.3,74,25.1,1009.2,1.79,4.92,90,0.0,0.0,230,2.5
2026-07-24T01:50:00Z,29.9,77,25.4,1009.5,1.34,3.58,112,0.0,0.0,177,2.1
2026-07-24T02:00:00Z,29.3,79,25.3,1009.6,1.34,3.58,90,0.0,0.0,98,1.3
2026-07-24T02:10:00Z,28.6,79,24.6,1009.5,1.34,5.36,112,0.0,0.0,56,0.5
2026-07-24T02:20:00Z,28.4,80,24.6,1009.0,0.89,3.13,112,0.0,0.0,37,0.0
2026-07-24T02:30:00Z,28.3,80,24.5,1008.7,1.34,3.58,112,0.0,0.0,30,0.0
2026-07-24T02:40:00Z,28.3,81,24.7,1008.9,0.89,4.02,112,0.0,0.0,29,0.0
2026-07-24T02:50:00Z,28.3,81,24.7,1008.6,1.34,4.92,67,0.0,0.0,33,0.0
2026-07-24T03:00:00Z,28.4,80,24.6,1008.7,1.79,4.47,90,0.0,0.0,30,0.0
2026-07-24T03:10:00Z,28.3,81,24.7,1009.0,1.79,5.36,112,0.0,0.0,34,0.0
2026-07-24T03:20:00Z,27.9,83,24.7,1008.9,1.34,4.47,112,0.0,0.0,43,0.0
2026-07-24T03:30:00Z,27.8,84,24.8,1008.8,1.34,4.92,157,0.0,0.0,45,0.0
2026-07-24T03:40:00Z,27.8,85,25.0,1008.9,0.89,3.58,135,0.0,0.0,49,0.1
2026-07-24T03:50:00Z,27.8,85,25.0,1008.9,1.79,4.47,90,0.0,0.0,53,0.4
2026-07-24T04:00:00Z,27.8,85,25.0,1008.5,2.24,6.26,135,0.2,0.0,85,1.3
2026-07-24T04:10:00Z,27.8,85,25.0,1008.1,1.79,4.47,135,0.2,0.0,117,1.7
2026-07-24T04:20:00Z,28.1,83,24.9,1008.2,1.79,5.81,135,0.2,0.0,163,2.3
2026-07-24T04:30:00Z,28.4,83,25.2,1008.0,1.79,4.92,157,0.2,0.0,224,3.0
2026-07-24T04:40:00Z,28.6,84,25.6,1007.9,1.79,4.47,90,0.2,0.0,206,2.8
2026-07-24T04:50:00Z,28.7,84,25.7,1007.7,1.34,4.02,135,0.2,0.0,222,3.0
2026-07-24T05:00:00Z,28.9,84,25.9,1007.2,1.79,3.58,135,0.2,0.0,233,3.1
2026-07-24T05:10:00Z,28.9,84,25.9,1007.7,1.79,3.58,112,0.2,0.0,149,2.2
2026-07-24T05:20:00Z,27.4,85,24.7,1007.6,3.58,8.94,112,4.0,113.0,74,1.1
2026-07-24T05:30:00Z,27.1,88,24.9,1007.3,2.24,7.6,135,4.0,0.8,153,3.0
2026-07-24T05:40:00Z,27.3,88,25.1,1007.8,1.79,5.36,112,4.0,0.0,108,2.0
2026-07-24T05:50:00Z,27.7,88,25.5,1008.1,2.24,6.26,157,4.0,0.0,79,1.5
2026-07-24T06:00:00Z,27.8,87,25.4,1007.4,3.13,7.15,135,4.0,0.0,59,0.8
2026-07-24T06:10:00Z,28.0,86,25.4,1007.5,2.68,6.71,112,4.0,0.0,32,0.0
2026-07-24T06:20:00Z,28.2,85,25.4,1007.2,1.79,5.36,90,4.0,0.0,17,0.0
2026-07-24T06:30:00Z,28.1,85,25.3,1007.2,1.79,4.92,90,4.0,0.0,10,0.0
2026-07-24T06:40:00Z,28.1,85,25.3,1006.9,1.79,4.47,157,4.4,7.6,13,0.0
2026-07-24T06:50:00Z,27.9,86,25.3,1007.1,2.24,6.26,112,4.4,1.0,9,0.0
2026-07-24T07:00:00Z,27.8,86,25.2,1007.2,1.34,5.81,112,4.4,0.0,7,0.0
2026-07-24T07:10:00Z,27.8,86,25.2,1007.8,2.24,7.15,157,4.4,0.0,9,0.0
2026-07-24T07:20:00Z,27.5,87,25.1,1007.4,2.24,7.6,112,4.6,0.0,10,0.0
2026-07-24T07:30:00Z,27.3,87,24.9,1007.4,1.79,4.47,135,4.8,1.0,23,0.0
2026-07-24T07:40:00Z,27.1,88,24.9,1007.3,1.79,6.26,135,5.8,7.2,23,0.0
2026-07-24T07:50:00Z,26.9,89,24.9,1007.1,1.34,5.81,45,5.8,1.2,37,0.0
2026-07-24T08:00:00Z,26.7,89,24.7,1007.0,0.89,3.58,90,6.4,5.4,24,0.0
2026-07-24T08:10:00Z,26.7,89,24.7,1006.7,0.45,2.68,67,6.6,2.2,11,0.0
2026-07-24T08:20:00Z,26.8,89,24.8,1006.7,0.89,3.58,135,6.8,1.2,23,0.0
2026-07-24T08:30:00Z,26.9,90,25.1,1006.8,0.89,4.02,135,6.8,0.0,34,0.0
2026-07-24T08:40:00Z,26.9,89,24.9,1006.6,1.79,5.36,157,7.0,0.0,24,0.0
2026-07-24T08:50:00Z,27.1,89,25.1,1006.9,1.34,4.47,67,7.8,11.8,7,0.0
2026-07-24T09:00:00Z,26.8,89,24.8,1007.1,1.79,5.36,67,9.2,22.2,0,0.0
2026-07-24T09:10:00Z,26.7,89,24.7,1007.8,2.24,5.36,112,12.6,56.4,0,0.0
2026-07-24T09:20:00Z,26.3,90,24.5,1007.5,1.79,5.36,112,16.0,69.0,3,0.0
2026-07-24T09:30:00Z,26.1,90,24.3,1007.5,2.68,7.6,157,18.0,31.6,12,0.0
2026-07-24T09:40:00Z,25.9,90,24.1,1007.5,2.68,5.81,135,20.4,76.8,2,0.0
2026-07-24T09:50:00Z,26.0,91,24.4,1007.2,2.24,7.15,112,20.4,1.2,7,0.0
2026-07-24T10:00:00Z,26.0,90,24.2,1007.1,4.02,8.49,112,20.4,0.0,11,0.0
2026-07-24T10:10:00Z,26.1,90,24.3,1007.1,3.13,8.05,112,20.4,0.0,7,0.0
2026-07-24T10:20:00Z,26.1,89,24.1,1007.1,3.13,7.15,112,20.4,0.0,2,0.0
2026-07-24T10:30:00Z,26.1,89,24.1,1007.0,2.68,7.15,112,20.6,0.0,0,0.0
2026-07-24T10:40:00Z,26.1,89,24.1,1007.2,2.68,5.81,112,21.0,1.8,0,0.0
2026-07-24T10:50:00Z,25.9,90,24.1,1007.3,2.68,8.05,67,21.0,1.0,0,0.0
2026-07-24T11:00:00Z,25.8,90,24.0,1007.5,2.24,6.71,67,21.0,0.0,0,0.0
2026-07-24T11:10:00Z,25.7,90,23.9,1007.7,2.68,6.71,90,21.0,0.0,0,0.0
2026-07-24T11:20:00Z,25.7,90,23.9,1007.6,2.24,6.71,67,21.2,0.0,0,0.0
2026-07-24T11:30:00Z,25.8,90,24.0,1007.9,2.24,6.26,67,21.2,0.0,0,0.0
2026-07-24T11:40:00Z,26.1,91,24.5,1007.8,2.68,8.49,112,21.2,0.0,0,0.0
2026-07-24T11:50:00Z,26.3,90,24.5,1007.9,2.68,7.6,135,21.2,0.0,0,0.0
2026-07-24T12:00:00Z,26.3,90,24.5,1007.8,3.13,8.49,135,21.2,0.0,0,0.0
2026-07-24T12:10:00Z,26.2,89,24.2,1007.7,2.68,6.26,112,21.2,0.0,0,0.0
2026-07-24T12:20:00Z,26.2,89,24.2,1007.7,2.68,8.05,45,21.2,0.0,0,0.0
2026-07-24T12:30:00Z,26.3,88,24.2,1007.8,3.58,9.39,90,21.2,0.0,0,0.0
2026-07-24T12:40:00Z,26.6,87,24.3,1007.7,2.68,7.15,67,21.2,0.0,0,0.0
2026-07-24T12:50:00Z,26.8,87,24.5,1007.8,3.58,10.28,112,21.2,0.0,0,0.0
2026-07-24T13:00:00Z,27.1,87,24.7,1007.7,3.58,8.94,112,21.2,0.0,0,0.0
2026-07-24T13:10:00Z,27.3,86,24.7,1007.6,4.47,10.28,135,21.2,0.0,0,0.0
2026-07-24T13:20:00Z,27.4,86,24.8,1007.9,4.02,8.94,157,21.2,0.0,0,0.0
2026-07-24T13:30:00Z,27.6,86,25.0,1008.2,4.02,9.83,67,21.2,0.0,0,0.0
2026-07-24T13:40:00Z,27.8,85,25.0,1007.7,4.02,8.94,45,21.2,0.0,0,0.0
2026-07-24T13:50:00Z,28.0,85,25.2,1007.8,4.02,8.94,67,21.2,0.0,0,0.0
2026-07-24T14:00:00Z,28.0,84,25.0,1007.8,4.02,9.83,90,21.2,0.0,0,0.0
2026-07-24T14:10:00Z,28.2,84,25.2,1007.7,4.47,11.62,135,21.2,0.0,0,0.0
2026-07-24T14:20:00Z,28.1,84,25.1,1007.6,4.02,10.73,67,21.2,0.0,0,0.0
2026-07-24T14:30:00Z,28.1,84,25.1,1007.5,4.02,11.18,135,21.2,0.0,0,0.0
2026-07-24T14:40:00Z,28.2,83,25.0,1007.2,4.47,11.62,112,21.2,0.0,0,0.0
2026-07-24T14:50:00Z,28.3,83,25.1,1007.0,4.47,12.07,135,21.2,0.0,0,0.0
2026-07-24T15:00:00Z,28.4,82,25.0,1006.9,4.47,12.96,112,21.2,0.0,0,0.0
2026-07-24T15:10:00Z,28.7,82,25.3,1006.6,4.92,12.07,67,21.2,0.0,0,0.0
2026-07-24T15:20:00Z,28.6,83,25.4,1006.6,4.47,9.39,157,21.2,0.0,0,0.0
2026-07-24T15:30:00Z,28.4,83,25.2,1006.3,4.02,10.73,157,21.2,0.0,0,0.0
2026-07-24T15:40:00Z,28.4,83,25.2,1006.4,4.92,11.18,67,21.2,0.0,0,0.0
2026-07-24T15:50:00Z,28.4,83,25.2,1006.8,4.92,11.62,45,21.2,0.0,0,0.0
2026-07-24T16:00:00Z,28.6,83,25.4,1006.4,4.92,11.62,67,0.0,0.0,0,0.0
2026-07-24T16:10:00Z,28.4,83,25.2,1006.3,4.02,11.18,112,0.0,0.0,0,0.0
2026-07-24T16:20:00Z,28.3,84,25.3,1006.0,4.47,10.73,67,0.0,0.0,0,0.0
2026-07-24T16:30:00Z,27.9,85,25.1,1005.6,4.02,9.39,112,0.2,0.0,0,0.0
2026-07-24T16:40:00Z,27.1,87,24.7,1005.3,4.02,10.28,67,3.0,65.0,0,0.0
2026-07-24T16:50:00Z,26.8,88,24.6,1005.9,5.36,12.07,67,3.0,1.0,0,0.0
2026-07-24T17:00:00Z,26.8,89,24.8,1005.7,4.47,11.18,135,3.2,1.0,0,0.0
2026-07-24T17:10:00Z,26.9,89,24.9,1005.9,4.47,11.62,135,3.2,0.0,0,0.0
2026-07-24T17:20:00Z,27.0,88,24.8,1005.7,4.47,14.31,67,3.2,0.0,0,0.0
2026-07-24T17:30:00Z,27.2,88,25.0,1005.9,3.58,8.49,135,3.2,0.0,0,0.0
2026-07-24T17:40:00Z,27.2,88,25.0,1006.2,3.13,8.49,112,3.6,8.0,0,0.0
2026-07-24T17:50:00Z,27.0,89,25.0,1005.9,4.02,10.73,135,4.0,8.2,0,0.0
2026-07-24T18:00:00Z,26.9,90,25.1,1006.4,3.13,9.83,157,7.4,78.4,0,0.0
2026-07-24T18:10:00Z,26.7,90,24.9,1006.4,3.58,9.39,157,13.2,73.4,0,0.0
2026-07-24T18:20:00Z,26.6,91,25.0,1006.5,2.68,7.6,157,19.8,95.2,0,0.0
2026-07-24T18:30:00Z,26.4,91,24.8,1006.7,3.58,12.96,157,20.0,6.2,0,0.0
2026-07-24T18:40:00Z,26.3,90,24.5,1007.0,3.13,8.94,157,20.2,1.4,0,0.0
2026-07-24T18:50:00Z,25.8,90,24.0,1007.2,2.24,7.15,157,25.4,85.4,0,0.0
2026-07-24T19:00:00Z,26.1,91,24.5,1006.6,2.68,8.94,157,25.6,15.6,0,0.0
2026-07-24T19:10:00Z,26.7,91,25.1,1006.7,3.13,6.26,157,28.0,63.0,0,0.0
2026-07-24T19:20:00Z,26.7,91,25.1,1006.5,2.24,6.71,135,30.0,62.0,0,0.0
2026-07-24T19:30:00Z,26.7,91,25.1,1006.6,3.13,8.05,157,34.2,192.0,0,0.0
2026-07-24T19:40:00Z,27.1,91,25.5,1006.9,3.13,8.94,157,36.0,54.4,0,0.0
2026-07-24T19:50:00Z,27.1,91,25.5,1006.4,3.13,8.94,157,36.2,6.2,0,0.0
2026-07-24T20:00:00Z,27.2,90,25.4,1006.8,2.68,8.49,157,36.8,18.2,0,0.0
2026-07-24T20:10:00Z,27.2,90,25.4,1006.9,2.24,6.26,157,37.4,15.6,0,0.0
2026-07-24T20:20:00Z,27.2,90,25.4,1006.9,2.24,8.49,157,38.2,56.0,0,0.0
2026-07-24T20:30:00Z,27.3,90,25.5,1006.4,1.79,6.71,157,38.4,3.6,0,0.0
2026-07-24T20:40:00Z,27.3,90,25.5,1006.7,2.24,11.62,157,38.4,0.0,0,0.0
2026-07-24T20:50:00Z,27.4,90,25.6,1006.5,2.24,8.94,157,38.4,0.0,0,0.0
2026-07-24T21:00:00Z,27.6,90,25.8,1006.4,2.24,7.6,157,38.4,0.0,0,0.0
2026-07-24T21:10:00Z,27.8,89,25.8,1006.4,2.24,7.6,135,38.4,0.0,0,0.0
2026-07-24T21:20:00Z,27.9,88,25.7,1006.5,2.24,8.05,157,38.4,0.0,0,0.0
2026-07-24T21:30:00Z,28.1,88,25.9,1006.9,2.68,7.15,157,38.4,0.0,0,0.0
2026-07-24T21:40:00Z,28.3,87,25.9,1007.2,2.68,8.49,157,38.4,0.0,7,0.0
2026-07-24T21:50:00Z,28.3,87,25.9,1007.2,1.79,6.71,157,38.4,0.0,11,0.0
2026-07-24T22:00:00Z,28.2,87,25.8,1007.7,2.24,6.26,157,39.0,12.8,12,0.0
2026-07-24T22:10:00Z,28.0,88,25.8,1007.6,3.13,9.83,157,39.0,0.8,38,0.0
2026-07-24T22:20:00Z,28.0,88,25.8,1007.6,2.68,8.49,157,39.0,0.0,49,0.0
2026-07-24T22:30:00Z,27.8,88,25.6,1007.5,2.68,9.83,157,40.6,71.6,44,0.0
2026-07-24T22:40:00Z,27.8,89,25.8,1007.7,2.24,7.6,157,40.8,1.6,45,0.0
2026-07-24T22:50:00Z,28.0,89,26.0,1007.7,3.13,7.6,157,40.8,0.0,73,0.0
2026-07-24T23:00:00Z,28.1,89,26.1,1007.7,2.68,7.15,157,40.8,0.0,71,0.0
2026-07-24T23:10:00Z,28.2,88,26.0,1007.8,2.24,10.73,135,40.8,0.0,70,0.1
2026-07-24T23:20:00Z,28.4,88,26.2,1008.0,2.68,8.05,157,40.8,0.0,106,0.6
2026-07-24T23:30:00Z,28.6,87,26.2,1008.1,2.68,6.71,157,40.8,0.0,93,0.6
2026-07-24T23:40:00Z,28.7,86,26.1,1008.2,3.13,10.73,157,40.8,0.0,111,0.8
2026-07-24T23:50:00Z,28.9,86,26.3,1008.4,3.13,7.15,157,40.8,0.0,124,0.8
2026-07-25T00:00:00Z,28.9,86,26.3,1008.5,3.13,8.49,157,40.8,0.0,155,1.3
2026-07-25T00:10:00Z,29.3,83,26.1,1008.3,3.58,12.07,157,40.8,0.0,181,1.7
2026-07-25T00:20:00Z,29.5,84,26.5,1008.3,3.58,8.94,157,40.8,0.0,146,1.9
2026-07-25T00:30:00Z,29.3,84,26.3,1008.8,2.68,7.15,157,40.8,0.0,125,1.3
2026-07-25T00:40:00Z,29.3,83,26.1,1009.4,3.13,8.05,157,40.8,0.0,191,1.8
2026-07-25T00:50:00Z,29.6,83,26.4,1009.3,3.13,7.15,157,40.8,0.0,179,1.6
2026-07-25T01:00:00Z,29.6,84,26.6,1009.0,2.24,6.26,135,40.8,0.0,203,2.2
2026-07-25T01:10:00Z,29.7,85,26.9,1008.8,3.13,8.49,157,40.8,0.0,213,2.3
2026-07-25T01:20:00Z,30.2,84,27.2,1009.0,3.13,8.05,157,40.8,0.0,313,4.2
2026-07-25T01:30:00Z,30.3,82,26.9,1008.8,3.13,9.39,157,40.8,0.0,293,3.5
2026-07-25T01:40:00Z,30.4,82,27.0,1009.2,3.13,8.94,157,40.8,0.0,278,3.6
2026-07-25T01:50:00Z,30.1,82,26.7,1009.2,2.68,6.26,157,40.8,0.0,228,2.6
2026-07-25T02:00:00Z,29.7,83,26.5,1009.3,1.79,5.81,157,40.8,0.0,193,2.3
2026-07-25T02:10:00Z,29.4,85,26.6,1009.3,2.68,7.15,157,41.0,0.0,205,2.5
2026-07-25T02:20:00Z,29.1,86,26.5,1009.2,2.24,6.26,157,41.0,0.0,253,3.3
2026-07-25T02:30:00Z,28.8,87,26.4,1009.7,2.24,5.81,157,41.2,0.0,65,0.7
2026-07-25T02:40:00Z,27.7,85,24.9,1009.8,1.34,4.02,135,43.2,102.0,26,0.0
2026-07-25T02:50:00Z,27.3,88,25.1,1009.8,1.79,7.15,135,44.6,31.8,142,1.9
2026-07-25T03:00:00Z,27.4,89,25.4,1009.8,2.24,8.94,157,44.6,0.8,175,2.3
2026-07-25T03:10:00Z,27.6,89,25.6,1009.9,1.79,5.81,157,45.2,15.4,168,2.3
2026-07-25T03:20:00Z,27.9,89,25.9,1009.5,2.68,7.6,157,45.2,0.8,286,3.8
2026-07-25T03:30:00Z,28.4,88,26.2,1009.7,2.68,7.6,157,45.2,0.0,204,2.7
2026-07-25T03:40:00Z,28.4,86,25.8,1009.9,2.24,6.26,157,45.2,0.0,237,3.2
2026-07-25T03:50:00Z,28.8,86,26.2,1009.7,1.79,4.47,157,45.2,0.0,282,3.8
2026-07-25T04:00:00Z,29.1,85,26.3,1009.9,1.79,4.92,157,45.2,0.0,275,3.5
2026-07-25T04:10:00Z,28.8,83,25.6,1010.2,2.24,4.92,157,45.2,0.0,233,2.9
2026-07-25T04:20:00Z,28.6,84,25.6,1010.2,0.89,4.92,157,45.2,0.0,120,1.6
2026-07-25T04:30:00Z,28.3,85,25.5,1010.4,0.45,3.58,135,45.2,0.0,77,0.9
2026-07-25T04:40:00Z,27.8,86,25.2,1010.4,1.34,4.92,157,45.2,0.0,44,0.1
2026-07-25T04:50:00Z,27.7,86,25.1,1010.2,1.34,4.92,157,45.2,0.0,71,0.8
2026-07-25T05:00:00Z,27.7,87,25.3,1010.4,0.89,2.68,157,45.2,0.0,92,1.2
2026-07-25T05:10:00Z,27.7,87,25.3,1010.6,0.45,1.79,157,45.2,0.0,121,1.5
2026-07-25T05:20:00Z,27.7,88,25.5,1010.7,0.45,1.79,135,45.4,0.0,82,1.1
2026-07-25T05:30:00Z,27.3,88,25.1,1010.4,0.89,3.58,157,45.8,3.0,59,0.8
2026-07-25T05:40:00Z,26.8,88,24.6,1010.2,0.89,2.68,157,46.0,3.0,54,0.2
2026-07-25T05:50:00Z,26.7,89,24.7,1010.0,0.89,4.47,45,46.2,1.4,80,1.1
2026-07-25T06:00:00Z,26.7,89,24.7,1009.8,0.89,3.58,135,46.2,0.0,116,1.5
2026-07-25T06:10:00Z,26.6,89,24.6,1009.6,0.89,3.58,135,46.2,0.0,156,1.9
2026-07-25T06:20:00Z,26.7,89,24.7,1009.4,0.89,3.13,157,46.2,0.0,210,2.5
2026-07-25T06:30:00Z,26.9,90,25.1,1009.5,0.89,3.13,157,46.2,0.0,200,2.3
2026-07-25T06:40:00Z,27.0,90,25.2,1009.7,0.89,2.68,157,46.2,0.0,140,1.6
2026-07-25T06:50:00Z,27.1,89,25.1,1009.7,0.89,3.13,157,46.2,0.0,117,1.4
2026-07-25T07:00:00Z,27.1,89,25.1,1009.8,0.45,2.24,135,46.2,0.0,147,1.6
2026-07-25T07:10:00Z,27.3,89,25.3,1009.6,0.89,4.47,67,46.2,0.0,189,1.9
2026-07-25T07:20:00Z,27.3,88,25.1,1009.4,1.34,5.36,157,46.2,0.0,220,2.0
2026-07-25T07:30:00Z,27.6,88,25.4,1009.4,1.34,3.58,157,46.2,0.0,248,2.1
2026-07-25T07:40:00Z,27.8,87,25.4,1009.6,1.34,4.47,135,46.2,0.0,244,1.9
2026-07-25T07:50:00Z,28.1,87,25.7,1009.6,0.89,4.92,157,46.2,0.0,245,1.8
2026-07-25T08:00:00Z,28.2,86,25.6,1009.4,0.89,4.47,157,46.2,0.0,226,1.6
2026-07-25T08:10:00Z,28.1,86,25.5,1009.3,1.34,4.47,112,46.2,0.0,221,1.4
2026-07-25T08:20:00Z,28.2,86,25.6,1009.5,1.34,6.26,157,46.2,0.0,213,1.3
2026-07-25T08:30:00Z,28.1,85,25.3,1009.8,1.34,4.92,112,46.2,0.0,187,1.0
2026-07-25T08:40:00Z,28.1,85,25.3,1009.9,1.34,4.02,135,46.2,0.0,171,0.9
2026-07-25T08:50:00Z,27.9,85,25.1,1009.8,1.34,4.02,157,46.2,0.0,125,0.6
2026-07-25T09:00:00Z,27.8,85,25.0,1009.8,1.34,4.02,157,46.2,0.0,91,0.1
2026-07-25T09:10:00Z,27.7,85,24.9,1009.8,1.34,4.47,157,46.2,0.0,88,0.0
2026-07-25T09:20:00Z,27.6,85,24.8,1009.9,1.79,5.36,90,46.2,0.0,76,0.0
2026-07-25T09:30:00Z,27.5,85,24.7,1010.1,1.34,4.47,135,46.2,0.0,63,0.0
2026-07-25T09:40:00Z,27.3,85,24.6,1010.1,1.34,5.36,67,46.2,0.0,38,0.0
2026-07-25T09:50:00Z,27.2,86,24.7,1010.5,1.34,4.47,45,46.2,0.0,24,0.0
2026-07-25T10:00:00Z,27.1,86,24.6,1010.6,1.34,4.02,67,46.2,0.0,20,0.0
2026-07-25T10:10:00Z,27.0,86,24.5,1010.6,0.89,3.58,112,46.2,0.0,18,0.0
2026-07-25T10:20:00Z,26.9,86,24.4,1010.5,0.89,2.24,157,46.2,0.0,12,0.0
2026-07-25T10:30:00Z,26.9,86,24.4,1010.7,0.89,4.47,90,46.2,0.0,6,0.0
2026-07-25T10:40:00Z,26.7,87,24.4,1010.8,1.34,3.58,112,46.2,0.0,0,0.0
2026-07-25T10:50:00Z,26.6,87,24.3,1010.8,1.79,4.92,112,46.2,0.0,0,0.0
2026-07-25T11:00:00Z,26.6,87,24.3,1011.2,1.79,6.26,112,46.2,0.0,0,0.0
2026-07-25T11:10:00Z,26.7,87,24.4,1011.5,1.34,4.02,157,46.2,0.0,0,0.0
2026-07-25T11:20:00Z,26.6,87,24.3,1011.5,1.34,5.36,157,46.2,0.0,0,0.0
2026-07-25T11:30:00Z,26.7,87,24.4,1011.6,0.89,2.68,157,46.2,0.0,0,0.0
2026-07-25T11:40:00Z,26.7,86,24.2,1011.7,1.34,4.02,157,46.2,0.0,0,0.0
2026-07-25T11:50:00Z,26.7,86,24.2,1011.7,1.34,3.58,135,46.2,0.0,0,0.0
2026-07-25T12:00:00Z,26.7,86,24.2,1011.8,1.34,4.47,157,46.2,0.0,0,0.0
2026-07-25T12:10:00Z,26.8,86,24.3,1011.7,1.79,4.92,112,46.2,0.0,0,0.0
2026-07-25T12:20:00Z,26.8,86,24.3,1011.6,1.79,7.15,90,46.2,0.0,0,0.0
2026-07-25T12:30:00Z,26.6,87,24.3,1011.6,1.34,3.58,157,46.4,0.0,0,0.0
2026-07-25T12:40:00Z,26.3,88,24.2,1011.7,1.34,3.13,135,46.8,2.8,0,0.0
2026-07-25T12:50:00Z,26.1,88,24.0,1011.8,1.79,4.92,157,47.2,2.8,0,0.0
2026-07-25T13:00:00Z,25.8,89,23.8,1012.0,1.34,4.02,157,47.6,2.6,0,0.0
2026-07-25T13:10:00Z,25.7,90,23.9,1012.1,0.89,3.13,90,48.4,7.0,0,0.0
2026-07-25T13:20:00Z,25.5,90,23.7,1012.0,1.34,4.47,90,48.6,5.4,0,0.0
2026-07-25T13:30:00Z,25.4,90,23.6,1012.1,1.34,4.92,135,48.8,1.8,0,0.0
2026-07-25T13:40:00Z,25.4,91,23.8,1012.2,1.79,5.81,135,48.8,0.8,0,0.0
2026-07-25T13:50:00Z,25.3,91,23.7,1012.4,1.79,4.47,112,48.8,0.0,0,0.0
2026-07-25T14:00:00Z,25.3,91,23.7,1012.4,2.24,5.81,180,48.8,0.0,0,0.0
2026-07-25T14:10:00Z,25.3,91,23.7,1012.4,2.24,6.26,157,48.8,0.0,0,0.0
2026-07-25T14:20:00Z,25.4,90,23.6,1012.4,1.79,5.81,112,48.8,0.0,0,0.0
2026-07-25T14:30:00Z,25.4,90,23.6,1012.2,2.68,7.15,135,48.8,0.0,0,0.0
2026-07-25T14:40:00Z,25.5,89,23.6,1012.1,2.24,6.26,157,48.8,0.0,0,0.0
2026-07-25T14:50:00Z,25.7,88,23.6,1012.0,2.24,5.36,90,48.8,0.0,0,0.0
2026-07-25T15:00:00Z,25.7,88,23.6,1011.8,1.79,5.81,157,48.8,0.0,0,0.0
2026-07-25T15:10:00Z,25.8,87,23.5,1011.7,2.24,5.81,67,48.8,0.0,0,0.0
2026-07-25T15:20:00Z,25.8,87,23.5,1011.8,1.79,5.36,90,48.8,0.0,0,0.0
2026-07-25T15:30:00Z,25.8,87,23.5,1011.6,1.79,4.92,135,48.8,0.0,0,0.0
2026-07-25T15:40:00Z,25.9,87,23.6,1011.3,2.24,7.6,135,48.8,0.0,0,0.0
2026-07-25T15:50:00Z,26.2,86,23.7,1011.3,2.24,6.26,157,48.8,0.0,0,0.0
2026-07-25T16:00:00Z,26.3,86,23.8,1011.4,2.24,7.15,157,0.0,0.0,0,0.0
2026-07-25T16:10:00Z,26.3,86,23.8,1011.3,2.68,5.81,112,0.0,0.0,0,0.0
2026-07-25T16:20:00Z,26.3,87,24.0,1011.1,2.24,5.36,112,0.0,0.0,0,0.0
2026-07-25T16:30:00Z,26.2,87,23.9,1011.1,2.24,5.81,112,0.0,0.0,0,0.0
2026-07-25T16:40:00Z,26.2,87,23.9,1010.9,2.24,7.6,135,0.0,0.0,0,0.0
2026-07-25T16:50:00Z,26.2,87,23.9,1010.8,2.68,6.26,112,0.0,0.0,0,0.0
2026-07-25T17:00:00Z,26.3,87,24.0,1010.4,2.68,6.71,112,0.0,0.0,0,0.0
2026-07-25T17:10:00Z,26.2,87,23.9,1010.1,2.24,6.71,90,0.0,0.0,0,0.0
2026-07-25T17:20:00Z,26.2,87,23.9,1010.0,1.79,5.36,157,0.0,0.0,0,0.0
2026-07-25T17:30:00Z,26.3,87,24.0,1010.1,1.79,6.71,157,0.0,0.0,0,0.0
2026-07-25T17:40:00Z,26.3,86,23.8,1009.8,2.24,6.26,135,0.0,0.0,0,0.0
2026-07-25T17:50:00Z,26.4,86,23.9,1009.5,2.68,7.6,180,0.0,0.0,0,0.0
2026-07-25T18:00:00Z,26.3,86,23.8,1009.7,2.24,6.26,157,0.0,0.0,0,0.0
2026-07-25T18:10:00Z,26.3,86,23.8,1009.8,1.79,5.81,157,0.0,0.0,0,0.0
2026-07-25T18:20:00Z,26.3,86,23.8,1010.0,2.24,5.81,157,0.0,0.0,0,0.0
2026-07-25T18:30:00Z,26.3,86,23.8,1010.2,1.34,4.47,135,0.0,0.0,0,0.0
2026-07-25T18:40:00Z,26.3,87,24.0,1010.3,0.89,4.02,112,0.0,0.0,0,0.0
2026-07-25T18:50:00Z,26.3,87,24.0,1010.4,0.89,4.47,157,0.0,0.0,0,0.0
2026-07-25T19:00:00Z,26.3,86,23.8,1010.4,0.89,4.47,157,0.0,0.0,0,0.0
2026-07-25T19:10:00Z,26.3,85,23.6,1010.5,1.34,4.92,135,0.0,0.0,0,0.0
2026-07-25T19:20:00Z,26.4,85,23.7,1010.7,1.34,4.47,135,0.0,0.0,0,0.0
2026-07-25T19:30:00Z,26.4,85,23.7,1010.8,0.89,3.58,157,0.0,0.0,0,0.0
2026-07-25T19:40:00Z,26.4,85,23.7,1010.8,1.34,4.92,180,0.0,0.0,0,0.0
2026-07-25T19:50:00Z,26.6,85,23.9,1010.7,2.24,5.36,112,0.0,0.0,0,0.0
2026-07-25T20:00:00Z,26.7,85,24.0,1010.6,1.79,4.92,135,0.0,0.0,0,0.0
2026-07-25T20:10:00Z,26.7,85,24.0,1010.4,1.79,5.36,90,0.0,0.0,0,0.0
2026-07-25T20:20:00Z,26.7,85,24.0,1010.3,1.79,5.36,67,0.0,0.0,0,0.0
2026-07-25T20:30:00Z,26.6,85,23.9,1010.2,1.79,5.36,112,0.0,0.0,0,0.0
2026-07-25T20:40:00Z,26.6,85,23.9,1010.3,1.79,5.81,157,0.0,0.0,0,0.0
2026-07-25T20:50:00Z,26.6,85,23.9,1010.4,1.34,5.36,157,0.0,0.0,0,0.0
2026-07-25T21:00:00Z,26.6,85,23.9,1010.4,1.34,4.02,135,0.0,0.0,0,0.0
2026-07-25T21:10:00Z,26.7,84,23.8,1010.4,1.34,4.47,135,0.0,0.0,0,0.0
2026-07-25T21:20:00Z,26.7,84,23.8,1010.5,1.34,4.47,112,0.0,0.0,0,0.0
2026-07-25T21:30:00Z,26.7,84,23.8,1010.7,0.89,3.58,180,0.0,0.0,0,0.0
2026-07-25T21:40:00Z,26.7,84,23.8,1010.9,0.89,3.58,135,0.0,0.0,9,0.0
2026-07-25T21:50:00Z,26.7,84,23.8,1010.8,0.89,4.02,157,0.0,0.0,10,0.0
2026-07-25T22:00:00Z,26.8,84,23.9,1011.1,1.34,3.13,157,0.0,0.0,12,0.0
2026-07-25T22:10:00Z,26.9,84,24.0,1011.4,1.34,3.58,157,0.0,0.0,11,0.0
2026-07-25T22:20:00Z,26.8,84,23.9,1011.4,0.89,4.47,135,0.2,0.0,8,0.0
2026-07-25T22:30:00Z,26.6,86,24.1,1011.6,0.89,3.58,157,0.6,8.0,8,0.0
2026-07-25T22:40:00Z,26.2,87,23.9,1011.4,0.45,3.13,135,0.6,0.8,10,0.0
2026-07-25T22:50:00Z,26.1,88,24.0,1011.6,0.89,3.58,157,0.6,0.0,16,0.0
2026-07-25T23:00:00Z,25.8,89,23.8,1011.5,2.24,6.26,112,0.6,0.0,24,0.0
2026-07-25T23:10:00Z,25.8,89,23.8,1011.4,1.34,3.58,157,0.6,0.0,33,0.0
2026-07-25T23:20:00Z,25.8,89,23.8,1011.4,1.34,4.02,157,0.6,0.0,44,0.0
2026-07-25T23:30:00Z,25.8,90,24.0,1011.3,0.89,3.58,157,0.6,0.0,59,0.0
2026-07-25T23:40:00Z,25.9,90,24.1,1011.3,0.45,3.13,157,0.6,0.0,74,0.5
2026-07-25T23:50:00Z,26.0,90,24.2,1011.5,0.89,3.58,67,0.8,0.0,51,0.1
2026-07-26T00:00:00Z,26.1,90,24.3,1011.5,0.89,3.13,112,1.2,5.0,74,0.5
2026-07-26T00:10:00Z,26.2,91,24.6,1011.4,1.34,4.02,90,1.4,2.2,124,1.1
2026-07-26T00:20:00Z,26.3,91,24.7,1011.3,0.89,3.13,157,1.4,0.0,119,1.1
2026-07-26T00:30:00Z,26.4,91,24.8,1011.4,0.89,3.13,157,1.4,0.0,98,1.0
2026-07-26T00:40:00Z,26.3,91,24.7,1011.2,0.0,2.24,180,4.6,43.8,61,0.3
2026-07-26T00:50:00Z,26.5,92,25.1,1011.2,0.0,2.24,157,4.8,6.0,181,1.8
2026-07-26T01:00:00Z,26.8,92,25.4,1011.4,0.45,4.02,157,4.8,0.0,207,2.2
2026-07-26T01:10:00Z,26.5,91,24.9,1011.3,0.89,4.47,157,5.0,0.0,171,1.9
2026-07-26T01:20:00Z,26.4,91,24.8,1011.3,0.89,2.68,157,5.0,0.0,178,1.9
2026-07-26T01:30:00Z,26.4,91,24.8,1011.3,0.89,3.58,157,5.0,0.0,136,1.5
2026-07-26T01:40:00Z,26.6,91,25.0,1011.4,0.45,2.68,157,5.2,0.0,96,1.1
2026-07-26T01:50:00Z,26.5,91,24.9,1011.9,0.45,2.68,157,5.2,0.0,65,0.8
2026-07-26T02:00:00Z,26.4,91,24.8,1012.0,0.45,1.34,157,6.0,8.4,31,0.0
2026-07-26T02:10:00Z,25.8,90,24.0,1012.1,1.79,5.81,157,8.6,36.0,15,0.0
2026-07-26T02:20:00Z,25.6,91,24.0,1012.3,0.89,3.58,157,14.6,54.8,14,0.0
2026-07-26T02:30:00Z,25.5,91,23.9,1012.1,0.0,0.89,157,17.2,33.8,23,0.0
2026-07-26T02:40:00Z,25.4,91,23.8,1012.2,0.45,1.34,157,17.4,6.2,40,0.0
2026-07-26T02:50:00Z,25.5,92,24.1,1011.9,0.45,2.68,67,22.6,61.2,57,0.6
2026-07-26T03:00:00Z,25.5,92,24.1,1011.9,0.89,4.02,90,25.6,45.4,51,0.2
2026-07-26T03:10:00Z,25.5,92,24.1,1011.8,0.89,2.68,135,28.2,56.2,57,0.4
2026-07-26T03:20:00Z,25.7,92,24.3,1011.5,0.45,2.24,157,28.2,1.0,148,2.0
2026-07-26T03:30:00Z,26.1,93,24.9,1011.5,0.45,2.68,157,28.2,0.0,300,4.1
2026-07-26T03:40:00Z,26.5,93,25.3,1011.3,0.89,4.02,90,28.2,0.0,387,5.0
2026-07-26T03:50:00Z,26.6,92,25.2,1011.2,1.34,4.92,135,28.2,0.0,410,5.4
2026-07-26T04:00:00Z,26.8,92,25.4,1011.1,0.89,4.02,157,28.2,0.0,385,4.9
2026-07-26T04:10:00Z,26.8,92,25.4,1010.9,0.89,4.92,157,28.2,0.0,252,3.3
2026-07-26T04:20:00Z,26.8,91,25.2,1010.8,1.34,3.58,135,28.2,0.0,182,2.4
2026-07-26T04:30:00Z,26.8,90,25.0,1010.8,1.34,4.02,112,28.4,0.0,163,2.3
2026-07-26T04:40:00Z,26.9,90,25.1,1010.7,0.89,3.58,112,28.4,0.0,179,2.6
2026-07-26T04:50:00Z,26.9,90,25.1,1010.7,1.34,4.47,157,28.4,0.0,158,2.2
2026-07-26T05:00:00Z,27.1,90,25.3,1010.7,0.89,3.58,157,28.4,0.0,230,3.1
2026-07-26T05:10:00Z,27.4,89,25.4,1010.6,0.89,5.36,157,28.4,0.0,340,4.5
2026-07-26T05:20:00Z,27.8,89,25.8,1010.5,1.34,4.47,157,28.4,0.0,455,6.0
2026-07-26T05:30:00Z,28.0,88,25.8,1010.4,1.79,5.36,135,28.4,0.0,783,8.2
2026-07-26T05:40:00Z,28.6,87,26.2,1010.4,2.24,4.92,112,28.4,0.0,308,8.9
2026-07-26T05:50:00Z,28.7,86,26.1,1010.2,1.79,4.92,157,28.4,0.0,530,6.8
2026-07-26T06:00:00Z,28.8,85,26.0,1010.3,1.34,4.47,90,28.4,0.0,420,6.6
2026-07-26T06:10:00Z,29.0,84,26.0,1010.2,1.79,6.26,90,28.4,0.0,374,6.0
2026-07-26T06:20:00Z,29.4,84,26.4,1010.3,1.79,4.92,67,28.4,0.0,565,6.7
2026-07-26T06:30:00Z,29.9,83,26.7,1010.2,1.79,5.81,157,28.4,0.0,907,7.3
2026-07-26T06:40:00Z,30.0,81,26.4,1010.2,1.79,4.47,157,28.4,0.0,821,5.6
2026-07-26T06:50:00Z,30.1,80,26.3,1010.2,1.79,4.47,135,28.4,0.0,880,6.4
2026-07-26T07:00:00Z,30.4,81,26.8,1010.0,1.79,4.92,90,28.4,0.0,418,5.9
2026-07-26T07:10:00Z,30.3,80,26.5,1010.1,1.79,6.26,112,28.4,0.0,308,4.7
2026-07-26T07:20:00Z,30.1,80,26.3,1010.2,1.34,4.47,135,28.4,0.0,220,3.5
2026-07-26T07:30:00Z,30.1,81,26.5,1010.1,1.34,4.92,135,28.4,0.0,265,3.9
2026-07-26T07:40:00Z,30.1,81,26.5,1010.0,1.34,3.58,157,28.4,0.0,257,2.9
2026-07-26T07:50:00Z,29.9,81,26.3,1010.1,1.34,3.58,157,28.4,0.0,269,2.4
2026-07-26T08:00:00Z,29.7,81,26.1,1010.0,1.79,4.47,157,28.4,0.0,306,2.3
2026-07-26T08:10:00Z,29.6,81,26.0,1009.9,1.34,4.02,157,28.4,0.0,259,1.9
2026-07-26T08:20:00Z,29.4,81,25.8,1009.9,1.34,4.47,135,28.4,0.0,202,1.4
2026-07-26T08:30:00Z,29.4,82,26.0,1010.0,0.89,3.58,112,28.4,0.0,212,1.3
2026-07-26T08:40:00Z,29.3,81,25.7,1009.9,1.34,5.36,90,28.4,0.0,200,1.1
2026-07-26T08:50:00Z,29.1,82,25.7,1010.1,1.34,3.58,157,28.4,0.0,121,0.6
2026-07-26T09:00:00Z,28.8,83,25.6,1010.2,1.34,3.58,135,28.4,0.0,85,0.0
2026-07-26T09:10:00Z,28.3,83,25.1,1010.1,1.34,4.92,135,28.4,0.0,62,0.0
2026-07-26T09:20:00Z,28.2,84,25.2,1010.1,0.89,2.68,157,28.6,0.0,52,0.0
2026-07-26T09:30:00Z,27.8,85,25.0,1010.1,0.89,3.13,157,29.0,5.2,41,0.0
2026-07-26T09:40:00Z,27.3,86,24.7,1010.1,1.34,4.02,157,29.0,0.8,46,0.0
2026-07-26T09:50:00Z,27.2,87,24.8,1010.1,0.89,4.92,157,29.0,0.0,40,0.0
2026-07-26T10:00:00Z,27.2,87,24.8,1010.0,1.34,4.47,157,29.0,0.0,39,0.0
2026-07-26T10:10:00Z,27.2,87,24.8,1010.0,0.89,3.58,157,29.0,0.0,28,0.0
2026-07-26T10:20:00Z,27.1,86,24.6,1010.4,1.34,3.13,157,29.0,0.0,13,0.0
2026-07-26T10:30:00Z,27.2,86,24.7,1010.4,0.89,5.81,112,29.0,0.0,3,0.0
2026-07-26T10:40:00Z,27.2,86,24.7,1010.5,0.89,3.58,135,29.0,0.0,0,0.0
2026-07-26T10:50:00Z,27.2,86,24.7,1010.5,0.89,3.58,135,29.0,0.0,0,0.0
2026-07-26T11:00:00Z,27.2,86,24.7,1010.5,0.89,4.92,112,29.0,0.0,0,0.0
2026-07-26T11:10:00Z,27.1,86,24.6,1010.6,0.89,3.13,90,29.0,0.0,0,0.0
2026-07-26T11:20:00Z,27.0,87,24.6,1010.7,1.34,4.92,67,29.0,0.0,0,0.0
2026-07-26T11:30:00Z,27.0,87,24.6,1010.7,1.34,4.47,67,29.0,0.0,0,0.0
2026-07-26T11:40:00Z,26.9,87,24.6,1010.6,0.89,3.13,135,29.0,0.0,0,0.0
2026-07-26T11:50:00Z,26.9,87,24.6,1010.6,1.34,3.58,157,29.0,0.0,0,0.0
2026-07-26T12:00:00Z,26.9,87,24.6,1010.5,1.34,5.81,90,29.0,0.0,0,0.0
2026-07-26T12:10:00Z,26.8,87,24.5,1010.5,0.89,4.02,112,29.0,0.0,0,0.0
2026-07-26T12:20:00Z,26.9,87,24.6,1010.5,0.89,3.58,135,29.0,0.0,0,0.0
2026-07-26T12:30:00Z,26.8,88,24.6,1010.7,1.34,4.47,135,29.0,0.0,0,0.0
2026-07-26T12:40:00Z,26.6,88,24.4,1011.0,0.89,4.92,135,29.0,0.0,0,0.0
2026-07-26T12:50:00Z,26.4,88,24.2,1011.0,1.34,4.47,112,29.0,0.0,0,0.0
2026-07-26T13:00:00Z,26.4,89,24.4,1011.1,0.45,1.79,157,29.0,0.0,0,0.0
2026-07-26T13:10:00Z,26.4,89,24.4,1011.4,0.45,4.02,157,29.2,0.0,0,0.0
2026-07-26T13:20:00Z,26.4,89,24.4,1011.2,0.45,2.24,157,29.4,7.0,0,0.0
2026-07-26T13:30:00Z,26.3,89,24.3,1011.3,0.89,2.68,67,29.4,0.0,0,0.0
2026-07-26T13:40:00Z,26.3,90,24.5,1011.4,0.45,2.68,112,29.4,0.0,0,0.0
2026-07-26T13:50:00Z,26.2,90,24.4,1011.9,1.34,4.47,90,29.4,0.0,0,0.0
2026-07-26T14:00:00Z,26.1,90,24.3,1011.9,1.34,4.92,112,29.4,0.0,0,0.0
2026-07-26T14:10:00Z,26.1,90,24.3,1012.0,0.89,3.13,135,29.8,8.8,0,0.0
2026-07-26T14:20:00Z,26.1,90,24.3,1012.1,0.45,1.79,135,30.0,3.8,0,0.0
2026-07-26T14:30:00Z,26.1,91,24.5,1012.5,0.45,1.34,135,30.0,0.0,0,0.0
2026-07-26T14:40:00Z,26.1,91,24.5,1012.5,0.45,1.79,180,31.2,57.0,0,0.0
2026-07-26T14:50:00Z,25.9,91,24.3,1012.6,0.89,4.02,135,38.0,109.8,0,0.0
2026-07-26T15:00:00Z,25.8,91,24.2,1012.2,0.45,1.79,135,39.6,89.4,0,0.0
2026-07-26T15:10:00Z,25.7,91,24.1,1012.3,0.0,1.79,112,40.2,5.4,0,0.0
2026-07-26T15:20:00Z,25.6,91,24.0,1012.1,0.0,1.34,112,40.4,3.6,0,0.0
2026-07-26T15:30:00Z,25.6,92,24.2,1012.1,0.0,0.0,,40.4,0.0,0,0.0
2026-07-26T15:40:00Z,25.6,92,24.2,1012.0,0.0,1.34,135,40.6,0.0,0,0.0
2026-07-26T15:50:00Z,25.6,92,24.2,1011.9,0.0,0.89,135,40.6,0.0,0,0.0
2026-07-26T16:00:00Z,25.6,92,24.2,1011.9,0.45,1.79,135,0.0,0.0,0,0.0
2026-07-26T16:10:00Z,25.5,92,24.1,1011.7,0.0,1.34,135,0.0,0.0,0,0.0
2026-07-26T16:20:00Z,25.4,92,24.0,1011.4,0.45,1.34,135,0.0,0.0,0,0.0
2026-07-26T16:30:00Z,25.4,92,24.0,1011.5,0.45,1.34,135,0.0,0.0,0,0.0
2026-07-26T16:40:00Z,25.3,92,23.9,1011.4,0.45,1.79,135,0.0,0.0,0,0.0
2026-07-26T16:50:00Z,25.4,92,24.0,1011.3,0.89,4.02,157,0.0,0.0,0,0.0
2026-07-26T17:00:00Z,25.4,92,24.0,1011.3,0.89,3.58,157,0.0,0.0,0,0.0
2026-07-26T17:10:00Z,25.4,92,24.0,1011.2,0.89,2.68,157,0.0,0.0,0,0.0
2026-07-26T17:20:00Z,25.6,92,24.2,1011.2,0.45,2.24,157,0.0,0.0,0,0.0
2026-07-26T17:30:00Z,25.5,92,24.1,1011.2,0.45,2.24,157,0.0,0.0,0,0.0
2026-07-26T17:40:00Z,25.5,92,24.1,1011.1,0.45,3.58,135,0.0,0.0,0,0.0
2026-07-26T17:50:00Z,25.6,91,24.0,1011.0,0.0,1.79,157,0.0,0.0,0,0.0
2026-07-26T18:00:00Z,25.5,91,23.9,1011.0,0.45,2.68,157,0.0,0.0,0,0.0
2026-07-26T18:10:00Z,25.4,91,23.8,1010.8,0.45,2.24,157,0.0,0.0,0,0.0
2026-07-26T18:20:00Z,25.4,91,23.8,1010.9,0.45,2.24,157,0.0,0.0,0,0.0
2026-07-26T18:30:00Z,25.6,91,24.0,1010.8,0.89,2.24,157,0.0,0.0,0,0.0
2026-07-26T18:40:00Z,25.6,91,24.0,1010.7,0.45,2.24,157,0.0,0.0,0,0.0
2026-07-26T18:50:00Z,25.6,91,24.0,1010.8,0.45,1.79,157,0.0,0.0,0,0.0
2026-07-26T19:00:00Z,25.6,91,24.0,1010.7,0.45,1.79,157,0.0,0.0,0,0.0
2026-07-26T19:10:00Z,25.6,90,23.8,1010.9,0.0,1.79,157,0.0,0.0,0,0.0
2026-07-26T19:20:00Z,25.5,91,23.9,1011.0,0.0,0.45,157,0.0,0.0,0,0.0
2026-07-26T19:30:00Z,25.5,91,23.9,1011.1,0.0,0.89,157,0.0,0.0,0,0.0
2026-07-26T19:40:00Z,25.5,91,23.9,1011.0,0.0,0.45,157,0.0,0.0,0,0.0
2026-07-26T19:50:00Z,25.5,91,23.9,1010.8,0.0,0.89,157,0.0,0.0,0,0.0
2026-07-26T20:00:00Z,25.5,91,23.9,1010.7,0.0,0.89,157,0.0,0.0,0,0.0
2026-07-26T20:10:00Z,25.5,91,23.9,1010.8,0.45,1.79,157,0.0,0.0,0,0.0
2026-07-26T20:20:00Z,25.5,91,23.9,1011.0,0.0,1.79,157,0.0,0.0,0,0.0
2026-07-26T20:30:00Z,25.5,91,23.9,1011.1,0.0,1.34,112,0.0,0.0,0,0.0
2026-07-26T20:40:00Z,25.6,91,24.0,1011.0,0.0,1.79,135,0.0,0.0,0,0.0
2026-07-26T20:50:00Z,25.6,91,24.0,1011.3,0.45,1.79,157,2.4,31.2,0,0.0
2026-07-26T21:00:00Z,25.4,91,23.8,1011.3,0.89,3.13,90,3.4,17.0,0,0.0
2026-07-26T21:10:00Z,25.3,91,23.7,1011.1,0.89,5.36,112,6.4,46.8,0,0.0
2026-07-26T21:20:00Z,25.2,91,23.6,1010.7,1.34,5.36,67,7.2,16.6,0,0.0
2026-07-26T21:30:00Z,25.2,92,23.8,1010.7,1.79,5.36,112,7.2,0.8,0,0.0
2026-07-26T21:40:00Z,25.2,92,23.8,1010.9,0.89,4.02,157,7.2,0.0,0,0.0
2026-07-26T21:50:00Z,25.2,92,23.8,1011.1,0.45,3.58,157,7.2,0.0,0,0.0
2026-07-26T22:00:00Z,25.2,92,23.8,1011.4,0.45,4.92,157,7.2,0.0,3,0.0
2026-07-26T22:10:00Z,25.2,92,23.8,1011.6,0.45,4.02,157,7.2,0.0,8,0.0
2026-07-26T22:20:00Z,25.3,91,23.7,1011.8,0.89,3.58,157,7.2,0.0,13,0.0
2026-07-26T22:30:00Z,25.4,91,23.8,1011.8,0.0,1.79,135,7.2,0.0,20,0.0
2026-07-26T22:40:00Z,25.4,91,23.8,1011.7,0.45,3.58,157,7.2,0.0,31,0.0
2026-07-26T22:50:00Z,25.4,91,23.8,1011.9,0.0,3.58,157,7.2,0.0,41,0.0
2026-07-26T23:00:00Z,25.6,91,24.0,1011.9,0.45,4.92,157,7.2,0.0,54,0.0
2026-07-26T23:10:00Z,25.7,91,24.1,1011.9,0.45,4.02,157,7.2,0.0,63,0.0
2026-07-26T23:20:00Z,25.7,90,23.9,1011.8,0.89,4.02,157,7.2,0.0,72,0.4
2026-07-26T23:30:00Z,25.8,90,24.0,1011.8,0.89,5.36,157,7.2,0.0,89,0.6
2026-07-26T23:40:00Z,26.0,90,24.2,1011.8,0.89,4.02,135,7.2,0.0,115,0.8
2026-07-26T23:50:00Z,26.1,90,24.3,1012.0,1.34,4.02,135,7.2,0.0,137,1.0
2026-07-27T00:00:00Z,26.3,89,24.3,1012.1,0.89,2.68,157,7.2,0.0,136,1.2
2026-07-27T00:10:00Z,26.4,89,24.4,1012.0,0.89,4.02,157,7.2,0.0,158,1.5
2026-07-27T00:20:00Z,26.7,89,24.7,1012.1,0.89,4.47,135,7.2,0.0,201,1.9
2026-07-27T00:30:00Z,27.1,88,24.9,1012.2,0.89,4.47,157,7.2,0.0,247,2.6
2026-07-27T00:40:00Z,27.8,87,25.4,1012.2,1.34,4.47,157,7.2,0.0,245,3.6
2026-07-27T00:50:00Z,28.3,85,25.5,1012.1,0.89,4.02,157,7.2,0.0,227,3.0
2026-07-27T01:00:00Z,28.3,84,25.3,1012.1,0.89,4.47,157,7.2,0.0,217,2.8
2026-07-27T01:10:00Z,28.2,84,25.2,1012.3,1.34,3.58,157,7.2,0.0,210,2.7
2026-07-27T01:20:00Z,28.1,83,24.9,1012.3,1.34,4.02,157,7.2,0.0,210,3.0
2026-07-27T01:30:00Z,28.2,83,25.0,1012.4,1.34,4.02,157,7.2,0.0,207,3.1
2026-07-27T01:40:00Z,28.3,84,25.3,1012.6,1.34,4.02,157,7.2,0.0,202,3.7
2026-07-27T01:50:00Z,28.7,83,25.5,1012.7,1.79,4.92,157,7.2,0.0,237,5.2
2026-07-27T02:00:00Z,29.3,83,26.1,1012.8,1.79,4.47,157,7.2,0.0,514,6.1
2026-07-27T02:10:00Z,29.4,80,25.6,1012.7,1.79,5.36,157,7.2,0.0,565,6.3
2026-07-27T02:20:00Z,29.9,80,26.1,1012.7,1.79,6.71,157,7.2,0.0,746,7.9
2026-07-27T02:30:00Z,30.5,80,26.7,1012.7,1.79,5.36,90,7.2,0.0,834,8.7
2026-07-27T02:40:00Z,30.8,78,26.5,1012.6,1.79,5.36,67,7.2,0.0,877,8.7
2026-07-27T02:50:00Z,30.9,78,26.6,1012.6,2.24,5.81,135,7.2,0.0,932,9.0
2026-07-27T03:00:00Z,31.2,78,26.9,1012.6,1.79,4.47,157,7.2,0.0,988,9.4
2026-07-27T03:10:00Z,31.3,78,27.0,1012.5,1.79,4.92,157,7.2,0.0,831,9.0
2026-07-27T03:20:00Z,31.4,77,26.9,1012.6,2.24,5.81,135,7.2,0.0,1012,9.8
2026-07-27T03:30:00Z,31.2,77,26.7,1012.7,2.24,5.36,157,7.2,0.0,532,6.9
2026-07-27T03:40:00Z,31.2,78,26.9,1012.6,1.79,5.36,157,7.2,0.0,684,7.9
2026-07-27T03:50:00Z,30.9,78,26.6,1012.7,1.79,6.26,67,7.2,0.0,428,5.7
2026-07-27T04:00:00Z,30.6,78,26.3,1012.7,1.79,5.81,135,7.2,0.0,355,4.9
2026-07-27T04:10:00Z,30.6,79,26.5,1012.7,1.34,4.02,67,7.2,0.0,375,5.1
2026-07-27T04:20:00Z,30.6,79,26.5,1012.9,1.34,4.92,112,7.2,0.0,417,5.9
2026-07-27T04:30:00Z,31.1,78,26.8,1012.7,1.34,4.47,157,7.2,0.0,715,9.1
2026-07-27T04:40:00Z,31.2,78,26.9,1012.6,1.34,5.36,157,7.2,0.0,427,5.9
2026-07-27T04:50:00Z,31.2,79,27.1,1012.5,0.89,4.92,157,7.2,0.0,467,6.5
2026-07-27T05:00:00Z,31.3,78,27.0,1012.4,1.79,6.26,45,7.2,0.0,838,9.2
2026-07-27T05:10:00Z,31.9,76,27.1,1012.2,1.79,4.92,157,7.2,0.0,1201,10.5
2026-07-27T05:20:00Z,32.1,76,27.3,1012.0,1.79,5.36,135,7.2,0.0,923,9.3
2026-07-27T05:30:00Z,32.1,76,27.3,1011.8,1.79,4.92,90,7.2,0.0,852,8.7
2026-07-27T05:40:00Z,32.3,76,27.5,1011.4,1.79,5.81,157,7.2,0.0,1052,9.3
2026-07-27T05:50:00Z,32.2,76,27.4,1011.4,1.79,4.47,157,7.2,0.0,913,8.5
2026-07-27T06:00:00Z,32.2,76,27.4,1011.4,1.79,4.92,157,7.2,0.0,949,8.1
2026-07-27T06:10:00Z,32.1,77,27.6,1011.3,1.34,4.92,157,7.2,0.0,962,7.8
2026-07-27T06:20:00Z,32.2,76,27.4,1011.4,1.79,4.92,157,7.2,0.0,934,7.3
2026-07-27T06:30:00Z,32.2,76,27.4,1011.4,1.79,4.02,157,7.2,0.0,884,6.7
2026-07-27T06:40:00Z,32.1,75,27.1,1011.3,2.24,6.26,157,7.2,0.0,515,5.9
2026-07-27T06:50:00Z,31.5,76,26.8,1011.4,2.24,4.92,157,7.2,0.0,357,3.9
2026-07-27T07:00:00Z,31.1,78,26.8,1011.2,1.34,4.02,157,7.2,0.0,259,3.0
2026-07-27T07:10:00Z,30.9,78,26.6,1011.2,1.34,4.47,112,7.2,0.0,283,2.8
2026-07-27T07:20:00Z,30.6,79,26.5,1011.3,1.34,3.58,157,7.2,0.0,222,2.2
2026-07-27T07:30:00Z,30.3,79,26.2,1011.4,1.34,4.47,157,7.2,0.0,203,1.8
2026-07-27T07:40:00Z,29.9,80,26.1,1011.2,1.79,5.36,157,7.2,0.0,170,1.4
2026-07-27T07:50:00Z,29.8,81,26.2,1010.9,1.34,4.92,112,7.2,0.0,132,1.1
2026-07-27T08:00:00Z,29.6,82,26.2,1011.4,0.89,4.02,135,7.2,0.0,95,0.7
2026-07-27T08:10:00Z,29.2,84,26.2,1011.5,0.89,4.02,157,9.2,36.8,55,0.2
2026-07-27T08:20:00Z,28.4,86,25.8,1011.6,0.89,4.47,135,10.2,31.4,58,0.2
2026-07-27T08:30:00Z,28.1,88,25.9,1011.3,0.45,2.24,157,10.2,0.8,71,0.5
2026-07-27T08:40:00Z,27.6,88,25.4,1011.6,1.34,4.47,157,10.2,0.0,62,0.0
2026-07-27T08:50:00Z,27.2,89,25.2,1012.2,0.89,2.68,157,10.4,0.0,50,0.0
2026-07-27T09:00:00Z,26.8,89,24.8,1011.9,0.89,3.58,157,10.4,0.0,41,0.0
2026-07-27T09:10:00Z,26.8,89,24.8,1011.9,0.89,3.13,157,10.4,0.0,40,0.0
2026-07-27T09:20:00Z,26.7,90,24.9,1011.9,0.45,2.24,157,10.4,0.0,34,0.0
2026-07-27T09:30:00Z,26.7,90,24.9,1011.9,0.89,2.68,157,10.4,0.0,31,0.0
2026-07-27T09:40:00Z,26.7,90,24.9,1011.9,1.34,3.58,157,10.4,0.0,28,0.0
2026-07-27T09:50:00Z,26.7,90,24.9,1012.0,0.89,5.36,157,10.4,0.0,23,0.0
2026-07-27T10:00:00Z,26.6,90,24.8,1011.9,1.79,5.36,90,10.4,0.0,18,0.0
2026-07-27T10:10:00Z,26.6,90,24.8,1012.0,1.34,4.02,135,10.4,0.0,12,0.0
2026-07-27T10:20:00Z,26.5,89,24.5,1012.2,1.79,4.47,135,10.4,0.0,7,0.0
2026-07-27T10:30:00Z,26.6,89,24.6,1012.3,1.34,5.36,157,10.4,0.0,0,0.0
2026-07-27T10:40:00Z,26.6,88,24.4,1012.3,1.34,4.92,157,10.4,0.0,0,0.0
2026-07-27T10:50:00Z,26.7,88,24.5,1012.4,1.79,4.02,157,10.4,0.0,0,0.0
2026-07-27T11:00:00Z,26.7,88,24.5,1012.5,0.89,2.68,157,10.4,0.0,0,0.0
2026-07-27T11:10:00Z,26.7,88,24.5,1012.5,1.34,3.58,157,10.4,0.0,0,0.0
2026-07-27T11:20:00Z,26.7,88,24.5,1012.6,1.34,3.58,157,10.4,0.0,0,0.0
2026-07-27T11:30:00Z,26.6,88,24.4,1012.7,1.34,3.13,157,10.4,0.0,0,0.0
2026-07-27T11:40:00Z,26.6,88,24.4,1012.9,1.34,3.13,157,10.4,0.0,0,0.0
2026-07-27T11:50:00Z,26.6,88,24.4,1012.8,1.34,3.58,157,10.4,0.0,0,0.0
2026-07-27T12:00:00Z,26.6,88,24.4,1012.9,1.34,4.02,157,10.4,0.0,0,0.0
2026-07-27T12:10:00Z,26.6,88,24.4,1012.9,1.34,3.58,90,10.4,0.0,0,0.0
2026-07-27T12:20:00Z,26.7,88,24.5,1012.9,0.89,2.68,157,10.4,0.0,0,0.0
2026-07-27T12:30:00Z,26.7,88,24.5,1013.2,0.89,2.68,157,10.4,0.0,0,0.0
2026-07-27T12:40:00Z,26.7,88,24.5,1013.1,0.89,3.13,157,10.4,0.0,0,0.0
2026-07-27T12:50:00Z,26.7,88,24.5,1013.2,0.89,3.13,157,10.4,0.0,0,0.0
2026-07-27T13:00:00Z,26.7,88,24.5,1013.3,1.34,3.58,157,10.4,0.0,0,0.0
2026-07-27T13:10:00Z,26.8,88,24.6,1013.2,0.89,4.02,157,10.4,0.0,0,0.0
2026-07-27T13:20:00Z,26.8,88,24.6,1013.2,1.34,4.92,135,10.4,0.0,0,0.0
2026-07-27T13:30:00Z,26.9,87,24.6,1013.4,1.79,4.47,135,10.4,0.0,0,0.0
2026-07-27T13:40:00Z,27.1,87,24.7,1013.4,1.34,4.02,157,10.4,0.0,0,0.0
2026-07-27T13:50:00Z,27.1,87,24.7,1013.6,1.34,5.81,157,10.4,0.0,0,0.0
2026-07-27T14:00:00Z,27.0,87,24.6,1013.6,1.34,4.02,157,10.4,0.0,0,0.0
2026-07-27T14:10:00Z,26.9,86,24.4,1013.6,1.34,3.58,135,10.4,0.0,0,0.0
2026-07-27T14:20:00Z,26.8,87,24.5,1013.5,1.34,4.47,135,10.4,0.0,0,0.0
2026-07-27T14:30:00Z,26.8,86,24.3,1013.4,1.79,5.36,112,10.4,0.0,0,0.0
2026-07-27T14:40:00Z,26.9,86,24.4,1013.3,1.79,5.81,90,10.4,0.0,0,0.0
2026-07-27T14:50:00Z,26.9,85,24.2,1013.4,2.24,5.36,112,10.4,0.0,0,0.0
2026-07-27T15:00:00Z,26.9,85,24.2,1013.4,1.34,4.92,90,10.4,0.0,0,0.0
2026-07-27T15:10:00Z,26.9,84,24.0,1013.4,1.79,4.92,135,10.4,0.0,0,0.0
2026-07-27T15:20:00Z,27.0,84,24.1,1013.5,1.34,4.47,157,10.4,0.0,0,0.0
2026-07-27T15:30:00Z,26.9,84,24.0,1013.5,0.89,5.36,157,10.4,0.0,0,0.0
2026-07-27T15:40:00Z,26.9,85,24.2,1013.5,1.34,5.81,157,10.4,0.0,0,0.0
2026-07-27T15:50:00Z,26.9,85,24.2,1013.4,1.34,4.47,90,10.4,0.0,0,0.0
2026-07-27T16:00:00Z,27.0,86,24.5,1013.4,1.34,4.02,135,0.0,0.0,0,0.0
2026-07-27T16:10:00Z,26.9,86,24.4,1013.4,1.34,4.47,135,0.0,0.0,0,0.0
2026-07-27T16:20:00Z,26.9,86,24.4,1013.4,1.34,5.36,180,0.0,0.0,0,0.0
2026-07-27T16:30:00Z,26.9,86,24.4,1013.4,1.34,4.47,180,0.0,0.0,0,0.0
2026-07-27T16:40:00Z,27.0,86,24.5,1013.2,1.34,5.36,157,0.0,0.0,0,0.0
2026-07-27T16:50:00Z,27.1,86,24.6,1013.2,1.79,5.36,135,0.0,0.0,0,0.0
2026-07-27T17:00:00Z,27.2,85,24.5,1013.2,1.79,4.92,157,0.0,0.0,0,0.0
2026-07-27T17:10:00Z,27.3,85,24.6,1013.5,0.89,4.47,135,0.0,0.0,0,0.0
2026-07-27T17:20:00Z,27.3,85,24.6,1013.4,1.34,4.02,157,0.0,0.0,0,0.0
2026-07-27T17:30:00Z,27.3,85,24.6,1013.1,1.34,4.02,135,0.0,0.0,0,0.0
2026-07-27T17:40:00Z,27.2,86,24.7,1013.1,0.89,3.13,135,0.0,0.0,0,0.0
2026-07-27T17:50:00Z,27.1,87,24.7,1013.3,1.34,4.02,157,0.0,0.0,0,0.0
2026-07-27T18:00:00Z,27.1,87,24.7,1013.3,0.89,4.47,157,0.0,0.0,0,0.0
2026-07-27T18:10:00Z,26.9,87,24.6,1013.2,0.89,4.02,157,0.0,0.0,0,0.0
2026-07-27T18:20:00Z,26.9,87,24.6,1013.1,0.89,2.24,157,0.0,0.0,0,0.0
2026-07-27T18:30:00Z,26.9,87,24.6,1013.2,1.34,4.02,157,0.0,0.0,0,0.0
2026-07-27T18:40:00Z,26.8,87,24.5,1012.8,1.34,4.47,157,0.0,0.0,0,0.0
2026-07-27T18:50:00Z,26.7,87,24.4,1013.0,0.89,4.02,157,0.0,0.0,0,0.0
2026-07-27T19:00:00Z,26.7,86,24.2,1013.3,0.89,2.68,157,0.0,0.0,0,0.0
2026-07-27T19:10:00Z,26.8,87,24.5,1013.4,0.45,2.68,157,0.0,0.0,0,0.0
2026-07-27T19:20:00Z,26.8,86,24.3,1013.4,1.79,5.36,157,0.0,0.0,0,0.0
2026-07-27T19:30:00Z,26.7,86,24.2,1013.4,1.34,4.02,135,0.4,7.4,0,0.0
2026-07-27T19:40:00Z,26.4,88,24.2,1013.3,1.34,4.92,157,0.4,1.0,0,0.0
2026-07-27T19:50:00Z,26.1,88,24.0,1013.3,1.34,4.02,112,0.4,0.0,0,0.0
2026-07-27T20:00:00Z,25.9,89,23.9,1013.3,1.34,3.58,135,0.4,0.0,0,0.0
2026-07-27T20:10:00Z,25.9,89,23.9,1013.2,1.34,4.02,157,0.4,0.0,0,0.0
2026-07-27T20:20:00Z,25.8,90,24.0,1013.2,0.45,3.58,135,0.4,0.0,0,0.0
2026-07-27T20:30:00Z,25.7,90,23.9,1013.2,0.45,2.24,135,0.4,0.0,0,0.0
2026-07-27T20:40:00Z,25.6,90,23.8,1013.2,0.89,4.02,112,0.4,0.0,0,0.0
2026-07-27T20:50:00Z,25.6,90,23.8,1013.1,0.45,3.58,135,0.4,0.0,0,0.0
2026-07-27T21:00:00Z,25.7,90,23.9,1013.2,0.45,2.24,157,0.4,0.0,0,0.0
2026-07-27T21:10:00Z,25.8,90,24.0,1013.1,0.45,3.13,112,0.4,0.0,0,0.0
2026-07-27T21:20:00Z,25.8,90,24.0,1013.1,0.89,4.47,90,0.4,0.0,0,0.0
2026-07-27T21:30:00Z,25.8,90,24.0,1013.2,1.34,6.26,157,0.6,0.0,6,0.0
2026-07-27T21:40:00Z,25.8,89,23.8,1013.3,1.34,4.47,157,0.6,0.0,12,0.0
2026-07-27T21:50:00Z,25.8,89,23.8,1013.6,0.89,2.68,67,0.6,0.0,18,0.0
2026-07-27T22:00:00Z,25.7,89,23.7,1013.6,0.89,4.47,112,0.6,0.0,25,0.0
2026-07-27T22:10:00Z,25.8,89,23.8,1013.5,0.45,2.24,135,0.6,0.0,25,0.0
2026-07-27T22:20:00Z,26.1,89,24.1,1013.6,1.34,5.36,90,0.6,0.0,28,0.0
2026-07-27T22:30:00Z,26.2,88,24.1,1014.0,0.89,3.13,135,0.6,0.0,31,0.0
2026-07-27T22:40:00Z,26.3,88,24.2,1014.2,0.89,2.68,112,0.6,0.0,32,0.0
2026-07-27T22:50:00Z,26.3,88,24.2,1014.1,0.89,4.02,112,0.6,0.0,34,0.0
2026-07-27T23:00:00Z,26.4,88,24.2,1014.1,0.89,4.02,112,0.6,0.0,44,0.0
2026-07-27T23:10:00Z,26.8,88,24.6,1013.9,0.89,4.02,157,0.6,0.0,53,0.0
2026-07-27T23:20:00Z,26.8,88,24.6,1013.7,1.34,3.58,90,0.6,0.0,66,0.0
2026-07-27T23:30:00Z,26.9,89,24.9,1013.7,0.89,3.58,157,0.6,0.0,85,0.5
2026-07-27T23:40:00Z,27.0,88,24.8,1013.8,1.34,4.92,157,0.6,0.0,121,0.8
2026-07-27T23:50:00Z,27.4,88,25.2,1014.2,0.89,3.13,135,0.6,0.0,155,1.2
2026-07-28T00:00:00Z,27.7,86,25.1,1014.1,1.34,4.47,90,0.6,0.0,146,1.1
2026-07-28T00:10:00Z,27.8,86,25.2,1014.4,1.34,4.92,157,0.6,0.0,128,1.2
2026-07-28T00:20:00Z,27.9,86,25.3,1014.4,1.34,4.02,157,0.6,0.0,124,1.2
2026-07-28T00:30:00Z,28.0,85,25.2,1014.5,1.34,4.47,157,0.6,0.0,139,1.4
2026-07-28T00:40:00Z,28.1,85,25.3,1014.4,1.79,5.81,157,0.6,0.0,150,1.6
2026-07-28T00:50:00Z,28.4,85,25.6,1014.3,1.34,4.47,90,0.6,0.0,168,1.9
2026-07-28T01:00:00Z,28.7,84,25.7,1014.4,1.34,4.47,135,0.6,0.0,186,2.2
2026-07-28T01:10:00Z,29.1,84,26.1,1014.5,1.34,4.47,90,0.6,0.0,269,3.1
2026-07-28T01:20:00Z,29.7,83,26.5,1014.6,1.79,4.47,157,0.6,0.0,319,4.3
2026-07-28T01:30:00Z,30.1,80,26.3,1014.6,1.79,5.36,157,0.6,0.0,362,5.0
2026-07-28T01:40:00Z,30.3,79,26.2,1014.7,1.79,7.15,135,0.6,0.0,382,4.7
2026-07-28T01:50:00Z,30.4,79,26.3,1014.6,1.79,6.26,157,0.6,0.0,424,5.2
2026-07-28T02:00:00Z,30.8,79,26.7,1014.7,1.34,5.36,157,0.6,0.0,587,6.1
2026-07-28T02:10:00Z,30.8,80,26.9,1014.8,2.24,7.6,157,0.6,0.0,616,6.3
2026-07-28T02:20:00Z,30.9,79,26.8,1015.0,1.34,5.81,157,0.6,0.0,608,6.5
2026-07-28T02:30:00Z,31.2,80,27.3,1015.0,1.79,6.71,135,0.6,0.0,757,7.7
2026-07-28T02:40:00Z,31.5,80,27.6,1015.3,1.34,5.36,90,0.6,0.0,1011,8.2
2026-07-28T02:50:00Z,31.9,78,27.6,1015.4,1.34,4.47,157,0.6,0.0,1052,8.6
2026-07-28T03:00:00Z,32.0,77,27.5,1015.5,1.79,5.36,135,0.6,0.0,1008,8.9
2026-07-28T03:10:00Z,31.8,81,28.1,1015.5,1.34,4.47,112,0.6,0.0,856,7.8
2026-07-28T03:20:00Z,31.3,81,27.6,1015.6,1.34,4.02,157,0.6,0.0,999,9.4
2026-07-28T03:30:00Z,31.4,81,27.7,1015.6,1.34,3.58,112,0.6,0.0,1003,9.4
2026-07-28T03:40:00Z,31.8,79,27.7,1015.4,0.89,4.92,157,0.6,0.0,1009,9.8
2026-07-28T03:50:00Z,32.1,78,27.8,1015.1,1.34,5.36,135,0.6,0.0,978,9.7
2026-07-28T04:00:00Z,32.3,77,27.7,1015.0,1.34,4.47,157,0.6,0.0,1009,9.9
2026-07-28T04:10:00Z,32.2,76,27.4,1014.9,1.79,5.36,157,0.6,0.0,981,9.7
2026-07-28T04:20:00Z,32.2,75,27.2,1014.9,1.79,5.36,157,0.6,0.0,1022,9.9
2026-07-28T04:30:00Z,32.3,75,27.3,1014.7,1.79,6.26,157,0.6,0.0,1002,9.1
2026-07-28T04:40:00Z,32.6,76,27.8,1014.7,0.89,3.58,112,0.6,0.0,1012,9.7
2026-07-28T04:50:00Z,32.6,75,27.6,1014.7,1.34,4.02,157,0.6,0.0,1014,9.7
2026-07-28T05:00:00Z,32.7,76,27.9,1014.8,1.34,5.81,112,0.6,0.0,990,9.5
2026-07-28T05:10:00Z,32.8,73,27.3,1014.8,1.34,4.92,67,0.6,0.0,1005,9.4
2026-07-28T05:20:00Z,33.0,73,27.5,1014.8,1.34,4.92,67,0.6,0.0,962,8.8
2026-07-28T05:30:00Z,32.8,73,27.3,1014.8,1.79,4.92,67,0.6,0.0,987,8.5
2026-07-28T05:40:00Z,32.8,73,27.3,1014.7,0.89,3.13,90,0.6,0.0,749,7.4
2026-07-28T05:50:00Z,32.8,73,27.3,1014.7,1.34,4.02,135,0.6,0.0,949,8.2
2026-07-28T06:00:00Z,32.8,72,27.1,1014.6,1.34,6.26,157,0.6,0.0,765,7.8
2026-07-28T06:10:00Z,32.8,72,27.1,1014.4,1.79,4.02,45,0.6,0.0,501,7.4
2026-07-28T06:20:00Z,32.8,71,26.8,1014.2,1.79,5.36,112,0.6,0.0,777,6.9
2026-07-28T06:30:00Z,32.7,70,26.5,1014.1,1.79,5.81,90,0.6,0.0,562,6.6
2026-07-28T06:40:00Z,32.8,71,26.8,1013.9,1.79,5.81,67,0.6,0.0,361,6.1
2026-07-28T06:50:00Z,32.7,70,26.5,1013.8,1.79,4.47,67,0.6,0.0,335,5.6
2026-07-28T07:00:00Z,32.8,71,26.8,1013.9,1.79,4.92,45,0.6,0.0,219,5.0
2026-07-28T07:10:00Z,32.8,71,26.8,1013.8,1.34,4.02,112,0.6,0.0,160,4.3
2026-07-28T07:20:00Z,32.9,73,27.4,1013.9,1.34,4.02,90,0.6,0.0,180,4.1
2026-07-28T07:30:00Z,32.7,72,27.0,1013.7,1.34,4.02,67,0.6,0.0,219,3.6
2026-07-28T07:40:00Z,32.6,73,27.1,1013.9,1.34,3.58,157,0.6,0.0,185,2.8
2026-07-28T07:50:00Z,32.1,73,26.6,1013.7,1.34,3.58,157,0.6,0.0,141,2.0
2026-07-28T08:00:00Z,31.6,75,26.6,1013.7,1.34,4.47,157,0.6,0.0,109,1.3
2026-07-28T08:10:00Z,31.1,77,26.6,1013.6,1.34,3.58,135,0.6,0.0,105,1.0
2026-07-28T08:20:00Z,30.8,78,26.5,1013.6,0.89,2.68,90,0.6,0.0,104,0.9
2026-07-28T08:30:00Z,30.6,78,26.3,1013.7,0.89,3.13,135,0.6,0.0,101,0.7
2026-07-28T08:40:00Z,30.4,79,26.3,1013.8,0.89,3.13,90,0.6,0.0,105,0.6
2026-07-28T08:50:00Z,30.2,79,26.2,1013.8,0.89,3.13,90,0.6,0.0,100,0.6
2026-07-28T09:00:00Z,30.2,80,26.4,1013.7,0.0,1.79,90,0.6,0.0,89,0.3
2026-07-28T09:10:00Z,30.0,80,26.2,1013.7,0.45,2.68,90,0.6,0.0,80,0.0
2026-07-28T09:20:00Z,29.9,80,26.1,1013.7,0.45,2.68,112,0.6,0.0,71,0.0
2026-07-28T09:30:00Z,29.8,81,26.2,1013.7,0.45,1.34,112,0.6,0.0,67,0.0
2026-07-28T09:40:00Z,29.7,81,26.1,1013.8,0.45,2.24,135,0.6,0.0,56,0.0
2026-07-28T09:50:00Z,29.7,82,26.3,1013.9,0.45,2.24,90,0.6,0.0,47,0.0
2026-07-28T10:00:00Z,29.5,82,26.1,1013.7,0.45,1.79,90,0.6,0.0,37,0.0
2026-07-28T10:10:00Z,29.3,82,25.9,1013.8,0.89,3.13,112,0.6,0.0,25,0.0
2026-07-28T10:20:00Z,29.2,83,26.0,1013.9,0.45,1.79,112,0.6,0.0,14,0.0
2026-07-28T10:30:00Z,29.1,83,25.9,1014.0,0.45,1.79,135,0.6,0.0,5,0.0
2026-07-28T10:40:00Z,28.9,83,25.7,1014.1,0.45,1.79,112,0.6,0.0,0,0.0
2026-07-28T10:50:00Z,28.8,83,25.6,1014.2,0.45,1.79,135,0.6,0.0,0,0.0
2026-07-28T11:00:00Z,28.7,84,25.7,1014.3,0.45,1.34,135,0.6,0.0,0,0.0
2026-07-28T11:10:00Z,28.6,84,25.6,1014.3,0.45,1.79,135,0.6,0.0,0,0.0
2026-07-28T11:20:00Z,28.4,84,25.4,1014.4,0.45,1.34,135,0.6,0.0,0,0.0
2026-07-28T11:30:00Z,28.4,84,25.4,1014.5,0.0,2.24,135,0.6,0.0,0,0.0
2026-07-28T11:40:00Z,28.3,84,25.3,1014.7,0.0,0.89,135,0.6,0.0,0,0.0
2026-07-28T11:50:00Z,28.3,84,25.3,1014.8,0.0,0.89,135,0.6,0.0,0,0.0
2026-07-28T12:00:00Z,28.2,84,25.2,1014.9,0.0,1.34,135,0.6,0.0,0,0.0
2026-07-28T12:10:00Z,28.2,84,25.2,1015.0,0.0,0.89,135,0.6,0.0,0,0.0
2026-07-28T12:20:00Z,28.1,84,25.1,1015.0,0.0,1.34,135,0.6,0.0,0,0.0
2026-07-28T12:30:00Z,28.1,84,25.1,1015.0,0.0,1.34,135,0.6,0.0,0,0.0
2026-07-28T12:40:00Z,28.1,84,25.1,1015.2,0.45,1.79,135,0.6,0.0,0,0.0
2026-07-28T12:50:00Z,28.0,84,25.0,1015.2,0.0,1.34,135,0.6,0.0,0,0.0
2026-07-28T13:00:00Z,27.9,84,24.9,1015.2,0.45,1.79,135,0.6,0.0,0,0.0
2026-07-28T13:10:00Z,27.9,84,24.9,1015.3,0.45,2.68,112,0.6,0.0,0,0.0
2026-07-28T13:20:00Z,27.9,84,24.9,1015.4,0.45,1.79,67,0.6,0.0,0,0.0
2026-07-28T13:30:00Z,27.9,84,24.9,1015.5,0.45,3.13,157,0.6,0.0,0,0.0
2026-07-28T13:40:00Z,27.9,84,24.9,1015.7,0.45,2.24,157,0.6,0.0,0,0.0
2026-07-28T13:50:00Z,27.9,84,24.9,1015.8,0.45,3.13,112,0.6,0.0,0,0.0
2026-07-28T14:00:00Z,28.0,84,25.0,1015.8,0.89,2.68,112,0.6,0.0,0,0.0
2026-07-28T14:10:00Z,28.1,83,24.9,1015.8,0.89,2.68,112,0.6,0.0,0,0.0
2026-07-28T14:20:00Z,28.2,83,25.0,1016.0,0.89,3.13,90,0.6,0.0,0,0.0
2026-07-28T14:30:00Z,28.2,83,25.0,1015.9,0.89,4.02,90,0.6,0.0,0,0.0
2026-07-28T14:40:00Z,28.2,83,25.0,1015.9,0.89,4.02,112,0.6,0.0,0,0.0
2026-07-28T14:50:00Z,28.3,83,25.1,1015.8,0.89,3.58,157,0.6,0.0,0,0.0
2026-07-28T15:00:00Z,28.3,83,25.1,1015.8,1.34,4.02,135,0.6,0.0,0,0.0
2026-07-28T15:10:00Z,28.2,83,25.0,1015.9,0.45,3.58,135,0.6,0.0,0,0.0
2026-07-28T15:20:00Z,28.1,83,24.9,1015.7,0.89,2.24,135,0.6,0.0,0,0.0
2026-07-28T15:30:00Z,28.1,83,24.9,1015.7,0.45,3.13,112,0.6,0.0,0,0.0
2026-07-28T15:40:00Z,28.1,83,24.9,1015.8,0.89,3.13,112,0.6,0.0,0,0.0
2026-07-28T15:50:00Z,28.2,83,25.0,1015.8,1.34,3.58,112,0.6,0.0,0,0.0
2026-07-28T16:00:00Z,28.2,83,25.0,1015.6,0.89,4.02,157,0.0,0.0,0,0.0
2026-07-28T16:10:00Z,28.2,83,25.0,1015.5,0.89,4.92,90,0.0,0.0,0,0.0
2026-07-28T16:20:00Z,28.2,83,25.0,1015.2,0.89,3.58,112,0.0,0.0,0,0.0
2026-07-28T16:30:00Z,28.2,83,25.0,1015.2,0.89,3.58,112,0.0,0.0,0,0.0
2026-07-28T16:40:00Z,28.2,83,25.0,1015.0,0.45,4.02,157,0.0,0.0,0,0.0
2026-07-28T16:50:00Z,28.1,84,25.1,1014.9,0.45,2.24,67,0.0,0.0,0,0.0
2026-07-28T17:00:00Z,28.1,84,25.1,1015.1,0.45,2.24,135,0.0,0.0,0,0.0
2026-07-28T17:10:00Z,28.0,84,25.0,1015.3,0.89,2.68,112,0.0,0.0,0,0.0
2026-07-28T17:20:00Z,27.9,85,25.1,1015.2,0.45,2.24,135,3.4,44.8,0,0.0
2026-07-28T17:30:00Z,27.7,86,25.1,1015.2,0.0,1.34,135,4.8,32.0,0,0.0
2026-07-28T17:40:00Z,27.3,87,24.9,1015.4,0.0,1.34,135,4.8,1.0,0,0.0
2026-07-28T17:50:00Z,26.7,88,24.5,1015.1,1.79,5.36,112,4.8,0.0,0,0.0
2026-07-28T18:00:00Z,25.7,88,23.6,1014.8,3.13,6.26,112,5.2,3.2,0,0.0
2026-07-28T18:10:00Z,26.0,89,24.0,1014.6,1.34,4.47,135,5.2,0.8,0,0.0
2026-07-28T18:20:00Z,26.1,90,24.3,1014.7,0.45,1.79,135,5.2,0.0,0,0.0
2026-07-28T18:30:00Z,26.1,90,24.3,1014.5,0.45,1.79,135,5.2,0.0,0,0.0
2026-07-28T18:40:00Z,26.1,90,24.3,1014.3,0.45,1.79,135,5.2,0.0,0,0.0
2026-07-28T18:50:00Z,26.1,90,24.3,1014.3,0.45,2.24,112,5.2,0.0,0,0.0
2026-07-28T19:00:00Z,26.1,91,24.5,1014.5,0.0,0.89,112,5.2,0.0,0,0.0
2026-07-28T19:10:00Z,26.1,90,24.3,1014.6,0.0,0.89,112,5.2,0.0,0,0.0
2026-07-28T19:20:00Z,26.2,91,24.6,1014.6,0.0,1.34,112,5.2,0.0,0,0.0
2026-07-28T19:30:00Z,26.2,91,24.6,1014.5,0.0,0.45,112,5.2,0.0,0,0.0
2026-07-28T19:40:00Z,26.1,91,24.5,1014.6,0.0,1.3,112,0.0,0.0,0,0.0
2026-07-28T19:50:00Z,26.0,91,24.4,1014.4,0.4,1.3,112,0.0,0.0,0,0.0
2026-07-28T20:00:00Z,25.9,91,24.3,1014.5,0.45,1.79,135,5.2,0.0,0,0.0
2026-07-28T20:10:00Z,25.9,91,24.3,1014.6,0.45,1.79,135,5.2,0.0,0,0.0
2026-07-28T20:20:00Z,25.9,91,24.3,1014.4,0.0,1.34,135,5.2,0.0,0,0.0
2026-07-28T20:30:00Z,25.9,91,24.3,1014.3,0.0,0.89,135,5.2,0.0,0,0.0
2026-07-28T20:40:00Z,25.8,91,24.2,1014.1,0.0,1.34,135,5.2,0.0,0,0.0
2026-07-28T20:50:00Z,25.8,91,24.2,1014.2,0.0,0.89,135,5.2,0.0,0,0.0
2026-07-28T21:00:00Z,25.8,91,24.2,1014.3,0.45,1.34,135,5.2,0.0,0,0.0
2026-07-28T21:10:00Z,25.8,91,24.2,1014.4,0.0,2.68,157,5.2,0.0,0,0.0
2026-07-28T21:20:00Z,25.8,91,24.2,1014.5,0.45,1.79,157,5.2,0.0,0,0.0
2026-07-28T21:30:00Z,25.8,91,24.2,1014.5,0.0,1.79,157,5.2,0.0,0,0.0
2026-07-28T21:40:00Z,25.8,91,24.2,1014.5,0.45,1.34,157,5.2,0.0,0,0.0
2026-07-28T21:50:00Z,25.8,91,24.2,1014.3,0.45,1.34,157,5.2,0.0,5,0.0
2026-07-28T22:00:00Z,25.8,91,24.2,1014.1,0.45,1.34,157,5.2,0.0,9,0.0
2026-07-28T22:10:00Z,25.8,91,24.2,1014.2,0.45,1.79,157,5.2,0.0,13,0.0
2026-07-28T22:20:00Z,25.9,91,24.3,1014.3,0.89,2.68,135,5.2,0.0,17,0.0
2026-07-28T22:30:00Z,26.0,91,24.4,1014.4,0.45,1.79,90,5.2,0.0,22,0.0
2026-07-28T22:40:00Z,26.1,91,24.5,1014.3,0.45,3.13,135,5.2,0.0,36,0.0
2026-07-28T22:50:00Z,26.4,91,24.8,1014.3,0.45,2.24,157,5.2,0.0,53,0.1
2026-07-28T23:00:00Z,26.9,90,25.1,1014.3,0.45,3.13,112,5.2,0.0,64,0.6
2026-07-28T23:10:00Z,27.4,90,25.6,1014.4,0.45,3.13,112,5.2,0.0,72,0.7
2026-07-28T23:20:00Z,27.9,88,25.7,1014.6,0.89,4.47,90,5.2,0.0,77,1.0
2026-07-28T23:30:00Z,28.4,86,25.8,1014.8,1.34,4.02,67,5.2,0.0,85,1.2
2026-07-28T23:40:00Z,29.1,84,26.1,1014.7,1.34,5.36,112,5.2,0.0,93,1.4
2026-07-28T23:50:00Z,29.4,83,26.2,1014.7,1.34,3.58,90,5.2,0.0,80,1.7
2026-07-29T00:00:00Z,29.8,82,26.4,1014.6,1.34,4.02,112,5.2,0.0,79,1.9
2026-07-29T00:10:00Z,30.0,81,26.4,1014.6,1.79,5.36,112,5.2,0.0,78,2.2
2026-07-29T00:20:00Z,30.1,80,26.3,1014.6,2.24,7.15,67,5.2,0.0,88,2.7
2026-07-29T00:30:00Z,30.4,81,26.8,1014.8,1.34,4.02,90,5.2,0.0,99,3.0
2026-07-29T00:40:00Z,30.6,79,26.5,1014.8,1.79,5.36,90,5.2,0.0,120,3.4
2026-07-29T00:50:00Z,30.8,79,26.7,1014.8,1.79,5.36,90,5.2,0.0,98,3.8
2026-07-29T01:00:00Z,30.9,79,26.8,1014.9,1.79,4.47,90,5.2,0.0,103,4.2
2026-07-29T01:10:00Z,31.1,79,27.0,1014.8,1.34,4.47,90,5.2,0.0,111,4.6
2026-07-29T01:20:00Z,31.2,78,26.9,1014.7,2.24,6.26,90,5.2,0.0,127,5.0
2026-07-29T01:30:00Z,31.4,78,27.1,1014.8,1.79,5.81,67,5.2,0.0,120,5.5
2026-07-29T01:40:00Z,31.4,79,27.3,1014.9,1.79,5.36,90,5.2,0.0,117,6.0
2026-07-29T01:50:00Z,31.6,78,27.3,1014.9,1.34,5.81,157,5.2,0.0,135,6.6
2026-07-29T02:00:00Z,31.7,78,27.4,1015.0,2.24,6.71,67,5.2,0.0,694,7.1
2026-07-29T02:10:00Z,31.9,78,27.6,1014.9,1.79,6.71,157,5.2,0.0,715,7.5
2026-07-29T02:20:00Z,32.0,77,27.5,1014.6,2.24,5.36,112,5.2,0.0,744,8.0
2026-07-29T02:30:00Z,32.1,77,27.6,1014.6,2.24,6.71,157,5.2,0.0,788,8.4
2026-07-29T02:40:00Z,32.0,76,27.2,1014.5,2.24,5.81,157,5.2,0.0,724,7.4
2026-07-29T02:50:00Z,32.0,78,27.7,1014.3,1.79,4.92,90,5.2,0.0,806,8.0
2026-07-29T03:00:00Z,32.0,77,27.5,1014.1,2.24,6.71,45,5.2,0.0,705,7.1
2026-07-29T03:10:00Z,31.8,78,27.5,1014.2,1.79,4.47,135,5.2,0.0,616,7.2
2026-07-29T03:20:00Z,31.9,78,27.6,1014.1,2.24,5.36,135,5.2,0.0,807,8.2
2026-07-29T03:30:00Z,32.1,77,27.6,1014.2,2.24,5.36,157,5.2,0.0,887,9.0
2026-07-29T03:40:00Z,32.3,76,27.5,1014.2,1.79,5.81,67,5.2,0.0,1007,10.0
2026-07-29T03:50:00Z,32.5,76,27.7,1014.1,1.34,4.02,67,5.2,0.0,917,9.5
2026-07-29T04:00:00Z,32.6,77,28.0,1014.0,1.34,4.47,67,5.2,0.0,842,9.2
2026-07-29T04:10:00Z,32.8,76,28.0,1014.0,1.79,4.47,135,5.2,0.0,1054,10.3
2026-07-29T04:20:00Z,33.0,73,27.5,1014.0,1.79,6.71,90,5.2,0.0,1064,10.3
2026-07-29T04:30:00Z,32.9,75,27.9,1013.8,1.34,4.47,67,5.2,0.0,735,8.7
2026-07-29T04:40:00Z,33.2,76,28.4,1013.8,1.34,4.47,135,5.2,0.0,397,9.6
2026-07-29T04:50:00Z,33.0,74,27.7,1013.7,1.34,4.47,135,5.2,0.0,485,7.0
2026-07-29T05:00:00Z,32.6,75,27.6,1013.7,1.79,4.02,157,5.2,0.0,423,6.2
2026-07-29T05:10:00Z,32.3,76,27.5,1013.6,1.79,4.92,67,5.2,0.0,427,6.2
2026-07-29T05:20:00Z,32.3,78,28.0,1013.6,1.34,4.47,90,5.2,0.0,573,7.2
2026-07-29T05:30:00Z,32.1,76,27.3,1013.6,1.79,5.36,135,5.2,0.0,548,6.6
2026-07-29T05:40:00Z,31.9,77,27.4,1013.6,1.79,4.47,157,5.2,0.0,430,6.4
2026-07-29T05:50:00Z,32.1,76,27.3,1013.5,1.79,4.92,157,5.2,0.0,697,7.4
2026-07-29T06:00:00Z,32.2,77,27.7,1013.3,1.34,4.02,157,5.2,0.0,449,5.8
2026-07-29T06:10:00Z,32.1,76,27.3,1013.3,1.79,4.92,135,5.2,0.0,422,5.5
2026-07-29T06:20:00Z,32.2,76,27.4,1013.3,0.89,4.02,157,5.2,0.0,351,5.1
2026-07-29T06:30:00Z,32.2,77,27.7,1013.3,1.34,4.02,112,5.2,0.0,317,4.8
2026-07-29T06:40:00Z,32.2,76,27.4,1013.4,1.34,3.58,157,5.2,0.0,328,4.9
2026-07-29T06:50:00Z,32.2,78,27.9,1013.4,1.34,4.47,45,5.2,0.0,289,5.0
2026-07-29T07:00:00Z,32.3,77,27.7,1013.4,1.34,4.02,112,5.2,0.0,279,4.5
2026-07-29T07:10:00Z,32.1,77,27.6,1013.5,1.34,4.47,112,5.2,0.0,296,3.7
2026-07-29T07:20:00Z,31.7,77,27.2,1013.4,0.89,4.02,112,5.2,0.0,215,2.6
2026-07-29T07:30:00Z,31.8,79,27.7,1013.3,0.89,4.02,135,5.2,0.0,437,3.2
2026-07-29T07:40:00Z,31.8,78,27.5,1013.4,1.34,4.02,157,5.2,0.0,478,3.5
2026-07-29T07:50:00Z,31.8,77,27.3,1013.2,1.34,4.92,112,5.2,0.0,247,2.8
2026-07-29T08:00:00Z,31.8,76,27.0,1013.1,1.34,5.36,157,5.2,0.0,584,2.6
2026-07-29T08:10:00Z,31.8,77,27.3,1013.0,0.89,4.47,135,5.2,0.0,427,2.2
2026-07-29T08:20:00Z,31.9,77,27.4,1013.2,0.89,3.58,90,5.2,0.0,615,2.0
2026-07-29T08:30:00Z,31.7,76,26.9,1013.4,1.34,4.02,157,5.2,0.0,387,1.5
2026-07-29T08:40:00Z,31.7,77,27.2,1013.4,0.89,3.58,112,5.2,0.0,469,1.3
2026-07-29T08:50:00Z,31.5,77,27.0,1013.4,1.34,3.58,157,5.2,0.0,351,1.0
2026-07-29T09:00:00Z,31.4,78,27.1,1013.5,0.45,2.24,135,5.2,0.0,321,0.8
2026-07-29T09:10:00Z,31.2,77,26.7,1013.6,0.89,4.92,135,5.2,0.0,347,0.6
2026-07-29T09:20:00Z,31.2,76,26.5,1013.7,0.89,4.47,157,5.2,0.0,354,0.5
2026-07-29T09:30:00Z,31.2,78,26.9,1013.6,0.89,2.24,157,5.2,0.0,335,0.0
2026-07-29T09:40:00Z,31.2,79,27.1,1013.9,0.89,3.13,90,5.2,0.0,270,0.0
2026-07-29T09:50:00Z,31.1,79,27.0,1013.9,0.89,3.58,135,5.2,0.0,198,0.0
2026-07-29T10:00:00Z,30.9,78,26.6,1013.8,0.45,1.79,135,5.2,0.0,107,0.0
2026-07-29T10:10:00Z,30.5,79,26.4,1013.8,0.89,2.68,157,5.2,0.0,55,0.0
2026-07-29T10:20:00Z,30.3,80,26.5,1013.8,0.45,1.79,90,5.2,0.0,30,0.0
2026-07-29T10:30:00Z,29.9,81,26.3,1014.1,0.89,4.02,157,5.2,0.0,11,0.0
2026-07-29T10:40:00Z,29.6,81,26.0,1014.1,0.89,2.68,112,5.2,0.0,1,0.0
2026-07-29T10:50:00Z,29.4,82,26.0,1014.1,0.45,1.79,135,5.2,0.0,0,0.0
2026-07-29T11:00:00Z,29.2,83,26.0,1014.1,0.89,3.58,90,5.2,0.0,0,0.0
2026-07-29T11:10:00Z,29.1,83,25.9,1014.1,0.89,3.58,112,5.2,0.0,0,0.0
2026-07-29T11:20:00Z,28.9,83,25.7,1014.0,0.89,3.13,90,5.2,0.0,0,0.0
2026-07-29T11:30:00Z,28.8,83,25.6,1014.0,0.45,1.79,112,5.2,0.0,0,0.0
2026-07-29T11:40:00Z,28.7,83,25.5,1014.0,0.89,3.58,90,5.2,0.0,0,0.0
2026-07-29T11:50:00Z,28.6,84,25.6,1014.0,1.34,4.02,112,5.2,0.0,0,0.0
2026-07-29T12:00:00Z,28.6,84,25.6,1014.1,0.89,4.02,90,5.2,0.0,0,0.0
2026-07-29T12:10:00Z,28.4,84,25.4,1014.1,0.45,1.34,135,5.2,0.0,0,0.0
2026-07-29T12:20:00Z,28.3,84,25.3,1014.4,0.45,1.34,135,5.2,0.0,0,0.0
2026-07-29T12:30:00Z,28.3,84,25.3,1014.3,0.45,1.34,135,5.2,0.0,0,0.0
2026-07-29T12:40:00Z,28.1,84,25.1,1014.4,0.45,1.79,112,5.2,0.0,0,0.0
2026-07-29T12:50:00Z,28.1,84,25.1,1014.4,0.89,2.68,112,5.2,0.0,0,0.0
2026-07-29T13:00:00Z,28.1,84,25.1,1014.4,0.45,1.79,112,5.2,0.0,0,0.0
2026-07-29T13:10:00Z,28.1,84,25.1,1014.4,0.45,2.68,112,5.2,0.0,0,0.0
2026-07-29T13:20:00Z,28.1,84,25.1,1014.5,0.45,1.79,90,5.2,0.0,0,0.0
2026-07-29T13:30:00Z,28.0,84,25.0,1014.4,0.45,1.79,90,5.2,0.0,0,0.0
2026-07-29T13:40:00Z,27.9,84,24.9,1014.4,0.45,1.34,112,5.2,0.0,0,0.0
2026-07-29T13:50:00Z,27.8,83,24.6,1014.5,0.45,1.79,112,5.2,0.0,0,0.0
2026-07-29T14:00:00Z,27.9,84,24.9,1014.6,0.89,2.24,135,5.2,0.0,0,0.0
2026-07-29T14:10:00Z,27.9,84,24.9,1014.6,0.45,2.24,135,5.2,0.0,0,0.0
2026-07-29T14:20:00Z,27.9,84,24.9,1014.8,0.45,3.58,135,5.2,0.0,0,0.0
2026-07-29T14:30:00Z,27.9,84,24.9,1015.0,0.45,1.34,135,5.2,0.0,0,0.0
2026-07-29T14:40:00Z,27.8,84,24.8,1015.1,0.0,0.89,135,5.2,0.0,0,0.0
2026-07-29T14:50:00Z,27.7,85,24.9,1015.2,0.45,1.34,135,5.2,0.0,0,0.0
2026-07-29T15:00:00Z,27.6,85,24.8,1015.1,0.45,1.34,135,5.2,0.0,0,0.0
2026-07-29T15:10:00Z,27.5,85,24.7,1015.0,0.0,1.34,135,5.2,0.0,0,0.0
2026-07-29T15:20:00Z,27.3,85,24.6,1014.9,0.89,1.79,135,5.2,0.0,0,0.0
2026-07-29T15:30:00Z,27.2,86,24.7,1014.8,0.45,1.34,135,5.2,0.0,0,0.0
2026-07-29T15:40:00Z,27.2,86,24.7,1014.8,0.45,1.34,135,5.2,0.0,0,0.0
2026-07-29T15:50:00Z,27.2,86,24.7,1014.7,0.0,0.89,135,5.2,0.0,0,0.0
2026-07-29T16:00:00Z,27.1,86,24.6,1014.8,0.45,1.79,135,0.0,0.0,0,0.0
2026-07-29T16:10:00Z,27.1,86,24.6,1014.7,0.45,1.34,135,0.0,0.0,0,0.0
2026-07-29T16:20:00Z,27.1,86,24.6,1014.7,0.45,1.34,135,0.0,0.0,0,0.0
2026-07-29T16:30:00Z,27.1,86,24.6,1014.5,0.45,1.34,135,0.0,0.0,0,0.0
2026-07-29T16:40:00Z,26.9,86,24.4,1014.4,0.45,1.34,135,0.0,0.0,0,0.0
2026-07-29T16:50:00Z,26.9,86,24.4,1014.4,0.0,1.34,135,0.0,0.0,0,0.0
2026-07-29T17:00:00Z,26.9,87,24.6,1014.2,0.45,1.34,135,0.0,0.0,0,0.0
2026-07-29T17:10:00Z,26.9,87,24.6,1014.1,0.45,1.79,135,0.0,0.0,0,0.0
2026-07-29T17:20:00Z,26.8,87,24.5,1014.2,0.45,1.34,135,0.0,0.0,0,0.0
2026-07-29T17:30:00Z,26.8,87,24.5,1014.1,0.0,1.79,135,0.0,0.0,0,0.0
2026-07-29T17:40:00Z,26.8,87,24.5,1014.1,0.0,2.24,135,0.0,0.0,0,0.0
2026-07-29T17:50:00Z,26.8,87,24.5,1014.1,0.0,1.34,135,0.0,0.0,0,0.0
2026-07-29T18:00:00Z,26.8,87,24.5,1014.1,0.0,1.34,135,0.0,0.0,0,0.0
2026-07-29T18:10:00Z,26.8,87,24.5,1014.0,0.0,1.34,135,0.0,0.0,0,0.0
2026-07-29T18:20:00Z,26.7,87,24.4,1014.0,0.45,1.79,135,0.0,0.0,0,0.0
2026-07-29T18:30:00Z,26.7,87,24.4,1014.0,0.45,1.79,135,0.0,0.0,0,0.0
2026-07-29T18:40:00Z,26.8,87,24.5,1014.1,0.45,1.79,135,0.0,0.0,0,0.0
2026-07-29T18:50:00Z,26.7,87,24.4,1014.0,0.45,1.79,135,0.0,0.0,0,0.0
2026-07-29T19:00:00Z,26.7,88,24.5,1013.9,0.45,0.89,135,0.0,0.0,0,0.0
2026-07-29T19:10:00Z,26.7,88,24.5,1013.9,0.0,1.79,135,0.0,0.0,0,0.0
2026-07-29T19:20:00Z,26.7,88,24.5,1013.8,0.0,1.34,135,0.0,0.0,0,0.0
2026-07-29T19:30:00Z,26.6,88,24.4,1013.9,0.45,1.79,135,0.0,0.0,0,0.0
2026-07-29T19:40:00Z,26.6,88,24.4,1013.7,0.0,0.89,135,0.0,0.0,0,0.0
2026-07-29T19:50:00Z,26.6,88,24.4,1013.8,0.0,1.34,135,0.0,0.0,0,0.0
2026-07-29T20:00:00Z,26.7,88,24.5,1013.7,0.45,1.79,135,0.0,0.0,0,0.0
2026-07-29T20:10:00Z,26.7,87,24.4,1013.7,0.45,1.79,157,0.0,0.0,0,0.0
2026-07-29T20:20:00Z,26.7,87,24.4,1013.6,0.45,1.34,157,0.0,0.0,0,0.0
2026-07-29T20:30:00Z,26.6,87,24.3,1013.6,0.45,1.79,157,0.0,0.0,0,0.0
2026-07-29T20:40:00Z,26.6,87,24.3,1013.6,0.89,1.79,157,0.0,0.0,0,0.0
2026-07-29T20:50:00Z,26.7,87,24.4,1013.5,0.45,1.79,157,0.0,0.0,0,0.0
2026-07-29T21:00:00Z,26.6,87,24.3,1013.4,0.0,1.34,157,0.0,0.0,0,0.0
2026-07-29T21:10:00Z,26.6,87,24.3,1013.3,0.45,3.58,135,0.0,0.0,0,0.0
2026-07-29T21:20:00Z,26.6,88,24.4,1013.2,0.45,1.79,135,0.0,0.0,0,0.0
2026-07-29T21:30:00Z,26.6,88,24.4,1013.1,0.45,1.79,135,0.0,0.0,0,0.0
2026-07-29T21:40:00Z,26.6,88,24.4,1013.2,0.45,3.13,180,0.0,0.0,6,0.0
2026-07-29T21:50:00Z,26.6,88,24.4,1013.3,0.0,1.79,180,0.0,0.0,15,0.0
2026-07-29T22:00:00Z,26.5,88,24.3,1013.5,0.45,2.24,157,0.0,0.0,26,0.0
2026-07-29T22:10:00Z,26.6,88,24.4,1013.6,0.45,2.24,157,0.0,0.0,36,0.0
2026-07-29T22:20:00Z,26.7,88,24.5,1013.6,0.45,1.34,135,0.0,0.0,44,0.0
2026-07-29T22:30:00Z,26.8,87,24.5,1013.7,0.0,1.79,135,0.0,0.0,49,0.0
2026-07-29T22:40:00Z,27.1,87,24.7,1013.7,0.0,0.89,135,0.0,0.0,70,0.0
2026-07-29T22:50:00Z,27.3,86,24.7,1013.9,0.45,2.24,135,0.0,0.0,83,0.0
2026-07-29T23:00:00Z,27.6,86,25.0,1014.0,0.45,2.24,135,0.0,0.0,89,0.5
2026-07-29T23:10:00Z,28.1,85,25.3,1014.0,0.45,2.24,135,0.0,0.0,101,0.7
2026-07-29T23:20:00Z,28.4,84,25.4,1013.9,0.45,1.34,135,0.0,0.0,118,0.8
2026-07-29T23:30:00Z,28.7,84,25.7,1014.0,0.45,1.79,135,0.0,0.0,145,0.9
2026-07-29T23:40:00Z,29.0,84,26.0,1014.0,0.45,1.34,135,0.0,0.0,172,1.2
2026-07-29T23:50:00Z,29.4,83,26.2,1014.0,0.45,2.24,135,0.0,0.0,178,1.5
2026-07-30T00:00:00Z,29.9,82,26.5,1014.0,0.45,1.79,135,0.0,0.0,190,1.8
2026-07-30T00:10:00Z,30.4,80,26.6,1014.2,0.45,1.79,135,0.0,0.0,193,2.1
2026-07-30T00:20:00Z,30.7,78,26.4,1014.2,0.89,2.24,157,0.0,0.0,198,2.1
2026-07-30T00:30:00Z,30.8,79,26.7,1014.4,0.45,2.24,90,0.0,0.0,207,2.3
2026-07-30T00:40:00Z,30.9,78,26.6,1014.4,0.89,2.68,112,0.0,0.0,236,2.7
2026-07-30T00:50:00Z,31.1,78,26.8,1014.4,0.89,2.68,90,0.0,0.0,228,3.0
2026-07-30T01:00:00Z,31.4,78,27.1,1014.2,0.89,3.13,112,0.0,0.0,231,4.1
2026-07-30T01:10:00Z,31.5,78,27.2,1014.1,0.89,4.02,157,0.0,0.0,164,3.3
2026-07-30T01:20:00Z,31.6,78,27.3,1014.2,0.45,2.68,90,0.0,0.0,144,4.3
2026-07-30T01:30:00Z,31.7,76,26.9,1014.2,1.79,4.47,157,0.0,0.0,145,5.5
2026-07-30T01:40:00Z,32.1,75,27.1,1014.0,0.89,3.13,157,0.0,0.0,135,6.2
2026-07-30T01:50:00Z,32.7,76,27.9,1014.1,0.89,2.24,67,0.0,0.0,154,6.7
2026-07-30T02:00:00Z,32.9,76,28.1,1014.3,1.34,3.58,157,0.0,0.0,732,7.1
2026-07-30T02:10:00Z,33.1,72,27.4,1014.3,0.89,4.47,135,0.0,0.0,753,7.6
2026-07-30T02:20:00Z,33.0,73,27.5,1014.2,1.34,4.47,157,0.0,0.0,800,8.2
2026-07-30T02:30:00Z,33.0,73,27.5,1014.0,1.34,3.13,157,0.0,0.0,815,8.5
2026-07-30T02:40:00Z,33.2,72,27.5,1014.1,1.34,3.58,135,0.0,0.0,950,9.2
2026-07-30T02:50:00Z,33.5,71,27.5,1014.2,1.34,3.58,157,0.0,0.0,1041,9.6
2026-07-30T03:00:00Z,33.3,74,28.0,1014.1,1.34,3.58,157,0.0,0.0,840,8.3
2026-07-30T03:10:00Z,33.2,73,27.7,1014.0,1.34,3.58,67,0.0,0.0,316,5.9
2026-07-30T03:20:00Z,32.9,74,27.6,1014.2,0.45,3.58,135,0.0,0.0,346,5.5
2026-07-30T03:30:00Z,32.9,73,27.4,1014.1,0.89,4.02,135,0.0,0.0,466,7.2
2026-07-30T03:40:00Z,33.0,74,27.7,1014.1,0.89,3.13,135,0.0,0.0,510,7.3
2026-07-30T03:50:00Z,32.8,74,27.6,1014.1,1.34,3.58,157,0.0,0.0,626,7.9
2026-07-30T04:00:00Z,32.8,74,27.6,1014.1,1.34,4.02,157,0.0,0.0,641,8.9
2026-07-30T04:10:00Z,33.1,73,27.6,1013.9,0.89,3.58,135,0.0,0.0,876,9.4
2026-07-30T04:20:00Z,33.1,71,27.1,1013.9,1.34,4.02,157,0.0,0.0,951,9.0
2026-07-30T04:30:00Z,32.9,70,26.7,1013.7,1.34,4.02,157,0.0,0.0,691,8.0
2026-07-30T04:40:00Z,32.9,72,27.2,1013.6,0.89,4.02,157,0.0,0.0,557,6.9
2026-07-30T04:50:00Z,32.6,71,26.7,1013.6,0.89,4.02,157,0.0,0.0,362,5.1
2026-07-30T05:00:00Z,32.3,74,27.1,1013.6,0.89,4.02,157,0.0,0.0,297,4.4
2026-07-30T05:10:00Z,32.1,73,26.6,1013.6,0.89,3.58,157,0.0,0.0,266,3.9
2026-07-30T05:20:00Z,32.0,74,26.8,1013.5,0.89,3.13,157,0.0,0.0,270,3.9
2026-07-30T05:30:00Z,31.9,75,26.9,1013.3,0.45,1.79,157,0.0,0.0,305,4.1
2026-07-30T05:40:00Z,31.9,75,26.9,1013.3,0.45,3.13,112,0.0,0.0,301,4.0
2026-07-30T05:50:00Z,31.9,75,26.9,1013.2,0.89,3.58,157,0.0,0.0,327,4.4
2026-07-30T06:00:00Z,31.8,76,27.0,1013.2,0.89,4.47,112,0.0,0.0,371,4.8
2026-07-30T06:10:00Z,31.9,76,27.1,1013.2,0.89,2.68,135,0.0,0.0,369,5.1
2026-07-30T06:20:00Z,31.9,76,27.1,1013.2,0.89,3.58,90,0.0,0.0,290,4.1
2026-07-30T06:30:00Z,31.9,77,27.4,1013.0,0.45,2.24,90,0.0,0.0,308,4.1
2026-07-30T06:40:00Z,31.9,77,27.4,1012.9,0.89,3.13,112,0.0,0.0,392,4.6
2026-07-30T06:50:00Z,32.1,77,27.6,1012.8,0.45,3.58,90,0.0,0.0,553,4.6
2026-07-30T07:00:00Z,32.1,74,26.9,1012.9,0.89,3.13,90,0.0,0.0,335,3.4
2026-07-30T07:10:00Z,32.1,76,27.3,1013.0,0.89,3.13,67,0.0,0.0,376,3.1
2026-07-30T07:20:00Z,31.9,75,26.9,1012.8,0.89,3.13,157,0.0,0.0,224,2.3
2026-07-30T07:30:00Z,31.7,76,26.9,1012.5,0.45,1.79,67,0.0,0.0,191,2.0
2026-07-30T07:40:00Z,31.6,77,27.1,1012.5,0.45,2.68,112,0.0,0.0,174,1.7
2026-07-30T07:50:00Z,31.4,78,27.1,1012.4,0.45,2.24,135,0.0,0.0,168,1.5
2026-07-30T08:00:00Z,31.2,79,27.1,1012.3,0.89,3.58,135,0.0,0.0,164,1.3
2026-07-30T08:10:00Z,30.9,79,26.8,1012.2,0.45,3.58,135,0.0,0.0,159,1.2
2026-07-30T08:20:00Z,30.7,80,26.8,1012.2,0.89,2.68,157,0.0,0.0,193,1.1
2026-07-30T08:30:00Z,30.7,80,26.8,1012.2,0.89,4.47,157,0.0,0.0,372,1.1
2026-07-30T08:40:00Z,30.8,80,26.9,1012.3,0.45,3.13,157,0.0,0.0,271,0.9
2026-07-30T08:50:00Z,30.7,80,26.8,1012.2,0.89,3.13,135,0.0,0.0,178,0.7
2026-07-30T09:00:00Z,30.4,80,26.6,1012.1,0.89,3.13,67,0.0,0.0,145,0.5
2026-07-30T09:10:00Z,30.2,80,26.4,1012.2,0.89,4.47,157,0.0,0.0,127,0.2
2026-07-30T09:20:00Z,30.1,80,26.3,1012.2,0.89,4.02,90,0.0,0.0,126,0.0
2026-07-30T09:30:00Z,30.1,81,26.5,1012.3,0.89,3.58,135,0.0,0.0,132,0.0
2026-07-30T09:40:00Z,30.0,80,26.2,1012.3,0.45,3.13,135,0.0,0.0,105,0.0
2026-07-30T09:50:00Z,29.9,81,26.3,1012.4,0.45,3.58,135,0.0,0.0,128,0.0
2026-07-30T10:00:00Z,29.9,81,26.3,1012.6,0.45,2.24,157,0.0,0.0,143,0.0
2026-07-30T10:10:00Z,29.8,80,26.0,1012.8,0.89,3.58,157,0.0,0.0,98,0.0
2026-07-30T10:20:00Z,29.7,81,26.1,1012.9,0.45,1.79,135,0.0,0.0,38,0.0
2026-07-30T10:30:00Z,29.4,81,25.8,1013.0,0.45,1.79,135,0.0,0.0,13,0.0
2026-07-30T10:40:00Z,29.2,81,25.6,1013.0,0.45,1.79,135,0.0,0.0,0,0.0
2026-07-30T10:50:00Z,29.0,82,25.6,1013.2,0.89,2.68,135,0.0,0.0,0,0.0
2026-07-30T11:00:00Z,28.8,82,25.4,1013.6,0.45,1.79,135,0.0,0.0,0,0.0
2026-07-30T11:10:00Z,28.7,83,25.5,1013.8,0.45,1.79,135,0.0,0.0,0,0.0
2026-07-30T11:20:00Z,28.6,83,25.4,1013.9,0.45,1.79,135,0.0,0.0,0,0.0
2026-07-30T11:30:00Z,28.4,84,25.4,1014.1,0.0,1.34,135,0.0,0.0,0,0.0
2026-07-30T11:40:00Z,28.3,84,25.3,1014.0,0.45,1.79,135,0.0,0.0,0,0.0
2026-07-30T11:50:00Z,28.2,84,25.2,1014.0,0.45,1.79,135,0.0,0.0,0,0.0
2026-07-30T12:00:00Z,28.1,85,25.3,1014.1,0.89,1.79,157,0.0,0.0,0,0.0
2026-07-30T12:10:00Z,28.0,85,25.2,1014.1,0.89,1.79,157,0.0,0.0,0,0.0
2026-07-30T12:20:00Z,28.1,85,25.3,1014.2,0.89,1.79,157,0.0,0.0,0,0.0
2026-07-30T12:30:00Z,28.1,85,25.3,1014.2,0.45,1.34,157,0.0,0.0,0,0.0
2026-07-30T12:40:00Z,28.0,85,25.2,1014.2,0.45,1.79,157,0.0,0.0,0,0.0
2026-07-30T12:50:00Z,28.0,85,25.2,1014.2,0.45,1.79,157,0.0,0.0,0,0.0
2026-07-30T13:00:00Z,27.9,85,25.1,1014.3,0.45,1.34,157,0.0,0.0,0,0.0
2026-07-30T13:10:00Z,27.9,85,25.1,1014.6,0.0,1.34,157,0.0,0.0,0,0.0
2026-07-30T13:20:00Z,27.8,85,25.0,1014.8,0.0,1.34,157,0.0,0.0,0,0.0
2026-07-30T13:30:00Z,27.8,85,25.0,1014.7,0.0,1.34,157,0.0,0.0,0,0.0
2026-07-30T13:40:00Z,27.8,85,25.0,1014.8,0.45,1.79,157,0.0,0.0,0,0.0
2026-07-30T13:50:00Z,27.7,85,24.9,1014.8,0.45,1.79,157,0.0,0.0,0,0.0
2026-07-30T14:00:00Z,27.7,85,24.9,1014.7,0.45,2.24,157,0.0,0.0,0,0.0
2026-07-30T14:10:00Z,27.7,86,25.1,1014.7,0.0,0.89,157,0.0,0.0,0,0.0
2026-07-30T14:20:00Z,27.7,86,25.1,1014.6,0.0,1.34,157,0.0,0.0,0,0.0
2026-07-30T14:30:00Z,27.6,86,25.0,1014.6,0.0,1.34,157,0.0,0.0,0,0.0
2026-07-30T14:40:00Z,27.5,86,24.9,1014.5,0.45,1.79,157,0.0,0.0,0,0.0
2026-07-30T14:50:00Z,27.4,86,24.8,1014.5,0.89,2.68,157,0.0,0.0,0,0.0
2026-07-30T15:00:00Z,27.4,86,24.8,1014.5,0.45,2.24,157,0.0,0.0,0,0.0
2026-07-30T15:10:00Z,27.3,86,24.7,1014.3,0.45,2.24,157,0.0,0.0,0,0.0
2026-07-30T15:20:00Z,27.3,86,24.7,1014.2,0.45,1.34,157,0.0,0.0,0,0.0
2026-07-30T15:30:00Z,27.3,86,24.7,1014.2,0.0,1.34,157,0.0,0.0,0,0.0
2026-07-30T15:40:00Z,27.3,86,24.7,1014.1,0.0,0.0,,0.0,0.0,0,0.0
2026-07-30T15:50:00Z,27.3,86,24.7,1014.1,0.0,0.89,157,0.0,0.0,0,0.0
2026-07-30T16:00:00Z,27.3,86,24.7,1014.1,0.45,2.24,157,0.0,0.0,0,0.0
2026-07-30T16:10:00Z,27.2,87,24.8,1013.9,0.45,2.24,157,0.0,0.0,0,0.0
2026-07-30T16:20:00Z,27.3,87,24.9,1013.9,0.0,1.34,157,0.0,0.0,0,0.0
2026-07-30T16:30:00Z,27.2,87,24.8,1013.8,0.0,1.34,157,0.0,0.0,0,0.0
2026-07-30T16:40:00Z,27.2,87,24.8,1013.8,0.0,0.45,157,0.0,0.0,0,0.0
2026-07-30T16:50:00Z,27.1,87,24.7,1013.8,0.0,1.34,157,0.0,0.0,0,0.0
2026-07-30T17:00:00Z,26.9,87,24.6,1013.6,0.89,2.24,157,0.0,0.0,0,0.0
2026-07-30T17:10:00Z,26.8,87,24.5,1013.6,0.45,1.34,157,0.0,0.0,0,0.0
2026-07-30T17:20:00Z,26.9,87,24.6,1013.8,0.0,1.34,157,0.0,0.0,0,0.0
2026-07-30T17:30:00Z,26.9,87,24.6,1013.7,0.0,0.45,157,0.0,0.0,0,0.0
2026-07-30T17:40:00Z,26.9,87,24.6,1013.7,0.0,0.89,157,0.0,0.0,0,0.0
2026-07-30T17:50:00Z,26.8,87,24.5,1013.6,0.0,0.45,157,0.0,0.0,0,0.0
2026-07-30T18:00:00Z,26.8,87,24.5,1013.4,0.0,0.89,157,0.0,0.0,0,0.0
2026-07-30T18:10:00Z,26.8,87,24.5,1013.3,0.0,0.89,157,0.0,0.0,0,0.0
2026-07-30T18:20:00Z,26.6,86,24.1,1013.4,0.0,0.0,,0.0,0.0,0,0.0
2026-07-30T18:30:00Z,26.5,86,24.0,1013.4,0.0,0.0,,0.0,0.0,0,0.0
2026-07-30T18:40:00Z,26.5,86,24.0,1013.3,0.0,0.89,157,0.0,0.0,0,0.0
2026-07-30T18:50:00Z,26.5,86,24.0,1013.3,0.0,0.0,,0.0,0.0,0,0.0
2026-07-30T19:00:00Z,26.5,85,23.8,1013.2,0.0,0.45,157,0.0,0.0,0,0.0
2026-07-30T19:10:00Z,26.5,86,24.0,1013.1,0.0,0.45,157,0.0,0.0,0,0.0
2026-07-30T19:20:00Z,26.5,86,24.0,1013.0,0.0,0.89,157,0.0,0.0,0,0.0
2026-07-30T19:30:00Z,26.4,86,23.9,1012.9,0.0,0.89,157,0.0,0.0,0,0.0
2026-07-30T19:40:00Z,26.4,86,23.9,1013.1,0.0,2.24,157,0.0,0.0,0,0.0
2026-07-30T19:50:00Z,26.4,86,23.9,1012.9,0.0,0.89,157,0.0,0.0,0,0.0
2026-07-30T20:00:00Z,26.3,86,23.8,1012.9,0.45,1.34,157,0.0,0.0,0,0.0
2026-07-30T20:10:00Z,26.2,86,23.7,1012.9,0.0,0.89,157,0.0,0.0,0,0.0
2026-07-30T20:20:00Z,26.2,86,23.7,1012.8,0.45,0.89,157,0.0,0.0,0,0.0
2026-07-30T20:30:00Z,26.1,86,23.6,1012.7,0.45,2.24,157,0.0,0.0,0,0.0
2026-07-30T20:40:00Z,26.1,86,23.6,1012.8,0.0,0.89,157,0.0,0.0,0,0.0
2026-07-30T20:50:00Z,26.1,86,23.6,1013.0,0.0,0.89,157,0.0,0.0,0,0.0
2026-07-30T21:00:00Z,26.0,86,23.5,1012.9,0.0,0.89,157,0.0,0.0,0,0.0
2026-07-30T21:10:00Z,25.9,86,23.4,1013.0,0.45,1.34,157,0.0,0.0,0,0.0
2026-07-30T21:20:00Z,25.9,86,23.4,1013.0,0.0,1.34,157,0.0,0.0,0,0.0
2026-07-30T21:30:00Z,25.8,87,23.5,1013.2,0.45,1.34,157,0.0,0.0,0,0.0
2026-07-30T21:40:00Z,25.8,87,23.5,1013.1,0.45,1.34,157,0.0,0.0,4,0.0
2026-07-30T21:50:00Z,25.7,87,23.4,1013.1,0.45,1.34,157,0.0,0.0,14,0.0
2026-07-30T22:00:00Z,25.7,88,23.6,1013.2,0.45,2.24,157,0.0,0.0,30,0.0
2026-07-30T22:10:00Z,25.7,88,23.6,1013.1,0.45,1.34,157,0.0,0.0,42,0.0
2026-07-30T22:20:00Z,25.9,87,23.6,1013.0,0.45,2.24,157,0.0,0.0,53,0.0
2026-07-30T22:30:00Z,26.1,87,23.8,1013.0,0.45,1.79,157,0.0,0.0,63,0.0
2026-07-30T22:40:00Z,26.2,87,23.9,1013.0,0.45,2.24,157,0.0,0.0,63,0.0
2026-07-30T22:50:00Z,26.4,86,23.9,1013.0,0.45,2.24,157,0.0,0.0,79,0.0
2026-07-30T23:00:00Z,26.6,86,24.1,1013.1,0.45,2.68,157,0.0,0.0,89,0.0
2026-07-30T23:10:00Z,26.8,86,24.3,1013.1,0.89,2.24,157,0.0,0.0,106,0.5
2026-07-30T23:20:00Z,26.9,85,24.2,1013.0,0.89,3.13,157,0.0,0.0,121,0.6
2026-07-30T23:30:00Z,27.2,86,24.7,1012.9,0.45,1.79,157,0.0,0.0,135,0.8
2026-07-30T23:40:00Z,27.5,85,24.7,1012.9,0.89,2.68,157,0.0,0.0,146,0.9
2026-07-30T23:50:00Z,27.7,84,24.7,1012.8,0.89,2.24,157,0.0,0.0,159,1.0
2026-07-31T00:00:00Z,27.9,84,24.9,1012.9,0.89,2.68,157,0.0,0.0,166,1.2
2026-07-31T00:10:00Z,28.1,83,24.9,1012.8,0.89,2.68,157,0.0,0.0,169,1.3
2026-07-31T00:20:00Z,28.4,83,25.2,1012.9,1.34,2.24,157,0.0,0.0,185,1.6
2026-07-31T00:30:00Z,28.7,82,25.3,1013.0,1.34,2.24,157,0.0,0.0,201,1.9
2026-07-31T00:40:00Z,29.0,81,25.4,1013.2,0.89,2.24,157,0.0,0.0,204,2.2
2026-07-31T00:50:00Z,29.4,81,25.8,1013.4,0.45,2.24,157,0.0,0.0,196,2.7
2026-07-31T01:00:00Z,30.0,80,26.2,1013.6,0.45,1.79,157,0.0,0.0,205,3.5
2026-07-31T01:10:00Z,30.3,78,26.0,1013.6,0.45,1.79,157,0.0,0.0,218,3.9
2026-07-31T01:20:00Z,30.6,78,26.3,1013.7,0.89,2.24,157,0.0,0.0,224,4.0
2026-07-31T01:30:00Z,30.9,79,26.8,1013.7,0.45,1.34,157,0.0,0.0,223,4.1
2026-07-31T01:40:00Z,31.3,77,26.8,1013.7,0.0,1.34,157,0.0,0.0,242,5.0
2026-07-31T01:50:00Z,31.7,76,26.9,1013.8,0.45,1.34,180,0.0,0.0,254,6.0
2026-07-31T02:00:00Z,32.4,74,27.2,1013.9,0.0,0.89,180,0.0,0.0,287,6.5
2026-07-31T02:10:00Z,32.5,73,27.0,1014.0,0.45,2.68,202,0.0,0.0,490,6.4
2026-07-31T02:20:00Z,32.4,74,27.2,1013.9,0.45,2.68,292,0.0,0.0,573,6.5
2026-07-31T02:30:00Z,32.3,76,27.5,1014.0,0.89,3.13,292,0.0,0.0,569,6.2
2026-07-31T02:40:00Z,32.2,77,27.7,1013.9,0.45,2.68,292,0.0,0.0,462,6.2
2026-07-31T02:50:00Z,32.2,75,27.2,1013.7,0.45,1.79,292,0.0,0.0,690,7.5
2026-07-31T03:00:00Z,32.6,74,27.4,1013.6,0.45,1.79,270,0.0,0.0,815,8.4
2026-07-31T03:10:00Z,32.9,74,27.6,1013.7,0.45,3.13,270,0.0,0.0,843,8.5
2026-07-31T03:20:00Z,32.9,75,27.9,1013.8,0.45,3.13,292,0.0,0.0,368,8.4
2026-07-31T03:30:00Z,32.8,75,27.8,1013.7,0.89,3.13,292,0.0,0.0,647,10.0
2026-07-31T03:40:00Z,33.0,75,28.0,1013.6,0.45,2.68,292,0.0,0.0,390,9.4
2026-07-31T03:50:00Z,33.2,77,28.6,1013.4,0.89,4.92,270,0.0,0.0,856,10.7
2026-07-31T04:00:00Z,33.3,74,28.0,1013.3,0.45,4.02,180,0.0,0.0,753,9.8
2026-07-31T04:10:00Z,33.5,71,27.5,1013.1,0.89,3.13,157,0.0,0.0,861,10.3
2026-07-31T04:20:00Z,33.6,71,27.6,1013.1,0.89,3.13,247,0.0,0.0,817,9.8
2026-07-31T04:30:00Z,33.7,70,27.5,1013.0,0.45,2.68,112,0.0,0.0,550,10.0
2026-07-31T04:40:00Z,33.8,73,28.3,1012.9,0.89,3.13,315,0.0,0.0,246,8.6
2026-07-31T04:50:00Z,33.6,73,28.1,1012.9,0.89,3.13,270,0.0,0.0,274,6.0
2026-07-31T05:00:00Z,33.1,75,28.1,1012.7,0.89,4.02,292,0.0,0.0,256,4.4
2026-07-31T05:10:00Z,33.1,75,28.1,1012.7,0.45,1.79,292,0.0,0.0,341,5.1
2026-07-31T05:20:00Z,33.1,76,28.3,1012.6,0.45,2.68,292,0.0,0.0,292,4.1
2026-07-31T05:30:00Z,33.0,76,28.2,1012.5,0.45,1.34,270,0.0,0.0,234,3.3
2026-07-31T05:40:00Z,32.7,76,27.9,1012.5,0.89,3.58,270,0.0,0.0,188,2.9
2026-07-31T05:50:00Z,32.3,75,27.3,1012.5,1.34,4.02,247,0.0,0.0,198,3.2
2026-07-31T06:00:00Z,32.1,76,27.3,1012.4,1.34,4.02,247,0.0,0.0,220,3.0
2026-07-31T06:10:00Z,31.7,79,27.6,1012.5,0.89,3.13,247,0.0,0.0,91,1.1
2026-07-31T06:20:00Z,31.4,80,27.5,1012.4,0.89,2.68,247,0.0,0.0,84,1.2
2026-07-31T06:30:00Z,31.2,80,27.3,1012.5,0.45,2.68,180,0.0,0.0,57,0.3
2026-07-31T06:40:00Z,30.7,81,27.1,1012.3,0.89,4.02,180,0.0,0.0,58,0.7
2026-07-31T06:50:00Z,30.1,82,26.7,1012.3,1.34,4.02,67,0.0,0.0,71,0.9
2026-07-31T07:00:00Z,29.9,83,26.7,1012.2,1.79,4.02,157,0.0,0.0,99,1.2
2026-07-31T07:10:00Z,29.8,83,26.6,1012.2,0.89,3.58,270,0.0,0.0,143,1.6
2026-07-31T07:20:00Z,29.9,83,26.7,1012.2,0.89,2.68,157,0.0,0.0,200,2.0
2026-07-31T07:30:00Z,30.2,82,26.8,1012.1,0.45,1.79,202,0.0,0.0,211,1.9
2026-07-31T07:40:00Z,30.3,81,26.7,1012.1,0.45,2.24,202,0.0,0.0,208,1.8
2026-07-31T07:50:00Z,30.6,81,27.0,1012.2,0.45,2.24,270,0.0,0.0,248,1.8
2026-07-31T08:00:00Z,30.7,81,27.1,1012.2,0.45,2.24,315,0.0,0.0,246,1.9
2026-07-31T08:10:00Z,30.7,81,27.1,1012.2,0.45,1.79,315,0.0,0.0,189,1.5
2026-07-31T08:20:00Z,30.7,81,27.1,1012.2,0.45,1.79,292,0.0,0.0,150,1.1
2026-07-31T08:30:00Z,30.7,82,27.3,1012.1,0.45,2.24,292,0.0,0.0,184,1.1
2026-07-31T08:40:00Z,30.7,82,27.3,1012.1,0.45,1.79,292,0.0,0.0,255,1.1
2026-07-31T08:50:00Z,30.6,82,27.2,1012.0,0.45,2.24,315,0.0,0.0,139,0.7
2026-07-31T09:00:00Z,30.4,82,27.0,1012.0,0.45,1.79,315,0.0,0.0,92,0.5
2026-07-31T09:10:00Z,30.1,83,26.9,1011.9,0.89,3.13,292,0.0,0.0,73,0.0
2026-07-31T09:20:00Z,29.9,84,26.9,1011.8,0.89,3.13,315,0.0,0.0,94,0.0
2026-07-31T09:30:00Z,29.9,84,26.9,1011.9,0.45,1.79,315,0.0,0.0,110,0.0
2026-07-31T09:40:00Z,29.9,84,26.9,1012.0,0.45,2.24,315,0.0,0.0,127,0.0
2026-07-31T09:50:00Z,29.8,83,26.6,1011.9,0.45,1.79,315,0.0,0.0,73,0.0
2026-07-31T10:00:00Z,29.7,82,26.3,1011.9,0.0,0.89,315,0.0,0.0,48,0.0
2026-07-31T10:10:00Z,29.7,82,26.3,1011.9,0.0,0.89,315,0.0,0.0,30,0.0
2026-07-31T10:20:00Z,29.5,83,26.3,1011.9,0.45,1.34,315,0.0,0.0,17,0.0
2026-07-31T10:30:00Z,29.3,84,26.3,1012.0,0.0,0.89,315,0.0,0.0,5,0.0
2026-07-31T10:40:00Z,29.1,84,26.1,1012.1,0.45,1.34,315,0.0,0.0,0,0.0
2026-07-31T10:50:00Z,28.9,85,26.1,1012.2,0.45,0.89,315,0.0,0.0,0,0.0
2026-07-31T11:00:00Z,28.7,86,26.1,1012.2,0.0,0.0,,0.0,0.0,0,0.0
2026-07-31T11:10:00Z,28.5,86,25.9,1012.5,0.0,0.0,,0.0,0.0,0,0.0
2026-07-31T11:20:00Z,28.3,86,25.7,1012.7,0.0,0.0,,0.0,0.0,0,0.0
2026-07-31T11:30:00Z,28.2,86,25.6,1012.8,0.0,0.0,,0.0,0.0,0,0.0
2026-07-31T11:40:00Z,28.0,86,25.4,1012.7,0.0,0.89,315,0.0,0.0,0,0.0
2026-07-31T11:50:00Z,27.9,87,25.5,1012.7,0.0,0.89,315,0.0,0.0,0,0.0
2026-07-31T12:00:00Z,27.8,86,25.2,1012.7,0.45,0.89,315,0.0,0.0,0,0.0
2026-07-31T12:10:00Z,27.7,86,25.1,1012.7,0.45,2.24,315,0.0,0.0,0,0.0
2026-07-31T12:20:00Z,27.6,86,25.0,1012.7,0.45,1.79,112,0.0,0.0,0,0.0
2026-07-31T12:30:00Z,27.6,86,25.0,1012.9,0.89,2.24,135,0.0,0.0,0,0.0
2026-07-31T12:40:00Z,27.6,86,25.0,1012.9,0.0,1.34,135,0.0,0.0,0,0.0
2026-07-31T12:50:00Z,27.6,86,25.0,1013.0,0.0,1.34,135,0.0,0.0,0,0.0
2026-07-31T13:00:00Z,27.6,86,25.0,1012.9,0.45,1.79,135,0.0,0.0,0,0.0
2026-07-31T13:10:00Z,27.6,86,25.0,1012.8,0.45,1.34,135,0.0,0.0,0,0.0
2026-07-31T13:20:00Z,27.6,86,25.0,1013.0,0.45,1.34,135,0.0,0.0,0,0.0
2026-07-31T13:30:00Z,27.4,86,24.8,1013.1,0.45,1.79,135,0.0,0.0,0,0.0
2026-07-31T13:40:00Z,27.3,86,24.7,1013.3,0.45,1.34,135,0.0,0.0,0,0.0
2026-07-31T13:50:00Z,27.2,86,24.7,1013.4,0.45,1.79,135,0.0,0.0,0,0.0
2026-07-31T14:00:00Z,27.1,85,24.4,1013.4,0.45,1.79,135,0.0,0.0,0,0.0
2026-07-31T14:10:00Z,27.2,86,24.7,1013.5,0.0,1.34,135,0.0,0.0,0,0.0
2026-07-31T14:20:00Z,27.1,85,24.4,1013.4,0.0,1.34,157,0.0,0.0,0,0.0
2026-07-31T14:30:00Z,27.1,85,24.4,1013.3,0.0,1.34,135,0.0,0.0,0,0.0
2026-07-31T14:40:00Z,27.0,85,24.3,1013.3,0.45,2.24,157,0.0,0.0,0,0.0
2026-07-31T14:50:00Z,27.0,85,24.3,1013.3,0.45,1.79,157,0.0,0.0,0,0.0
2026-07-31T15:00:00Z,27.1,85,24.4,1013.3,0.45,1.34,157,0.0,0.0,0,0.0
2026-07-31T15:10:00Z,26.9,85,24.2,1013.1,0.45,1.79,157,0.0,0.0,0,0.0
2026-07-31T15:20:00Z,26.9,85,24.2,1013.1,0.45,2.24,157,0.0,0.0,0,0.0
2026-07-31T15:30:00Z,26.9,85,24.2,1013.1,0.45,1.79,157,0.0,0.0,0,0.0
2026-07-31T15:40:00Z,26.8,85,24.1,1012.9,0.45,1.79,157,0.0,0.0,0,0.0
2026-07-31T15:50:00Z,26.7,85,24.0,1012.9,0.45,1.79,135,0.0,0.0,0,0.0
