observed_at_utc,temp_c,humidity_pct,dew_point_c,pressure_hpa,wind_speed_ms,wind_gust_ms,wind_dir_deg,rain_mm,rain_rate_mmhr,solar_wm2,uv_index
2026-07-31T16:00:00Z,26.7,84,23.8,1013.1,0.89,2.24,157,0.0,0.0,0,0.0
2026-07-31T16:10:00Z,26.9,84,24.0,1013.0,0.89,2.24,157,0.0,0.0,0,0.0
2026-07-31T16:20:00Z,26.9,83,23.8,1013.0,0.89,1.79,157,0.0,0.0,0,0.0
2026-07-31T16:30:00Z,26.8,84,23.9,1013.0,0.45,1.79,157,0.0,0.0,0,0.0
2026-07-31T16:40:00Z,26.8,84,23.9,1013.0,0.0,1.34,157,0.0,0.0,0,0.0
2026-07-31T16:50:00Z,26.7,84,23.8,1012.8,0.0,1.34,157,0.0,0.0,0,0.0
2026-07-31T17:00:00Z,26.6,84,23.7,1012.6,0.0,0.89,157,0.0,0.0,0,0.0
2026-07-31T17:10:00Z,26.5,84,23.6,1012.6,0.0,0.89,157,0.0,0.0,0,0.0
2026-07-31T17:20:00Z,26.4,84,23.5,1012.6,0.0,1.34,157,0.0,0.0,0,0.0
2026-07-31T17:30:00Z,26.3,85,23.6,1012.5,0.45,1.34,157,0.0,0.0,0,0.0
2026-07-31T17:40:00Z,26.3,85,23.6,1012.7,0.0,0.89,157,0.0,0.0,0,0.0
2026-07-31T17:50:00Z,26.3,85,23.6,1012.5,0.0,0.0,,0.0,0.0,0,0.0
2026-07-31T18:00:00Z,26.1,86,23.6,1012.5,0.0,0.0,,0.0,0.0,0,0.0
2026-07-31T18:10:00Z,26.1,86,23.6,1012.4,0.0,0.45,157,0.0,0.0,0,0.0
2026-07-31T18:20:00Z,26.0,87,23.7,1012.3,0.45,1.34,157,0.0,0.0,0,0.0
2026-07-31T18:30:00Z,25.9,87,23.6,1012.4,0.0,0.89,157,0.0,0.0,0,0.0
2026-07-31T18:40:00Z,25.9,87,23.6,1012.3,0.0,1.34,157,0.0,0.0,0,0.0
2026-07-31T18:50:00Z,25.9,87,23.6,1012.3,0.0,0.89,157,0.0,0.0,0,0.0
2026-07-31T19:00:00Z,25.9,88,23.8,1012.1,0.0,1.34,157,0.0,0.0,0,0.0
2026-07-31T19:10:00Z,25.9,88,23.8,1012.1,0.0,1.34,157,0.0,0.0,0,0.0
2026-07-31T19:20:00Z,25.8,88,23.7,1012.1,0.89,2.24,157,0.0,0.0,0,0.0
2026-07-31T19:30:00Z,25.7,88,23.6,1012.0,0.45,1.34,157,0.0,0.0,0,0.0
2026-07-31T19:40:00Z,25.7,88,23.6,1012.0,0.45,1.34,157,0.0,0.0,0,0.0
2026-07-31T19:50:00Z,25.6,88,23.5,1012.0,0.0,0.45,157,0.0,0.0,0,0.0
2026-07-31T20:00:00Z,25.5,88,23.4,1012.0,0.89,1.34,157,0.0,0.0,0,0.0
2026-07-31T20:10:00Z,25.4,89,23.5,1011.9,0.0,0.89,157,0.0,0.0,0,0.0
2026-07-31T20:20:00Z,25.4,89,23.5,1011.9,0.45,1.34,157,0.0,0.0,0,0.0
2026-07-31T20:30:00Z,25.4,89,23.5,1012.0,0.45,1.79,157,0.0,0.0,0,0.0
2026-07-31T20:40:00Z,25.3,89,23.4,1012.0,0.45,1.79,157,0.0,0.0,0,0.0
2026-07-31T20:50:00Z,25.3,89,23.4,1011.9,0.0,0.89,157,0.0,0.0,0,0.0
2026-07-31T21:00:00Z,25.3,89,23.4,1011.8,0.0,0.89,157,0.0,0.0,0,0.0
2026-07-31T21:10:00Z,25.3,89,23.4,1011.9,0.45,1.34,157,0.0,0.0,0,0.0
2026-07-31T21:20:00Z,25.3,89,23.4,1011.7,0.45,1.79,157,0.0,0.0,0,0.0
2026-07-31T21:30:00Z,25.3,89,23.4,1011.7,0.45,1.79,157,0.0,0.0,0,0.0
2026-07-31T21:40:00Z,25.3,89,23.4,1011.9,0.0,1.34,135,0.0,0.0,0,0.0
2026-07-31T21:50:00Z,25.2,89,23.3,1012.1,0.0,1.34,135,0.0,0.0,6,0.0
2026-07-31T22:00:00Z,25.2,89,23.3,1012.1,0.0,1.79,135,0.0,0.0,11,0.0
2026-07-31T22:10:00Z,25.3,89,23.4,1012.2,0.45,1.34,135,0.0,0.0,15,0.0
2026-07-31T22:20:00Z,25.3,89,23.4,1012.3,0.45,1.34,135,0.0,0.0,21,0.0
2026-07-31T22:30:00Z,25.4,89,23.5,1012.4,0.0,0.45,135,0.0,0.0,31,0.0
2026-07-31T22:40:00Z,25.5,89,23.6,1012.4,0.0,0.89,135,0.0,0.0,46,0.0
2026-07-31T22:50:00Z,25.6,89,23.6,1012.5,0.0,0.45,135,0.0,0.0,65,0.0
2026-07-31T23:00:00Z,25.8,89,23.8,1012.6,0.0,0.89,135,0.0,0.0,81,0.0
2026-07-31T23:10:00Z,26.0,89,24.0,1012.5,0.0,1.34,135,0.0,0.0,87,0.0
2026-07-31T23:20:00Z,26.2,89,24.2,1012.6,0.0,1.34,135,0.0,0.0,94,0.3
2026-07-31T23:30:00Z,26.3,89,24.3,1012.6,0.89,1.79,135,0.0,0.0,110,0.6
2026-07-31T23:40:00Z,26.6,89,24.6,1012.5,0.89,2.24,135,0.0,0.0,118,0.7
2026-07-31T23:50:00Z,26.8,88,24.6,1012.6,0.45,1.34,135,0.0,0.0,123,0.8
2026-08-01T00:00:00Z,27.1,88,24.9,1012.5,0.45,1.79,135,0.0,0.0,117,0.9
2026-08-01T00:10:00Z,27.2,87,24.8,1012.6,0.45,1.34,135,0.0,0.0,124,0.9
2026-08-01T00:20:00Z,27.5,87,25.1,1012.4,0.45,1.79,135,0.0,0.0,139,1.1
2026-08-01T00:30:00Z,27.7,87,25.3,1012.5,0.45,1.79,135,0.0,0.0,135,1.1
2026-08-01T00:40:00Z,27.9,87,25.5,1012.6,0.0,0.89,135,0.0,0.0,129,1.1
2026-08-01T00:50:00Z,28.1,87,25.7,1012.6,0.0,0.89,135,0.0,0.0,141,1.3
2026-08-01T01:00:00Z,28.2,87,25.8,1012.6,0.45,1.34,135,0.0,0.0,168,1.6
2026-08-01T01:10:00Z,28.4,87,26.0,1012.6,0.0,0.89,135,0.0,0.0,184,1.9
2026-08-01T01:20:00Z,28.6,86,26.0,1012.7,0.0,0.89,135,0.0,0.0,180,1.9
2026-08-01T01:30:00Z,28.8,85,26.0,1012.7,0.0,0.89,135,0.0,0.0,186,2.1
2026-08-01T01:40:00Z,29.0,84,26.0,1012.7,0.0,1.34,135,0.0,0.0,208,2.4
2026-08-01T01:50:00Z,29.2,84,26.2,1012.6,0.45,1.34,135,0.0,0.0,239,3.0
2026-08-01T02:00:00Z,29.5,83,26.3,1012.5,0.45,1.34,135,0.0,0.0,341,4.1
2026-08-01T02:10:00Z,29.9,82,26.5,1012.5,0.89,2.24,135,0.0,0.0,444,5.0
2026-08-01T02:20:00Z,30.3,81,26.7,1012.5,0.89,3.58,157,0.0,0.0,409,5.1
2026-08-01T02:30:00Z,30.6,81,27.0,1012.2,0.89,2.68,90,0.0,0.0,484,5.9
2026-08-01T02:40:00Z,30.9,78,26.6,1012.3,0.89,3.13,135,0.0,0.0,476,5.9
2026-08-01T02:50:00Z,31.2,77,26.7,1012.2,0.89,2.68,135,0.0,0.0,486,6.0
2026-08-01T03:00:00Z,31.6,76,26.8,1012.3,0.89,3.58,157,0.0,0.0,722,7.6
2026-08-01T03:10:00Z,31.9,76,27.1,1012.4,0.89,3.58,90,0.0,0.0,536,6.5
2026-08-01T03:20:00Z,32.0,75,27.0,1012.4,0.89,2.68,90,0.0,0.0,519,6.5
2026-08-01T03:30:00Z,32.1,76,27.3,1012.4,0.45,1.79,112,0.0,0.0,390,5.5
2026-08-01T03:40:00Z,32.1,76,27.3,1012.3,0.45,1.34,112,0.0,0.0,392,5.9
2026-08-01T03:50:00Z,32.1,77,27.6,1012.3,0.45,2.68,112,0.0,0.0,386,5.9
2026-08-01T04:00:00Z,32.1,78,27.8,1012.2,0.45,1.34,90,0.0,0.0,411,5.8
2026-08-01T04:10:00Z,31.9,79,27.8,1012.1,0.45,1.34,0,0.0,0.0,363,6.6
2026-08-01T04:20:00Z,31.8,80,27.9,1012.0,0.45,1.34,0,0.0,0.0,314,6.6
2026-08-01T04:30:00Z,31.9,79,27.8,1011.9,0.45,3.13,315,0.0,0.0,327,7.4
2026-08-01T04:40:00Z,32.2,79,28.1,1011.9,0.45,1.34,315,0.0,0.0,340,8.4
2026-08-01T04:50:00Z,32.4,77,27.8,1012.0,0.89,2.24,315,0.0,0.0,426,9.9
2026-08-01T05:00:00Z,32.6,77,28.0,1011.9,0.89,3.13,292,0.0,0.0,1062,10.4
2026-08-01T05:10:00Z,32.7,77,28.1,1011.8,0.89,3.13,270,0.0,0.0,748,7.7
2026-08-01T05:20:00Z,32.9,77,28.3,1011.9,0.89,3.58,270,0.0,0.0,944,8.9
2026-08-01T05:30:00Z,32.9,77,28.3,1011.9,0.45,2.68,292,0.0,0.0,847,6.6
2026-08-01T05:40:00Z,32.8,75,27.8,1011.8,0.89,3.58,270,0.0,0.0,835,7.4
2026-08-01T05:50:00Z,32.6,76,27.8,1011.7,0.89,3.58,247,0.0,0.0,845,7.2
2026-08-01T06:00:00Z,32.4,77,27.8,1011.7,0.89,3.13,270,0.0,0.0,564,6.0
2026-08-01T06:10:00Z,32.6,78,28.3,1011.6,0.89,3.58,292,0.0,0.0,970,7.6
2026-08-01T06:20:00Z,32.9,77,28.3,1011.7,1.34,3.13,292,0.0,0.0,950,7.2
2026-08-01T06:30:00Z,33.2,78,28.8,1011.4,0.89,3.13,315,0.0,0.0,877,6.3
2026-08-01T06:40:00Z,33.1,76,28.3,1011.4,0.89,2.68,315,0.0,0.0,644,4.6
2026-08-01T06:50:00Z,33.0,77,28.4,1011.3,0.89,2.24,315,0.0,0.0,766,5.1
2026-08-01T07:00:00Z,33.1,78,28.7,1011.2,0.89,3.13,292,0.0,0.0,755,4.7
2026-08-01T07:10:00Z,33.2,77,28.6,1010.9,0.89,1.79,315,0.0,0.0,655,4.1
2026-08-01T07:20:00Z,33.1,77,28.5,1010.6,0.89,2.24,315,0.0,0.0,559,3.6
2026-08-01T07:30:00Z,32.4,78,28.1,1010.8,0.89,2.24,315,0.0,0.0,582,3.3
2026-08-01T07:40:00Z,32.2,79,28.1,1010.7,1.34,3.13,315,0.0,0.0,647,3.2
2026-08-01T07:50:00Z,32.2,79,28.1,1010.5,0.89,3.13,292,0.0,0.0,656,3.0
2026-08-01T08:00:00Z,31.9,79,27.8,1010.5,0.89,2.24,292,0.0,0.0,493,2.2
2026-08-01T08:10:00Z,31.8,79,27.7,1010.6,1.34,3.58,315,0.0,0.0,581,2.2
2026-08-01T08:20:00Z,31.8,79,27.7,1010.6,1.34,3.13,315,0.0,0.0,500,1.8
2026-08-01T08:30:00Z,31.6,79,27.5,1010.7,1.34,3.13,292,0.0,0.0,474,1.5
2026-08-01T08:40:00Z,31.3,79,27.2,1010.5,1.34,3.13,292,0.0,0.0,321,1.1
2026-08-01T08:50:00Z,30.9,80,27.0,1010.6,1.34,3.13,292,0.0,0.0,142,0.7
2026-08-01T09:00:00Z,30.6,81,27.0,1010.6,0.89,2.24,315,0.0,0.0,78,0.4
2026-08-01T09:10:00Z,30.4,82,27.0,1010.6,0.89,2.24,315,0.0,0.0,83,0.0
2026-08-01T09:20:00Z,30.3,82,26.9,1010.7,0.89,2.24,315,0.0,0.0,90,0.0
2026-08-01T09:30:00Z,30.2,82,26.8,1010.7,0.89,2.24,315,0.0,0.0,80,0.0
2026-08-01T09:40:00Z,30.1,82,26.7,1010.9,0.45,1.79,315,0.0,0.0,68,0.0
2026-08-01T09:50:00Z,30.1,82,26.7,1010.9,0.89,2.24,315,0.0,0.0,58,0.0
2026-08-01T10:00:00Z,30.0,82,26.6,1010.8,0.45,1.79,315,0.0,0.0,48,0.0
2026-08-01T10:10:00Z,29.9,82,26.5,1010.7,0.89,1.79,315,0.0,0.0,32,0.0
2026-08-01T10:20:00Z,29.9,82,26.5,1010.8,0.45,1.79,315,0.0,0.0,18,0.0
2026-08-01T10:30:00Z,29.8,82,26.4,1010.8,0.45,1.34,315,0.0,0.0,4,0.0
2026-08-01T10:40:00Z,29.8,83,26.6,1011.1,0.0,0.89,315,0.0,0.0,0,0.0
2026-08-01T10:50:00Z,29.7,83,26.5,1011.4,0.45,0.89,315,0.0,0.0,0,0.0
2026-08-01T11:00:00Z,29.3,84,26.3,1011.7,0.45,1.34,315,0.0,0.0,0,0.0
2026-08-01T11:10:00Z,28.9,84,25.9,1012.0,0.45,0.89,315,0.0,0.0,0,0.0
2026-08-01T11:20:00Z,28.8,85,26.0,1011.9,0.0,0.89,315,0.0,0.0,0,0.0
2026-08-01T11:30:00Z,28.6,86,26.0,1012.1,0.45,1.34,315,0.0,0.0,0,0.0
2026-08-01T11:40:00Z,28.3,86,25.7,1012.2,0.0,0.45,315,0.0,0.0,0,0.0
2026-08-01T11:50:00Z,28.1,85,25.3,1012.2,0.0,0.89,315,0.0,0.0,0,0.0
2026-08-01T12:00:00Z,27.9,85,25.1,1012.4,0.0,0.89,315,0.0,0.0,0,0.0
2026-08-01T12:10:00Z,27.9,86,25.3,1012.4,0.45,1.34,315,0.0,0.0,0,0.0
2026-08-01T12:20:00Z,27.7,86,25.1,1012.5,0.0,1.34,315,0.0,0.0,0,0.0
2026-08-01T12:30:00Z,27.6,86,25.0,1012.6,0.0,0.89,315,0.0,0.0,0,0.0
2026-08-01T12:40:00Z,27.6,85,24.8,1012.8,0.0,0.89,315,0.0,0.0,0,0.0
2026-08-01T12:50:00Z,27.6,85,24.8,1012.7,0.0,0.89,315,0.0,0.0,0,0.0
2026-08-01T13:00:00Z,27.4,84,24.5,1012.7,0.0,0.45,315,0.0,0.0,0,0.0
2026-08-01T13:10:00Z,27.2,85,24.5,1012.9,0.45,1.34,315,0.0,0.0,0,0.0
2026-08-01T13:20:00Z,27.1,85,24.4,1013.0,0.45,1.79,315,0.0,0.0,0,0.0
2026-08-01T13:30:00Z,26.9,85,24.2,1013.0,0.45,1.34,315,0.0,0.0,0,0.0
2026-08-01T13:40:00Z,26.9,85,24.2,1013.1,0.0,0.0,,0.0,0.0,0,0.0
2026-08-01T13:50:00Z,26.7,85,24.0,1013.3,0.45,1.79,45,0.0,0.0,0,0.0
2026-08-01T14:00:00Z,26.7,85,24.0,1013.2,0.45,1.34,67,0.0,0.0,0,0.0
2026-08-01T14:10:00Z,26.6,85,23.9,1013.1,0.45,1.34,67,0.0,0.0,0,0.0
2026-08-01T14:20:00Z,26.6,85,23.9,1013.0,0.45,1.79,67,0.0,0.0,0,0.0
2026-08-01T14:30:00Z,26.5,85,23.8,1013.0,0.45,1.34,67,0.0,0.0,0,0.0
2026-08-01T14:40:00Z,26.4,86,23.9,1013.0,0.45,1.34,67,0.0,0.0,0,0.0
2026-08-01T14:50:00Z,26.3,85,23.6,1013.0,0.45,1.79,67,0.0,0.0,0,0.0
2026-08-01T15:00:00Z,26.3,85,23.6,1013.0,0.45,1.34,67,0.0,0.0,0,0.0
2026-08-01T15:10:00Z,26.3,85,23.6,1013.1,0.45,2.24,90,0.0,0.0,0,0.0
2026-08-01T15:20:00Z,26.3,85,23.6,1013.1,0.0,1.34,90,0.0,0.0,0,0.0
2026-08-01T15:30:00Z,26.2,86,23.7,1013.1,0.45,1.79,90,0.0,0.0,0,0.0
2026-08-01T15:40:00Z,26.1,86,23.6,1013.2,0.45,2.68,90,0.0,0.0,0,0.0
2026-08-01T15:50:00Z,26.1,86,23.6,1013.2,0.45,1.79,90,0.0,0.0,0,0.0
2026-08-01T16:00:00Z,25.9,86,23.4,1013.1,0.89,1.79,90,0.0,0.0,0,0.0
2026-08-01T16:10:00Z,25.8,87,23.5,1012.9,0.45,1.34,90,0.0,0.0,0,0.0
2026-08-01T16:20:00Z,25.8,87,23.5,1012.9,0.0,1.34,90,0.0,0.0,0,0.0
2026-08-01T16:30:00Z,25.7,87,23.4,1012.8,0.45,1.79,90,0.0,0.0,0,0.0
2026-08-01T16:40:00Z,25.7,88,23.6,1012.7,0.45,1.79,90,0.0,0.0,0,0.0
2026-08-01T16:50:00Z,25.6,88,23.5,1012.4,0.89,1.79,90,0.0,0.0,0,0.0
2026-08-01T17:00:00Z,25.5,88,23.4,1012.3,0.89,1.79,90,0.0,0.0,0,0.0
2026-08-01T17:10:00Z,25.4,88,23.3,1012.2,0.89,1.79,90,0.0,0.0,0,0.0
2026-08-01T17:20:00Z,25.4,88,23.3,1012.2,0.0,0.89,90,0.0,0.0,0,0.0
2026-08-01T17:30:00Z,25.3,88,23.2,1012.0,0.45,1.34,90,0.0,0.0,0,0.0
2026-08-01T17:40:00Z,25.3,88,23.2,1011.8,0.45,2.68,90,0.0,0.0,0,0.0
2026-08-01T17:50:00Z,25.3,88,23.2,1011.8,0.45,1.79,112,0.0,0.0,0,0.0
2026-08-01T18:00:00Z,25.2,88,23.1,1011.7,0.45,1.34,112,0.0,0.0,0,0.0
2026-08-01T18:10:00Z,25.2,88,23.1,1011.7,0.45,1.79,112,0.0,0.0,0,0.0
2026-08-01T18:20:00Z,25.2,89,23.3,1011.5,0.0,1.34,112,0.0,0.0,0,0.0
2026-08-01T18:30:00Z,25.1,89,23.2,1011.3,0.45,1.34,112,0.0,0.0,0,0.0
2026-08-01T18:40:00Z,25.1,89,23.2,1011.5,0.45,1.34,112,0.0,0.0,0,0.0
2026-08-01T18:50:00Z,25.0,89,23.1,1011.4,0.45,1.79,112,0.0,0.0,0,0.0
2026-08-01T19:00:00Z,24.9,89,23.0,1011.3,0.0,1.79,112,0.0,0.0,0,0.0
2026-08-01T19:10:00Z,24.9,89,23.0,1011.3,0.45,1.79,112,0.0,0.0,0,0.0
2026-08-01T19:20:00Z,24.9,89,23.0,1011.2,0.45,1.79,112,0.0,0.0,0,0.0
2026-08-01T19:30:00Z,24.9,89,23.0,1011.1,0.45,1.34,112,0.0,0.0,0,0.0
2026-08-01T19:40:00Z,24.9,89,23.0,1011.1,0.89,2.68,112,0.0,0.0,0,0.0
2026-08-01T19:50:00Z,24.9,89,23.0,1011.1,0.45,1.34,112,0.0,0.0,0,0.0
2026-08-01T20:00:00Z,24.9,89,23.0,1011.1,0.45,1.34,112,0.0,0.0,0,0.0
2026-08-01T20:10:00Z,24.8,89,22.9,1011.1,0.45,1.79,112,0.0,0.0,0,0.0
2026-08-01T20:20:00Z,24.8,89,22.9,1011.1,0.45,1.79,112,0.0,0.0,0,0.0
2026-08-01T20:30:00Z,24.8,89,22.9,1011.2,0.89,1.79,112,0.0,0.0,0,0.0
2026-08-01T20:40:00Z,24.8,89,22.9,1011.2,0.89,1.79,112,0.0,0.0,0,0.0
2026-08-01T20:50:00Z,24.8,89,22.9,1011.2,0.89,1.79,112,0.0,0.0,0,0.0
2026-08-01T21:00:00Z,24.9,89,23.0,1011.2,0.89,1.79,135,0.0,0.0,0,0.0
2026-08-01T21:10:00Z,24.9,89,23.0,1011.2,0.45,1.34,135,0.0,0.0,0,0.0
2026-08-01T21:20:00Z,24.9,89,23.0,1011.3,0.89,2.24,135,0.0,0.0,0,0.0
2026-08-01T21:30:00Z,24.9,89,23.0,1011.4,0.89,2.24,135,0.0,0.0,0,0.0
2026-08-01T21:40:00Z,24.9,89,23.0,1011.4,0.89,2.24,135,0.0,0.0,8,0.0
2026-08-01T21:50:00Z,25.0,89,23.1,1011.4,0.0,1.34,135,0.0,0.0,13,0.0
2026-08-01T22:00:00Z,25.1,89,23.2,1011.5,0.0,1.34,135,0.0,0.0,20,0.0
2026-08-01T22:10:00Z,25.2,89,23.3,1011.6,0.0,0.0,,0.0,0.0,28,0.0
2026-08-01T22:20:00Z,25.3,89,23.4,1011.5,0.45,1.79,135,0.0,0.0,38,0.0
2026-08-01T22:30:00Z,25.4,89,23.5,1011.5,0.45,1.34,135,0.0,0.0,51,0.0
2026-08-01T22:40:00Z,25.7,89,23.7,1011.4,0.89,2.24,135,0.0,0.0,68,0.0
2026-08-01T22:50:00Z,25.9,89,23.9,1011.4,0.45,1.79,135,0.0,0.0,85,0.0
2026-08-01T23:00:00Z,26.2,89,24.2,1011.5,0.0,0.89,135,0.0,0.0,100,0.3
2026-08-01T23:10:00Z,26.7,89,24.7,1011.5,0.45,1.79,135,0.0,0.0,117,0.6
2026-08-01T23:20:00Z,27.2,88,25.0,1011.5,0.45,2.68,135,0.0,0.0,126,0.8
2026-08-01T23:30:00Z,27.8,86,25.2,1011.4,0.89,3.13,112,0.0,0.0,136,1.0
2026-08-01T23:40:00Z,28.2,84,25.2,1011.5,0.89,1.79,112,0.0,0.0,143,1.2
2026-08-01T23:50:00Z,28.7,83,25.5,1011.6,0.89,3.13,90,0.0,0.0,152,1.4
2026-08-02T00:00:00Z,29.2,82,25.8,1011.7,0.45,2.68,90,0.0,0.0,155,1.6
2026-08-02T00:10:00Z,29.3,80,25.5,1011.8,0.89,3.13,67,0.0,0.0,146,1.6
2026-08-02T00:20:00Z,29.4,79,25.4,1011.8,0.89,3.58,112,0.0,0.0,127,1.6
2026-08-02T00:30:00Z,29.4,79,25.4,1012.0,0.89,2.68,135,0.0,0.0,138,1.8
2026-08-02T00:40:00Z,29.6,79,25.6,1012.0,0.89,2.24,90,0.0,0.0,206,2.4
2026-08-02T00:50:00Z,29.9,79,25.9,1011.9,0.89,3.58,90,0.0,0.0,149,2.6
2026-08-02T01:00:00Z,30.4,78,26.1,1012.0,0.89,4.02,135,0.0,0.0,163,3.5
2026-08-02T01:10:00Z,30.7,77,26.2,1012.1,0.89,4.02,67,0.0,0.0,153,3.5
2026-08-02T01:20:00Z,30.7,77,26.2,1012.2,0.89,2.24,90,0.0,0.0,127,3.5
2026-08-02T01:30:00Z,31.0,77,26.5,1012.2,0.89,3.58,157,0.0,0.0,110,4.6
2026-08-02T01:40:00Z,31.6,77,27.1,1012.1,0.45,3.58,90,0.0,0.0,107,5.8
2026-08-02T01:50:00Z,32.0,76,27.2,1012.1,0.89,4.02,135,0.0,0.0,126,6.4
2026-08-02T02:00:00Z,32.3,74,27.1,1012.1,0.89,2.68,135,0.0,0.0,538,6.8
2026-08-02T02:10:00Z,32.6,75,27.6,1011.9,0.89,3.58,157,0.0,0.0,676,7.3
2026-08-02T02:20:00Z,32.8,75,27.8,1011.7,0.89,2.68,157,0.0,0.0,514,7.7
2026-08-02T02:30:00Z,32.3,76,27.5,1011.7,1.34,4.02,292,0.0,0.0,162,7.0
2026-08-02T02:40:00Z,31.9,77,27.4,1011.9,1.34,3.13,292,0.0,0.0,193,7.8
2026-08-02T02:50:00Z,31.8,77,27.3,1011.7,0.89,3.13,292,0.0,0.0,844,8.5
2026-08-02T03:00:00Z,31.7,78,27.4,1011.7,1.34,4.02,292,0.0,0.0,211,8.0
2026-08-02T03:10:00Z,31.8,78,27.5,1011.7,1.34,3.58,292,0.0,0.0,167,9.1
2026-08-02T03:20:00Z,31.9,77,27.4,1011.6,1.34,4.02,292,0.0,0.0,202,9.4
2026-08-02T03:30:00Z,32.1,78,27.8,1011.5,1.34,3.58,292,0.0,0.0,257,10.0
2026-08-02T03:40:00Z,32.3,77,27.7,1011.5,0.89,3.58,292,0.0,0.0,355,9.8
2026-08-02T03:50:00Z,32.3,78,28.0,1011.6,0.89,3.58,292,0.0,0.0,225,9.9
2026-08-02T04:00:00Z,32.4,77,27.8,1011.5,1.34,3.58,292,0.0,0.0,853,10.2
2026-08-02T04:10:00Z,32.3,77,27.7,1011.5,0.89,3.13,315,0.0,0.0,632,8.6
2026-08-02T04:20:00Z,32.3,76,27.5,1011.5,0.89,2.24,292,0.0,0.0,1057,8.8
2026-08-02T04:30:00Z,32.4,77,27.8,1011.5,0.89,3.13,292,0.0,0.0,1044,9.8
2026-08-02T04:40:00Z,32.5,77,27.9,1011.3,0.89,3.13,292,0.0,0.0,1038,10.0
2026-08-02T04:50:00Z,32.6,77,28.0,1011.3,0.89,2.68,292,0.0,0.0,1024,9.8
2026-08-02T05:00:00Z,32.7,76,27.9,1011.4,0.89,3.13,292,0.0,0.0,1088,9.5
2026-08-02T05:10:00Z,32.9,75,27.9,1011.5,0.89,3.13,292,0.0,0.0,1110,8.7
2026-08-02T05:20:00Z,32.9,75,27.9,1011.5,0.45,3.13,292,0.0,0.0,641,7.3
2026-08-02T05:30:00Z,32.7,75,27.7,1011.4,0.89,2.68,292,0.0,0.0,646,6.0
2026-08-02T05:40:00Z,32.9,74,27.6,1011.4,0.89,2.24,292,0.0,0.0,1137,7.6
2026-08-02T05:50:00Z,32.7,75,27.7,1011.3,0.89,1.79,292,0.0,0.0,260,4.8
2026-08-02T06:00:00Z,32.7,75,27.7,1011.2,0.45,2.24,292,0.0,0.0,330,6.2
2026-08-02T06:10:00Z,32.8,75,27.8,1011.2,0.45,1.79,292,0.0,0.0,1013,7.0
2026-08-02T06:20:00Z,32.9,72,27.2,1011.1,0.45,2.68,292,0.0,0.0,978,6.8
2026-08-02T06:30:00Z,33.3,70,27.1,1011.2,0.89,4.02,112,0.0,0.0,865,6.1
2026-08-02T06:40:00Z,33.2,71,27.2,1011.1,1.34,3.58,67,0.0,0.0,718,5.5
2026-08-02T06:50:00Z,33.2,71,27.2,1011.1,1.34,4.92,157,0.0,0.0,811,5.6
2026-08-02T07:00:00Z,33.1,71,27.1,1011.2,1.34,4.92,135,0.0,0.0,787,5.1
2026-08-02T07:10:00Z,33.2,72,27.5,1011.0,0.89,3.58,157,0.0,0.0,773,4.7
2026-08-02T07:20:00Z,33.2,71,27.2,1010.8,1.34,4.02,112,0.0,0.0,757,4.3
2026-08-02T07:30:00Z,33.2,70,27.0,1010.8,1.34,3.58,157,0.0,0.0,723,3.8
2026-08-02T07:40:00Z,33.1,70,26.9,1010.7,0.89,4.02,157,0.0,0.0,700,3.4
2026-08-02T07:50:00Z,32.9,71,26.9,1010.6,1.34,4.92,90,0.0,0.0,663,3.0
2026-08-02T08:00:00Z,32.8,70,26.6,1010.6,1.34,4.47,67,0.0,0.0,639,2.6
2026-08-02T08:10:00Z,32.6,71,26.7,1010.3,1.79,4.02,67,0.0,0.0,611,2.2
2026-08-02T08:20:00Z,32.3,71,26.4,1010.3,2.24,5.81,90,0.0,0.0,556,1.9
2026-08-02T08:30:00Z,32.2,72,26.5,1010.3,1.34,4.47,90,0.0,0.0,525,1.6
2026-08-02T08:40:00Z,32.2,72,26.5,1010.3,1.79,4.47,135,0.0,0.0,494,1.3
2026-08-02T08:50:00Z,32.1,73,26.6,1010.4,1.34,3.58,90,0.0,0.0,446,1.1
2026-08-02T09:00:00Z,31.9,71,26.0,1010.4,1.34,3.13,112,0.0,0.0,404,0.8
2026-08-02T09:10:00Z,31.9,72,26.2,1010.2,1.34,3.58,90,0.0,0.0,375,0.6
2026-08-02T09:20:00Z,31.7,73,26.3,1010.2,1.34,4.92,112,0.0,0.0,270,0.3
2026-08-02T09:30:00Z,31.7,76,26.9,1010.4,0.89,3.13,315,0.0,0.0,204,0.0
2026-08-02T09:40:00Z,31.7,78,27.4,1010.5,1.34,3.58,292,0.0,0.0,212,0.0
2026-08-02T09:50:00Z,31.3,78,27.0,1010.7,0.89,2.68,292,0.0,0.0,52,0.0
2026-08-02T10:00:00Z,30.9,79,26.8,1010.9,0.89,1.79,315,0.0,0.0,31,0.0
2026-08-02T10:10:00Z,30.6,79,26.5,1010.9,0.45,1.34,292,0.0,0.0,17,0.0
2026-08-02T10:20:00Z,30.5,80,26.7,1011.0,0.45,1.34,292,0.0,0.0,12,0.0
2026-08-02T10:30:00Z,30.3,80,26.5,1011.2,0.45,1.34,292,0.0,0.0,6,0.0
2026-08-02T10:40:00Z,29.9,80,26.1,1011.4,0.45,1.79,292,0.0,0.0,0,0.0
2026-08-02T10:50:00Z,29.8,81,26.2,1011.7,0.0,0.89,292,0.0,0.0,0,0.0
2026-08-02T11:00:00Z,29.7,81,26.1,1011.5,0.0,0.89,292,0.0,0.0,0,0.0
2026-08-02T11:10:00Z,29.3,81,25.7,1011.5,0.45,1.34,292,0.0,0.0,0,0.0
2026-08-02T11:20:00Z,28.9,82,25.5,1011.4,0.45,1.34,292,0.0,0.0,0,0.0
2026-08-02T11:30:00Z,28.8,83,25.6,1011.7,0.0,1.34,292,0.0,0.0,0,0.0
2026-08-02T11:40:00Z,28.4,83,25.2,1011.6,0.0,0.89,292,0.0,0.0,0,0.0
2026-08-02T11:50:00Z,28.2,83,25.0,1011.7,0.45,1.34,292,0.0,0.0,0,0.0
2026-08-02T12:00:00Z,28.1,84,25.1,1011.7,0.45,1.34,292,0.0,0.0,0,0.0
2026-08-02T12:10:00Z,27.8,85,25.0,1011.8,0.89,1.79,292,0.0,0.0,0,0.0
2026-08-02T12:20:00Z,27.8,85,25.0,1011.8,0.45,1.34,292,0.0,0.0,0,0.0
2026-08-02T12:30:00Z,27.7,85,24.9,1011.5,0.45,1.34,292,0.0,0.0,0,0.0
2026-08-02T12:40:00Z,27.6,85,24.8,1011.5,0.45,1.34,292,0.0,0.0,0,0.0
2026-08-02T12:50:00Z,27.5,86,24.9,1011.5,0.45,1.34,292,0.0,0.0,0,0.0
2026-08-02T13:00:00Z,27.3,86,24.7,1011.5,0.45,1.34,292,0.0,0.0,0,0.0
2026-08-02T13:10:00Z,27.2,86,24.7,1011.5,0.45,1.34,292,0.0,0.0,0,0.0
2026-08-02T13:20:00Z,27.2,86,24.7,1011.6,0.45,0.89,292,0.0,0.0,0,0.0
2026-08-02T13:30:00Z,27.2,86,24.7,1011.5,0.0,0.89,292,0.0,0.0,0,0.0
2026-08-02T13:40:00Z,27.1,87,24.7,1011.5,0.0,1.34,292,0.0,0.0,0,0.0
2026-08-02T13:50:00Z,27.1,87,24.7,1011.5,0.0,0.89,292,0.0,0.0,0,0.0
2026-08-02T14:00:00Z,27.0,87,24.6,1011.5,0.45,1.79,292,0.0,0.0,0,0.0
2026-08-02T14:10:00Z,26.9,87,24.6,1011.5,0.45,1.34,292,0.0,0.0,0,0.0
2026-08-02T14:20:00Z,26.9,87,24.6,1011.4,0.0,0.89,292,0.0,0.0,0,0.0
2026-08-02T14:30:00Z,26.8,87,24.5,1011.5,0.89,1.34,292,0.0,0.0,0,0.0
2026-08-02T14:40:00Z,26.6,88,24.4,1011.4,0.45,1.79,292,0.0,0.0,0,0.0
2026-08-02T14:50:00Z,26.6,88,24.4,1011.5,0.0,0.89,292,0.0,0.0,0,0.0
2026-08-02T15:00:00Z,26.6,88,24.4,1011.4,0.45,1.34,292,0.0,0.0,0,0.0
2026-08-02T15:10:00Z,26.6,88,24.4,1011.4,0.0,1.34,292,0.0,0.0,0,0.0
2026-08-02T15:20:00Z,26.6,88,24.4,1011.5,0.45,1.34,292,0.0,0.0,0,0.0
2026-08-02T15:30:00Z,26.4,88,24.2,1011.5,0.45,1.34,292,0.0,0.0,0,0.0
2026-08-02T15:40:00Z,26.3,88,24.2,1011.4,0.45,1.34,292,0.0,0.0,0,0.0
2026-08-02T15:50:00Z,26.3,88,24.2,1011.3,0.45,1.79,292,0.0,0.0,0,0.0
2026-08-02T16:00:00Z,26.3,88,24.2,1011.2,0.45,1.79,292,0.0,0.0,0,0.0
2026-08-02T16:10:00Z,26.4,88,24.2,1011.0,0.89,1.79,270,0.0,0.0,0,0.0
2026-08-02T16:20:00Z,26.5,88,24.3,1010.9,0.89,2.68,247,0.0,0.0,0,0.0
2026-08-02T16:30:00Z,26.6,87,24.3,1010.9,0.45,1.79,247,0.0,0.0,0,0.0
2026-08-02T16:40:00Z,26.4,87,24.1,1010.7,0.45,1.79,247,0.0,0.0,0,0.0
2026-08-02T16:50:00Z,26.4,87,24.1,1010.7,0.45,1.34,247,0.0,0.0,0,0.0
2026-08-02T17:00:00Z,26.3,87,24.0,1010.8,0.0,1.34,247,0.0,0.0,0,0.0
2026-08-02T17:10:00Z,26.3,87,24.0,1010.6,0.0,0.45,247,0.0,0.0,0,0.0
2026-08-02T17:20:00Z,26.2,87,23.9,1010.5,0.45,1.34,247,0.0,0.0,0,0.0
2026-08-02T17:30:00Z,26.1,87,23.8,1010.5,0.45,1.34,247,0.0,0.0,0,0.0
2026-08-02T17:40:00Z,26.0,88,23.9,1010.3,0.45,1.34,247,0.0,0.0,0,0.0
2026-08-02T17:50:00Z,25.8,88,23.7,1010.3,0.45,1.34,247,0.0,0.0,0,0.0
2026-08-02T18:00:00Z,25.8,88,23.7,1010.4,0.0,0.89,247,0.0,0.0,0,0.0
2026-08-02T18:10:00Z,25.8,88,23.7,1010.3,0.45,1.34,247,0.0,0.0,0,0.0
2026-08-02T18:20:00Z,25.8,88,23.7,1010.3,0.89,2.24,247,0.0,0.0,0,0.0
2026-08-02T18:30:00Z,25.8,88,23.7,1010.2,0.45,2.24,247,0.0,0.0,0,0.0
2026-08-02T18:40:00Z,25.8,88,23.7,1010.1,0.0,0.45,247,0.0,0.0,0,0.0
2026-08-02T18:50:00Z,25.7,88,23.6,1010.1,0.89,1.79,247,0.0,0.0,0,0.0
2026-08-02T19:00:00Z,25.7,88,23.6,1010.1,0.0,2.24,247,0.0,0.0,0,0.0
2026-08-02T19:10:00Z,25.6,88,23.5,1010.1,0.0,1.34,247,0.0,0.0,0,0.0
2026-08-02T19:20:00Z,25.6,88,23.5,1010.2,0.45,1.79,247,0.0,0.0,0,0.0
2026-08-02T19:30:00Z,25.6,88,23.5,1010.1,0.89,2.24,247,0.0,0.0,0,0.0
2026-08-02T19:40:00Z,25.6,88,23.5,1010.1,0.0,0.0,,0.0,0.0,0,0.0
2026-08-02T19:50:00Z,25.6,88,23.5,1010.0,0.45,1.79,247,0.0,0.0,0,0.0
2026-08-02T20:00:00Z,25.6,87,23.3,1010.0,0.45,2.24,225,0.0,0.0,0,0.0
2026-08-02T20:10:00Z,25.6,87,23.3,1010.0,0.45,2.24,225,0.0,0.0,0,0.0
2026-08-02T20:20:00Z,25.6,87,23.3,1009.9,0.89,2.68,180,0.0,0.0,0,0.0
2026-08-02T20:30:00Z,25.7,87,23.4,1009.9,1.34,3.13,180,0.0,0.0,0,0.0
2026-08-02T20:40:00Z,25.7,86,23.2,1010.0,1.34,3.13,157,0.0,0.0,0,0.0
2026-08-02T20:50:00Z,25.7,86,23.2,1010.0,0.0,0.89,157,0.0,0.0,0,0.0
2026-08-02T21:00:00Z,25.7,86,23.2,1010.0,0.45,2.24,157,0.0,0.0,0,0.0
2026-08-02T21:10:00Z,25.8,86,23.3,1009.9,0.89,2.24,180,0.0,0.0,0,0.0
2026-08-02T21:20:00Z,25.9,85,23.2,1010.1,0.45,1.34,180,0.0,0.0,0,0.0
2026-08-02T21:30:00Z,25.9,85,23.2,1010.1,0.0,1.34,180,0.0,0.0,0,0.0
2026-08-02T21:40:00Z,26.0,86,23.5,1010.0,0.0,1.34,180,0.0,0.0,3,0.0
2026-08-02T21:50:00Z,25.9,86,23.4,1010.3,0.0,0.45,180,0.0,0.0,8,0.0
2026-08-02T22:00:00Z,26.0,86,23.5,1010.3,0.0,0.89,180,0.0,0.0,11,0.0
2026-08-02T22:10:00Z,26.1,86,23.6,1010.2,0.45,2.68,180,0.0,0.0,23,0.0
2026-08-02T22:20:00Z,26.5,86,24.0,1010.4,0.45,3.13,112,0.0,0.0,36,0.0
2026-08-02T22:30:00Z,26.8,86,24.3,1010.7,0.89,3.13,112,0.0,0.0,41,0.0
2026-08-02T22:40:00Z,27.1,85,24.4,1010.7,0.89,2.24,135,0.0,0.0,44,0.0
2026-08-02T22:50:00Z,27.6,84,24.6,1010.7,0.89,3.58,112,0.0,0.0,47,0.0
2026-08-02T23:00:00Z,28.2,82,24.8,1010.8,0.45,3.58,112,0.0,0.0,51,0.0
2026-08-02T23:10:00Z,28.9,81,25.3,1010.9,0.45,3.13,157,0.0,0.0,53,0.0
2026-08-02T23:20:00Z,29.6,80,25.8,1011.0,0.45,2.68,157,0.0,0.0,55,0.3
2026-08-02T23:30:00Z,30.1,78,25.8,1010.9,0.45,2.24,157,0.0,0.0,55,0.7
2026-08-02T23:40:00Z,30.6,76,25.9,1010.8,0.45,2.24,112,0.0,0.0,59,1.3
2026-08-02T23:50:00Z,30.6,76,25.9,1010.9,1.34,5.36,112,0.0,0.0,58,1.6
2026-08-03T00:00:00Z,30.9,76,26.2,1010.9,0.89,3.58,112,0.0,0.0,59,1.9
2026-08-03T00:10:00Z,31.1,74,25.9,1011.0,1.34,4.02,112,0.0,0.0,62,2.2
2026-08-03T00:20:00Z,31.2,74,26.0,1010.9,1.34,4.47,112,0.0,0.0,77,2.5
2026-08-03T00:30:00Z,31.3,74,26.1,1010.9,1.34,4.47,112,0.0,0.0,279,2.8
2026-08-03T00:40:00Z,31.4,74,26.2,1011.0,0.89,3.58,135,0.0,0.0,385,3.2
2026-08-03T00:50:00Z,31.6,74,26.4,1010.9,0.89,4.47,90,0.0,0.0,67,3.6
2026-08-03T01:00:00Z,31.9,74,26.7,1011.0,0.45,1.79,112,0.0,0.0,69,3.2
2026-08-03T01:10:00Z,32.1,74,26.9,1011.0,0.89,4.02,157,0.0,0.0,71,4.5
2026-08-03T01:20:00Z,32.2,74,27.0,1011.0,0.89,4.02,112,0.0,0.0,86,4.4
2026-08-03T01:30:00Z,32.1,73,26.6,1011.2,1.34,4.02,135,0.0,0.0,120,5.0
2026-08-03T01:40:00Z,32.3,73,26.8,1011.0,1.34,3.58,90,0.0,0.0,117,5.2
2026-08-03T01:50:00Z,32.6,74,27.4,1011.0,1.34,5.81,90,0.0,0.0,146,6.2
2026-08-03T02:00:00Z,32.8,72,27.1,1010.9,1.34,5.81,112,0.0,0.0,569,6.3
2026-08-03T02:10:00Z,32.9,71,26.9,1010.7,1.34,4.02,112,0.0,0.0,632,6.9
2026-08-03T02:20:00Z,33.1,70,26.9,1010.6,1.34,4.02,135,0.0,0.0,646,7.6
2026-08-03T02:30:00Z,32.9,70,26.7,1010.7,0.89,4.47,292,0.0,0.0,740,7.9
2026-08-03T02:40:00Z,33.2,70,27.0,1010.6,0.89,4.02,135,0.0,0.0,406,8.3
2026-08-03T02:50:00Z,33.3,70,27.1,1010.3,1.34,3.58,135,0.0,0.0,355,8.6
2026-08-03T03:00:00Z,33.4,67,26.4,1010.3,1.34,4.47,67,0.0,0.0,815,9.0
2026-08-03T03:10:00Z,33.4,69,26.9,1010.4,1.79,4.47,67,0.0,0.0,809,9.1
2026-08-03T03:20:00Z,33.4,69,26.9,1010.4,1.79,4.02,67,0.0,0.0,615,8.5
2026-08-03T03:30:00Z,33.4,68,26.7,1010.5,1.34,4.47,135,0.0,0.0,344,9.6
2026-08-03T03:40:00Z,33.5,69,27.0,1010.3,1.79,4.02,112,0.0,0.0,917,9.5
2026-08-03T03:50:00Z,33.3,70,27.1,1010.2,1.79,4.92,135,0.0,0.0,907,10.0
2026-08-03T04:00:00Z,33.6,69,27.1,1010.2,1.34,4.02,90,0.0,0.0,134,10.1
2026-08-03T04:10:00Z,33.5,69,27.0,1010.2,1.79,4.92,135,0.0,0.0,168,9.9
2026-08-03T04:20:00Z,33.4,67,26.4,1010.1,1.79,4.92,112,0.0,0.0,1072,10.0
2026-08-03T04:30:00Z,33.5,67,26.5,1010.0,1.79,7.15,135,0.0,0.0,203,10.2
2026-08-03T04:40:00Z,33.4,65,25.9,1010.1,1.79,7.15,90,0.0,0.0,185,9.7
2026-08-03T04:50:00Z,33.6,65,26.1,1010.0,1.79,5.36,135,0.0,0.0,494,9.8
2026-08-03T05:00:00Z,33.4,66,26.2,1010.0,2.24,4.92,90,0.0,0.0,852,9.9
2026-08-03T05:10:00Z,33.3,72,27.6,1009.9,1.79,4.47,157,0.0,0.0,158,6.8
2026-08-03T05:20:00Z,33.4,74,28.1,1010.0,0.45,2.24,292,0.0,0.0,165,7.8
2026-08-03T05:30:00Z,33.1,69,26.6,1010.0,0.45,4.92,292,0.0,0.0,217,6.0
2026-08-03T05:40:00Z,33.2,69,26.7,1009.9,1.34,4.47,67,0.0,0.0,1055,7.0
2026-08-03T05:50:00Z,33.2,69,26.7,1009.9,1.34,4.47,67,0.0,0.0,632,6.6
2026-08-03T06:00:00Z,33.1,73,27.6,1009.6,0.45,3.13,292,0.0,0.0,583,5.8
2026-08-03T06:10:00Z,32.8,69,26.4,1009.6,0.89,4.47,157,0.0,0.0,169,4.4
2026-08-03T06:20:00Z,32.8,71,26.8,1009.3,0.89,3.13,90,0.0,0.0,799,6.1
2026-08-03T06:30:00Z,32.9,70,26.7,1009.4,0.89,2.68,67,0.0,0.0,505,4.9
2026-08-03T06:40:00Z,33.1,74,27.8,1009.3,1.34,4.92,135,0.0,0.0,938,5.6
2026-08-03T06:50:00Z,32.8,75,27.8,1009.6,1.34,3.58,292,0.0,0.0,572,4.2
2026-08-03T07:00:00Z,33.0,76,28.2,1009.9,0.89,2.68,315,0.0,0.0,945,4.7
2026-08-03T07:10:00Z,33.2,76,28.4,1010.0,0.89,2.24,292,0.0,0.0,888,4.1
2026-08-03T07:20:00Z,32.8,75,27.8,1009.9,0.89,3.13,292,0.0,0.0,250,2.5
2026-08-03T07:30:00Z,32.6,76,27.8,1010.1,0.89,2.24,315,0.0,0.0,194,2.0
2026-08-03T07:40:00Z,32.3,78,28.0,1010.3,0.45,1.79,315,0.0,0.0,158,1.5
2026-08-03T07:50:00Z,32.2,79,28.1,1010.1,0.45,2.24,315,0.0,0.0,216,1.8
2026-08-03T08:00:00Z,32.3,79,28.2,1010.1,0.45,1.34,292,0.0,0.0,340,2.0
2026-08-03T08:10:00Z,32.3,78,28.0,1010.1,0.0,1.34,315,0.0,0.0,214,1.5
2026-08-03T08:20:00Z,32.1,75,27.1,1010.1,0.0,1.79,315,0.0,0.0,163,1.2
2026-08-03T08:30:00Z,31.6,72,25.9,1009.9,0.89,3.58,112,0.0,0.0,176,1.3
2026-08-03T08:40:00Z,31.5,73,26.1,1010.0,1.34,3.58,90,0.0,0.0,409,1.2
2026-08-03T08:50:00Z,31.5,73,26.1,1010.2,1.34,4.02,90,0.0,0.0,434,1.0
2026-08-03T09:00:00Z,31.6,73,26.2,1010.4,0.89,4.02,90,0.0,0.0,401,0.8
2026-08-03T09:10:00Z,31.7,73,26.3,1010.4,0.89,3.13,90,0.0,0.0,360,0.6
2026-08-03T09:20:00Z,31.6,74,26.4,1010.4,0.89,3.13,90,0.0,0.0,321,0.3
2026-08-03T09:30:00Z,31.6,75,26.6,1010.5,0.89,2.68,135,0.0,0.0,277,0.0
2026-08-03T09:40:00Z,31.4,76,26.7,1010.6,0.89,2.68,135,0.0,0.0,232,0.0
2026-08-03T09:50:00Z,31.3,76,26.6,1010.5,0.45,2.68,112,0.0,0.0,173,0.0
2026-08-03T10:00:00Z,31.0,75,26.0,1010.4,0.89,3.58,135,0.0,0.0,90,0.0
2026-08-03T10:10:00Z,30.6,76,25.9,1010.2,0.45,3.13,90,0.0,0.0,15,0.0
2026-08-03T10:20:00Z,30.1,77,25.6,1010.1,1.34,4.02,67,0.0,0.0,8,0.0
2026-08-03T10:30:00Z,29.8,78,25.5,1010.2,1.34,3.58,90,0.0,0.0,2,0.0
2026-08-03T10:40:00Z,29.5,79,25.5,1010.1,0.89,3.13,112,0.0,0.0,0,0.0
2026-08-03T10:50:00Z,29.3,79,25.3,1009.9,1.34,2.68,112,0.0,0.0,0,0.0
2026-08-03T11:00:00Z,29.3,80,25.5,1009.8,0.45,1.79,112,0.0,0.0,0,0.0
2026-08-03T11:10:00Z,29.1,81,25.5,1009.7,0.45,1.79,112,0.0,0.0,0,0.0
2026-08-03T11:20:00Z,28.9,81,25.3,1009.6,0.0,1.34,112,0.0,0.0,0,0.0
2026-08-03T11:30:00Z,28.9,82,25.5,1009.7,0.89,2.68,157,0.0,0.0,0,0.0
2026-08-03T11:40:00Z,28.8,82,25.4,1009.5,0.45,2.68,157,0.0,0.0,0,0.0
2026-08-03T11:50:00Z,28.7,82,25.3,1009.6,0.89,3.13,112,0.0,0.0,0,0.0
2026-08-03T12:00:00Z,28.6,81,25.0,1009.5,0.89,2.68,112,0.0,0.0,0,0.0
2026-08-03T12:10:00Z,28.4,80,24.6,1009.4,0.89,3.13,112,0.0,0.0,0,0.0
2026-08-03T12:20:00Z,28.4,79,24.4,1009.4,0.89,2.24,135,0.0,0.0,0,0.0
2026-08-03T12:30:00Z,28.6,79,24.6,1009.4,0.89,3.58,112,0.0,0.0,0,0.0
2026-08-03T12:40:00Z,28.7,79,24.7,1009.4,1.34,3.58,112,0.0,0.0,0,0.0
2026-08-03T12:50:00Z,28.7,79,24.7,1009.6,0.45,2.24,157,0.0,0.0,0,0.0
2026-08-03T13:00:00Z,28.7,80,24.9,1009.7,0.45,2.24,135,0.0,0.0,0,0.0
2026-08-03T13:10:00Z,28.6,81,25.0,1010.0,0.0,1.79,112,0.0,0.0,0,0.0
2026-08-03T13:20:00Z,28.4,81,24.8,1010.0,0.45,1.79,112,0.0,0.0,0,0.0
2026-08-03T13:30:00Z,28.3,82,24.9,1010.1,0.45,1.34,112,0.0,0.0,0,0.0
2026-08-03T13:40:00Z,28.2,82,24.8,1010.2,0.45,1.34,112,0.0,0.0,0,0.0
2026-08-03T13:50:00Z,28.2,82,24.8,1010.5,0.0,1.34,112,0.0,0.0,0,0.0
2026-08-03T14:00:00Z,28.1,82,24.7,1010.6,0.45,1.34,112,0.0,0.0,0,0.0
2026-08-03T14:10:00Z,28.1,82,24.7,1010.7,0.0,1.34,112,0.0,0.0,0,0.0
2026-08-03T14:20:00Z,28.1,82,24.7,1010.8,0.45,1.79,112,0.0,0.0,0,0.0
2026-08-03T14:30:00Z,28.0,81,24.4,1010.8,0.89,3.13,112,0.0,0.0,0,0.0
2026-08-03T14:40:00Z,27.9,82,24.5,1010.8,0.45,2.68,112,0.0,0.0,0,0.0
2026-08-03T14:50:00Z,28.0,81,24.4,1010.8,0.45,3.58,112,0.0,0.0,0,0.0
2026-08-03T15:00:00Z,28.1,82,24.7,1011.0,0.45,2.68,157,0.0,0.0,0,0.0
2026-08-03T15:10:00Z,28.1,82,24.7,1010.8,0.45,1.79,157,0.0,0.0,0,0.0
2026-08-03T15:20:00Z,27.9,82,24.5,1010.7,0.45,2.24,67,0.0,0.0,0,0.0
2026-08-03T15:30:00Z,27.8,82,24.4,1010.6,0.45,1.79,90,0.0,0.0,0,0.0
2026-08-03T15:40:00Z,27.9,82,24.5,1010.6,0.89,3.13,112,0.0,0.0,0,0.0
2026-08-03T15:50:00Z,27.9,82,24.5,1010.2,0.89,1.79,112,0.0,0.0,0,0.0
2026-08-03T16:00:00Z,27.9,82,24.5,1010.0,0.89,3.58,112,0.0,0.0,0,0.0
2026-08-03T16:10:00Z,27.9,82,24.5,1009.9,1.34,4.02,112,0.0,0.0,0,0.0
2026-08-03T16:20:00Z,27.8,83,24.6,1009.7,0.89,3.58,90,0.0,0.0,0,0.0
2026-08-03T16:30:00Z,27.8,83,24.6,1009.6,0.89,4.02,67,0.0,0.0,0,0.0
2026-08-03T16:40:00Z,27.8,82,24.4,1009.5,0.89,4.47,112,0.0,0.0,0,0.0
2026-08-03T16:50:00Z,27.8,82,24.4,1009.4,0.89,3.13,90,0.0,0.0,0,0.0
2026-08-03T17:00:00Z,27.8,81,24.2,1009.4,0.89,4.02,112,0.0,0.0,0,0.0
2026-08-03T17:10:00Z,27.9,80,24.1,1009.4,0.0,1.34,112,0.0,0.0,0,0.0
2026-08-03T17:20:00Z,27.8,80,24.0,1009.3,0.45,1.79,112,0.0,0.0,0,0.0
2026-08-03T17:30:00Z,27.9,78,23.7,1009.2,0.89,4.02,135,0.0,0.0,0,0.0
2026-08-03T17:40:00Z,28.1,76,23.5,1009.0,0.89,2.68,315,0.0,0.0,0,0.0
2026-08-03T17:50:00Z,28.4,75,23.5,1008.9,1.34,3.13,112,0.0,0.0,0,0.0
2026-08-03T18:00:00Z,28.5,74,23.4,1008.8,0.89,3.58,112,0.0,0.0,0,0.0
2026-08-03T18:10:00Z,28.6,74,23.5,1008.7,0.45,1.79,67,0.0,0.0,0,0.0
2026-08-03T18:20:00Z,28.3,75,23.4,1008.7,0.45,1.34,90,0.0,0.0,0,0.0
2026-08-03T18:30:00Z,28.2,76,23.6,1008.6,0.45,1.34,90,0.0,0.0,0,0.0
2026-08-03T18:40:00Z,27.8,76,23.2,1008.6,0.45,1.79,90,0.0,0.0,0,0.0
2026-08-03T18:50:00Z,27.6,77,23.2,1008.7,0.45,1.34,90,0.0,0.0,0,0.0
2026-08-03T19:00:00Z,27.4,76,22.8,1008.9,0.0,0.0,,0.0,0.0,0,0.0
2026-08-03T19:10:00Z,27.4,77,23.0,1008.9,0.0,0.0,,0.0,0.0,0,0.0
2026-08-03T19:20:00Z,27.5,76,22.9,1008.8,0.0,0.89,90,0.0,0.0,0,0.0
2026-08-03T19:30:00Z,27.6,76,23.0,1008.8,0.0,1.34,90,0.0,0.0,0,0.0
2026-08-03T19:40:00Z,27.5,77,23.1,1008.8,0.45,1.79,90,0.0,0.0,0,0.0
2026-08-03T19:50:00Z,27.3,78,23.1,1008.8,0.0,0.89,90,0.0,0.0,0,0.0
2026-08-03T20:00:00Z,27.1,78,22.9,1008.7,0.0,0.89,90,0.0,0.0,0,0.0
2026-08-03T20:10:00Z,26.7,79,22.8,1008.8,0.0,0.89,90,0.0,0.0,0,0.0
2026-08-03T20:20:00Z,26.5,81,23.0,1008.7,0.45,1.79,90,0.0,0.0,0,0.0
2026-08-03T20:30:00Z,26.1,81,22.6,1008.6,0.45,1.34,112,0.0,0.0,0,0.0
2026-08-03T20:40:00Z,25.8,82,22.5,1008.6,0.45,1.79,112,0.0,0.0,0,0.0
2026-08-03T20:50:00Z,25.6,83,22.5,1008.7,0.45,2.68,112,0.0,0.0,0,0.0
2026-08-03T21:00:00Z,25.6,83,22.5,1008.7,0.45,2.68,112,0.0,0.0,0,0.0
2026-08-03T21:10:00Z,25.5,83,22.4,1008.7,0.89,2.68,112,0.0,0.0,0,0.0
2026-08-03T21:20:00Z,25.3,84,22.4,1008.8,0.89,1.79,112,0.0,0.0,0,0.0
2026-08-03T21:30:00Z,25.1,84,22.2,1009.0,0.45,1.79,135,0.0,0.0,0,0.0
2026-08-03T21:40:00Z,25.1,85,22.4,1009.0,0.0,1.34,135,0.0,0.0,6,0.0
2026-08-03T21:50:00Z,25.1,85,22.4,1008.8,0.45,1.34,135,0.0,0.0,13,0.0
2026-08-03T22:00:00Z,25.3,84,22.4,1008.9,0.89,2.24,135,0.0,0.0,17,0.0
2026-08-03T22:10:00Z,25.7,83,22.6,1008.9,0.45,1.79,135,0.0,0.0,41,0.0
2026-08-03T22:20:00Z,26.0,83,22.9,1008.9,0.0,0.89,135,0.0,0.0,54,0.0
2026-08-03T22:30:00Z,26.6,80,22.9,1008.9,0.0,0.0,,0.0,0.0,50,0.0
2026-08-03T22:40:00Z,27.2,79,23.2,1009.0,0.45,1.79,135,0.0,0.0,62,0.0
2026-08-03T22:50:00Z,27.7,78,23.5,1008.8,0.45,1.34,135,0.0,0.0,78,0.0
2026-08-03T23:00:00Z,28.3,77,23.9,1008.8,0.45,1.79,135,0.0,0.0,84,0.5
2026-08-03T23:10:00Z,28.9,76,24.2,1008.9,0.45,2.24,135,0.0,0.0,99,0.7
2026-08-03T23:20:00Z,29.6,75,24.7,1009.1,0.89,2.24,135,0.0,0.0,103,0.9
2026-08-03T23:30:00Z,30.1,74,25.0,1009.0,0.89,2.24,135,0.0,0.0,83,1.1
2026-08-03T23:40:00Z,30.7,73,25.3,1009.0,0.45,1.79,135,0.0,0.0,80,1.3
2026-08-03T23:50:00Z,31.2,71,25.3,1009.1,0.45,2.68,135,0.0,0.0,65,1.5
2026-08-04T00:00:00Z,31.5,72,25.8,1009.0,0.89,4.02,135,0.0,0.0,61,1.8
2026-08-04T00:10:00Z,31.7,71,25.8,1009.0,0.89,3.58,67,0.0,0.0,68,2.1
2026-08-04T00:20:00Z,31.9,70,25.7,1009.1,0.89,2.68,90,0.0,0.0,117,2.4
2026-08-04T00:30:00Z,32.1,70,25.9,1009.1,0.45,2.68,112,0.0,0.0,408,2.8
2026-08-04T00:40:00Z,32.4,68,25.7,1009.1,0.45,1.79,90,0.0,0.0,437,3.2
2026-08-04T00:50:00Z,32.6,67,25.7,1009.2,0.89,4.02,112,0.0,0.0,76,3.5
2026-08-04T01:00:00Z,32.6,68,25.9,1009.2,1.34,4.92,90,0.0,0.0,69,3.9
2026-08-04T01:10:00Z,32.4,69,26.0,1009.1,1.34,4.47,135,0.0,0.0,72,4.3
2026-08-04T01:20:00Z,32.5,69,26.1,1009.0,1.34,4.47,67,0.0,0.0,74,4.7
2026-08-04T01:30:00Z,32.7,69,26.3,1009.0,1.34,4.92,67,0.0,0.0,77,5.1
2026-08-04T01:40:00Z,32.9,70,26.7,1009.0,0.89,4.02,67,0.0,0.0,83,5.5
2026-08-04T01:50:00Z,32.9,71,26.9,1009.1,1.79,5.81,90,0.0,0.0,107,5.9
2026-08-04T02:00:00Z,32.9,71,26.9,1009.2,1.79,5.36,157,0.0,0.0,673,6.4
2026-08-04T02:10:00Z,33.0,72,27.3,1009.1,1.34,6.26,135,0.0,0.0,647,6.5
2026-08-04T02:20:00Z,33.3,70,27.1,1009.0,1.34,5.36,90,0.0,0.0,808,7.1
2026-08-04T02:30:00Z,33.2,69,26.7,1009.1,1.79,6.26,67,0.0,0.0,633,6.9
2026-08-04T02:40:00Z,33.4,70,27.2,1009.2,1.34,4.47,67,0.0,0.0,841,7.9
2026-08-04T02:50:00Z,33.7,67,26.7,1009.1,1.34,4.47,90,0.0,0.0,843,8.4
2026-08-04T03:00:00Z,33.6,68,26.9,1009.0,1.79,6.71,112,0.0,0.0,972,8.6
2026-08-04T03:10:00Z,33.6,68,26.9,1009.1,1.34,4.92,67,0.0,0.0,615,9.0
2026-08-04T03:20:00Z,33.7,69,27.2,1008.9,1.34,5.36,135,0.0,0.0,615,9.0
2026-08-04T03:30:00Z,33.8,67,26.8,1009.1,1.79,6.71,67,0.0,0.0,400,9.4
2026-08-04T03:40:00Z,33.8,68,27.1,1009.0,1.34,5.36,135,0.0,0.0,125,9.6
2026-08-04T03:50:00Z,33.9,66,26.7,1008.9,1.79,4.47,157,0.0,0.0,184,9.6
2026-08-04T04:00:00Z,33.9,67,26.9,1008.8,1.34,5.36,112,0.0,0.0,128,9.6
2026-08-04T04:10:00Z,34.1,65,26.6,1008.7,1.34,4.92,67,0.0,0.0,168,9.7
2026-08-04T04:20:00Z,33.8,66,26.6,1008.5,2.24,7.15,67,0.0,0.0,286,9.7
2026-08-04T04:30:00Z,34.1,66,26.8,1008.4,1.79,5.81,135,0.0,0.0,1069,9.5
2026-08-04T04:40:00Z,33.9,67,26.9,1008.4,1.34,5.81,135,0.0,0.0,721,9.4
2026-08-04T04:50:00Z,33.9,66,26.7,1008.2,1.79,4.92,112,0.0,0.0,1063,9.4
2026-08-04T05:00:00Z,34.0,66,26.7,1008.1,1.79,6.71,67,0.0,0.0,1037,9.3
2026-08-04T05:10:00Z,33.9,67,26.9,1007.9,1.79,5.81,112,0.0,0.0,900,9.0
2026-08-04T05:20:00Z,33.8,67,26.8,1007.8,1.79,5.81,67,0.0,0.0,919,8.8
2026-08-04T05:30:00Z,33.7,67,26.7,1007.8,1.34,4.02,67,0.0,0.0,1000,8.1
2026-08-04T05:40:00Z,33.7,69,27.2,1007.7,0.89,3.58,315,0.0,0.0,1050,7.8
2026-08-04T05:50:00Z,33.8,68,27.1,1007.6,1.34,3.13,292,0.0,0.0,1059,7.4
2026-08-04T06:00:00Z,33.9,70,27.7,1007.6,0.89,2.24,292,0.0,0.0,1018,7.2
2026-08-04T06:10:00Z,34.2,70,27.9,1007.4,0.45,2.24,292,0.0,0.0,872,6.3
2026-08-04T06:20:00Z,34.2,67,27.2,1007.4,0.45,4.47,292,0.0,0.0,134,6.1
2026-08-04T06:30:00Z,33.8,68,27.1,1007.3,0.89,4.02,157,0.0,0.0,551,4.9
2026-08-04T06:40:00Z,33.4,68,26.7,1007.3,1.79,4.92,90,0.0,0.0,654,4.6
2026-08-04T06:50:00Z,33.2,67,26.2,1007.2,1.34,4.47,90,0.0,0.0,861,5.3
2026-08-04T07:00:00Z,33.1,68,26.4,1007.2,1.79,4.92,67,0.0,0.0,403,3.7
2026-08-04T07:10:00Z,32.9,69,26.5,1007.1,1.79,4.92,112,0.0,0.0,847,4.5
2026-08-04T07:20:00Z,32.7,68,26.0,1007.2,1.34,4.92,67,0.0,0.0,269,3.0
2026-08-04T07:30:00Z,32.8,69,26.4,1007.3,1.34,4.92,67,0.0,0.0,750,3.4
2026-08-04T07:40:00Z,33.1,69,26.6,1007.1,1.34,4.92,90,0.0,0.0,733,3.2
2026-08-04T07:50:00Z,33.0,68,26.3,1007.2,1.34,5.36,112,0.0,0.0,673,2.8
2026-08-04T08:00:00Z,32.8,68,26.1,1007.0,1.79,5.81,67,0.0,0.0,629,2.4
2026-08-04T08:10:00Z,32.6,69,26.2,1007.0,1.79,4.47,90,0.0,0.0,603,1.9
2026-08-04T08:20:00Z,32.3,70,26.1,1007.0,1.79,4.92,67,0.0,0.0,582,1.6
2026-08-04T08:30:00Z,32.0,70,25.8,1007.0,2.24,4.92,90,0.0,0.0,429,1.2
2026-08-04T08:40:00Z,31.6,72,25.9,1006.9,2.24,4.92,90,0.0,0.0,192,1.0
2026-08-04T08:50:00Z,31.4,71,25.5,1006.8,2.24,5.36,67,0.0,0.0,426,0.9
2026-08-04T09:00:00Z,31.3,71,25.4,1006.9,2.24,4.92,90,0.0,0.0,313,0.7
2026-08-04T09:10:00Z,31.1,72,25.5,1006.8,2.24,5.81,112,0.0,0.0,83,0.2
2026-08-04T09:20:00Z,31.1,73,25.7,1006.7,2.24,5.81,112,0.0,0.0,234,0.0
2026-08-04T09:30:00Z,31.1,76,26.4,1006.6,1.79,5.36,90,0.0,0.0,132,0.0
2026-08-04T09:40:00Z,31.0,76,26.3,1006.7,1.34,4.47,90,0.0,0.0,95,0.0
2026-08-04T09:50:00Z,30.8,78,26.5,1006.6,1.34,5.36,90,0.0,0.0,87,0.0
2026-08-04T10:00:00Z,30.6,78,26.3,1006.6,0.89,4.92,90,0.0,0.0,86,0.0
2026-08-04T10:10:00Z,30.3,78,26.0,1006.8,1.79,5.81,112,0.0,0.0,38,0.0
2026-08-04T10:20:00Z,30.0,79,26.0,1006.6,1.79,6.26,90,0.0,0.0,14,0.0
2026-08-04T10:30:00Z,29.8,80,26.0,1006.5,1.79,5.36,90,0.0,0.0,1,0.0
2026-08-04T10:40:00Z,29.7,80,25.9,1006.6,1.34,5.36,67,0.0,0.0,0,0.0
2026-08-04T10:50:00Z,29.5,80,25.7,1006.6,1.79,5.36,67,0.0,0.0,0,0.0
2026-08-04T11:00:00Z,29.4,80,25.6,1006.6,2.24,7.15,112,0.0,0.0,0,0.0
2026-08-04T11:10:00Z,29.3,80,25.5,1006.6,1.34,6.26,90,0.0,0.0,0,0.0
2026-08-04T11:20:00Z,29.3,81,25.7,1006.6,1.34,5.81,90,0.0,0.0,0,0.0
2026-08-04T11:30:00Z,29.2,81,25.6,1006.6,1.34,5.81,90,0.0,0.0,0,0.0
2026-08-04T11:40:00Z,29.1,81,25.5,1006.9,0.89,5.36,67,0.0,0.0,0,0.0
2026-08-04T11:50:00Z,29.0,82,25.6,1007.0,0.89,4.02,112,0.0,0.0,0,0.0
2026-08-04T12:00:00Z,28.9,82,25.5,1006.9,0.89,4.47,112,0.0,0.0,0,0.0
2026-08-04T12:10:00Z,28.8,82,25.4,1007.1,0.89,4.02,135,0.0,0.0,0,0.0
2026-08-04T12:20:00Z,28.7,82,25.3,1007.2,0.89,4.02,90,0.0,0.0,0,0.0
2026-08-04T12:30:00Z,28.6,82,25.2,1007.3,0.89,3.58,67,0.0,0.0,0,0.0
2026-08-04T12:40:00Z,28.6,82,25.2,1007.5,0.89,4.02,135,0.0,0.0,0,0.0
2026-08-04T12:50:00Z,28.7,81,25.1,1007.6,1.34,4.92,135,0.0,0.0,0,0.0
2026-08-04T13:00:00Z,28.7,82,25.3,1007.8,0.89,4.02,90,0.0,0.0,0,0.0
2026-08-04T13:10:00Z,28.6,83,25.4,1007.8,0.45,3.13,135,0.0,0.0,0,0.0
2026-08-04T13:20:00Z,28.4,83,25.2,1007.9,0.45,2.24,67,0.0,0.0,0,0.0
2026-08-04T13:30:00Z,28.2,83,25.0,1008.2,0.89,4.02,112,0.0,0.0,0,0.0
2026-08-04T13:40:00Z,28.2,83,25.0,1008.3,0.89,4.47,90,0.0,0.0,0,0.0
2026-08-04T13:50:00Z,28.2,82,24.8,1008.4,0.89,4.47,157,0.0,0.0,0,0.0
2026-08-04T14:00:00Z,28.3,82,24.9,1008.4,0.89,4.02,90,0.0,0.0,0,0.0
2026-08-04T14:10:00Z,28.4,81,24.8,1008.4,0.45,3.13,135,0.0,0.0,0,0.0
2026-08-04T14:20:00Z,28.4,81,24.8,1008.5,0.45,3.58,112,0.0,0.0,0,0.0
2026-08-04T14:30:00Z,28.3,81,24.7,1008.5,0.45,2.68,112,0.0,0.0,0,0.0
2026-08-04T14:40:00Z,28.2,82,24.8,1008.5,0.45,3.13,90,0.0,0.0,0,0.0
2026-08-04T14:50:00Z,28.1,81,24.5,1008.5,0.45,3.13,90,0.0,0.0,0,0.0
2026-08-04T15:00:00Z,28.1,81,24.5,1008.3,0.45,3.13,112,0.0,0.0,0,0.0
2026-08-04T15:10:00Z,28.1,81,24.5,1008.3,0.45,1.79,112,0.0,0.0,0,0.0
2026-08-04T15:20:00Z,28.1,81,24.5,1008.1,0.0,1.34,157,0.0,0.0,0,0.0
2026-08-04T15:30:00Z,27.9,82,24.5,1008.0,0.0,1.34,135,0.0,0.0,0,0.0
2026-08-04T15:40:00Z,27.7,83,24.5,1008.0,0.45,1.79,135,0.0,0.0,0,0.0
2026-08-04T15:50:00Z,27.4,82,24.1,1007.8,0.45,2.24,67,0.0,0.0,0,0.0
2026-08-04T16:00:00Z,27.4,82,24.1,1007.6,0.45,2.68,112,0.0,0.0,0,0.0
2026-08-04T16:10:00Z,27.5,82,24.1,1007.6,0.0,1.79,112,0.0,0.0,0,0.0
2026-08-04T16:20:00Z,27.4,83,24.3,1007.5,0.0,1.34,67,0.0,0.0,0,0.0
2026-08-04T16:30:00Z,27.2,83,24.1,1007.2,0.45,1.79,112,0.0,0.0,0,0.0
2026-08-04T16:40:00Z,27.1,84,24.2,1007.0,0.45,2.24,112,0.0,0.0,0,0.0
2026-08-04T16:50:00Z,26.9,84,24.0,1006.9,0.45,3.13,90,0.0,0.0,0,0.0
2026-08-04T17:00:00Z,26.8,83,23.7,1006.7,0.45,3.13,135,0.0,0.0,0,0.0
2026-08-04T17:10:00Z,26.9,83,23.8,1006.7,0.45,3.13,67,0.0,0.0,0,0.0
2026-08-04T17:20:00Z,26.9,82,23.6,1006.6,0.45,3.58,135,0.0,0.0,0,0.0
2026-08-04T17:30:00Z,26.9,82,23.6,1006.5,0.45,1.79,135,0.0,0.0,0,0.0
2026-08-04T17:40:00Z,26.8,82,23.5,1006.6,0.0,1.34,157,0.0,0.0,0,0.0
2026-08-04T17:50:00Z,26.6,81,23.1,1006.5,0.0,1.34,45,0.0,0.0,0,0.0
2026-08-04T18:00:00Z,26.7,80,23.0,1006.4,0.0,1.34,90,0.0,0.0,0,0.0
2026-08-04T18:10:00Z,26.9,79,22.9,1006.5,0.0,1.34,202,0.0,0.0,0,0.0
2026-08-04T18:20:00Z,27.4,77,23.0,1006.4,0.0,1.34,202,0.0,0.0,0,0.0
2026-08-04T18:30:00Z,27.6,78,23.4,1006.5,0.45,1.79,202,0.0,0.0,0,0.0
2026-08-04T18:40:00Z,27.3,80,23.5,1006.5,0.0,1.34,202,0.0,0.0,0,0.0
2026-08-04T18:50:00Z,26.9,81,23.4,1006.5,0.0,0.89,202,0.0,0.0,0,0.0
2026-08-04T19:00:00Z,26.7,82,23.4,1006.6,0.0,0.45,202,0.0,0.0,0,0.0
2026-08-04T19:10:00Z,26.3,82,23.0,1006.6,0.0,0.45,202,0.0,0.0,0,0.0
2026-08-04T19:20:00Z,26.1,82,22.8,1006.6,0.0,0.89,202,0.0,0.0,0,0.0
2026-08-04T19:30:00Z,26.0,83,22.9,1006.6,0.0,0.89,202,0.0,0.0,0,0.0
2026-08-04T19:40:00Z,25.9,83,22.8,1006.5,0.0,0.89,202,0.0,0.0,0,0.0
2026-08-04T19:50:00Z,25.8,83,22.7,1006.4,0.0,0.45,202,0.0,0.0,0,0.0
2026-08-04T20:00:00Z,25.8,83,22.7,1006.3,0.0,1.34,202,0.0,0.0,0,0.0
2026-08-04T20:10:00Z,25.8,83,22.7,1006.4,0.45,1.79,202,0.0,0.0,0,0.0
2026-08-04T20:20:00Z,25.7,83,22.6,1006.4,0.0,0.45,202,0.0,0.0,0,0.0
2026-08-04T20:30:00Z,25.7,83,22.6,1006.4,0.0,0.89,202,0.0,0.0,0,0.0
2026-08-04T20:40:00Z,25.7,83,22.6,1006.5,0.0,0.89,202,0.0,0.0,0,0.0
2026-08-04T20:50:00Z,25.7,83,22.6,1006.5,0.0,1.34,202,0.0,0.0,0,0.0
2026-08-04T21:00:00Z,25.8,83,22.7,1006.5,0.0,1.79,202,0.0,0.0,0,0.0
2026-08-04T21:10:00Z,26.0,82,22.7,1006.6,0.0,1.34,202,0.0,0.0,0,0.0
2026-08-04T21:20:00Z,26.1,82,22.8,1006.8,0.0,0.89,202,0.0,0.0,0,0.0
2026-08-04T21:30:00Z,25.9,83,22.8,1006.9,0.45,2.24,202,0.0,0.0,0,0.0
2026-08-04T21:40:00Z,25.9,83,22.8,1007.0,0.45,1.79,180,0.0,0.0,4,0.0
2026-08-04T21:50:00Z,25.8,83,22.7,1007.2,0.0,0.89,180,0.0,0.0,9,0.0
2026-08-04T22:00:00Z,25.8,83,22.7,1007.2,0.0,0.89,180,0.0,0.0,16,0.0
2026-08-04T22:10:00Z,25.8,83,22.7,1007.1,0.45,1.79,180,0.0,0.0,27,0.0
2026-08-04T22:20:00Z,26.1,83,23.0,1007.1,0.0,1.34,180,0.0,0.0,34,0.0
2026-08-04T22:30:00Z,26.2,83,23.1,1007.2,0.45,1.79,180,0.0,0.0,40,0.0
2026-08-04T22:40:00Z,26.5,82,23.2,1007.2,0.45,1.34,180,0.0,0.0,43,0.0
2026-08-04T22:50:00Z,26.8,82,23.5,1007.3,0.45,1.79,180,0.0,0.0,47,0.0
2026-08-04T23:00:00Z,27.4,81,23.8,1007.3,0.45,1.34,180,0.0,0.0,52,0.0
2026-08-04T23:10:00Z,28.2,80,24.4,1007.3,0.45,1.79,180,0.0,0.0,55,0.3
2026-08-04T23:20:00Z,29.0,78,24.8,1007.4,0.0,1.34,180,0.0,0.0,56,0.8
2026-08-04T23:30:00Z,29.7,76,25.0,1007.5,0.0,0.89,180,0.0,0.0,58,1.0
2026-08-04T23:40:00Z,30.2,76,25.5,1007.6,0.0,0.45,180,0.0,0.0,60,1.2
2026-08-04T23:50:00Z,30.7,74,25.5,1007.6,0.0,0.45,180,0.0,0.0,62,1.4
2026-08-05T00:00:00Z,31.2,73,25.8,1007.5,0.0,0.45,180,0.0,0.0,63,1.7
2026-08-05T00:10:00Z,31.3,73,25.9,1007.6,0.0,0.89,225,0.0,0.0,77,2.0
2026-08-05T00:20:00Z,31.2,74,26.0,1007.5,0.0,0.89,270,0.0,0.0,171,2.3
2026-08-05T00:30:00Z,31.1,75,26.1,1007.3,0.0,0.89,270,0.0,0.0,449,2.6
2026-08-05T00:40:00Z,31.1,75,26.1,1007.5,0.45,0.89,270,0.0,0.0,420,3.0
2026-08-05T00:50:00Z,31.3,74,26.1,1007.5,0.0,0.89,270,0.0,0.0,65,3.3
2026-08-05T01:00:00Z,31.5,73,26.1,1007.4,0.0,1.34,270,0.0,0.0,66,3.7
2026-08-05T01:10:00Z,31.6,75,26.6,1007.3,0.45,2.68,270,0.0,0.0,68,4.1
2026-08-05T01:20:00Z,31.7,76,26.9,1007.2,0.45,1.34,292,0.0,0.0,70,4.4
2026-08-05T01:30:00Z,31.7,75,26.7,1007.2,0.45,1.79,292,0.0,0.0,73,4.8
2026-08-05T01:40:00Z,31.7,75,26.7,1007.1,0.45,1.79,315,0.0,0.0,76,5.3
2026-08-05T01:50:00Z,31.8,75,26.8,1007.2,0.45,2.68,315,0.0,0.0,79,5.7
2026-08-05T02:00:00Z,31.7,76,26.9,1007.2,0.45,2.24,315,0.0,0.0,185,6.1
2026-08-05T02:10:00Z,31.8,76,27.0,1006.9,0.89,3.13,315,0.0,0.0,221,6.5
2026-08-05T02:20:00Z,31.8,77,27.3,1006.7,0.45,2.68,315,0.0,0.0,369,6.8
2026-08-05T02:30:00Z,32.1,77,27.6,1006.8,0.45,2.24,315,0.0,0.0,568,7.2
2026-08-05T02:40:00Z,32.1,77,27.6,1006.8,0.45,3.13,315,0.0,0.0,503,7.5
2026-08-05T02:50:00Z,32.2,77,27.7,1006.8,0.45,2.24,292,0.0,0.0,144,7.8
2026-08-05T03:00:00Z,32.4,76,27.6,1006.6,0.45,3.13,292,0.0,0.0,211,8.1
2026-08-05T03:10:00Z,32.6,76,27.8,1006.6,0.45,3.13,292,0.0,0.0,412,8.3
2026-08-05T03:20:00Z,32.6,76,27.8,1006.4,0.45,2.24,292,0.0,0.0,545,8.6
2026-08-05T03:30:00Z,32.6,76,27.8,1006.4,0.45,2.68,292,0.0,0.0,998,8.8
2026-08-05T03:40:00Z,32.7,76,27.9,1006.2,0.89,3.13,292,0.0,0.0,953,9.0
2026-08-05T03:50:00Z,32.8,77,28.2,1006.2,0.45,3.13,292,0.0,0.0,1013,9.1
2026-08-05T04:00:00Z,32.8,76,28.0,1006.2,0.89,3.13,292,0.0,0.0,1028,9.2
2026-08-05T04:10:00Z,32.9,76,28.1,1006.1,0.45,3.13,292,0.0,0.0,1019,9.2
2026-08-05T04:20:00Z,33.0,76,28.2,1006.2,0.45,3.13,315,0.0,0.0,1027,9.1
2026-08-05T04:30:00Z,33.1,76,28.3,1006.0,0.45,2.68,315,0.0,0.0,1109,8.9
2026-08-05T04:40:00Z,33.1,76,28.3,1006.1,0.45,3.13,270,0.0,0.0,1159,8.5
2026-08-05T04:50:00Z,32.9,75,27.9,1006.1,0.45,2.24,292,0.0,0.0,604,6.5
2026-08-05T05:00:00Z,32.5,77,27.9,1006.1,0.45,1.34,292,0.0,0.0,494,6.0
2026-08-05T05:10:00Z,32.8,77,28.2,1005.9,0.45,2.24,315,0.0,0.0,1037,8.2
2026-08-05T05:20:00Z,33.1,76,28.3,1005.9,0.45,2.68,315,0.0,0.0,956,7.7
2026-08-05T05:30:00Z,32.9,77,28.3,1005.9,0.45,3.58,270,0.0,0.0,988,7.4
2026-08-05T05:40:00Z,32.9,78,28.6,1006.0,0.45,1.79,292,0.0,0.0,970,7.0
2026-08-05T05:50:00Z,33.1,77,28.5,1006.1,0.45,1.79,292,0.0,0.0,856,6.1
2026-08-05T06:00:00Z,33.2,76,28.4,1006.1,0.45,2.24,292,0.0,0.0,918,6.5
2026-08-05T06:10:00Z,32.9,77,28.3,1006.0,0.45,3.13,292,0.0,0.0,686,4.8
2026-08-05T06:20:00Z,32.8,77,28.2,1006.0,0.45,2.68,292,0.0,0.0,895,5.1
2026-08-05T06:30:00Z,32.6,77,28.0,1006.0,0.45,2.68,292,0.0,0.0,694,4.7
2026-08-05T06:40:00Z,32.9,76,28.1,1006.1,0.45,3.13,292,0.0,0.0,867,4.9
2026-08-05T06:50:00Z,33.1,76,28.3,1006.0,0.45,2.68,315,0.0,0.0,817,4.5
2026-08-05T07:00:00Z,33.2,75,28.2,1005.9,0.45,1.79,292,0.0,0.0,825,4.1
2026-08-05T07:10:00Z,33.3,74,28.0,1005.9,0.45,2.24,292,0.0,0.0,724,3.5
2026-08-05T07:20:00Z,33.1,75,28.1,1005.9,0.45,1.34,292,0.0,0.0,618,3.0
2026-08-05T07:30:00Z,32.9,76,28.1,1005.8,0.45,1.79,315,0.0,0.0,658,2.9
2026-08-05T07:40:00Z,32.8,76,28.0,1005.6,0.45,2.24,315,0.0,0.0,632,2.7
2026-08-05T07:50:00Z,32.8,76,28.0,1005.7,0.45,1.79,292,0.0,0.0,625,2.3
2026-08-05T08:00:00Z,32.7,77,28.1,1005.6,0.45,1.79,315,0.0,0.0,532,1.9
2026-08-05T08:10:00Z,32.6,78,28.3,1005.7,0.45,1.79,292,0.0,0.0,395,1.6
2026-08-05T08:20:00Z,32.4,78,28.1,1005.6,0.45,1.79,292,0.0,0.0,505,1.5
2026-08-05T08:30:00Z,32.2,77,27.7,1005.5,0.45,1.79,292,0.0,0.0,461,1.3
2026-08-05T08:40:00Z,31.9,78,27.6,1005.4,0.45,2.24,292,0.0,0.0,448,1.1
2026-08-05T08:50:00Z,31.8,78,27.5,1005.6,0.45,1.79,292,0.0,0.0,402,0.9
2026-08-05T09:00:00Z,31.8,78,27.5,1005.5,0.45,2.24,292,0.0,0.0,358,0.7
2026-08-05T09:10:00Z,31.7,78,27.4,1005.6,0.45,2.24,292,0.0,0.0,307,0.5
2026-08-05T09:20:00Z,31.6,79,27.5,1005.6,0.45,2.24,292,0.0,0.0,288,0.0
2026-08-05T09:30:00Z,31.4,79,27.3,1005.6,0.45,2.24,292,0.0,0.0,242,0.0
2026-08-05T09:40:00Z,31.1,78,26.8,1005.5,0.45,2.24,292,0.0,0.0,111,0.0
2026-08-05T09:50:00Z,30.8,79,26.7,1005.6,0.45,1.79,292,0.0,0.0,85,0.0
2026-08-05T10:00:00Z,30.7,80,26.8,1005.6,0.45,0.89,292,0.0,0.0,58,0.0
2026-08-05T10:10:00Z,30.6,80,26.8,1005.6,0.45,1.34,292,0.0,0.0,44,0.0
2026-08-05T10:20:00Z,30.3,80,26.5,1005.7,0.45,0.89,292,0.0,0.0,24,0.0
2026-08-05T10:30:00Z,30.1,81,26.5,1005.6,0.0,0.89,292,0.0,0.0,7,0.0
2026-08-05T10:40:00Z,29.9,81,26.3,1005.8,0.0,0.89,292,0.0,0.0,0,0.0
2026-08-05T10:50:00Z,29.7,82,26.3,1005.9,0.0,0.89,292,0.0,0.0,0,0.0
2026-08-05T11:00:00Z,29.6,82,26.2,1005.9,0.0,0.89,292,0.0,0.0,0,0.0
2026-08-05T11:10:00Z,29.4,83,26.2,1006.0,0.0,0.89,292,0.0,0.0,0,0.0
2026-08-05T11:20:00Z,29.3,83,26.1,1006.4,0.0,0.45,292,0.0,0.0,0,0.0
2026-08-05T11:30:00Z,29.2,83,26.0,1006.0,0.0,0.45,292,0.0,0.0,0,0.0
2026-08-05T11:40:00Z,29.1,83,25.9,1006.2,0.0,0.89,292,0.0,0.0,0,0.0
2026-08-05T11:50:00Z,28.8,83,25.6,1006.3,0.0,0.89,292,0.0,0.0,0,0.0
2026-08-05T12:00:00Z,28.6,84,25.6,1006.3,0.0,0.89,292,0.0,0.0,0,0.0
2026-08-05T12:10:00Z,28.3,84,25.3,1006.4,0.0,0.45,292,0.0,0.0,0,0.0
2026-08-05T12:20:00Z,28.1,85,25.3,1006.6,0.0,1.34,292,0.0,0.0,0,0.0
2026-08-05T12:30:00Z,27.8,85,25.0,1006.8,0.0,1.34,292,0.0,0.0,0,0.0
2026-08-05T12:40:00Z,27.7,86,25.1,1006.8,0.45,1.34,292,0.0,0.0,0,0.0
2026-08-05T12:50:00Z,27.5,86,24.9,1006.9,0.0,0.89,292,0.0,0.0,0,0.0
2026-08-05T13:00:00Z,27.4,86,24.8,1007.0,0.0,0.45,292,0.0,0.0,0,0.0
2026-08-05T13:10:00Z,27.4,87,25.0,1007.1,0.0,0.0,,0.0,0.0,0,0.0
2026-08-05T13:20:00Z,27.4,87,25.0,1007.2,0.0,0.0,,0.0,0.0,0,0.0
2026-08-05T13:30:00Z,27.3,86,24.7,1007.3,0.45,1.34,292,0.0,0.0,0,0.0
2026-08-05T13:40:00Z,27.2,87,24.8,1007.2,0.0,1.34,292,0.0,0.0,0,0.0
2026-08-05T13:50:00Z,27.1,87,24.7,1007.3,0.0,1.34,292,0.0,0.0,0,0.0
2026-08-05T14:00:00Z,27.0,87,24.6,1007.1,0.45,1.34,292,0.0,0.0,0,0.0
2026-08-05T14:10:00Z,27.0,87,24.6,1007.3,0.0,0.45,292,0.0,0.0,0,0.0
2026-08-05T14:20:00Z,26.9,87,24.6,1007.3,0.0,0.45,292,0.0,0.0,0,0.0
2026-08-05T14:30:00Z,26.8,87,24.5,1007.4,0.45,1.34,292,0.0,0.0,0,0.0
2026-08-05T14:40:00Z,26.7,88,24.5,1007.4,0.0,0.89,292,0.0,0.0,0,0.0
2026-08-05T14:50:00Z,26.7,88,24.5,1007.3,0.0,1.34,292,0.0,0.0,0,0.0
2026-08-05T15:00:00Z,26.7,88,24.5,1007.3,0.0,0.89,292,0.0,0.0,0,0.0
2026-08-05T15:10:00Z,26.6,88,24.4,1007.1,0.0,1.34,292,0.0,0.0,0,0.0
2026-08-05T15:20:00Z,26.6,88,24.4,1007.1,0.0,1.34,292,0.0,0.0,0,0.0
2026-08-05T15:30:00Z,26.6,88,24.4,1007.2,0.0,0.89,292,0.0,0.0,0,0.0
2026-08-05T15:40:00Z,26.6,88,24.4,1007.1,0.45,1.34,292,0.0,0.0,0,0.0
2026-08-05T15:50:00Z,26.6,88,24.4,1007.0,0.0,1.34,292,0.0,0.0,0,0.0
2026-08-05T16:00:00Z,26.5,88,24.3,1006.8,0.0,0.0,,0.0,0.0,0,0.0
2026-08-05T16:10:00Z,26.4,88,24.2,1006.7,0.0,0.0,,0.0,0.0,0,0.0
2026-08-05T16:20:00Z,26.4,88,24.2,1006.6,0.0,0.0,,0.0,0.0,0,0.0
2026-08-05T16:30:00Z,26.3,88,24.2,1006.5,0.0,0.0,,0.0,0.0,0,0.0
2026-08-05T16:40:00Z,26.3,89,24.3,1006.4,0.0,0.0,,0.0,0.0,0,0.0
2026-08-05T16:50:00Z,26.3,89,24.3,1006.3,0.0,0.0,,0.0,0.0,0,0.0
2026-08-05T17:00:00Z,26.3,89,24.3,1006.3,0.0,0.0,,0.0,0.0,0,0.0
2026-08-05T17:10:00Z,26.7,90,24.9,1006.0,0.45,0.89,292,0.0,0.0,0,0.0
2026-08-05T17:20:00Z,27.0,89,25.0,1006.0,0.45,0.89,292,0.0,0.0,0,0.0
2026-08-05T17:30:00Z,27.2,88,25.0,1006.0,0.45,1.34,315,0.0,0.0,0,0.0
2026-08-05T17:40:00Z,27.3,87,24.9,1005.9,0.45,1.34,315,0.0,0.0,0,0.0
2026-08-05T17:50:00Z,27.6,87,25.2,1005.6,0.45,1.79,315,0.0,0.0,0,0.0
2026-08-05T18:00:00Z,27.7,87,25.3,1005.5,0.45,0.89,315,0.0,0.0,0,0.0
2026-08-05T18:10:00Z,27.7,86,25.1,1005.4,0.45,0.89,315,0.0,0.0,0,0.0
2026-08-05T18:20:00Z,27.7,86,25.1,1005.4,0.0,0.89,315,0.0,0.0,0,0.0
2026-08-05T18:30:00Z,27.7,86,25.1,1005.2,0.45,1.34,315,0.0,0.0,0,0.0
2026-08-05T18:40:00Z,27.8,86,25.2,1005.2,0.45,0.89,315,0.0,0.0,0,0.0
2026-08-05T18:50:00Z,27.7,86,25.1,1005.2,0.0,0.89,315,0.0,0.0,0,0.0
2026-08-05T19:00:00Z,27.8,86,25.2,1005.2,0.45,0.89,315,0.0,0.0,0,0.0
2026-08-05T19:10:00Z,27.7,86,25.1,1005.1,0.0,0.89,315,0.0,0.0,0,0.0
2026-08-05T19:20:00Z,27.7,86,25.1,1005.1,0.45,0.89,315,0.0,0.0,0,0.0
2026-08-05T19:30:00Z,27.8,86,25.2,1005.1,0.0,0.89,315,0.0,0.0,0,0.0
2026-08-05T19:40:00Z,27.8,86,25.2,1005.0,0.45,0.89,315,0.0,0.0,0,0.0
2026-08-05T19:50:00Z,27.8,86,25.2,1004.9,0.0,1.34,315,0.0,0.0,0,0.0
2026-08-05T20:00:00Z,27.8,86,25.2,1005.0,0.0,0.89,315,0.0,0.0,0,0.0
2026-08-05T20:10:00Z,27.3,84,24.4,1005.1,0.45,1.34,315,0.0,0.0,0,0.0
2026-08-05T20:20:00Z,26.8,85,24.1,1005.1,0.0,0.45,315,0.0,0.0,0,0.0
2026-08-05T20:30:00Z,26.4,85,23.7,1004.9,0.0,0.89,315,0.0,0.0,0,0.0
2026-08-05T20:40:00Z,26.1,87,23.8,1005.0,0.89,1.34,315,0.0,0.0,0,0.0
2026-08-05T20:50:00Z,25.8,87,23.5,1004.9,0.45,1.34,315,0.0,0.0,0,0.0
2026-08-05T21:00:00Z,25.9,88,23.8,1004.7,0.0,0.45,315,0.0,0.0,0,0.0
2026-08-05T21:10:00Z,25.8,88,23.7,1004.7,0.0,1.34,315,0.0,0.0,0,0.0
2026-08-05T21:20:00Z,25.7,88,23.6,1004.7,0.45,1.79,315,0.0,0.0,0,0.0
2026-08-05T21:30:00Z,25.7,89,23.7,1004.7,0.0,0.45,315,0.0,0.0,0,0.0
2026-08-05T21:40:00Z,25.6,88,23.5,1004.7,0.45,1.34,315,0.0,0.0,6,0.0
2026-08-05T21:50:00Z,25.5,88,23.4,1004.7,0.0,1.34,315,0.0,0.0,13,0.0
2026-08-05T22:00:00Z,25.6,89,23.6,1004.7,0.0,0.89,315,0.0,0.0,20,0.0
2026-08-05T22:10:00Z,25.6,88,23.5,1004.8,0.45,1.79,315,0.0,0.0,30,0.0
2026-08-05T22:20:00Z,25.7,89,23.7,1004.9,0.45,2.24,202,0.0,0.0,36,0.0
2026-08-05T22:30:00Z,25.9,88,23.8,1004.9,0.89,2.68,202,0.0,0.0,44,0.0
2026-08-05T22:40:00Z,26.2,88,24.1,1004.8,0.45,1.79,202,0.0,0.0,49,0.0
2026-08-05T22:50:00Z,26.4,88,24.2,1004.9,0.45,1.79,202,0.0,0.0,53,0.0
2026-08-05T23:00:00Z,26.9,88,24.7,1004.9,0.0,0.89,202,0.0,0.0,57,0.3
2026-08-05T23:10:00Z,27.5,86,24.9,1004.9,0.45,1.34,202,0.0,0.0,60,0.6
2026-08-05T23:20:00Z,28.2,85,25.4,1004.8,0.0,0.89,202,0.0,0.0,63,0.8
2026-08-05T23:30:00Z,28.9,83,25.7,1005.1,0.0,0.89,202,0.0,0.0,67,0.9
2026-08-05T23:40:00Z,29.6,82,26.2,1005.0,0.0,0.89,202,0.0,0.0,71,1.1
2026-08-05T23:50:00Z,30.1,79,26.1,1005.2,0.0,0.45,202,0.0,0.0,74,1.3
2026-08-06T00:00:00Z,30.1,79,26.1,1005.2,0.0,0.89,225,0.0,0.0,77,1.6
2026-08-06T00:10:00Z,30.1,80,26.3,1005.1,0.0,0.89,270,0.0,0.0,106,1.8
2026-08-06T00:20:00Z,30.1,80,26.3,1005.3,0.0,1.79,270,0.0,0.0,233,2.1
2026-08-06T00:30:00Z,30.2,80,26.4,1005.3,0.0,2.24,292,0.0,0.0,384,2.4
2026-08-06T00:40:00Z,30.3,79,26.2,1005.5,0.0,1.34,292,0.0,0.0,179,2.8
2026-08-06T00:50:00Z,30.3,79,26.2,1005.7,0.45,2.24,292,0.0,0.0,91,3.1
2026-08-06T01:00:00Z,30.4,80,26.6,1005.7,0.45,1.79,315,0.0,0.0,89,3.5
2026-08-06T01:10:00Z,30.6,79,26.5,1005.9,0.0,1.79,315,0.0,0.0,91,3.9
2026-08-06T01:20:00Z,30.7,79,26.6,1005.8,0.45,3.13,292,0.0,0.0,92,4.3
2026-08-06T01:30:00Z,30.8,79,26.7,1005.8,0.45,3.13,292,0.0,0.0,94,4.7
2026-08-06T01:40:00Z,31.1,79,27.0,1005.8,0.0,1.79,315,0.0,0.0,100,5.1
2026-08-06T01:50:00Z,31.2,80,27.3,1005.8,0.45,3.13,315,0.0,0.0,152,5.5
2026-08-06T02:00:00Z,31.3,80,27.4,1005.9,0.45,3.13,292,0.0,0.0,437,5.9
2026-08-06T02:10:00Z,31.4,80,27.5,1006.0,0.45,3.58,315,0.0,0.0,649,6.3
2026-08-06T02:20:00Z,31.5,79,27.4,1005.7,0.89,3.58,292,0.0,0.0,613,6.6
2026-08-06T02:30:00Z,31.6,79,27.5,1005.7,0.45,3.58,292,0.0,0.0,193,6.9
2026-08-06T02:40:00Z,31.6,79,27.5,1005.5,0.45,3.13,292,0.0,0.0,181,7.3
2026-08-06T02:50:00Z,31.6,78,27.3,1005.5,0.45,3.13,292,0.0,0.0,416,7.7
2026-08-06T03:00:00Z,31.7,79,27.6,1005.8,0.45,2.68,315,0.0,0.0,639,7.8
2026-08-06T03:10:00Z,31.9,78,27.6,1005.5,0.45,2.24,315,0.0,0.0,181,8.2
2026-08-06T03:20:00Z,32.1,78,27.8,1005.4,0.45,3.58,292,0.0,0.0,807,8.5
2026-08-06T03:30:00Z,32.2,78,27.9,1005.4,0.45,2.68,292,0.0,0.0,962,8.5
2026-08-06T03:40:00Z,32.3,77,27.7,1005.4,0.45,2.24,292,0.0,0.0,968,8.8
2026-08-06T03:50:00Z,32.3,77,27.7,1005.2,0.45,2.24,292,0.0,0.0,963,8.9
2026-08-06T04:00:00Z,32.3,78,28.0,1005.1,0.45,2.24,292,0.0,0.0,977,8.8
2026-08-06T04:10:00Z,32.3,77,27.7,1005.0,0.45,4.47,292,0.0,0.0,981,8.9
2026-08-06T04:20:00Z,32.3,78,28.0,1004.9,0.45,3.58,292,0.0,0.0,983,9.0
2026-08-06T04:30:00Z,32.3,78,28.0,1004.9,0.45,3.13,292,0.0,0.0,987,9.0
2026-08-06T04:40:00Z,32.3,77,27.7,1004.8,0.45,4.02,292,0.0,0.0,986,8.9
2026-08-06T04:50:00Z,32.4,78,28.1,1004.6,0.45,2.24,292,0.0,0.0,985,8.8
2026-08-06T05:00:00Z,32.5,77,27.9,1004.5,0.45,3.13,292,0.0,0.0,983,8.6
2026-08-06T05:10:00Z,32.6,77,28.0,1004.4,0.45,3.58,292,0.0,0.0,982,8.4
2026-08-06T05:20:00Z,32.6,77,28.0,1004.3,0.45,3.13,292,0.0,0.0,971,8.1
2026-08-06T05:30:00Z,32.7,77,28.1,1004.1,0.45,3.58,292,0.0,0.0,999,7.9
2026-08-06T05:40:00Z,32.4,77,27.8,1004.0,0.89,3.58,292,0.0,0.0,811,5.8
2026-08-06T05:50:00Z,32.2,77,27.7,1004.0,0.45,2.68,292,0.0,0.0,554,4.6
2026-08-06T06:00:00Z,32.0,78,27.7,1004.0,0.45,3.13,292,0.0,0.0,721,5.9
2026-08-06T06:10:00Z,32.3,78,28.0,1003.8,0.45,3.58,315,0.0,0.0,926,6.5
2026-08-06T06:20:00Z,32.5,77,27.9,1003.7,0.45,2.24,292,0.0,0.0,864,6.1
2026-08-06T06:30:00Z,32.5,78,28.2,1003.6,0.45,2.68,292,0.0,0.0,827,5.6
2026-08-06T06:40:00Z,32.6,78,28.3,1003.5,0.45,2.24,292,0.0,0.0,808,5.2
2026-08-06T06:50:00Z,32.6,77,28.0,1003.4,0.45,3.58,292,0.0,0.0,758,4.7
2026-08-06T07:00:00Z,32.6,77,28.0,1003.2,0.45,2.68,315,0.0,0.0,749,4.4
2026-08-06T07:10:00Z,32.6,77,28.0,1003.3,0.45,2.68,292,0.0,0.0,720,3.9
2026-08-06T07:20:00Z,32.4,78,28.1,1003.2,0.45,2.68,292,0.0,0.0,685,3.5
2026-08-06T07:30:00Z,32.3,78,28.0,1003.2,0.45,3.58,292,0.0,0.0,650,3.1
2026-08-06T07:40:00Z,32.2,78,27.9,1003.1,0.45,3.58,292,0.0,0.0,629,2.8
2026-08-06T07:50:00Z,32.0,78,27.7,1003.2,0.89,4.02,292,0.0,0.0,584,2.4
2026-08-06T08:00:00Z,31.8,77,27.3,1003.2,0.89,3.58,292,0.0,0.0,550,2.1
2026-08-06T08:10:00Z,31.8,77,27.3,1003.0,0.45,2.68,292,0.0,0.0,518,1.8
2026-08-06T08:20:00Z,31.8,77,27.3,1003.1,0.89,4.02,292,0.0,0.0,450,1.5
2026-08-06T08:30:00Z,31.8,77,27.3,1003.0,0.45,1.79,315,0.0,0.0,434,1.3
2026-08-06T08:40:00Z,31.8,77,27.3,1002.9,0.45,3.58,315,0.0,0.0,395,1.0
2026-08-06T08:50:00Z,31.6,78,27.3,1002.9,0.45,3.13,292,0.0,0.0,325,0.8
2026-08-06T09:00:00Z,31.4,78,27.1,1002.8,0.89,3.58,315,0.0,0.0,243,0.6
2026-08-06T09:10:00Z,31.2,79,27.1,1002.8,0.89,3.13,315,0.0,0.0,203,0.3
2026-08-06T09:20:00Z,31.0,79,26.9,1002.8,0.45,3.58,315,0.0,0.0,193,0.0
2026-08-06T09:30:00Z,31.1,80,27.2,1003.1,0.89,3.58,292,0.0,0.0,203,0.0
2026-08-06T09:40:00Z,31.0,80,27.1,1003.0,0.45,3.13,292,0.0,0.0,148,0.0
2026-08-06T09:50:00Z,30.8,81,27.2,1003.0,0.45,2.68,292,0.0,0.0,82,0.0
2026-08-06T10:00:00Z,30.6,82,27.2,1003.2,0.45,2.68,315,0.0,0.0,57,0.0
2026-08-06T10:10:00Z,30.4,82,27.0,1003.1,0.45,3.13,315,0.0,0.0,43,0.0
2026-08-06T10:20:00Z,30.2,83,27.0,1003.0,0.45,3.13,292,0.0,0.0,22,0.0
2026-08-06T10:30:00Z,30.1,84,27.1,1002.9,0.0,1.79,315,0.0,0.0,8,0.0
2026-08-06T10:40:00Z,29.9,84,26.9,1002.9,0.45,1.79,315,0.0,0.0,0,0.0
2026-08-06T10:50:00Z,29.8,84,26.8,1003.0,0.0,1.79,315,0.0,0.0,0,0.0
2026-08-06T11:00:00Z,29.7,84,26.7,1003.1,0.0,0.89,315,0.0,0.0,0,0.0
2026-08-06T11:10:00Z,29.6,84,26.6,1003.0,0.0,0.89,315,0.0,0.0,0,0.0
2026-08-06T11:20:00Z,29.6,84,26.6,1003.4,0.0,0.89,315,0.0,0.0,0,0.0
2026-08-06T11:30:00Z,29.6,84,26.6,1003.5,0.0,0.89,315,0.0,0.0,0,0.0
2026-08-06T11:40:00Z,29.5,84,26.5,1003.5,0.0,0.0,,0.0,0.0,0,0.0
2026-08-06T11:50:00Z,29.4,84,26.4,1003.5,0.0,0.0,,0.0,0.0,0,0.0
2026-08-06T12:00:00Z,29.3,84,26.3,1003.6,0.0,0.45,315,0.0,0.0,0,0.0
2026-08-06T12:10:00Z,29.0,84,26.0,1003.7,0.0,0.45,315,0.0,0.0,0,0.0
2026-08-06T12:20:00Z,28.7,84,25.7,1003.8,0.0,0.89,315,0.0,0.0,0,0.0
2026-08-06T12:30:00Z,28.4,85,25.6,1004.0,0.0,0.45,315,0.0,0.0,0,0.0
2026-08-06T12:40:00Z,28.3,85,25.5,1004.3,0.0,0.89,315,0.0,0.0,0,0.0
2026-08-06T12:50:00Z,28.2,85,25.4,1004.6,0.0,0.89,315,0.0,0.0,0,0.0
2026-08-06T13:00:00Z,28.2,86,25.6,1004.8,0.0,0.89,315,0.0,0.0,0,0.0
2026-08-06T13:10:00Z,28.1,86,25.5,1004.9,0.0,0.89,315,0.0,0.0,0,0.0
2026-08-06T13:20:00Z,28.1,86,25.5,1005.0,0.0,1.34,315,0.0,0.0,0,0.0
2026-08-06T13:30:00Z,28.1,86,25.5,1004.9,0.0,1.34,315,0.0,0.0,0,0.0
2026-08-06T13:40:00Z,28.1,86,25.5,1004.9,0.0,0.89,315,0.0,0.0,0,0.0
2026-08-06T13:50:00Z,27.9,86,25.3,1004.7,0.0,0.89,315,0.0,0.0,0,0.0
2026-08-06T14:00:00Z,27.9,86,25.3,1004.7,0.0,0.89,315,0.0,0.0,0,0.0
2026-08-06T14:10:00Z,27.8,86,25.2,1004.5,0.0,0.89,315,0.0,0.0,0,0.0
2026-08-06T14:20:00Z,27.8,87,25.4,1004.5,0.0,0.89,315,0.0,0.0,0,0.0
2026-08-06T14:30:00Z,27.8,87,25.4,1004.4,0.45,1.34,315,0.0,0.0,0,0.0
2026-08-06T14:40:00Z,27.7,87,25.3,1004.4,0.0,1.34,315,0.0,0.0,0,0.0
2026-08-06T14:50:00Z,27.6,87,25.2,1004.4,0.0,0.45,315,0.0,0.0,0,0.0
2026-08-06T15:00:00Z,27.6,87,25.2,1004.4,0.0,0.89,315,0.0,0.0,0,0.0
2026-08-06T15:10:00Z,27.5,88,25.3,1004.3,0.0,0.89,315,0.0,0.0,0,0.0
2026-08-06T15:20:00Z,27.4,88,25.2,1004.3,0.0,0.45,315,0.0,0.0,0,0.0
2026-08-06T15:30:00Z,27.4,88,25.2,1004.2,0.0,0.45,315,0.0,0.0,0,0.0
2026-08-06T15:40:00Z,27.3,88,25.1,1004.2,0.0,0.45,315,0.0,0.0,0,0.0
2026-08-06T15:50:00Z,27.2,88,25.0,1004.1,0.0,0.45,315,0.0,0.0,0,0.0
2026-08-06T16:00:00Z,27.3,88,25.1,1004.0,0.0,0.89,315,0.0,0.0,0,0.0
2026-08-06T16:10:00Z,27.3,88,25.1,1004.0,0.0,0.89,315,0.0,0.0,0,0.0
2026-08-06T16:20:00Z,27.2,88,25.0,1004.0,0.0,0.45,315,0.0,0.0,0,0.0
2026-08-06T16:30:00Z,27.2,88,25.0,1003.9,0.0,0.45,315,0.0,0.0,0,0.0
2026-08-06T16:40:00Z,27.2,88,25.0,1003.8,0.0,0.0,,0.0,0.0,0,0.0
2026-08-06T16:50:00Z,27.2,88,25.0,1003.7,0.0,0.0,,0.0,0.0,0,0.0
2026-08-06T17:00:00Z,27.3,88,25.1,1003.3,0.0,0.0,,0.0,0.0,0,0.0
2026-08-06T17:10:00Z,27.9,90,26.1,1003.2,0.0,0.0,,0.0,0.0,0,0.0
2026-08-06T17:20:00Z,28.3,90,26.5,1003.1,0.0,0.89,315,0.0,0.0,0,0.0
2026-08-06T17:30:00Z,28.3,89,26.3,1003.0,0.0,1.34,315,0.0,0.0,0,0.0
2026-08-06T17:40:00Z,28.4,89,26.4,1002.9,0.0,0.89,315,0.0,0.0,0,0.0
2026-08-06T17:50:00Z,28.4,88,26.2,1002.8,0.0,1.79,315,0.0,0.0,0,0.0
2026-08-06T18:00:00Z,28.5,88,26.3,1002.8,0.0,1.79,315,0.0,0.0,0,0.0
2026-08-06T18:10:00Z,28.7,88,26.5,1002.8,0.0,1.34,315,0.0,0.0,0,0.0
2026-08-06T18:20:00Z,28.7,88,26.5,1002.6,0.0,1.34,292,0.0,0.0,0,0.0
2026-08-06T18:30:00Z,28.8,88,26.6,1002.4,0.0,1.79,292,0.0,0.0,0,0.0
2026-08-06T18:40:00Z,28.8,87,26.4,1002.4,0.0,1.34,292,0.0,0.0,0,0.0
2026-08-06T18:50:00Z,28.8,87,26.4,1002.4,0.0,1.79,292,0.0,0.0,0,0.0
2026-08-06T19:00:00Z,28.9,87,26.5,1002.4,0.0,1.34,292,0.0,0.0,0,0.0
2026-08-06T19:10:00Z,28.9,87,26.5,1002.3,0.0,1.34,270,0.0,0.0,0,0.0
2026-08-06T19:20:00Z,29.1,88,26.9,1002.3,0.45,1.79,270,1.4,110.8,0,0.0
2026-08-06T19:30:00Z,27.7,87,25.3,1002.5,1.79,6.71,292,16.0,192.0,0,0.0
2026-08-06T19:40:00Z,26.9,89,24.9,1002.2,1.34,4.47,292,27.4,157.8,0,0.0
2026-08-06T19:50:00Z,26.7,90,24.9,1002.3,0.45,3.13,270,31.0,61.2,0,0.0
2026-08-06T20:00:00Z,26.6,91,25.0,1002.1,0.45,1.79,270,31.4,11.8,0,0.0
2026-08-06T20:10:00Z,26.3,91,24.7,1002.1,0.0,1.79,270,31.6,1.6,0,0.0
2026-08-06T20:20:00Z,26.1,91,24.5,1002.1,0.0,0.89,270,34.0,24.4,0,0.0
2026-08-06T20:30:00Z,26.1,91,24.5,1001.8,0.45,3.13,270,44.2,225.8,0,0.0
2026-08-06T20:40:00Z,26.6,92,25.2,1001.5,0.89,3.13,292,45.4,21.0,0,0.0
2026-08-06T20:50:00Z,27.4,93,26.2,1001.7,1.79,5.36,292,45.4,1.0,0,0.0
2026-08-06T21:00:00Z,27.3,93,26.1,1001.5,2.68,7.15,292,45.4,0.0,0,0.0
2026-08-06T21:10:00Z,27.1,92,25.7,1001.5,2.24,5.36,292,45.4,0.0,0,0.0
2026-08-06T21:20:00Z,27.2,93,26.0,1001.4,2.24,6.26,292,45.4,0.0,0,0.0
2026-08-06T21:30:00Z,27.0,93,25.8,1001.4,1.79,6.26,292,45.4,0.0,4,0.0
2026-08-06T21:40:00Z,27.2,93,26.0,1001.4,1.79,5.36,292,45.4,0.0,11,0.0
2026-08-06T21:50:00Z,27.1,93,25.9,1001.5,2.68,5.81,292,45.4,0.0,10,0.0
2026-08-06T22:00:00Z,27.2,93,26.0,1001.5,2.68,5.36,292,45.4,0.0,14,0.0
2026-08-06T22:10:00Z,27.5,93,26.3,1001.4,2.24,6.26,292,45.4,0.0,14,0.0
2026-08-06T22:20:00Z,27.4,93,26.2,1001.4,1.79,4.92,292,45.4,0.0,18,0.0
2026-08-06T22:30:00Z,27.4,93,26.2,1001.5,1.34,4.92,292,45.4,0.0,32,0.0
2026-08-06T22:40:00Z,27.3,93,26.1,1001.4,0.89,3.13,292,45.4,0.0,63,0.0
2026-08-06T22:50:00Z,27.3,93,26.1,1001.5,0.89,4.47,292,45.4,0.0,116,0.0
2026-08-06T23:00:00Z,27.3,93,26.1,1001.5,1.34,4.47,292,45.4,0.0,176,0.3
2026-08-06T23:10:00Z,27.3,93,26.1,1001.6,1.79,4.47,292,45.4,0.0,188,0.6
2026-08-06T23:20:00Z,27.4,93,26.2,1001.5,1.34,4.92,292,45.4,0.0,185,0.8
2026-08-06T23:30:00Z,27.4,93,26.2,1001.6,1.34,4.92,292,45.4,0.0,186,0.7
2026-08-06T23:40:00Z,27.4,93,26.2,1001.7,1.34,4.02,292,45.4,0.0,130,0.9
2026-08-06T23:50:00Z,27.6,93,26.4,1001.8,1.34,4.47,292,45.4,0.0,162,0.9
2026-08-07T00:00:00Z,27.7,93,26.5,1001.7,1.79,4.47,292,45.4,0.0,182,1.3
2026-08-07T00:10:00Z,28.0,93,26.8,1001.7,1.34,3.58,292,45.4,0.0,251,1.9
2026-08-07T00:20:00Z,28.1,92,26.7,1001.9,1.79,4.02,292,45.4,0.0,221,1.1
2026-08-07T00:30:00Z,28.2,91,26.6,1001.9,1.79,4.47,292,45.4,0.0,283,1.6
2026-08-07T00:40:00Z,28.6,91,27.0,1002.0,1.34,3.58,315,45.4,0.0,296,2.5
2026-08-07T00:50:00Z,28.8,90,27.0,1002.0,1.34,4.02,292,45.4,0.0,278,2.9
2026-08-07T01:00:00Z,29.2,89,27.2,1002.0,1.79,4.92,292,45.4,0.0,271,3.4
2026-08-07T01:10:00Z,29.4,88,27.2,1002.0,1.79,4.92,315,45.4,0.0,218,3.9
2026-08-07T01:20:00Z,29.7,87,27.3,1001.9,1.79,4.47,292,45.4,0.0,267,4.2
2026-08-07T01:30:00Z,29.8,86,27.2,1001.8,2.24,5.36,292,45.4,0.0,273,3.8
2026-08-07T01:40:00Z,29.8,86,27.2,1001.8,1.79,4.92,292,45.4,0.0,342,3.3
2026-08-07T01:50:00Z,29.9,86,27.3,1001.8,1.79,8.05,292,45.4,0.0,354,3.7
2026-08-07T02:00:00Z,29.9,86,27.3,1001.9,2.68,8.05,292,45.4,0.0,407,4.0
2026-08-07T02:10:00Z,29.5,86,26.9,1001.6,3.13,6.71,292,45.4,0.0,162,1.8
2026-08-07T02:20:00Z,29.5,86,26.9,1001.8,3.13,7.6,292,45.4,0.0,297,4.1
2026-08-07T02:30:00Z,29.6,86,27.0,1001.5,3.13,7.15,292,45.4,0.0,264,4.1
2026-08-07T02:40:00Z,30.0,86,27.4,1001.3,3.13,8.94,292,45.4,0.0,656,6.3
2026-08-07T02:50:00Z,30.1,85,27.3,1001.2,3.13,7.6,292,45.4,0.0,520,5.2
2026-08-07T03:00:00Z,29.8,85,27.0,1001.2,3.13,8.94,292,45.4,0.0,354,3.7
2026-08-07T03:10:00Z,29.8,86,27.2,1001.0,4.02,10.73,292,45.4,0.0,380,5.0
2026-08-07T03:20:00Z,30.0,85,27.2,1000.9,4.47,10.28,292,45.4,0.0,618,6.1
2026-08-07T03:30:00Z,30.2,84,27.2,1000.8,6.71,11.62,292,45.4,0.0,994,7.4
2026-08-07T03:40:00Z,30.4,84,27.4,1000.7,7.15,12.96,292,45.4,0.0,997,8.5
2026-08-07T03:50:00Z,30.4,83,27.2,1000.6,6.71,12.07,292,45.4,0.0,889,8.2
2026-08-07T04:00:00Z,30.6,84,27.6,1000.4,6.26,10.73,292,45.4,0.0,872,8.1
2026-08-07T04:10:00Z,30.6,83,27.4,1000.3,6.26,10.73,292,45.4,0.0,598,7.5
2026-08-07T04:20:00Z,30.4,83,27.2,1000.2,6.26,11.62,292,45.4,0.0,615,6.8
2026-08-07T04:30:00Z,30.4,83,27.2,1000.3,5.81,11.18,292,45.4,0.0,442,5.2
2026-08-07T04:40:00Z,30.8,83,27.6,1000.2,6.26,10.28,292,45.4,0.0,1002,8.3
2026-08-07T04:50:00Z,30.8,82,27.4,1000.0,6.71,12.52,292,45.4,0.0,921,7.4
2026-08-07T05:00:00Z,30.8,81,27.2,999.8,5.81,10.73,292,45.4,0.0,862,7.6
2026-08-07T05:10:00Z,30.8,82,27.4,999.8,6.26,10.73,292,45.4,0.0,838,7.1
2026-08-07T05:20:00Z,30.7,82,27.3,999.7,6.26,12.07,292,45.4,0.0,765,6.5
2026-08-07T05:30:00Z,30.9,82,27.5,999.6,5.81,11.18,292,45.4,0.0,944,7.2
2026-08-07T05:40:00Z,30.9,81,27.3,999.4,6.26,12.07,292,45.4,0.0,911,7.1
2026-08-07T05:50:00Z,30.8,81,27.2,999.4,6.26,12.07,292,45.4,0.0,895,6.5
2026-08-07T06:00:00Z,30.8,80,26.9,999.2,6.71,12.96,292,45.4,0.0,905,6.8
2026-08-07T06:10:00Z,30.9,80,27.0,999.1,6.26,11.62,292,45.4,0.0,866,6.4
2026-08-07T06:20:00Z,30.9,79,26.8,998.8,6.26,11.18,292,45.4,0.0,845,5.9
2026-08-07T06:30:00Z,31.1,80,27.2,998.8,5.81,10.73,292,45.4,0.0,806,5.5
2026-08-07T06:40:00Z,31.1,81,27.5,998.7,5.81,10.28,292,45.4,0.0,794,5.2
2026-08-07T06:50:00Z,31.0,80,27.1,998.7,6.26,10.73,292,45.4,0.0,770,4.8
2026-08-07T07:00:00Z,30.9,80,27.0,998.7,6.26,12.96,292,45.4,0.0,737,4.4
2026-08-07T07:10:00Z,30.9,79,26.8,998.6,6.26,13.41,292,45.4,0.0,715,4.0
2026-08-07T07:20:00Z,30.8,80,26.9,998.8,6.26,12.52,292,45.4,0.0,664,3.5
2026-08-07T07:30:00Z,30.9,80,27.0,998.8,5.81,9.83,292,45.4,0.0,638,3.2
2026-08-07T07:40:00Z,30.8,80,26.9,998.8,5.81,11.18,292,45.4,0.0,604,2.8
2026-08-07T07:50:00Z,30.8,80,26.9,998.9,5.81,13.41,292,45.4,0.0,580,2.4
2026-08-07T08:00:00Z,30.8,80,26.9,999.0,5.81,11.18,292,45.4,0.0,545,2.2
2026-08-07T08:10:00Z,30.8,80,26.9,998.9,5.36,9.39,292,45.4,0.0,496,1.9
2026-08-07T08:20:00Z,30.7,81,27.1,998.8,5.36,11.18,292,45.4,0.0,462,1.6
2026-08-07T08:30:00Z,30.5,82,27.1,998.9,5.81,9.83,292,45.4,0.0,398,1.3
2026-08-07T08:40:00Z,30.4,83,27.2,998.8,5.36,12.52,292,45.4,0.0,397,1.1
2026-08-07T08:50:00Z,30.3,83,27.1,998.8,5.36,10.28,292,45.4,0.0,356,0.9
2026-08-07T09:00:00Z,30.1,83,26.9,999.1,5.81,9.83,292,45.4,0.0,319,0.7
2026-08-07T09:10:00Z,30.0,83,26.8,999.1,5.81,11.18,292,45.4,0.0,283,0.5
2026-08-07T09:20:00Z,29.8,83,26.6,999.2,5.36,8.94,292,45.4,0.0,225,0.0
2026-08-07T09:30:00Z,29.7,84,26.7,999.3,5.36,9.83,292,45.4,0.0,131,0.0
2026-08-07T09:40:00Z,29.4,85,26.6,999.2,5.81,10.28,292,45.4,0.0,75,0.0
2026-08-07T09:50:00Z,29.3,85,26.5,999.2,5.81,9.39,292,45.4,0.0,77,0.0
2026-08-07T10:00:00Z,29.2,86,26.6,999.4,5.81,10.73,292,45.4,0.0,50,0.0
2026-08-07T10:10:00Z,29.2,85,26.4,999.7,5.36,9.83,292,45.4,0.0,37,0.0
2026-08-07T10:20:00Z,29.2,86,26.6,999.8,4.92,9.83,292,45.4,0.0,20,0.0
2026-08-07T10:30:00Z,29.1,86,26.5,999.8,5.36,10.28,292,45.4,0.0,10,0.0
2026-08-07T10:40:00Z,29.1,86,26.5,999.9,4.92,8.94,292,45.4,0.0,0,0.0
2026-08-07T10:50:00Z,29.1,86,26.5,999.9,4.92,8.49,292,45.4,0.0,0,0.0
2026-08-07T11:00:00Z,28.9,86,26.3,999.8,5.36,8.49,292,45.4,0.0,0,0.0
2026-08-07T11:10:00Z,28.9,87,26.5,1000.0,4.92,8.94,292,45.4,0.0,0,0.0
2026-08-07T11:20:00Z,28.9,87,26.5,999.9,5.36,10.73,292,45.4,0.0,0,0.0
2026-08-07T11:30:00Z,28.9,87,26.5,1000.0,5.36,8.49,292,45.4,0.0,0,0.0
2026-08-07T11:40:00Z,28.8,87,26.4,1000.2,5.81,9.39,292,45.4,0.0,0,0.0
2026-08-07T11:50:00Z,28.9,87,26.5,1000.4,4.92,9.39,292,45.4,0.0,0,0.0
2026-08-07T12:00:00Z,28.8,87,26.4,1000.1,5.36,8.49,292,45.4,0.0,0,0.0
2026-08-07T12:10:00Z,28.9,87,26.5,1000.2,4.92,8.94,292,45.4,0.0,0,0.0
2026-08-07T12:20:00Z,28.8,86,26.2,1000.3,5.36,8.94,292,45.4,0.0,0,0.0
2026-08-07T12:30:00Z,28.9,86,26.3,1000.5,4.92,8.49,292,45.4,0.0,0,0.0
2026-08-07T12:40:00Z,28.9,86,26.3,1000.6,4.92,8.05,292,45.4,0.0,0,0.0
2026-08-07T12:50:00Z,28.8,86,26.2,1000.6,4.92,8.49,292,45.4,0.0,0,0.0
2026-08-07T13:00:00Z,28.9,86,26.3,1001.1,4.92,8.94,292,45.4,0.0,0,0.0
2026-08-07T13:10:00Z,28.9,86,26.3,1001.2,4.92,8.49,292,45.4,0.0,0,0.0
2026-08-07T13:20:00Z,28.9,86,26.3,1001.3,4.47,8.49,292,45.4,0.0,0,0.0
2026-08-07T13:30:00Z,28.9,86,26.3,1001.4,4.92,8.49,292,45.4,0.0,0,0.0
2026-08-07T13:40:00Z,28.9,86,26.3,1001.5,5.36,8.94,292,45.4,0.0,0,0.0
2026-08-07T13:50:00Z,28.9,86,26.3,1001.5,4.92,8.49,292,45.4,0.0,0,0.0
2026-08-07T14:00:00Z,28.9,86,26.3,1001.4,5.36,8.05,292,45.4,0.0,0,0.0
2026-08-07T14:10:00Z,28.9,86,26.3,1001.2,5.36,12.07,292,45.4,0.0,0,0.0
2026-08-07T14:20:00Z,28.8,86,26.2,1001.1,5.36,10.28,292,45.4,0.0,0,0.0
2026-08-07T14:30:00Z,28.8,87,26.4,1001.1,5.36,9.39,292,45.4,0.0,0,0.0
2026-08-07T14:40:00Z,28.7,87,26.3,1001.1,5.36,8.94,292,45.4,0.0,0,0.0
2026-08-07T14:50:00Z,28.7,87,26.3,1001.0,5.36,8.49,292,45.4,0.0,0,0.0
2026-08-07T15:00:00Z,28.7,87,26.3,1001.0,5.36,8.94,292,45.4,0.0,0,0.0
2026-08-07T15:10:00Z,28.7,86,26.1,1000.7,4.92,12.07,292,45.4,0.0,0,0.0
2026-08-07T15:20:00Z,28.7,87,26.3,1000.6,4.92,9.39,292,45.4,0.0,0,0.0
2026-08-07T15:30:00Z,28.7,86,26.1,1000.6,5.36,9.83,292,45.4,0.0,0,0.0
2026-08-07T15:40:00Z,28.7,86,26.1,1000.6,5.36,9.83,292,45.4,0.0,0,0.0
2026-08-07T15:50:00Z,28.7,86,26.1,1000.5,5.81,9.39,292,45.4,0.0,0,0.0
2026-08-07T16:00:00Z,28.8,87,26.4,1000.4,5.36,8.94,292,0.0,0.0,0,0.0
2026-08-07T16:10:00Z,28.8,87,26.4,1000.4,5.36,11.62,292,0.0,0.0,0,0.0
2026-08-07T16:20:00Z,28.8,87,26.4,1000.4,5.36,9.39,292,0.0,0.0,0,0.0
2026-08-07T16:30:00Z,28.8,88,26.6,1000.2,5.81,9.39,292,0.0,0.0,0,0.0
2026-08-07T16:40:00Z,28.7,88,26.5,1000.2,5.36,9.39,292,0.0,0.0,0,0.0
2026-08-07T16:50:00Z,28.7,88,26.5,1000.1,6.26,9.83,292,0.0,0.0,0,0.0
2026-08-07T17:00:00Z,28.6,88,26.4,1000.2,6.26,10.73,292,0.0,0.0,0,0.0
2026-08-07T17:10:00Z,28.6,88,26.4,1000.1,6.26,9.39,292,0.0,0.0,0,0.0
2026-08-07T17:20:00Z,28.6,88,26.4,1000.0,4.92,8.05,292,0.0,0.0,0,0.0
2026-08-07T17:30:00Z,28.6,88,26.4,1000.0,4.92,8.05,292,0.0,0.0,0,0.0
2026-08-07T17:40:00Z,28.7,88,26.5,999.9,5.4,8.5,292,0.0,0.0,0,0.0
2026-08-07T17:50:00Z,28.6,88,26.4,999.7,5.4,10.7,292,0.0,0.0,0,0.0
2026-08-07T18:00:00Z,28.7,88,26.5,999.6,4.9,8.5,292,0.0,0.0,0,0.0
2026-08-07T18:10:00Z,28.7,88,26.5,999.7,5.4,8.9,292,0.0,0.0,0,0.0
2026-08-07T18:20:00Z,28.7,88,26.5,999.7,4.9,8.5,292,0.0,0.0,0,0.0
2026-08-07T18:30:00Z,28.7,88,26.5,999.7,4.5,7.6,292,0.0,0.0,0,0.0
2026-08-07T18:40:00Z,28.8,88,26.6,999.6,5.4,10.3,292,0.0,0.0,0,0.0
2026-08-07T18:50:00Z,28.8,88,26.6,999.4,4.9,8.9,292,0.0,0.0,0,0.0
2026-08-07T19:00:00Z,28.8,88,26.6,999.2,5.4,9.4,292,0.0,0.0,0,0.0
2026-08-07T19:10:00Z,28.8,88,26.6,998.9,5.4,9.4,292,0.0,0.0,0,0.0
2026-08-07T19:20:00Z,28.7,88,26.5,998.5,5.4,8.5,292,0.0,0.0,0,0.0
2026-08-07T19:30:00Z,28.7,88,26.5,998.5,4.5,8.5,292,0.0,0.0,0,0.0
2026-08-07T19:40:00Z,28.7,88,26.5,998.5,4.9,8.0,292,0.0,0.0,0,0.0
2026-08-07T19:50:00Z,28.8,88,26.6,998.2,4.9,8.0,292,0.0,0.0,0,0.0
2026-08-07T20:00:00Z,28.7,88,26.5,998.0,4.9,10.7,292,0.0,0.0,0,0.0
2026-08-07T20:10:00Z,28.4,88,26.2,998.1,4.9,9.4,292,0.0,0.0,0,0.0
2026-08-07T20:20:00Z,28.2,88,26.0,998.1,4.5,9.4,292,0.0,0.0,0,0.0
2026-08-07T20:30:00Z,28.2,87,25.8,998.2,4.5,9.4,292,0.0,0.0,0,0.0
2026-08-07T20:40:00Z,28.3,88,26.1,998.4,4.5,8.5,292,0.0,0.0,0,0.0
2026-08-07T20:50:00Z,28.3,87,25.9,998.7,4.5,8.5,292,0.0,0.0,0,0.0
2026-08-07T21:00:00Z,28.3,87,25.9,998.7,4.0,8.9,292,0.0,0.0,0,0.0
2026-08-07T21:10:00Z,28.3,87,25.9,998.8,4.0,8.5,292,0.0,0.0,0,0.0
2026-08-07T21:20:00Z,28.2,87,25.8,998.8,4.0,7.6,292,0.0,0.0,0,0.0
2026-08-07T21:30:00Z,28.3,87,25.9,998.9,4.0,7.6,292,0.0,0.0,0,0.0
2026-08-07T21:40:00Z,28.3,87,25.9,998.8,3.6,8.0,292,0.0,0.0,0,0.0
2026-08-07T21:50:00Z,28.3,87,25.9,998.9,3.6,6.3,292,0.0,0.0,5,0.0
2026-08-07T22:00:00Z,28.3,87,25.9,999.1,3.1,7.6,292,0.0,0.0,12,0.0
2026-08-07T22:10:00Z,28.3,87,25.9,999.3,3.6,7.6,292,0.0,0.0,13,0.0
2026-08-07T22:20:00Z,28.3,87,25.9,999.4,3.6,8.5,292,0.0,0.0,21,0.0
2026-08-07T22:30:00Z,28.3,87,25.9,999.4,3.6,7.2,292,0.0,0.0,36,0.0
2026-08-07T22:40:00Z,28.3,87,25.9,999.4,4.0,8.5,292,0.0,0.0,40,0.0
2026-08-07T22:50:00Z,28.3,87,25.9,999.3,4.0,8.5,292,0.0,0.0,44,0.0
2026-08-07T23:00:00Z,28.3,87,25.9,999.4,4.0,8.9,292,0.0,0.0,68,0.0
2026-08-07T23:10:00Z,28.3,87,25.9,999.4,4.0,8.0,292,0.0,0.0,102,0.5
2026-08-07T23:20:00Z,28.4,87,26.0,999.3,3.6,7.6,292,0.0,0.0,124,0.6
2026-08-07T23:30:00Z,28.4,87,26.0,999.3,4.0,8.5,292,0.0,0.0,123,0.8
2026-08-07T23:40:00Z,28.4,87,26.0,999.2,4.5,8.5,292,0.0,0.0,126,0.8
2026-08-07T23:50:00Z,28.4,87,26.0,999.5,4.0,8.0,292,0.0,0.0,135,1.0
2026-08-08T00:00:00Z,28.5,87,26.1,999.6,4.0,7.6,292,0.0,0.0,151,1.0
2026-08-08T00:10:00Z,28.5,87,26.1,999.7,3.6,7.2,292,0.0,0.0,114,0.8
2026-08-08T00:20:00Z,28.7,86,26.1,999.7,4.0,8.0,292,0.0,0.0,226,1.5
2026-08-08T00:30:00Z,28.8,86,26.2,999.7,3.6,8.0,292,0.0,0.0,233,1.7
2026-08-08T00:40:00Z,28.9,86,26.3,999.5,3.6,7.6,292,0.0,0.0,226,1.7
2026-08-08T00:50:00Z,29.1,85,26.3,999.5,3.1,6.7,292,0.0,0.0,244,2.2
2026-08-08T01:00:00Z,29.2,85,26.4,999.5,3.6,7.2,292,0.0,0.0,283,2.8
2026-08-08T01:10:00Z,29.4,85,26.6,999.5,3.6,7.2,292,0.0,0.0,307,3.2
2026-08-08T01:20:00Z,29.8,84,26.8,999.3,3.1,6.7,292,0.0,0.0,328,3.5
2026-08-08T01:30:00Z,29.9,84,26.9,999.4,3.1,6.3,292,0.0,0.0,324,3.5
2026-08-08T01:40:00Z,29.9,84,26.9,999.4,2.7,6.7,292,0.0,0.0,345,3.7
2026-08-08T01:50:00Z,30.1,84,27.1,999.4,3.1,7.2,292,0.0,0.0,399,4.1
2026-08-08T02:00:00Z,30.2,85,27.4,999.1,3.6,7.2,292,0.0,0.0,517,4.8
2026-08-08T02:10:00Z,30.3,85,27.5,998.9,3.1,6.3,292,0.0,0.0,513,4.9
2026-08-08T02:20:00Z,30.2,85,27.4,998.8,4.0,7.2,292,0.0,0.0,528,5.1
2026-08-08T02:30:00Z,30.3,85,27.5,998.4,4.0,7.6,292,0.0,0.0,632,6.0
2026-08-08T02:40:00Z,30.4,85,27.6,998.3,4.0,7.2,292,0.0,0.0,671,6.3
2026-08-08T02:50:00Z,30.4,85,27.6,998.1,4.5,8.0,292,0.0,0.0,693,6.6
2026-08-08T03:00:00Z,30.4,85,27.6,998.0,4.9,8.0,292,0.0,0.0,668,6.7
2026-08-08T03:10:00Z,30.4,85,27.6,998.1,4.9,9.4,292,0.0,0.0,743,7.2
2026-08-08T03:20:00Z,30.4,85,27.6,998.1,4.0,7.2,292,0.0,0.0,459,5.5
2026-08-08T03:30:00Z,30.3,86,27.7,997.9,4.9,8.9,292,0.0,0.0,576,5.8
2026-08-08T03:40:00Z,30.5,85,27.7,997.8,5.4,9.4,292,0.0,0.0,794,7.9
2026-08-08T03:50:00Z,30.6,85,27.8,997.8,5.4,9.4,292,0.0,0.0,816,7.9
2026-08-08T04:00:00Z,30.8,84,27.8,997.8,4.5,9.4,292,0.0,0.0,832,8.1
2026-08-08T04:10:00Z,30.8,84,27.8,997.5,4.9,9.4,292,0.0,0.0,837,8.1
2026-08-08T04:20:00Z,30.7,84,27.7,997.5,5.4,8.9,292,0.0,0.0,834,8.1
2026-08-08T04:30:00Z,30.8,84,27.8,997.2,4.5,8.5,270,0.0,0.0,873,8.3
2026-08-08T04:40:00Z,30.8,84,27.8,997.1,5.4,9.4,292,0.0,0.0,853,8.1
2026-08-08T04:50:00Z,30.8,83,27.6,997.0,4.5,9.4,292,0.0,0.0,804,7.7
2026-08-08T05:00:00Z,30.7,83,27.5,997.0,4.9,8.9,292,0.0,0.0,735,7.1
2026-08-08T05:10:00Z,30.7,83,27.5,996.8,4.5,9.4,292,0.0,0.0,709,6.8
2026-08-08T05:20:00Z,30.6,83,27.4,996.7,4.9,8.5,292,0.0,0.0,685,6.4
2026-08-08T05:30:00Z,30.7,83,27.5,996.6,4.0,7.6,292,0.0,0.0,659,6.3
2026-08-08T05:40:00Z,31.2,82,27.8,996.6,3.1,8.0,292,0.0,0.0,860,7.3
2026-08-08T05:50:00Z,31.5,81,27.8,996.6,3.1,8.9,292,0.0,0.0,884,7.3
2026-08-08T06:00:00Z,31.6,81,27.9,996.5,3.1,8.9,292,0.0,0.0,801,6.6
2026-08-08T06:10:00Z,31.4,82,28.0,996.3,3.6,8.0,292,0.0,0.0,735,6.0
2026-08-08T06:20:00Z,31.3,82,27.9,996.1,4.0,7.6,292,0.0,0.0,736,5.8
2026-08-08T06:30:00Z,31.2,82,27.8,996.2,4.5,9.8,292,0.0,0.0,701,5.3
2026-08-08T06:40:00Z,31.1,83,27.9,996.2,4.0,7.2,292,0.0,0.0,604,4.6
2026-08-08T06:50:00Z,30.8,83,27.6,996.2,4.5,7.6,292,0.0,0.0,583,4.2
2026-08-08T07:00:00Z,30.8,83,27.6,996.2,4.0,7.2,292,0.0,0.0,627,4.0
2026-08-08T07:10:00Z,31.0,83,27.8,996.4,3.6,7.2,292,0.0,0.0,644,3.9
2026-08-08T07:20:00Z,31.1,83,27.9,996.3,3.1,5.8,292,0.0,0.0,611,3.5
2026-08-08T07:30:00Z,30.9,83,27.7,996.2,3.1,7.2,292,0.0,0.0,550,3.0
2026-08-08T07:40:00Z,30.9,83,27.7,996.3,3.6,6.7,292,0.0,0.0,509,2.6
2026-08-08T07:50:00Z,30.7,83,27.5,996.2,4.0,8.0,292,0.0,0.0,473,2.3
2026-08-08T08:00:00Z,30.6,83,27.4,996.0,4.0,7.2,292,0.0,0.0,452,2.0
2026-08-08T08:10:00Z,30.6,83,27.4,995.8,4.0,7.2,292,0.0,0.0,431,1.7
2026-08-08T08:20:00Z,30.6,83,27.4,995.8,4.0,8.9,292,0.0,0.0,455,1.5
2026-08-08T08:30:00Z,30.6,83,27.4,995.7,4.5,8.9,292,0.0,0.0,453,1.2
2026-08-08T08:40:00Z,30.5,83,27.3,995.8,4.0,6.3,292,0.0,0.0,416,1.0
2026-08-08T08:50:00Z,30.4,84,27.4,995.7,4.0,7.6,292,0.0,0.0,373,0.7
2026-08-08T09:00:00Z,30.2,84,27.2,995.8,4.0,8.5,292,0.0,0.0,318,0.5
2026-08-08T09:10:00Z,30.1,84,27.1,995.8,3.6,7.2,292,0.0,0.0,261,0.3
2026-08-08T09:20:00Z,30.0,84,27.0,995.7,3.6,6.7,292,0.0,0.0,242,0.0
2026-08-08T09:30:00Z,29.9,84,26.9,995.8,3.6,7.2,292,0.0,0.0,201,0.0
2026-08-08T09:40:00Z,29.8,85,27.0,995.6,3.1,6.3,292,0.0,0.0,131,0.0
2026-08-08T09:50:00Z,29.6,85,26.8,995.6,4.0,7.2,292,0.0,0.0,83,0.0
2026-08-08T10:00:00Z,29.4,85,26.6,995.5,3.6,8.0,292,0.0,0.0,54,0.0
2026-08-08T10:10:00Z,29.4,86,26.8,995.5,3.1,6.3,292,0.0,0.0,35,0.0
2026-08-08T10:20:00Z,29.3,86,26.7,995.6,3.6,7.6,292,0.0,0.0,15,0.0
2026-08-08T10:30:00Z,29.2,86,26.6,995.7,4.0,8.0,292,0.0,0.0,4,0.0
2026-08-08T10:40:00Z,29.2,86,26.6,995.6,4.0,7.2,292,0.0,0.0,0,0.0
2026-08-08T10:50:00Z,29.2,86,26.6,995.5,4.5,9.8,292,0.0,0.0,0,0.0
2026-08-08T11:00:00Z,29.2,86,26.6,995.4,5.4,9.4,292,0.0,0.0,0,0.0
2026-08-08T11:10:00Z,29.2,85,26.4,995.3,6.3,9.4,292,0.0,0.0,0,0.0
2026-08-08T11:20:00Z,29.3,85,26.5,995.4,6.7,10.7,292,0.0,0.0,0,0.0
2026-08-08T11:30:00Z,29.3,85,26.5,995.5,5.8,8.9,292,0.0,0.0,0,0.0
2026-08-08T11:40:00Z,29.3,85,26.5,995.4,5.8,9.8,292,0.0,0.0,0,0.0
2026-08-08T11:50:00Z,29.3,84,26.3,995.5,5.8,10.3,292,0.0,0.0,0,0.0
2026-08-08T12:00:00Z,29.4,84,26.4,995.8,4.9,9.8,292,0.0,0.0,0,0.0
2026-08-08T12:10:00Z,29.4,83,26.2,995.7,4.9,8.5,292,0.0,0.0,0,0.0
2026-08-08T12:20:00Z,29.6,82,26.2,995.8,5.4,8.9,292,0.0,0.0,0,0.0
2026-08-08T12:30:00Z,29.7,81,26.1,996.0,4.9,8.5,292,0.0,0.0,0,0.0
2026-08-08T12:40:00Z,29.7,81,26.1,996.1,4.9,8.5,292,0.0,0.0,0,0.0
2026-08-08T12:50:00Z,29.8,79,25.8,996.1,4.9,8.5,292,0.0,0.0,0,0.0
2026-08-08T13:00:00Z,30.0,78,25.7,996.2,4.9,8.9,292,0.0,0.0,0,0.0
2026-08-08T13:10:00Z,29.9,79,25.9,996.2,4.9,8.0,292,0.0,0.0,0,0.0
2026-08-08T13:20:00Z,29.8,79,25.8,996.4,4.5,7.6,292,0.0,0.0,0,0.0
2026-08-08T13:30:00Z,29.8,78,25.5,996.3,4.5,8.5,292,0.0,0.0,0,0.0
2026-08-08T13:40:00Z,29.9,78,25.6,996.3,4.5,8.0,292,0.0,0.0,0,0.0
2026-08-08T13:50:00Z,29.8,79,25.8,996.1,4.9,9.8,292,0.0,0.0,0,0.0
2026-08-08T14:00:00Z,29.7,81,26.1,996.1,5.4,8.9,292,0.0,0.0,0,0.0
2026-08-08T14:10:00Z,29.6,82,26.2,996.0,5.8,11.6,292,0.0,0.0,0,0.0
2026-08-08T14:20:00Z,29.4,82,26.0,995.9,5.8,10.7,292,0.0,0.0,0,0.0
2026-08-08T14:30:00Z,29.4,82,26.0,996.1,5.4,8.9,292,0.0,0.0,0,0.0
2026-08-08T14:40:00Z,29.4,81,25.8,996.0,5.4,10.7,292,0.0,0.0,0,0.0
2026-08-08T14:50:00Z,29.4,81,25.8,996.1,4.9,8.9,292,0.0,0.0,0,0.0
2026-08-08T15:00:00Z,29.4,82,26.0,996.1,5.4,8.9,292,0.0,0.0,0,0.0
2026-08-08T15:10:00Z,29.4,82,26.0,996.1,5.4,8.5,292,0.0,0.0,0,0.0
2026-08-08T15:20:00Z,29.4,82,26.0,996.0,4.9,8.5,292,0.0,0.0,0,0.0
2026-08-08T15:30:00Z,29.3,82,25.9,996.0,5.4,8.5,292,0.0,0.0,0,0.0
2026-08-08T15:40:00Z,29.3,82,25.9,995.8,4.9,8.0,292,0.0,0.0,0,0.0
2026-08-08T15:50:00Z,29.3,82,25.9,995.7,4.9,9.4,292,0.0,0.0,0,0.0
2026-08-08T16:00:00Z,29.3,83,26.1,995.8,4.9,8.0,292,0.0,0.0,0,0.0
2026-08-08T16:10:00Z,29.3,84,26.3,995.8,4.9,8.5,292,0.0,0.0,0,0.0
2026-08-08T16:20:00Z,29.3,85,26.5,995.8,4.9,8.0,292,0.0,0.0,0,0.0
2026-08-08T16:30:00Z,29.2,86,26.6,995.8,4.9,9.4,292,0.0,0.0,0,0.0
2026-08-08T16:40:00Z,29.2,86,26.6,995.9,4.9,8.5,292,0.0,0.0,0,0.0
2026-08-08T16:50:00Z,29.2,87,26.8,995.8,4.5,8.9,292,0.0,0.0,0,0.0
2026-08-08T17:00:00Z,29.1,87,26.7,995.8,4.5,8.5,292,0.0,0.0,0,0.0
2026-08-08T17:10:00Z,29.1,88,26.9,995.5,4.0,8.0,292,0.0,0.0,0,0.0
2026-08-08T17:20:00Z,29.1,88,26.9,995.4,4.0,8.5,292,0.0,0.0,0,0.0
2026-08-08T17:30:00Z,28.9,88,26.7,995.3,4.9,10.3,292,0.0,0.0,0,0.0
2026-08-08T17:40:00Z,28.9,88,26.7,995.5,5.4,9.8,292,0.0,0.0,0,0.0
2026-08-08T17:50:00Z,28.8,88,26.6,995.5,5.4,10.7,292,0.0,0.0,0,0.0
2026-08-08T18:00:00Z,28.8,88,26.6,995.2,5.4,9.8,292,0.0,0.0,0,0.0
2026-08-08T18:10:00Z,28.7,88,26.5,995.1,5.4,9.4,292,0.0,0.0,0,0.0
2026-08-08T18:20:00Z,28.6,88,26.4,995.2,4.9,8.5,292,0.0,0.0,0,0.0
2026-08-08T18:30:00Z,28.6,88,26.4,995.3,4.9,8.5,292,0.0,0.0,0,0.0
2026-08-08T18:40:00Z,28.6,87,26.2,995.3,5.4,8.9,292,0.0,0.0,0,0.0
2026-08-08T18:50:00Z,28.4,87,26.0,995.2,4.9,9.8,292,0.0,0.0,0,0.0
2026-08-08T19:00:00Z,28.3,87,25.9,995.2,4.5,8.0,292,0.0,0.0,0,0.0
2026-08-08T19:10:00Z,28.3,86,25.7,995.1,4.5,7.6,292,0.0,0.0,0,0.0
2026-08-08T19:20:00Z,28.3,86,25.7,995.2,4.0,8.5,292,0.0,0.0,0,0.0
2026-08-08T19:30:00Z,28.2,85,25.4,995.1,4.0,7.6,292,0.0,0.0,0,0.0
2026-08-08T19:40:00Z,28.2,85,25.4,995.2,4.0,7.2,292,0.0,0.0,0,0.0
2026-08-08T19:50:00Z,28.1,84,25.1,995.1,3.6,7.2,292,0.0,0.0,0,0.0
2026-08-08T20:00:00Z,28.3,84,25.3,994.9,4.0,8.0,292,0.0,0.0,0,0.0
2026-08-08T20:10:00Z,28.3,84,25.3,994.9,4.0,8.5,292,0.0,0.0,0,0.0
2026-08-08T20:20:00Z,28.2,84,25.2,994.9,4.0,7.2,292,0.0,0.0,0,0.0
2026-08-08T20:30:00Z,28.1,84,25.1,995.0,4.0,8.5,292,0.0,0.0,0,0.0
2026-08-08T20:40:00Z,27.9,84,24.9,994.9,4.0,8.5,292,0.0,0.0,0,0.0
2026-08-08T20:50:00Z,28.0,84,25.0,994.7,4.0,8.5,292,0.0,0.0,0,0.0
2026-08-08T21:00:00Z,28.1,85,25.3,994.7,4.5,8.0,292,0.0,0.0,0,0.0
2026-08-08T21:10:00Z,28.2,85,25.4,994.7,4.0,8.5,292,0.0,0.0,0,0.0
2026-08-08T21:20:00Z,28.3,85,25.5,994.5,4.5,7.6,292,0.0,0.0,0,0.0
2026-08-08T21:30:00Z,28.3,85,25.5,994.5,4.9,8.5,292,0.0,0.0,0,0.0
2026-08-08T21:40:00Z,28.3,85,25.5,994.4,4.9,7.6,292,0.0,0.0,0,0.0
2026-08-08T21:50:00Z,28.2,86,25.6,994.5,4.9,8.0,292,0.0,0.0,0,0.0
2026-08-08T22:00:00Z,28.2,86,25.6,994.4,5.4,10.3,292,0.0,0.0,10,0.0
2026-08-08T22:10:00Z,28.2,86,25.6,994.4,4.9,8.0,292,0.0,0.0,14,0.0
2026-08-08T22:20:00Z,28.3,86,25.7,994.4,4.9,9.8,292,0.0,0.0,23,0.0
2026-08-08T22:30:00Z,28.2,87,25.8,994.2,4.5,7.6,292,0.0,0.0,31,0.0
2026-08-08T22:40:00Z,27.8,88,25.6,994.2,4.9,8.5,292,0.0,0.0,18,0.0
2026-08-08T22:50:00Z,27.7,88,25.5,994.2,4.5,8.0,292,0.0,0.0,19,0.0
2026-08-08T23:00:00Z,27.9,87,25.5,994.2,4.5,7.6,292,0.0,0.0,33,0.0
2026-08-08T23:10:00Z,28.1,87,25.7,994.2,4.0,7.6,292,0.0,0.0,26,0.0
2026-08-08T23:20:00Z,28.1,86,25.5,994.2,4.5,7.6,292,0.0,0.0,29,0.0
2026-08-08T23:30:00Z,28.4,86,25.8,994.3,4.5,8.9,292,0.0,0.0,37,0.0
2026-08-08T23:40:00Z,28.2,85,25.4,994.3,4.0,7.6,292,0.0,0.0,23,0.0
2026-08-08T23:50:00Z,28.1,86,25.5,994.3,4.5,8.5,292,0.0,0.0,34,0.0
2026-08-09T00:00:00Z,28.0,86,25.4,994.4,4.0,8.5,292,0.0,0.0,29,0.0
2026-08-09T00:10:00Z,27.7,86,25.1,994.2,4.0,8.9,292,0.0,0.0,24,0.0
2026-08-09T00:20:00Z,27.9,86,25.3,994.3,4.0,8.0,292,0.0,0.0,32,0.0
2026-08-09T00:30:00Z,27.7,86,25.1,994.2,4.0,8.0,292,0.0,0.0,61,0.4
2026-08-09T00:40:00Z,27.7,88,25.5,994.3,4.5,8.5,292,0.0,0.0,71,0.5
2026-08-09T00:50:00Z,27.8,89,25.8,994.2,4.9,8.9,292,0.0,0.0,67,0.5
2026-08-09T01:00:00Z,27.8,88,25.6,994.2,4.5,7.6,292,0.0,0.0,62,0.4
2026-08-09T01:10:00Z,27.9,88,25.7,994.2,4.5,7.2,292,0.0,0.0,52,0.3
2026-08-09T01:20:00Z,28.1,87,25.7,994.2,4.5,8.9,292,0.0,0.0,35,0.0
2026-08-09T01:30:00Z,28.3,85,25.5,994.3,4.5,9.4,292,0.0,0.0,35,0.0
2026-08-09T01:40:00Z,28.2,87,25.8,994.2,4.0,8.0,292,0.8,56.0,38,0.0
2026-08-09T01:50:00Z,27.7,88,25.5,994.2,3.6,6.7,292,1.2,11.4,17,0.0
2026-08-09T02:00:00Z,27.3,90,25.5,994.3,4.5,7.6,292,5.2,105.6,16,0.0
2026-08-09T02:10:00Z,27.2,90,25.4,993.9,4.5,9.4,292,5.4,6.8,16,0.0
2026-08-09T02:20:00Z,27.2,91,25.6,993.9,4.5,8.9,292,5.6,1.2,27,0.0
2026-08-09T02:30:00Z,27.3,91,25.7,993.9,4.9,7.6,292,5.6,0.0,35,0.0
2026-08-09T02:40:00Z,27.4,91,25.8,993.7,4.9,10.3,292,5.6,0.0,80,0.8
2026-08-09T02:50:00Z,27.8,90,26.0,993.5,4.9,9.4,292,5.6,0.0,106,1.2
2026-08-09T03:00:00Z,27.9,89,25.9,993.7,4.9,8.0,292,5.6,0.0,109,1.3
2026-08-09T03:10:00Z,28.0,89,26.0,993.7,4.5,8.9,292,5.6,0.0,56,0.3
2026-08-09T03:20:00Z,28.1,89,26.1,993.6,4.5,7.6,292,5.6,0.0,54,0.3
2026-08-09T03:30:00Z,28.3,90,26.5,993.6,4.5,7.6,292,5.6,0.0,57,0.3
2026-08-09T03:40:00Z,28.4,90,26.6,993.5,3.6,6.3,292,5.6,0.0,119,1.4
2026-08-09T03:50:00Z,28.6,90,26.8,993.4,4.0,7.6,292,5.6,0.0,160,1.8
2026-08-09T04:00:00Z,28.8,90,27.0,993.4,3.6,6.7,292,5.6,0.0,196,2.1
2026-08-09T04:10:00Z,29.3,90,27.5,993.3,2.7,7.6,292,5.6,0.0,306,3.3
2026-08-09T04:20:00Z,29.5,90,27.7,993.2,2.7,6.3,292,5.6,0.0,314,3.4
2026-08-09T04:30:00Z,29.4,90,27.6,993.1,3.1,6.7,292,5.6,0.0,238,2.5
2026-08-09T04:40:00Z,29.4,89,27.4,993.1,3.6,6.7,292,5.6,0.0,214,2.2
2026-08-09T04:50:00Z,29.2,89,27.2,993.0,4.0,8.9,292,5.6,0.0,179,1.8
2026-08-09T05:00:00Z,29.1,89,27.1,992.8,4.5,8.0,292,5.6,0.0,130,1.3
2026-08-09T05:10:00Z,29.2,89,27.2,992.8,4.5,7.2,292,5.6,0.0,327,3.2
2026-08-09T05:20:00Z,29.3,89,27.3,992.8,4.0,6.3,292,5.6,0.0,335,3.4
2026-08-09T05:30:00Z,29.3,89,27.3,992.7,4.9,7.6,292,5.6,0.0,276,2.8
2026-08-09T05:40:00Z,29.3,89,27.3,992.7,4.0,7.6,292,5.6,0.0,273,2.7
2026-08-09T05:50:00Z,29.6,89,27.6,992.6,4.0,7.2,292,5.6,0.0,415,3.9
2026-08-09T06:00:00Z,29.7,89,27.7,992.4,4.5,8.0,292,5.6,0.0,409,3.8
2026-08-09T06:10:00Z,29.7,88,27.5,992.4,4.5,7.6,292,5.6,0.0,394,3.5
2026-08-09T06:20:00Z,29.6,88,27.4,992.4,4.5,8.5,292,5.6,0.0,361,3.1
2026-08-09T06:30:00Z,29.6,88,27.4,992.3,4.0,7.6,292,5.6,0.0,329,2.8
2026-08-09T06:40:00Z,29.4,88,27.2,992.3,4.5,7.6,292,5.6,0.0,299,2.5
2026-08-09T06:50:00Z,29.4,87,27.0,992.4,4.5,7.6,292,5.6,0.0,279,2.3
2026-08-09T07:00:00Z,29.3,87,26.9,992.4,4.5,6.7,292,5.6,0.0,257,2.1
2026-08-09T07:10:00Z,29.3,87,26.9,992.3,4.5,8.5,292,5.6,0.0,240,1.9
2026-08-09T07:20:00Z,29.3,87,26.9,992.6,4.0,8.0,292,5.6,0.0,228,1.7
2026-08-09T07:30:00Z,29.3,87,26.9,992.4,3.6,6.7,292,5.6,0.0,225,1.6
2026-08-09T07:40:00Z,29.3,87,26.9,992.5,3.1,6.3,292,5.6,0.0,227,1.6
2026-08-09T07:50:00Z,29.4,88,27.2,992.4,3.1,6.7,292,5.6,0.0,230,1.5
2026-08-09T08:00:00Z,29.4,88,27.2,992.4,2.7,5.8,292,5.6,0.0,222,1.4
2026-08-09T08:10:00Z,29.3,88,27.1,992.3,3.1,5.8,292,5.6,0.0,207,1.2
2026-08-09T08:20:00Z,29.3,87,26.9,992.4,2.7,6.3,292,5.6,0.0,189,1.0
2026-08-09T08:30:00Z,29.3,87,26.9,992.4,2.7,6.3,292,5.6,0.0,175,0.9
2026-08-09T08:40:00Z,29.2,87,26.8,992.4,3.1,5.8,292,5.6,0.0,162,0.8
2026-08-09T08:50:00Z,29.2,87,26.8,992.7,2.2,4.9,292,5.6,0.0,143,0.6
2026-08-09T09:00:00Z,29.2,87,26.8,992.8,1.8,6.7,292,5.6,0.0,115,0.2
2026-08-09T09:10:00Z,29.2,87,26.8,992.9,1.8,5.4,270,5.6,0.0,112,0.0
2026-08-09T09:20:00Z,29.2,87,26.8,992.9,1.8,4.5,270,5.6,0.0,106,0.0
2026-08-09T09:30:00Z,29.1,87,26.7,993.1,1.8,4.9,270,5.6,0.0,92,0.0
2026-08-09T09:40:00Z,29.1,87,26.7,993.1,1.3,4.5,270,5.6,0.0,77,0.0
2026-08-09T09:50:00Z,29.1,87,26.7,993.3,1.3,4.5,270,5.6,0.0,63,0.0
2026-08-09T10:00:00Z,29.0,87,26.6,993.4,1.3,4.0,270,5.6,0.0,52,0.0
2026-08-09T10:10:00Z,29.1,88,26.9,993.5,1.3,4.0,292,5.6,0.0,43,0.0
2026-08-09T10:20:00Z,29.1,88,26.9,993.7,0.9,3.6,292,5.6,0.0,30,0.0
2026-08-09T10:30:00Z,28.9,88,26.7,993.8,0.9,3.1,270,5.6,0.0,15,0.0
2026-08-09T10:40:00Z,28.9,88,26.7,993.9,0.9,3.6,270,5.6,0.0,1,0.0
2026-08-09T10:50:00Z,28.9,88,26.7,993.9,0.9,3.1,270,5.6,0.0,0,0.0
2026-08-09T11:00:00Z,28.9,89,26.9,994.0,0.9,3.6,292,5.6,0.0,0,0.0
2026-08-09T11:10:00Z,28.9,89,26.9,994.0,0.9,2.7,270,5.6,0.0,0,0.0
2026-08-09T11:20:00Z,28.9,89,26.9,994.1,0.9,3.1,270,5.6,0.0,0,0.0
2026-08-09T11:30:00Z,28.9,89,26.9,994.2,0.9,3.6,270,5.6,0.0,0,0.0
2026-08-09T11:40:00Z,28.9,89,26.9,994.2,1.3,3.6,270,5.6,0.0,0,0.0
2026-08-09T11:50:00Z,28.9,89,26.9,994.2,1.3,3.6,270,5.6,0.0,0,0.0
2026-08-09T12:00:00Z,28.9,89,26.9,994.4,1.3,3.1,270,5.6,0.0,0,0.0
2026-08-09T12:10:00Z,28.9,89,26.9,994.5,1.8,4.0,270,5.6,0.0,0,0.0
2026-08-09T12:20:00Z,29.0,89,27.0,994.5,1.8,4.5,270,5.6,0.0,0,0.0
2026-08-09T12:30:00Z,29.1,89,27.1,994.5,2.2,4.9,270,5.6,0.0,0,0.0
2026-08-09T12:40:00Z,29.1,89,27.1,994.9,2.2,4.5,270,5.6,0.0,0,0.0
2026-08-09T12:50:00Z,29.1,89,27.1,995.0,1.8,4.9,270,5.6,0.0,0,0.0
2026-08-09T13:00:00Z,29.1,89,27.1,995.3,1.8,4.5,270,5.6,0.0,0,0.0
2026-08-09T13:10:00Z,29.1,89,27.1,995.3,1.8,5.4,270,5.6,0.0,0,0.0
2026-08-09T13:20:00Z,29.1,89,27.1,995.5,1.3,4.0,270,5.6,0.0,0,0.0
2026-08-09T13:30:00Z,29.1,89,27.1,995.7,1.3,3.6,270,5.6,0.0,0,0.0
2026-08-09T13:40:00Z,29.1,89,27.1,995.7,0.9,3.1,270,5.6,0.0,0,0.0
2026-08-09T13:50:00Z,29.1,89,27.1,995.7,0.9,4.5,270,5.6,0.0,0,0.0
2026-08-09T14:00:00Z,29.1,89,27.1,995.6,1.3,3.6,270,5.6,0.0,0,0.0
2026-08-09T14:10:00Z,29.1,89,27.1,995.3,1.3,3.6,270,5.6,0.0,0,0.0
2026-08-09T14:20:00Z,29.0,89,27.0,995.2,1.3,4.0,270,5.6,0.0,0,0.0
2026-08-09T14:30:00Z,29.0,89,27.0,995.2,0.9,3.6,270,5.6,0.0,0,0.0
2026-08-09T14:40:00Z,28.9,89,26.9,995.3,1.3,3.6,270,5.6,0.0,0,0.0
2026-08-09T14:50:00Z,28.9,89,26.9,995.4,1.3,3.1,270,5.6,0.0,0,0.0
2026-08-09T15:00:00Z,28.9,89,26.9,995.5,1.3,3.1,270,5.6,0.0,0,0.0
2026-08-09T15:10:00Z,28.9,89,26.9,995.4,1.3,3.6,270,5.6,0.0,0,0.0
2026-08-09T15:20:00Z,28.9,90,27.1,995.4,0.9,3.6,270,5.6,0.0,0,0.0
2026-08-09T15:30:00Z,28.9,90,27.1,995.4,1.3,3.6,270,5.6,0.0,0,0.0
2026-08-09T15:40:00Z,28.9,90,27.1,995.4,1.3,3.6,270,5.6,0.0,0,0.0
2026-08-09T15:50:00Z,28.9,90,27.1,995.3,1.3,3.6,270,5.6,0.0,0,0.0
2026-08-09T16:00:00Z,28.9,89,26.9,995.2,1.8,4.0,270,5.6,0.0,0,0.0
2026-08-09T16:10:00Z,28.9,89,26.9,995.1,1.8,4.5,270,5.6,0.0,0,0.0
2026-08-09T16:20:00Z,28.9,90,27.1,995.3,1.8,4.5,270,5.6,0.0,0,0.0
2026-08-09T16:30:00Z,29.0,90,27.2,995.1,1.8,4.9,270,5.6,0.0,0,0.0
2026-08-09T16:40:00Z,29.0,90,27.2,995.2,1.3,4.5,270,5.6,0.0,0,0.0
2026-08-09T16:50:00Z,29.1,90,27.3,995.1,1.8,4.5,270,5.6,0.0,0,0.0
2026-08-09T17:00:00Z,29.0,90,27.2,994.9,1.8,5.4,270,5.6,0.0,0,0.0
2026-08-09T17:10:00Z,29.0,90,27.2,994.7,1.3,5.4,270,5.6,0.0,0,0.0
2026-08-09T17:20:00Z,29.0,90,27.2,994.7,1.3,3.6,270,5.6,0.0,0,0.0
2026-08-09T17:30:00Z,29.0,90,27.2,994.5,1.3,4.5,270,5.6,0.0,0,0.0
2026-08-09T17:40:00Z,29.0,90,27.2,994.4,1.8,4.5,270,5.6,0.0,0,0.0
2026-08-09T17:50:00Z,28.9,90,27.1,994.4,1.8,4.0,270,5.6,0.0,0,0.0
2026-08-09T18:00:00Z,28.9,90,27.1,994.3,1.8,4.5,270,5.6,0.0,0,0.0
2026-08-09T18:10:00Z,29.0,90,27.2,994.6,1.8,4.5,270,5.6,0.0,0,0.0
2026-08-09T18:20:00Z,28.9,90,27.1,994.5,1.8,4.9,270,5.6,0.0,0,0.0
2026-08-09T18:30:00Z,28.9,90,27.1,994.6,1.3,3.6,270,5.6,0.0,0,0.0
2026-08-09T18:40:00Z,28.9,90,27.1,994.4,1.3,4.0,270,5.6,0.0,0,0.0
2026-08-09T18:50:00Z,28.9,90,27.1,994.2,1.3,3.6,270,5.6,0.0,0,0.0
2026-08-09T19:00:00Z,28.9,90,27.1,994.3,1.3,5.4,270,5.6,0.0,0,0.0
2026-08-09T19:10:00Z,28.9,90,27.1,994.6,1.8,4.9,270,5.6,0.0,0,0.0
2026-08-09T19:20:00Z,28.9,90,27.1,994.4,1.8,4.5,292,5.6,0.0,0,0.0
2026-08-09T19:30:00Z,28.9,90,27.1,994.4,1.3,6.3,270,5.6,0.0,0,0.0
2026-08-09T19:40:00Z,28.9,90,27.1,994.3,1.3,4.0,270,5.6,0.0,0,0.0
2026-08-09T19:50:00Z,28.9,90,27.1,994.3,1.3,4.0,270,5.6,0.0,0,0.0
2026-08-09T20:00:00Z,29.0,90,27.2,994.4,1.8,4.5,270,5.8,0.0,0,0.0
2026-08-09T20:10:00Z,29.0,90,27.2,994.4,1.3,4.5,270,5.8,0.0,0,0.0
2026-08-09T20:20:00Z,28.7,90,26.9,994.5,1.8,4.5,270,5.8,0.0,0,0.0
2026-08-09T20:30:00Z,28.6,90,26.8,994.6,1.8,4.5,270,5.8,0.0,0,0.0
2026-08-09T20:40:00Z,28.6,91,27.0,994.6,1.8,4.0,270,5.8,0.0,0,0.0
2026-08-09T20:50:00Z,27.6,88,25.4,994.8,2.2,6.7,270,5.8,0.0,0,0.0
2026-08-09T21:00:00Z,26.9,87,24.6,995.2,2.2,6.7,270,6.0,0.0,0,0.0
2026-08-09T21:10:00Z,26.8,89,24.8,995.3,1.8,4.9,270,6.0,0.0,0,0.0
2026-08-09T21:20:00Z,26.7,89,24.7,995.3,1.8,4.5,270,6.0,0.0,0,0.0
2026-08-09T21:30:00Z,26.6,89,24.6,995.4,1.3,4.0,270,6.2,0.0,0,0.0
2026-08-09T21:40:00Z,26.6,89,24.6,995.4,0.4,4.0,225,6.2,0.0,0,0.0
2026-08-09T21:50:00Z,26.6,89,24.6,995.4,0.4,4.0,270,6.4,0.0,5,0.0
2026-08-09T22:00:00Z,26.7,90,24.9,995.5,0.9,4.0,270,6.4,0.0,11,0.0
2026-08-09T22:10:00Z,27.0,90,25.2,995.5,0.4,2.7,270,6.4,0.0,17,0.0
2026-08-09T22:20:00Z,27.5,91,25.9,995.6,0.9,3.1,270,6.4,0.0,18,0.0
2026-08-09T22:30:00Z,27.7,91,26.1,995.6,0.9,2.7,270,6.4,0.0,10,0.0
2026-08-09T22:40:00Z,27.8,91,26.2,995.9,2.2,6.3,292,10.2,51.8,4,0.0
2026-08-09T22:50:00Z,27.1,91,25.5,995.9,4.0,12.5,270,20.8,138.8,2,0.0
2026-08-09T23:00:00Z,26.0,91,24.4,996.3,2.2,12.5,270,27.6,172.0,0,0.0
2026-08-09T23:10:00Z,25.6,91,24.0,996.2,2.7,6.3,292,28.0,4.4,5,0.0
2026-08-09T23:20:00Z,26.3,93,25.1,996.1,1.3,4.9,270,28.0,0.8,12,0.0
2026-08-09T23:30:00Z,27.1,93,25.9,996.3,0.4,2.7,270,28.0,0.0,19,0.0
2026-08-09T23:40:00Z,27.7,93,26.5,996.3,0.4,4.5,270,28.0,0.0,47,0.0
2026-08-09T23:50:00Z,26.3,91,24.7,997.1,4.0,8.5,270,28.4,4.2,35,0.0
2026-08-10T00:00:00Z,26.0,92,24.6,997.7,3.1,7.2,270,1.6,35.2,23,0.0
2026-08-10T00:10:00Z,26.3,92,24.9,997.8,1.3,4.5,270,2.4,20.8,30,0.0
2026-08-10T00:20:00Z,26.6,93,25.4,997.6,1.3,5.4,247,3.2,16.0,46,0.0
2026-08-10T00:30:00Z,26.4,92,25.0,997.5,2.2,5.4,247,3.8,5.0,54,0.2
2026-08-10T00:40:00Z,26.2,92,24.8,997.6,1.3,4.5,247,4.0,3.8,29,0.0
2026-08-10T00:50:00Z,26.3,93,25.1,997.7,1.3,4.5,270,4.6,4.2,17,0.0
2026-08-10T01:00:00Z,26.3,93,25.1,997.8,0.9,4.0,270,5.2,4.2,54,0.2
2026-08-10T01:10:00Z,26.5,93,25.3,997.7,0.9,3.6,270,5.2,1.2,97,0.9
2026-08-10T01:20:00Z,26.6,93,25.4,997.7,0.4,2.7,292,5.6,1.8,107,1.0
2026-08-10T01:30:00Z,26.8,93,25.6,997.6,0.4,3.6,270,5.6,1.0,148,1.3
2026-08-10T01:40:00Z,26.8,93,25.6,997.7,0.0,1.8,247,5.8,1.0,113,1.1
2026-08-10T01:50:00Z,26.8,93,25.6,997.8,0.0,1.3,247,5.8,0.0,70,0.5
2026-08-10T02:00:00Z,26.9,93,25.7,997.8,0.0,2.7,247,6.0,0.0,70,0.7
2026-08-10T02:10:00Z,27.2,93,26.0,997.6,0.9,4.0,247,6.2,2.0,57,0.3
2026-08-10T02:20:00Z,27.1,93,25.9,997.7,0.9,4.0,247,6.4,2.0,47,0.2
2026-08-10T02:30:00Z,26.8,93,25.6,997.8,1.3,7.2,270,6.4,0.8,51,0.1
2026-08-10T02:40:00Z,26.6,92,25.2,997.8,1.3,5.4,270,6.6,0.8,48,0.2
2026-08-10T02:50:00Z,26.6,93,25.4,998.1,1.8,7.2,247,6.6,0.0,32,0.0
2026-08-10T03:00:00Z,26.8,92,25.4,998.0,1.3,6.3,247,7.0,2.0,39,0.0
2026-08-10T03:10:00Z,26.6,92,25.2,998.2,1.8,4.9,270,7.8,6.0,23,0.0
2026-08-10T03:20:00Z,26.8,92,25.4,998.7,0.9,4.5,270,8.0,4.0,25,0.0
2026-08-10T03:30:00Z,26.6,92,25.2,998.8,0.9,3.6,270,10.4,56.2,17,0.0
2026-08-10T03:40:00Z,26.4,92,25.0,998.6,0.4,1.8,270,12.6,109.8,39,0.1
2026-08-10T03:50:00Z,26.6,93,25.4,998.5,0.0,1.8,270,13.2,8.0,76,0.8
2026-08-10T04:00:00Z,26.8,93,25.6,998.4,0.0,1.8,292,13.2,1.0,118,1.4
2026-08-10T04:10:00Z,26.9,93,25.7,998.3,0.0,1.8,292,13.2,0.0,68,0.6
2026-08-10T04:20:00Z,27.4,93,26.2,998.2,0.4,2.7,270,13.2,0.0,72,0.8
2026-08-10T04:30:00Z,27.5,93,26.3,998.1,0.4,2.7,292,13.2,0.0,77,0.9
2026-08-10T04:40:00Z,27.6,93,26.4,998.2,0.4,3.6,247,13.2,0.0,89,0.9
2026-08-10T04:50:00Z,27.7,93,26.5,998.1,0.4,3.1,292,13.2,0.0,79,0.8
2026-08-10T05:00:00Z,27.8,93,26.6,998.1,0.4,4.0,270,13.2,0.0,66,0.6
2026-08-10T05:10:00Z,27.8,93,26.6,998.0,0.9,4.5,247,13.2,0.0,120,1.3
2026-08-10T05:20:00Z,28.1,93,26.9,997.9,0.4,3.1,270,13.2,0.0,121,1.3
2026-08-10T05:30:00Z,28.3,93,27.1,997.8,0.4,3.1,292,13.2,0.0,179,2.0
2026-08-10T05:40:00Z,28.6,93,27.4,997.6,0.4,3.6,292,13.2,0.0,221,2.4
2026-08-10T05:50:00Z,28.6,93,27.4,997.4,0.9,3.6,270,13.2,0.0,204,2.3
2026-08-10T06:00:00Z,28.9,93,27.7,997.4,0.4,3.1,270,13.2,0.0,349,3.4
2026-08-10T06:10:00Z,29.2,93,27.9,997.5,1.3,3.6,270,13.2,0.0,470,3.9
2026-08-10T06:20:00Z,29.1,92,27.7,997.6,0.4,2.7,270,13.2,0.0,257,2.3
2026-08-10T06:30:00Z,29.1,92,27.7,997.7,0.4,3.1,270,13.2,0.0,175,1.7
2026-08-10T06:40:00Z,29.1,92,27.7,997.9,0.9,3.1,270,13.2,0.0,208,1.9
2026-08-10T06:50:00Z,29.2,92,27.8,997.8,0.9,3.1,292,13.2,0.0,194,1.8
2026-08-10T07:00:00Z,29.4,92,28.0,997.6,0.9,3.6,292,13.2,0.0,338,2.7
2026-08-10T07:10:00Z,29.5,92,28.1,997.6,0.9,4.0,292,13.2,0.0,390,2.9
2026-08-10T07:20:00Z,29.6,91,28.0,997.7,0.9,3.1,292,13.2,0.0,309,2.2
2026-08-10T07:30:00Z,29.7,91,28.1,997.8,0.4,3.6,292,13.2,0.0,312,2.1
2026-08-10T07:40:00Z,29.8,91,28.2,997.9,0.9,4.0,292,13.2,0.0,354,2.3
2026-08-10T07:50:00Z,30.1,90,28.3,998.0,1.8,4.5,292,13.2,0.0,554,2.5
2026-08-10T08:00:00Z,30.3,89,28.3,998.0,2.2,4.5,292,13.2,0.0,484,2.1
2026-08-10T08:10:00Z,30.3,88,28.1,998.0,2.2,4.0,292,13.2,0.0,345,1.6
2026-08-10T08:20:00Z,30.1,88,27.9,998.1,2.2,4.5,292,13.2,0.0,239,1.2
2026-08-10T08:30:00Z,29.8,88,27.6,998.1,2.7,4.5,292,13.2,0.0,176,1.0
2026-08-10T08:40:00Z,29.6,89,27.6,998.2,2.2,4.0,292,13.2,0.0,131,0.8
2026-08-10T08:50:00Z,29.5,89,27.5,998.2,2.7,4.9,292,13.2,0.0,149,0.7
2026-08-10T09:00:00Z,29.3,89,27.3,998.2,2.2,4.0,292,13.2,0.0,95,0.0
2026-08-10T09:10:00Z,29.1,89,27.1,998.2,2.2,4.0,292,13.2,0.0,83,0.0
2026-08-10T09:20:00Z,29.0,90,27.2,998.2,1.8,4.0,292,13.2,0.0,81,0.0
2026-08-10T09:30:00Z,29.0,90,27.2,998.2,1.8,3.6,292,13.2,0.0,31,0.0
2026-08-10T09:40:00Z,28.8,90,27.0,998.5,1.8,4.0,292,13.2,0.0,20,0.0
2026-08-10T09:50:00Z,28.7,90,26.9,998.7,1.3,4.9,292,13.2,0.0,22,0.0
2026-08-10T10:00:00Z,28.8,91,27.2,998.8,1.3,4.0,270,13.2,0.0,38,0.0
2026-08-10T10:10:00Z,29.0,91,27.4,999.1,0.4,2.7,292,13.2,0.0,37,0.0
2026-08-10T10:20:00Z,29.1,91,27.5,999.0,0.4,1.8,292,13.2,0.0,16,0.0
2026-08-10T10:30:00Z,29.2,91,27.6,999.2,0.9,1.8,270,13.2,0.0,7,0.0
2026-08-10T10:40:00Z,29.1,91,27.5,999.3,0.4,1.8,270,13.2,0.0,0,0.0
2026-08-10T10:50:00Z,29.1,91,27.5,999.5,0.4,2.2,270,13.2,0.0,0,0.0
2026-08-10T11:00:00Z,29.1,91,27.5,999.7,0.0,1.3,270,13.2,0.0,0,0.0
2026-08-10T11:10:00Z,29.0,91,27.4,999.8,0.0,0.4,270,13.2,0.0,0,0.0
2026-08-10T11:20:00Z,29.0,91,27.4,999.7,0.4,2.7,270,13.2,0.0,0,0.0
2026-08-10T11:30:00Z,29.0,92,27.6,999.9,0.4,3.1,270,13.2,0.0,0,0.0
2026-08-10T11:40:00Z,29.0,92,27.6,1000.1,0.4,1.8,270,13.2,0.0,0,0.0
2026-08-10T11:50:00Z,28.9,92,27.5,1000.2,0.4,1.8,270,13.2,0.0,0,0.0
2026-08-10T12:00:00Z,28.9,92,27.5,1000.3,0.0,1.8,247,13.2,0.0,0,0.0
2026-08-10T12:10:00Z,28.8,92,27.4,1000.6,0.4,1.8,247,13.2,0.0,0,0.0
2026-08-10T12:20:00Z,28.8,92,27.4,1000.7,0.0,1.3,270,13.2,0.0,0,0.0
2026-08-10T12:30:00Z,28.8,92,27.4,1000.9,0.0,1.8,292,13.2,0.0,0,0.0
2026-08-10T12:40:00Z,28.8,92,27.4,1001.1,0.0,1.3,247,13.2,0.0,0,0.0
2026-08-10T12:50:00Z,28.8,92,27.4,1001.2,0.9,2.7,270,13.2,0.0,0,0.0
2026-08-10T13:00:00Z,28.8,92,27.4,1001.3,0.0,2.7,270,13.2,0.0,0,0.0
2026-08-10T13:10:00Z,28.8,92,27.4,1001.3,0.0,0.9,292,13.2,0.0,0,0.0
2026-08-10T13:20:00Z,28.7,92,27.3,1001.4,0.0,1.3,315,13.2,0.0,0,0.0
2026-08-10T13:30:00Z,28.7,92,27.3,1001.5,0.0,1.3,315,13.2,0.0,0,0.0
2026-08-10T13:40:00Z,28.7,92,27.3,1001.7,0.0,0.0,,13.2,0.0,0,0.0
2026-08-10T13:50:00Z,28.7,92,27.3,1001.7,0.0,0.0,,13.2,0.0,0,0.0
2026-08-10T14:00:00Z,28.7,92,27.3,1001.9,0.0,0.0,,13.2,0.0,0,0.0
2026-08-10T14:10:00Z,28.6,92,27.2,1002.0,0.0,0.0,,13.2,0.0,0,0.0
2026-08-10T14:20:00Z,28.6,92,27.2,1002.0,0.0,0.0,,13.2,0.0,0,0.0
2026-08-10T14:30:00Z,28.6,92,27.2,1002.1,0.0,0.0,,13.2,0.0,0,0.0
2026-08-10T14:40:00Z,28.6,92,27.2,1001.9,0.0,0.0,,13.2,0.0,0,0.0
2026-08-10T14:50:00Z,28.4,92,27.0,1001.6,0.0,0.0,,13.2,0.0,0,0.0
2026-08-10T15:00:00Z,28.4,92,27.0,1001.7,0.0,0.0,,13.2,0.0,0,0.0
2026-08-10T15:10:00Z,28.4,93,27.2,1001.7,0.0,3.1,270,13.2,0.0,0,0.0
2026-08-10T15:20:00Z,27.8,92,26.4,1001.5,0.4,4.9,247,13.6,4.6,0,0.0
2026-08-10T15:30:00Z,27.9,92,26.5,1001.3,0.0,1.8,270,13.6,0.8,0,0.0
2026-08-10T15:40:00Z,28.1,93,26.9,1001.4,0.4,3.6,270,13.8,12.0,0,0.0
2026-08-10T15:50:00Z,28.4,93,27.2,1001.1,0.9,5.8,270,17.6,192.0,0,0.0
2026-08-10T16:00:00Z,28.6,92,27.2,1001.3,0.9,3.6,270,17.8,2.2,0,0.0
2026-08-10T16:10:00Z,28.6,93,27.4,1001.2,0.4,1.8,270,17.8,0.0,0,0.0
2026-08-10T16:20:00Z,28.6,93,27.4,1001.3,0.0,0.9,270,17.8,0.0,0,0.0
2026-08-10T16:30:00Z,28.4,92,27.0,1001.3,0.9,4.5,270,17.8,0.0,0,0.0
2026-08-10T16:40:00Z,27.8,93,26.6,1001.2,0.4,4.0,292,19.8,64.4,0,0.0
2026-08-10T16:50:00Z,28.2,93,27.0,1001.2,0.0,1.3,292,19.8,0.8,0,0.0
2026-08-10T17:00:00Z,28.3,93,27.1,1001.2,0.0,0.9,292,19.8,0.0,0,0.0
2026-08-10T17:10:00Z,28.4,93,27.2,1001.1,0.0,0.9,292,19.8,0.0,0,0.0
2026-08-10T17:20:00Z,28.5,93,27.3,1001.1,0.0,1.3,292,19.8,0.0,0,0.0
2026-08-10T17:30:00Z,28.4,93,27.2,1001.2,0.0,1.8,270,19.8,0.0,0,0.0
2026-08-10T17:40:00Z,28.4,93,27.2,1001.2,0.4,1.8,292,19.8,0.0,0,0.0
2026-08-10T17:50:00Z,28.4,93,27.2,1001.1,0.4,3.1,292,19.8,0.0,0,0.0
2026-08-10T18:00:00Z,28.3,93,27.1,1001.1,0.0,1.3,292,19.8,0.0,0,0.0
2026-08-10T18:10:00Z,28.3,93,27.1,1001.1,0.0,1.3,292,19.8,0.0,0,0.0
2026-08-10T18:20:00Z,28.3,93,27.1,1001.1,0.0,1.3,292,19.8,0.0,0,0.0
2026-08-10T18:30:00Z,27.9,92,26.5,1001.1,0.4,3.6,292,19.8,0.0,0,0.0
2026-08-10T18:40:00Z,27.3,92,25.9,1001.1,0.0,2.7,270,19.8,0.0,0,0.0
2026-08-10T18:50:00Z,27.0,93,25.8,1001.0,0.4,3.1,247,19.8,0.0,0,0.0
2026-08-10T19:00:00Z,27.6,94,26.5,1000.9,0.0,2.2,292,19.8,0.0,0,0.0
2026-08-10T19:10:00Z,28.0,94,26.9,1001.0,0.0,0.9,292,19.8,0.0,0,0.0
2026-08-10T19:20:00Z,28.3,93,27.1,1001.0,0.0,3.1,270,19.8,0.0,0,0.0
2026-08-10T19:30:00Z,28.3,93,27.1,1001.1,0.4,2.7,270,19.8,0.0,0,0.0
2026-08-10T19:40:00Z,28.4,93,27.2,1001.1,0.9,3.1,270,19.8,0.0,0,0.0
2026-08-10T19:50:00Z,27.4,92,26.0,1001.2,0.4,2.7,270,19.8,0.0,0,0.0
2026-08-10T20:00:00Z,27.3,93,26.1,1001.2,0.4,3.1,270,19.8,0.0,0,0.0
2026-08-10T20:10:00Z,27.8,93,26.6,1001.2,0.4,3.1,270,19.8,0.0,0,0.0
2026-08-10T20:20:00Z,28.2,93,27.0,1001.2,0.4,2.7,270,19.8,0.0,0,0.0
2026-08-10T20:30:00Z,27.6,92,26.2,1001.2,1.3,5.4,270,20.0,4.8,0,0.0
2026-08-10T20:40:00Z,27.2,93,26.0,1001.2,1.3,8.0,270,21.0,39.8,0,0.0
2026-08-10T20:50:00Z,27.9,93,26.7,1001.1,0.4,3.1,270,22.2,40.8,0,0.0
2026-08-10T21:00:00Z,28.2,93,27.0,1001.2,0.0,1.3,292,22.2,0.8,0,0.0
2026-08-10T21:10:00Z,28.3,93,27.1,1001.3,0.0,1.8,292,22.2,0.0,0,0.0
2026-08-10T21:20:00Z,28.3,93,27.1,1001.4,0.0,1.8,292,22.2,0.0,0,0.0
2026-08-10T21:30:00Z,28.3,93,27.1,1001.5,0.0,1.8,292,22.2,0.0,0,0.0
2026-08-10T21:40:00Z,28.3,93,27.1,1001.6,0.0,1.8,270,22.2,0.0,0,0.0
2026-08-10T21:50:00Z,28.2,93,27.0,1001.6,0.0,1.8,270,22.2,0.0,5,0.0
2026-08-10T22:00:00Z,28.3,93,27.1,1001.7,0.4,3.1,292,22.2,0.0,11,0.0
2026-08-10T22:10:00Z,28.3,93,27.1,1001.7,0.0,1.8,270,22.2,0.0,16,0.0
2026-08-10T22:20:00Z,28.3,93,27.1,1001.9,0.0,0.9,292,22.2,0.0,19,0.0
2026-08-10T22:30:00Z,28.3,93,27.1,1001.9,0.0,1.3,270,22.2,0.0,22,0.0
2026-08-10T22:40:00Z,28.3,93,27.1,1002.2,0.0,0.9,270,22.2,0.0,27,0.0
2026-08-10T22:50:00Z,28.4,93,27.2,1002.2,0.0,1.3,270,22.2,0.0,30,0.0
2026-08-10T23:00:00Z,28.3,93,27.1,1002.4,0.0,0.9,292,22.2,0.0,35,0.0
2026-08-10T23:10:00Z,28.3,93,27.1,1002.6,0.0,1.3,292,22.2,0.0,31,0.0
2026-08-10T23:20:00Z,28.4,93,27.2,1002.7,0.0,0.0,,22.2,0.0,30,0.0
2026-08-10T23:30:00Z,28.4,93,27.2,1002.8,0.0,0.0,,22.2,0.0,44,0.0
2026-08-10T23:40:00Z,28.4,93,27.2,1002.7,0.0,0.0,,22.2,0.0,52,0.2
2026-08-10T23:50:00Z,28.4,93,27.2,1002.8,0.0,1.3,270,22.2,0.0,81,0.5
2026-08-11T00:00:00Z,28.6,93,27.4,1003.0,0.0,0.0,,0.0,0.0,84,0.6
2026-08-11T00:10:00Z,28.6,93,27.4,1003.1,0.0,0.0,,0.0,0.0,77,0.5
2026-08-11T00:20:00Z,28.7,93,27.5,1003.2,0.0,0.0,,0.0,0.0,113,1.2
2026-08-11T00:30:00Z,29.1,94,28.0,1003.2,0.0,0.0,,0.0,0.0,351,2.4
2026-08-11T00:40:00Z,29.2,93,27.9,1003.3,0.0,1.3,270,0.0,0.0,345,2.6
2026-08-11T00:50:00Z,29.2,94,28.1,1003.4,0.0,1.3,247,0.0,0.0,302,2.4
2026-08-11T01:00:00Z,29.2,93,27.9,1003.4,0.0,0.4,270,0.0,0.0,299,2.9
2026-08-11T01:10:00Z,29.4,93,28.1,1003.6,0.0,0.0,,0.0,0.0,295,2.8
2026-08-11T01:20:00Z,29.5,93,28.2,1003.6,0.0,0.0,,0.0,0.0,270,2.4
2026-08-11T01:30:00Z,29.7,93,28.4,1003.5,0.0,0.4,270,0.0,0.0,405,3.8
2026-08-11T01:40:00Z,29.8,93,28.5,1003.5,0.0,0.0,,0.0,0.0,423,4.1
2026-08-11T01:50:00Z,29.8,92,28.4,1003.5,0.0,0.0,,0.0,0.0,378,3.8
2026-08-11T02:00:00Z,29.9,91,28.3,1003.6,0.0,0.0,,0.0,0.0,391,3.8
2026-08-11T02:10:00Z,30.0,91,28.4,1003.6,0.0,0.0,,0.0,0.0,410,3.5
2026-08-11T02:20:00Z,30.3,91,28.7,1003.6,0.0,0.0,,0.0,0.0,449,4.5
2026-08-11T02:30:00Z,30.7,90,28.9,1003.5,0.4,1.8,292,0.0,0.0,704,6.2
2026-08-11T02:40:00Z,30.9,89,28.9,1003.3,0.4,2.2,292,0.0,0.0,625,6.1
2026-08-11T02:50:00Z,31.2,88,29.0,1003.3,1.3,4.0,292,0.0,0.0,792,7.0
2026-08-11T03:00:00Z,31.1,87,28.7,1003.3,1.8,4.0,292,0.0,0.0,745,6.7
2026-08-11T03:10:00Z,31.3,87,28.9,1003.3,1.3,3.6,292,0.0,0.0,652,6.7
2026-08-11T03:20:00Z,31.4,87,29.0,1003.3,1.3,3.1,292,0.0,0.0,693,6.5
2026-08-11T03:30:00Z,31.4,87,29.0,1003.4,1.8,4.0,292,0.0,0.0,555,6.2
2026-08-11T03:40:00Z,31.6,86,29.0,1003.6,1.3,4.0,292,0.0,0.0,632,6.5
2026-08-11T03:50:00Z,31.7,86,29.1,1003.5,1.3,3.1,292,0.0,0.0,481,5.9
2026-08-11T04:00:00Z,31.7,86,29.1,1003.5,1.8,4.5,292,0.0,0.0,892,7.8
2026-08-11T04:10:00Z,31.6,86,29.0,1003.3,1.3,4.0,292,0.0,0.0,402,4.2
2026-08-11T04:20:00Z,31.6,86,29.0,1003.2,1.3,3.6,292,0.0,0.0,469,5.1
2026-08-11T04:30:00Z,31.8,86,29.2,1003.0,0.9,2.7,292,0.0,0.0,762,7.5
2026-08-11T04:40:00Z,31.9,85,29.1,1003.0,1.3,4.0,292,0.0,0.0,555,5.7
2026-08-11T04:50:00Z,31.8,85,29.0,1002.9,1.3,3.6,270,0.0,0.0,492,4.9
2026-08-11T05:00:00Z,31.8,85,29.0,1002.8,1.3,3.6,292,0.0,0.0,526,5.3
2026-08-11T05:10:00Z,32.1,86,29.5,1002.7,1.3,3.1,270,0.0,0.0,906,8.1
2026-08-11T05:20:00Z,32.3,85,29.5,1002.6,1.3,3.1,292,0.0,0.0,917,8.2
2026-08-11T05:30:00Z,32.3,84,29.2,1002.8,1.3,4.5,270,0.0,0.0,916,8.0
2026-08-11T05:40:00Z,32.4,84,29.3,1002.8,1.3,3.6,270,0.0,0.0,870,6.8
2026-08-11T05:50:00Z,32.4,84,29.3,1002.7,1.3,4.0,270,0.0,0.0,825,6.5
2026-08-11T06:00:00Z,32.5,83,29.2,1002.8,1.3,3.1,270,0.0,0.0,776,6.0
2026-08-11T06:10:00Z,32.6,84,29.5,1002.8,1.3,3.6,292,0.0,0.0,824,6.3
2026-08-11T06:20:00Z,32.7,83,29.4,1002.7,1.3,3.6,292,0.0,0.0,850,6.0
2026-08-11T06:30:00Z,32.9,83,29.6,1002.6,0.9,3.1,292,0.0,0.0,811,5.7
2026-08-11T06:40:00Z,33.0,82,29.5,1002.6,1.3,3.6,292,0.0,0.0,735,4.9
2026-08-11T06:50:00Z,32.8,82,29.3,1002.6,0.9,3.1,292,0.0,0.0,486,3.8
2026-08-11T07:00:00Z,32.7,83,29.4,1002.5,0.9,3.1,270,0.0,0.0,610,3.6
2026-08-11T07:10:00Z,32.3,84,29.2,1002.4,0.9,2.7,270,0.0,0.0,168,1.9
2026-08-11T07:20:00Z,31.8,85,29.0,1002.4,0.9,3.6,270,0.0,0.0,182,1.5
2026-08-11T07:30:00Z,31.9,86,29.3,1002.3,0.9,3.1,270,0.0,0.0,622,3.1
2026-08-11T07:40:00Z,32.4,84,29.3,1002.5,0.4,1.8,270,0.0,0.0,581,2.8
2026-08-11T07:50:00Z,32.4,83,29.1,1002.6,0.9,3.1,270,0.0,0.0,486,2.3
2026-08-11T08:00:00Z,32.4,84,29.3,1002.5,0.9,3.1,270,0.0,0.0,412,1.8
2026-08-11T08:10:00Z,32.4,84,29.3,1002.4,0.9,2.7,270,0.0,0.0,421,1.6
2026-08-11T08:20:00Z,32.3,84,29.2,1002.4,0.9,3.1,270,0.0,0.0,442,1.4
2026-08-11T08:30:00Z,32.4,84,29.3,1002.4,0.9,2.7,270,0.0,0.0,394,1.2
2026-08-11T08:40:00Z,32.1,84,29.1,1002.4,0.9,4.0,270,0.0,0.0,349,1.0
2026-08-11T08:50:00Z,31.8,84,28.8,1002.5,0.9,2.7,247,0.0,0.0,261,0.7
2026-08-11T09:00:00Z,31.7,85,28.9,1002.5,0.9,3.1,292,0.0,0.0,284,0.6
2026-08-11T09:10:00Z,31.5,84,28.5,1002.5,0.9,2.2,292,0.0,0.0,185,0.3
2026-08-11T09:20:00Z,31.3,85,28.5,1002.6,0.9,1.8,292,0.0,0.0,146,0.0
2026-08-11T09:30:00Z,31.1,86,28.5,1002.6,0.9,1.8,292,0.0,0.0,146,0.0
2026-08-11T09:40:00Z,30.8,86,28.2,1002.6,0.9,2.2,292,0.0,0.0,104,0.0
2026-08-11T09:50:00Z,30.7,87,28.3,1002.5,0.4,1.8,292,0.0,0.0,65,0.0
2026-08-11T10:00:00Z,30.5,87,28.1,1002.7,0.9,2.2,292,0.0,0.0,38,0.0
2026-08-11T10:10:00Z,30.3,87,27.9,1002.7,0.4,1.8,292,0.0,0.0,22,0.0
2026-08-11T10:20:00Z,30.1,87,27.7,1002.7,0.9,1.8,292,0.0,0.0,14,0.0
2026-08-11T10:30:00Z,30.0,88,27.8,1002.7,0.4,1.3,292,0.0,0.0,3,0.0
2026-08-11T10:40:00Z,29.9,88,27.7,1002.8,0.4,1.8,292,0.0,0.0,0,0.0
2026-08-11T10:50:00Z,29.8,88,27.6,1003.1,0.4,1.3,292,0.0,0.0,0,0.0
2026-08-11T11:00:00Z,29.8,89,27.8,1003.1,0.4,1.3,292,0.0,0.0,0,0.0
2026-08-11T11:10:00Z,29.7,89,27.7,1003.2,0.4,1.3,292,0.0,0.0,0,0.0
2026-08-11T11:20:00Z,29.8,89,27.8,1003.2,0.4,1.3,292,0.0,0.0,0,0.0
2026-08-11T11:30:00Z,29.8,90,28.0,1003.3,0.4,1.8,292,0.0,0.0,0,0.0
2026-08-11T11:40:00Z,29.7,90,27.9,1003.4,0.0,0.4,270,0.0,0.0,0,0.0
2026-08-11T11:50:00Z,29.7,90,27.9,1003.5,0.0,0.0,,0.0,0.0,0,0.0
2026-08-11T12:00:00Z,29.7,90,27.9,1003.9,0.0,0.0,,0.0,0.0,0,0.0
2026-08-11T12:10:00Z,29.6,90,27.8,1004.0,0.0,0.0,,0.0,0.0,0,0.0
2026-08-11T12:20:00Z,29.6,90,27.8,1004.0,0.0,0.0,,0.0,0.0,0,0.0
2026-08-11T12:30:00Z,29.5,90,27.7,1004.0,0.0,0.0,,0.0,0.0,0,0.0
2026-08-11T12:40:00Z,29.4,90,27.6,1004.1,0.0,0.0,,0.0,0.0,0,0.0
2026-08-11T12:50:00Z,29.4,90,27.6,1004.2,0.0,0.0,,0.0,0.0,0,0.0
2026-08-11T13:00:00Z,29.3,90,27.5,1004.2,0.0,0.0,,0.0,0.0,0,0.0
2026-08-11T13:10:00Z,29.3,90,27.5,1004.2,0.0,0.0,,0.0,0.0,0,0.0
2026-08-11T13:20:00Z,29.3,90,27.5,1004.4,0.0,0.0,,0.0,0.0,0,0.0
2026-08-11T13:30:00Z,29.3,90,27.5,1004.4,0.0,0.0,,0.0,0.0,0,0.0
2026-08-11T13:40:00Z,29.3,90,27.5,1004.5,0.0,0.0,,0.0,0.0,0,0.0
2026-08-11T13:50:00Z,29.3,90,27.5,1004.6,0.0,0.0,,0.0,0.0,0,0.0
2026-08-11T14:00:00Z,29.3,90,27.5,1004.6,0.0,0.0,,0.0,0.0,0,0.0
2026-08-11T14:10:00Z,29.3,90,27.5,1004.6,0.4,2.2,247,0.0,0.0,0,0.0
2026-08-11T14:20:00Z,29.3,90,27.5,1004.7,0.0,0.9,225,0.0,0.0,0,0.0
2026-08-11T14:30:00Z,29.2,90,27.4,1004.7,0.0,0.0,,0.0,0.0,0,0.0
2026-08-11T14:40:00Z,29.2,90,27.4,1004.6,0.0,0.4,247,0.0,0.0,0,0.0
2026-08-11T14:50:00Z,29.2,90,27.4,1004.6,0.0,0.0,,0.0,0.0,0,0.0
2026-08-11T15:00:00Z,29.2,90,27.4,1004.6,0.0,0.9,247,0.0,0.0,0,0.0
2026-08-11T15:10:00Z,29.2,90,27.4,1004.6,0.0,0.0,,0.0,0.0,0,0.0
2026-08-11T15:20:00Z,29.2,90,27.4,1004.7,0.0,0.0,,0.0,0.0,0,0.0
2026-08-11T15:30:00Z,29.2,90,27.4,1004.6,0.0,0.0,,0.0,0.0,0,0.0
2026-08-11T15:40:00Z,29.1,90,27.3,1004.6,0.0,0.0,,0.0,0.0,0,0.0
2026-08-11T15:50:00Z,29.1,90,27.3,1004.5,0.0,0.0,,0.0,0.0,0,0.0
2026-08-11T16:00:00Z,29.1,90,27.3,1004.4,0.0,0.0,,0.0,0.0,0,0.0
2026-08-11T16:10:00Z,29.0,91,27.4,1004.5,0.0,0.0,,0.0,0.0,0,0.0
2026-08-11T16:20:00Z,29.1,91,27.5,1004.4,0.0,0.0,,0.0,0.0,0,0.0
2026-08-11T16:30:00Z,29.0,91,27.4,1004.3,0.0,0.0,,0.0,0.0,0,0.0
2026-08-11T16:40:00Z,29.0,91,27.4,1004.2,0.0,0.0,,0.0,0.0,0,0.0
2026-08-11T16:50:00Z,29.0,91,27.4,1004.1,0.0,1.3,292,0.0,0.0,0,0.0
2026-08-11T17:00:00Z,29.0,91,27.4,1004.1,0.0,1.3,270,0.0,0.0,0,0.0
2026-08-11T17:10:00Z,29.0,91,27.4,1004.1,0.0,1.3,270,0.0,0.0,0,0.0
2026-08-11T17:20:00Z,28.9,91,27.3,1004.0,0.4,1.3,270,0.0,0.0,0,0.0
2026-08-11T17:30:00Z,28.9,91,27.3,1003.9,0.0,1.8,270,0.0,0.0,0,0.0
2026-08-11T17:40:00Z,28.9,91,27.3,1004.0,0.4,2.7,270,0.0,0.0,0,0.0
2026-08-11T17:50:00Z,28.9,91,27.3,1004.0,0.4,2.7,292,0.0,0.0,0,0.0
2026-08-11T18:00:00Z,28.9,90,27.1,1003.9,0.4,2.2,292,0.0,0.0,0,0.0
2026-08-11T18:10:00Z,28.8,90,27.0,1003.8,0.0,1.8,292,0.0,0.0,0,0.0
2026-08-11T18:20:00Z,28.9,90,27.1,1003.9,0.0,1.3,292,0.0,0.0,0,0.0
2026-08-11T18:30:00Z,28.9,90,27.1,1003.9,0.0,1.8,270,0.0,0.0,0,0.0
2026-08-11T18:40:00Z,28.9,90,27.1,1004.0,0.0,1.3,292,0.0,0.0,0,0.0
2026-08-11T18:50:00Z,28.9,90,27.1,1003.9,0.0,1.8,270,0.0,0.0,0,0.0
2026-08-11T19:00:00Z,28.9,90,27.1,1004.0,0.0,0.0,,0.0,0.0,0,0.0
2026-08-11T19:10:00Z,28.9,90,27.1,1004.0,0.0,1.3,247,0.0,0.0,0,0.0
2026-08-11T19:20:00Z,28.9,90,27.1,1004.0,0.4,1.8,270,0.0,0.0,0,0.0
2026-08-11T19:30:00Z,28.9,90,27.1,1004.0,0.4,1.8,270,0.0,0.0,0,0.0
2026-08-11T19:40:00Z,29.0,90,27.2,1004.0,0.4,2.7,292,0.0,0.0,0,0.0
2026-08-11T19:50:00Z,28.4,90,26.6,1004.0,0.9,3.6,270,0.0,0.0,0,0.0
2026-08-11T20:00:00Z,28.6,90,26.8,1003.9,0.4,2.7,292,0.0,0.0,0,0.0
2026-08-11T20:10:00Z,28.8,90,27.0,1003.9,0.4,2.7,292,0.0,0.0,0,0.0
2026-08-11T20:20:00Z,28.8,90,27.0,1004.0,0.4,1.3,292,0.0,0.0,0,0.0
2026-08-11T20:30:00Z,28.9,91,27.3,1004.0,0.4,1.8,292,0.0,0.0,0,0.0
2026-08-11T20:40:00Z,28.9,91,27.3,1003.9,0.0,1.3,292,0.0,0.0,0,0.0
2026-08-11T20:50:00Z,28.8,91,27.2,1003.9,0.9,2.7,270,0.0,0.0,0,0.0
2026-08-11T21:00:00Z,28.9,91,27.3,1003.9,0.4,2.7,270,0.0,0.0,0,0.0
2026-08-11T21:10:00Z,28.9,91,27.3,1003.9,0.4,1.8,270,0.0,0.0,0,0.0
2026-08-11T21:20:00Z,28.8,91,27.2,1004.0,0.4,1.8,292,0.0,0.0,0,0.0
2026-08-11T21:30:00Z,28.8,91,27.2,1004.0,0.0,0.9,292,0.0,0.0,0,0.0
2026-08-11T21:40:00Z,28.8,91,27.2,1004.1,0.0,1.3,292,0.0,0.0,1,0.0
2026-08-11T21:50:00Z,28.6,91,27.0,1004.1,0.4,2.7,270,0.0,0.0,9,0.0
2026-08-11T22:00:00Z,28.6,91,27.0,1004.1,0.0,0.0,,0.0,0.0,15,0.0
2026-08-11T22:10:00Z,28.7,91,27.1,1004.2,0.0,0.0,,0.0,0.0,25,0.0
2026-08-11T22:20:00Z,28.8,91,27.2,1004.3,0.0,0.0,,0.0,0.0,33,0.0
2026-08-11T22:30:00Z,28.8,91,27.2,1004.4,0.0,0.0,,0.0,0.0,44,0.0
2026-08-11T22:40:00Z,28.9,91,27.3,1004.4,0.4,1.8,292,0.0,0.0,50,0.0
2026-08-11T22:50:00Z,28.9,91,27.3,1004.4,0.4,3.1,292,0.0,0.0,68,0.0
2026-08-11T23:00:00Z,29.1,91,27.5,1004.4,0.0,0.0,,0.0,0.0,83,0.2
2026-08-11T23:10:00Z,29.2,90,27.4,1004.4,0.0,0.0,,0.0,0.0,92,0.5
2026-08-11T23:20:00Z,29.3,90,27.5,1004.5,0.0,0.0,,0.0,0.0,106,0.7
2026-08-11T23:30:00Z,29.4,90,27.6,1004.6,0.0,0.4,292,0.0,0.0,111,0.8
2026-08-11T23:40:00Z,29.4,90,27.6,1004.7,0.4,3.1,292,0.0,0.0,125,0.8
2026-08-11T23:50:00Z,29.4,90,27.6,1004.8,0.9,3.1,315,0.0,0.0,99,0.7
2026-08-12T00:00:00Z,29.5,90,27.7,1004.8,0.4,2.2,315,0.0,0.0,111,0.8
2026-08-12T00:10:00Z,29.6,90,27.8,1005.0,0.9,2.2,292,0.0,0.0,152,1.0
2026-08-12T00:20:00Z,29.8,90,28.0,1005.1,0.9,3.1,292,0.0,0.0,191,1.4
2026-08-12T00:30:00Z,29.9,90,28.1,1005.3,0.4,2.2,292,0.0,0.0,236,1.7
2026-08-12T00:40:00Z,30.1,89,28.1,1005.4,0.9,1.8,292,0.0,0.0,253,2.0
2026-08-12T00:50:00Z,30.2,89,28.2,1005.5,0.9,3.1,292,0.0,0.0,251,2.2
2026-08-12T01:00:00Z,30.4,89,28.4,1005.6,0.9,3.1,292,0.0,0.0,263,2.7
2026-08-12T01:10:00Z,30.5,88,28.3,1005.7,0.9,3.1,292,0.0,0.0,227,2.5
2026-08-12T01:20:00Z,30.7,88,28.5,1005.6,0.9,2.2,292,0.0,0.0,315,3.3
2026-08-12T01:30:00Z,30.8,88,28.6,1005.5,0.9,3.1,292,0.0,0.0,345,3.0
2026-08-12T01:40:00Z,30.9,87,28.5,1005.5,0.9,3.1,292,0.0,0.0,341,3.3
2026-08-12T01:50:00Z,30.9,87,28.5,1005.4,1.3,3.6,292,0.0,0.0,330,3.7
2026-08-12T02:00:00Z,31.1,87,28.7,1005.1,1.3,3.6,292,0.0,0.0,601,5.3
2026-08-12T02:10:00Z,31.4,86,28.8,1005.1,1.8,4.0,292,0.0,0.0,471,4.7
2026-08-12T02:20:00Z,31.2,86,28.6,1004.9,1.3,3.6,270,0.0,0.0,285,3.3
2026-08-12T02:30:00Z,31.4,86,28.8,1004.6,0.9,3.1,315,0.0,0.0,704,6.3
2026-08-12T02:40:00Z,31.6,86,29.0,1004.6,1.3,3.6,292,0.0,0.0,480,5.6
2026-08-12T02:50:00Z,30.8,81,27.2,1004.5,1.8,4.5,292,0.0,0.0,177,1.9
2026-08-12T03:00:00Z,30.1,82,26.7,1004.5,1.8,3.6,292,0.0,0.0,235,2.6
2026-08-12T03:10:00Z,30.1,84,27.1,1004.4,1.8,3.6,292,0.0,0.0,163,2.3
2026-08-12T03:20:00Z,30.3,85,27.5,1004.3,1.8,3.6,292,0.0,0.0,166,2.6
2026-08-12T03:30:00Z,30.7,86,28.1,1004.4,1.8,4.0,292,0.0,0.0,342,5.2
2026-08-12T03:40:00Z,31.3,86,28.7,1004.4,2.2,4.5,270,0.0,0.0,854,8.1
2026-08-12T03:50:00Z,31.7,84,28.7,1004.2,2.2,4.5,270,0.0,0.0,828,7.8
2026-08-12T04:00:00Z,32.0,84,29.0,1004.1,1.8,4.5,270,0.0,0.0,818,7.4
2026-08-12T04:10:00Z,31.4,80,27.5,1004.1,1.8,4.0,292,0.0,0.0,172,2.9
2026-08-12T04:20:00Z,29.9,82,26.5,1004.0,3.1,5.4,292,0.0,0.0,127,1.2
2026-08-12T04:30:00Z,29.2,86,26.6,1004.0,2.7,5.8,292,1.0,25.8,86,0.8
2026-08-12T04:40:00Z,28.6,88,26.4,1003.9,2.2,4.5,292,1.2,16.2,166,1.9
2026-08-12T04:50:00Z,28.3,89,26.3,1004.0,2.2,4.5,292,1.2,0.0,78,0.7
2026-08-12T05:00:00Z,27.8,90,26.0,1003.9,2.7,5.8,292,2.0,31.2,76,0.6
2026-08-12T05:10:00Z,28.1,91,26.5,1003.5,2.2,4.0,292,2.4,23.6,188,2.6
2026-08-12T05:20:00Z,28.2,91,26.6,1003.5,1.8,4.0,292,2.4,0.8,245,2.7
2026-08-12T05:30:00Z,28.2,91,26.6,1003.5,2.2,4.0,292,2.4,0.0,204,2.1
2026-08-12T05:40:00Z,27.8,91,26.2,1003.7,3.1,6.3,292,3.2,17.6,60,0.3
2026-08-12T05:50:00Z,28.0,91,26.4,1003.8,2.2,4.5,292,4.4,39.8,141,1.6
2026-08-12T06:00:00Z,28.1,92,26.7,1003.8,1.3,3.1,270,5.4,20.8,53,0.3
2026-08-12T06:10:00Z,28.1,92,26.7,1003.7,0.9,3.6,292,5.6,6.4,129,1.3
2026-08-12T06:20:00Z,28.3,92,26.9,1003.5,0.9,3.1,292,5.6,0.0,201,2.5
2026-08-12T06:30:00Z,28.3,92,26.9,1003.3,0.9,2.7,270,5.6,0.0,161,1.5
2026-08-12T06:40:00Z,28.4,92,27.0,1003.3,0.4,2.7,292,5.8,0.0,124,1.3
2026-08-12T06:50:00Z,28.2,92,26.8,1003.2,0.4,2.7,270,6.0,1.4,102,0.9
2026-08-12T07:00:00Z,28.0,92,26.6,1003.0,0.9,1.8,270,7.8,53.0,72,0.7
2026-08-12T07:10:00Z,27.4,91,25.8,1003.1,0.9,4.0,270,10.6,47.2,79,0.7
2026-08-12T07:20:00Z,27.4,92,26.0,1003.3,0.9,2.7,292,11.0,7.6,59,0.3
2026-08-12T07:30:00Z,27.7,92,26.3,1003.2,0.9,3.1,247,14.0,53.4,51,0.1
2026-08-12T07:40:00Z,27.0,92,25.6,1003.4,1.3,3.6,247,16.2,29.2,51,0.0
2026-08-12T07:50:00Z,26.8,92,25.4,1003.3,0.4,1.3,247,16.6,8.2,54,0.0
2026-08-12T08:00:00Z,27.1,92,25.7,1003.3,0.4,1.3,202,17.8,37.4,63,0.0
2026-08-12T08:10:00Z,27.6,93,26.4,1003.2,0.4,1.3,225,18.0,3.0,112,0.3
2026-08-12T08:20:00Z,28.2,93,27.0,1003.1,0.4,1.3,225,18.0,0.8,220,0.9
2026-08-12T08:30:00Z,28.3,93,27.1,1003.2,0.4,1.3,270,18.0,0.0,207,0.9
2026-08-12T08:40:00Z,28.4,93,27.2,1003.1,0.0,1.3,270,18.0,0.0,280,0.9
2026-08-12T08:50:00Z,28.7,93,27.5,1003.0,0.4,1.8,292,18.0,0.0,218,0.7
2026-08-12T09:00:00Z,28.8,93,27.6,1003.0,0.4,1.8,292,18.0,0.0,225,0.6
2026-08-12T09:10:00Z,29.0,93,27.8,1003.0,0.4,1.8,292,18.0,0.0,199,0.3
2026-08-12T09:20:00Z,28.9,93,27.7,1003.1,0.9,3.1,292,18.0,0.0,155,0.0
2026-08-12T09:30:00Z,28.8,92,27.4,1003.2,0.9,3.1,292,18.0,0.0,123,0.0
2026-08-12T09:40:00Z,28.7,92,27.3,1003.3,0.9,1.8,292,18.0,0.0,99,0.0
2026-08-12T09:50:00Z,28.4,92,27.0,1003.3,0.4,1.3,292,18.0,0.0,63,0.0
2026-08-12T10:00:00Z,28.4,92,27.0,1003.3,0.4,1.8,292,18.0,0.0,36,0.0
2026-08-12T10:10:00Z,28.4,92,27.0,1003.3,0.4,1.8,292,18.0,0.0,23,0.0
2026-08-12T10:20:00Z,28.4,92,27.0,1003.6,0.4,1.8,292,18.0,0.0,5,0.0
2026-08-12T10:30:00Z,28.6,92,27.2,1003.7,0.0,0.9,292,18.0,0.0,0,0.0
2026-08-12T10:40:00Z,28.5,92,27.1,1003.8,0.0,0.9,292,18.0,0.0,0,0.0
2026-08-12T10:50:00Z,28.5,92,27.1,1003.9,0.0,0.0,,18.0,0.0,0,0.0
2026-08-12T11:00:00Z,28.4,92,27.0,1004.0,0.0,0.4,292,18.0,0.0,0,0.0
2026-08-12T11:10:00Z,28.4,92,27.0,1004.2,0.0,0.0,,18.0,0.0,0,0.0
2026-08-12T11:20:00Z,28.3,92,26.9,1004.3,0.0,0.0,,18.0,0.0,0,0.0
2026-08-12T11:30:00Z,28.2,92,26.8,1004.4,0.0,0.0,,18.0,0.0,0,0.0
2026-08-12T11:40:00Z,28.1,92,26.7,1004.5,0.0,0.0,,18.0,0.0,0,0.0
2026-08-12T11:50:00Z,28.1,92,26.7,1004.5,0.0,0.0,,18.0,0.0,0,0.0
2026-08-12T12:00:00Z,28.1,92,26.7,1004.7,0.0,0.0,,18.0,0.0,0,0.0
2026-08-12T12:10:00Z,28.1,92,26.7,1004.8,0.0,0.0,,18.0,0.0,0,0.0
2026-08-12T12:20:00Z,28.1,92,26.7,1004.7,0.0,0.0,,18.0,0.0,0,0.0
2026-08-12T12:30:00Z,28.0,92,26.6,1004.9,0.0,0.0,,18.0,0.0,0,0.0
2026-08-12T12:40:00Z,27.8,91,26.2,1005.0,0.0,0.0,,18.0,0.0,0,0.0
2026-08-12T12:50:00Z,27.4,91,25.8,1005.2,0.0,0.0,,18.0,0.0,0,0.0
2026-08-12T13:00:00Z,27.3,91,25.7,1005.1,0.0,0.0,,18.0,0.0,0,0.0
2026-08-12T13:10:00Z,27.2,91,25.6,1005.3,0.0,0.0,,18.0,0.0,0,0.0
2026-08-12T13:20:00Z,27.1,92,25.7,1005.3,0.0,0.0,,18.0,0.0,0,0.0
2026-08-12T13:30:00Z,27.0,92,25.6,1005.6,0.0,0.0,,18.0,0.0,0,0.0
2026-08-12T13:40:00Z,26.9,92,25.5,1005.6,0.0,0.0,,18.0,0.0,0,0.0
2026-08-12T13:50:00Z,26.7,91,25.1,1005.8,0.0,0.0,,18.0,0.0,0,0.0
2026-08-12T14:00:00Z,26.7,92,25.3,1005.6,0.0,0.0,,18.0,0.0,0,0.0
2026-08-12T14:10:00Z,26.6,92,25.2,1005.7,0.0,0.0,,18.0,0.0,0,0.0
2026-08-12T14:20:00Z,26.6,92,25.2,1005.8,0.0,0.0,,18.0,0.0,0,0.0
2026-08-12T14:30:00Z,26.5,92,25.1,1005.7,0.0,0.0,,18.0,0.0,0,0.0
2026-08-12T14:40:00Z,26.4,92,25.0,1005.7,0.0,0.0,,18.0,0.0,0,0.0
2026-08-12T14:50:00Z,26.3,92,24.9,1005.7,0.0,0.0,,18.0,0.0,0,0.0
2026-08-12T15:00:00Z,26.3,92,24.9,1005.7,0.0,0.0,,18.0,0.0,0,0.0
2026-08-12T15:10:00Z,26.3,92,24.9,1005.7,0.0,0.4,270,18.0,0.0,0,0.0
2026-08-12T15:20:00Z,26.4,92,25.0,1005.7,0.0,0.0,,18.0,0.0,0,0.0
2026-08-12T15:30:00Z,26.4,92,25.0,1005.7,0.0,0.9,270,18.0,0.0,0,0.0
2026-08-12T15:40:00Z,26.3,92,24.9,1005.6,0.4,1.3,270,18.0,0.0,0,0.0
2026-08-12T15:50:00Z,26.2,92,24.8,1005.6,0.0,0.4,247,18.0,0.0,0,0.0
2026-08-12T16:00:00Z,26.3,92,24.9,1005.6,0.0,1.3,225,18.0,0.0,0,0.0
2026-08-12T16:10:00Z,26.4,92,25.0,1005.4,0.0,0.0,,18.0,0.0,0,0.0
2026-08-12T16:20:00Z,26.4,92,25.0,1005.4,0.0,0.0,,18.0,0.0,0,0.0
2026-08-12T16:30:00Z,26.3,92,24.9,1005.6,0.0,0.0,,18.0,0.0,0,0.0
2026-08-12T16:40:00Z,26.3,92,24.9,1005.6,0.0,0.0,,18.0,0.0,0,0.0
2026-08-12T16:50:00Z,26.4,92,25.0,1005.5,0.0,0.0,,18.0,0.0,0,0.0
2026-08-12T17:00:00Z,26.4,92,25.0,1005.5,0.0,0.0,,18.0,0.0,0,0.0
2026-08-12T17:10:00Z,26.4,92,25.0,1005.5,0.0,0.0,,18.0,0.0,0,0.0
2026-08-12T17:20:00Z,26.6,92,25.2,1005.4,0.0,0.0,,18.0,0.0,0,0.0
2026-08-12T17:30:00Z,26.7,92,25.3,1005.3,0.0,0.0,,18.0,0.0,0,0.0
2026-08-12T17:40:00Z,26.8,92,25.4,1005.2,0.0,0.0,,18.0,0.0,0,0.0
2026-08-12T17:50:00Z,26.9,92,25.5,1005.3,1.3,5.4,292,23.8,140.4,0,0.0
2026-08-12T18:00:00Z,26.8,93,25.6,1005.2,0.4,5.4,315,27.4,111.8,0,0.0
2026-08-12T18:10:00Z,26.4,92,25.0,1005.3,0.0,2.2,292,27.4,0.0,0,0.0
2026-08-12T18:20:00Z,26.2,92,24.8,1005.2,0.0,0.4,292,27.4,0.0,0,0.0
2026-08-12T18:30:00Z,26.2,92,24.8,1005.2,0.0,0.0,,27.4,0.0,0,0.0
2026-08-12T18:40:00Z,26.3,93,25.1,1005.3,0.0,0.0,,27.4,0.0,0,0.0
2026-08-12T18:50:00Z,26.7,93,25.5,1005.2,0.0,1.3,292,27.4,0.0,0,0.0
2026-08-12T19:00:00Z,26.9,93,25.7,1005.3,0.0,0.0,,27.4,0.0,0,0.0
2026-08-12T19:10:00Z,27.0,93,25.8,1005.2,0.0,0.0,,27.4,0.0,0,0.0
2026-08-12T19:20:00Z,27.0,93,25.8,1005.1,0.0,0.0,,27.4,0.0,0,0.0
2026-08-12T19:30:00Z,27.2,93,26.0,1005.2,0.0,0.0,,27.4,0.0,0,0.0
2026-08-12T19:40:00Z,27.6,94,26.5,1005.0,0.0,0.0,,27.4,0.0,0,0.0
2026-08-12T19:50:00Z,27.8,93,26.6,1004.9,0.0,0.0,,27.6,0.0,0,0.0
2026-08-12T20:00:00Z,27.8,93,26.6,1004.9,0.0,0.0,,27.6,0.0,0,0.0
2026-08-12T20:10:00Z,27.8,93,26.6,1005.0,0.0,0.0,,27.6,0.0,0,0.0
2026-08-12T20:20:00Z,27.8,93,26.6,1005.0,0.0,0.0,,27.6,0.0,0,0.0
2026-08-12T20:30:00Z,27.9,93,26.7,1005.0,0.0,0.0,,27.6,0.0,0,0.0
2026-08-12T20:40:00Z,27.9,93,26.7,1004.9,0.0,0.0,,27.6,0.0,0,0.0
2026-08-12T20:50:00Z,28.0,93,26.8,1004.8,0.0,0.0,,27.6,0.0,0,0.0
2026-08-12T21:00:00Z,28.0,93,26.8,1004.7,0.0,0.9,292,27.6,0.0,0,0.0
2026-08-12T21:10:00Z,28.1,93,26.9,1004.9,0.4,1.8,315,27.6,0.0,0,0.0
2026-08-12T21:20:00Z,27.7,93,26.5,1004.9,0.4,3.1,315,27.6,0.0,0,0.0
2026-08-12T21:30:00Z,27.5,93,26.3,1004.8,0.0,0.9,292,27.6,0.0,0,0.0
2026-08-12T21:40:00Z,27.6,94,26.5,1004.8,0.4,1.8,292,27.6,0.0,0,0.0
2026-08-12T21:50:00Z,27.9,94,26.8,1004.8,0.0,1.3,292,27.6,0.0,9,0.0
2026-08-12T22:00:00Z,27.9,94,26.8,1004.8,0.0,0.4,292,27.6,0.0,18,0.0
2026-08-12T22:10:00Z,27.9,93,26.7,1004.8,0.0,0.9,292,27.6,0.0,29,0.0
2026-08-12T22:20:00Z,28.1,94,27.0,1004.9,0.4,1.8,292,27.6,0.0,48,0.0
2026-08-12T22:30:00Z,28.2,94,27.1,1004.9,0.4,1.8,292,27.6,0.0,73,0.0
2026-08-12T22:40:00Z,28.2,94,27.1,1005.1,0.0,0.9,270,27.6,0.0,82,0.0
2026-08-12T22:50:00Z,28.3,94,27.2,1005.1,0.0,1.8,292,27.6,0.0,90,0.0
2026-08-12T23:00:00Z,28.4,93,27.2,1005.2,0.4,2.7,292,27.6,0.0,101,0.2
2026-08-12T23:10:00Z,28.3,93,27.1,1005.2,0.0,1.8,315,27.6,0.0,89,0.0
2026-08-12T23:20:00Z,28.3,93,27.1,1005.1,0.0,4.5,292,27.6,0.0,69,0.2
2026-08-12T23:30:00Z,27.1,92,25.7,1005.2,0.4,4.0,292,27.6,0.0,34,0.0
2026-08-12T23:40:00Z,27.1,93,25.9,1005.3,0.4,3.1,292,27.6,0.0,54,0.0
2026-08-12T23:50:00Z,27.3,93,26.1,1005.3,0.0,1.3,292,27.6,0.0,54,0.0
2026-08-13T00:00:00Z,27.4,93,26.2,1005.2,0.4,3.6,292,0.0,0.0,99,0.4
2026-08-13T00:10:00Z,27.5,92,26.1,1005.3,0.4,4.5,292,0.0,0.0,109,0.5
2026-08-13T00:20:00Z,27.6,92,26.2,1005.3,0.9,3.6,292,0.0,0.0,196,1.1
2026-08-13T00:30:00Z,27.9,92,26.5,1005.5,1.3,3.6,292,0.0,0.0,312,1.6
2026-08-13T00:40:00Z,28.3,91,26.7,1005.4,1.3,3.6,292,0.0,0.0,382,2.3
2026-08-13T00:50:00Z,28.7,90,26.9,1005.5,1.3,4.0,292,0.0,0.0,306,2.5
2026-08-13T01:00:00Z,28.8,89,26.8,1005.5,1.3,3.6,292,0.0,0.0,288,2.4
2026-08-13T01:10:00Z,29.1,88,26.9,1005.6,1.8,4.9,292,0.0,0.0,294,2.7
2026-08-13T01:20:00Z,29.3,88,27.1,1005.6,2.2,4.5,292,0.0,0.0,419,4.6
2026-08-13T01:30:00Z,29.5,86,26.9,1005.6,2.2,4.0,292,0.0,0.0,268,2.3
2026-08-13T01:40:00Z,29.3,87,26.9,1005.5,1.8,4.0,292,0.6,15.8,205,1.9
2026-08-13T01:50:00Z,29.1,89,27.1,1005.5,1.3,4.0,292,0.8,4.8,292,3.6
2026-08-13T02:00:00Z,28.9,89,26.9,1005.6,1.3,3.1,292,0.8,0.0,199,3.1
2026-08-13T02:10:00Z,28.9,89,26.9,1005.7,1.8,3.6,292,0.8,0.0,336,3.7
2026-08-13T02:20:00Z,28.6,89,26.6,1005.9,2.2,4.5,292,0.8,0.0,200,1.8
2026-08-13T02:30:00Z,28.1,88,25.9,1005.7,2.2,5.4,292,0.8,0.0,349,3.4
2026-08-13T02:40:00Z,28.0,88,25.8,1005.8,1.8,4.0,292,0.8,0.0,316,3.6
2026-08-13T02:50:00Z,28.2,89,26.2,1005.6,1.3,3.6,292,0.8,0.0,506,5.7
2026-08-13T03:00:00Z,28.6,88,26.4,1005.6,1.8,4.0,292,0.8,0.0,810,7.3
2026-08-13T03:10:00Z,29.1,87,26.7,1005.6,1.3,4.0,292,0.8,0.0,577,5.3
2026-08-13T03:20:00Z,29.4,86,26.8,1005.5,2.2,3.6,292,0.8,0.0,508,5.5
2026-08-13T03:30:00Z,29.7,85,26.9,1005.4,2.7,4.9,315,0.8,0.0,862,7.9
2026-08-13T03:40:00Z,29.8,84,26.8,1005.4,2.2,4.9,292,0.8,0.0,906,8.4
2026-08-13T03:50:00Z,30.1,84,27.1,1005.3,2.2,4.9,292,0.8,0.0,974,7.9
2026-08-13T04:00:00Z,30.4,83,27.2,1005.3,2.2,4.9,292,0.8,0.0,952,8.7
2026-08-13T04:10:00Z,30.8,81,27.2,1005.3,1.8,4.5,315,0.8,0.0,903,7.7
2026-08-13T04:20:00Z,30.7,81,27.1,1005.2,2.2,4.9,292,0.8,0.0,398,4.6
2026-08-13T04:30:00Z,30.3,82,26.9,1005.4,2.2,4.9,292,1.2,36.2,143,1.7
2026-08-13T04:40:00Z,29.2,85,26.4,1005.5,2.7,4.9,292,1.6,36.2,208,3.3
2026-08-13T04:50:00Z,28.2,87,25.8,1005.3,1.8,4.5,292,6.0,84.8,74,0.9
2026-08-13T05:00:00Z,27.7,89,25.7,1005.1,1.3,3.6,292,6.8,7.2,115,1.4
2026-08-13T05:10:00Z,27.3,90,25.5,1005.0,1.8,3.6,292,7.8,32.2,129,1.4
2026-08-13T05:20:00Z,27.2,90,25.4,1004.9,1.8,3.6,292,7.8,0.8,243,2.7
2026-08-13T05:30:00Z,27.2,91,25.6,1004.9,1.8,4.0,292,7.8,0.0,241,2.4
2026-08-13T05:40:00Z,27.2,91,25.6,1005.0,2.2,4.0,292,8.4,52.8,56,0.4
2026-08-13T05:50:00Z,27.3,91,25.7,1005.0,1.8,5.4,292,8.4,0.8,90,1.0
2026-08-13T06:00:00Z,27.3,92,25.9,1004.9,1.8,4.9,292,8.4,0.0,247,2.7
2026-08-13T06:10:00Z,27.7,92,26.3,1004.7,1.3,3.1,292,8.4,0.0,366,3.8
2026-08-13T06:20:00Z,27.7,92,26.3,1004.5,1.8,4.5,292,8.4,0.0,300,3.5
2026-08-13T06:30:00Z,28.0,92,26.6,1004.4,1.8,3.6,292,8.4,0.0,551,4.4
2026-08-13T06:40:00Z,28.6,92,27.2,1004.4,1.3,3.1,292,8.4,0.0,808,5.3
2026-08-13T06:50:00Z,28.2,91,26.6,1004.2,1.8,4.0,292,8.6,0.0,658,4.3
2026-08-13T07:00:00Z,28.4,89,26.4,1004.3,2.2,4.0,292,8.6,0.0,764,4.3
2026-08-13T07:10:00Z,28.7,88,26.5,1004.2,1.8,3.6,292,8.6,0.0,556,3.5
2026-08-13T07:20:00Z,29.1,87,26.7,1004.3,1.3,3.6,292,8.6,0.0,640,3.4
2026-08-13T07:30:00Z,29.4,86,26.8,1004.4,2.2,4.9,292,8.6,0.0,498,2.9
2026-08-13T07:40:00Z,29.7,86,27.1,1004.6,2.7,5.8,292,8.6,0.0,408,2.4
2026-08-13T07:50:00Z,29.7,86,27.1,1004.5,2.2,4.5,292,8.6,0.0,437,2.1
2026-08-13T08:00:00Z,29.7,85,26.9,1004.5,2.2,4.5,292,8.6,0.0,405,1.8
2026-08-13T08:10:00Z,29.8,86,27.2,1004.3,1.3,4.0,292,8.6,0.0,346,1.5
2026-08-13T08:20:00Z,29.8,85,27.0,1004.3,1.8,3.6,292,8.6,0.0,370,1.3
2026-08-13T08:30:00Z,29.9,84,26.9,1004.5,1.8,3.6,292,8.6,0.0,373,1.2
2026-08-13T08:40:00Z,29.9,84,26.9,1004.4,1.3,3.1,292,8.6,0.0,319,0.9
2026-08-13T08:50:00Z,29.8,84,26.8,1004.5,1.3,3.1,315,8.6,0.0,324,0.8
2026-08-13T09:00:00Z,29.8,84,26.8,1004.4,1.3,2.7,292,8.6,0.0,305,0.6
2026-08-13T09:10:00Z,29.7,83,26.5,1004.5,1.3,2.2,315,8.6,0.0,201,0.3
2026-08-13T09:20:00Z,29.4,83,26.2,1004.5,1.3,2.2,292,8.6,0.0,154,0.0
2026-08-13T09:30:00Z,29.3,83,26.1,1004.5,0.9,1.8,292,8.6,0.0,183,0.0
2026-08-13T09:40:00Z,29.4,84,26.4,1004.6,0.9,2.2,315,8.6,0.0,137,0.0
2026-08-13T09:50:00Z,29.3,84,26.3,1004.7,0.9,1.3,315,8.6,0.0,72,0.0
2026-08-13T10:00:00Z,29.2,84,26.2,1004.7,0.9,2.2,315,8.6,0.0,54,0.0
2026-08-13T10:10:00Z,29.0,84,26.0,1004.8,0.4,1.3,315,8.6,0.0,34,0.0
2026-08-13T10:20:00Z,28.9,85,26.1,1004.9,0.4,1.3,315,8.6,0.0,19,0.0
2026-08-13T10:30:00Z,28.8,85,26.0,1005.1,0.4,1.3,315,8.6,0.0,5,0.0
2026-08-13T10:40:00Z,28.7,85,25.9,1005.1,0.0,0.9,315,8.6,0.0,0,0.0
2026-08-13T10:50:00Z,28.6,85,25.8,1005.4,0.0,0.9,315,8.6,0.0,0,0.0
2026-08-13T11:00:00Z,28.6,85,25.8,1005.4,0.0,0.9,315,8.6,0.0,0,0.0
2026-08-13T11:10:00Z,28.5,85,25.7,1005.4,0.0,0.9,315,8.6,0.0,0,0.0
2026-08-13T11:20:00Z,28.5,85,25.7,1005.7,0.0,0.9,315,8.6,0.0,0,0.0
2026-08-13T11:30:00Z,28.6,85,25.8,1005.8,0.0,0.9,315,8.6,0.0,0,0.0
2026-08-13T11:40:00Z,28.6,85,25.8,1006.0,0.0,0.9,315,8.6,0.0,0,0.0
2026-08-13T11:50:00Z,28.6,85,25.8,1006.1,0.0,0.9,315,8.6,0.0,0,0.0
2026-08-13T12:00:00Z,28.6,86,26.0,1006.2,0.0,0.9,315,8.6,0.0,0,0.0
2026-08-13T12:10:00Z,28.6,87,26.2,1006.2,0.0,0.0,,8.6,0.0,0,0.0
2026-08-13T12:20:00Z,28.4,87,26.0,1006.3,0.0,0.9,315,8.6,0.0,0,0.0
2026-08-13T12:30:00Z,28.3,87,25.9,1006.3,0.0,0.9,315,8.6,0.0,0,0.0
2026-08-13T12:40:00Z,28.2,88,26.0,1006.6,0.0,0.9,315,8.6,0.0,0,0.0
2026-08-13T12:50:00Z,28.1,88,25.9,1006.7,0.0,0.4,315,8.6,0.0,0,0.0
2026-08-13T13:00:00Z,27.9,88,25.7,1006.8,0.0,0.0,,8.6,0.0,0,0.0
2026-08-13T13:10:00Z,27.8,89,25.8,1006.9,0.0,0.4,315,8.6,0.0,0,0.0
2026-08-13T13:20:00Z,27.7,89,25.7,1007.0,0.0,0.0,,8.6,0.0,0,0.0
2026-08-13T13:30:00Z,27.6,89,25.6,1007.1,0.0,0.0,,8.6,0.0,0,0.0
2026-08-13T13:40:00Z,27.6,89,25.6,1007.2,0.0,0.0,,8.6,0.0,0,0.0
2026-08-13T13:50:00Z,27.6,90,25.8,1007.3,0.0,0.0,,8.6,0.0,0,0.0
2026-08-13T14:00:00Z,27.6,90,25.8,1007.3,0.0,0.0,,8.6,0.0,0,0.0
2026-08-13T14:10:00Z,27.6,90,25.8,1007.4,0.0,0.0,,8.6,0.0,0,0.0
2026-08-13T14:20:00Z,27.6,90,25.8,1007.3,0.0,0.0,,8.6,0.0,0,0.0
2026-08-13T14:30:00Z,27.6,90,25.8,1007.4,0.0,0.0,,8.6,0.0,0,0.0
2026-08-13T14:40:00Z,27.6,90,25.8,1007.3,0.0,0.0,,8.6,0.0,0,0.0
2026-08-13T14:50:00Z,27.5,90,25.7,1007.3,0.0,0.0,,8.6,0.0,0,0.0
2026-08-13T15:00:00Z,27.6,90,25.8,1007.2,0.0,0.0,,8.8,0.0,0,0.0
2026-08-13T15:10:00Z,27.6,91,26.0,1007.3,0.0,0.0,,8.8,0.0,0,0.0
2026-08-13T15:20:00Z,27.7,91,26.1,1007.1,0.0,0.0,,8.8,0.0,0,0.0
2026-08-13T15:30:00Z,27.7,91,26.1,1007.2,0.0,0.0,,8.8,0.0,0,0.0
2026-08-13T15:40:00Z,27.7,91,26.1,1007.2,0.0,0.0,,8.8,0.0,0,0.0
2026-08-13T15:50:00Z,27.8,91,26.2,1007.2,0.0,0.0,,8.8,0.0,0,0.0
2026-08-13T16:00:00Z,27.8,91,26.2,1007.2,0.0,0.0,,8.8,0.0,0,0.0
2026-08-13T16:10:00Z,27.7,91,26.1,1007.1,0.0,0.0,,8.8,0.0,0,0.0
2026-08-13T16:20:00Z,27.7,91,26.1,1007.1,0.0,0.0,,8.8,0.0,0,0.0
2026-08-13T16:30:00Z,27.6,91,26.0,1007.1,0.0,0.0,,8.8,0.0,0,0.0
2026-08-13T16:40:00Z,27.7,91,26.1,1007.0,0.0,0.0,,8.8,0.0,0,0.0
2026-08-13T16:50:00Z,27.7,91,26.1,1007.0,0.0,0.0,,8.8,0.0,0,0.0
2026-08-13T17:00:00Z,27.7,92,26.3,1007.0,0.0,0.0,,8.8,0.0,0,0.0
2026-08-13T17:10:00Z,27.7,92,26.3,1006.7,0.0,0.0,,8.8,0.0,0,0.0
2026-08-13T17:20:00Z,27.8,92,26.4,1006.6,0.0,2.7,270,9.0,0.0,0,0.0
2026-08-13T17:30:00Z,27.3,91,25.7,1006.6,0.9,5.4,247,13.0,57.4,0,0.0
2026-08-13T17:40:00Z,27.1,91,25.5,1006.7,0.4,2.2,247,13.4,37.8,0,0.0
2026-08-13T17:50:00Z,26.9,92,25.5,1006.6,0.0,0.9,202,13.4,0.0,0,0.0
2026-08-13T18:00:00Z,26.8,92,25.4,1006.6,0.4,1.8,202,13.4,0.0,0,0.0
2026-08-13T18:10:00Z,26.8,92,25.4,1006.7,0.0,0.9,157,13.4,0.0,0,0.0
2026-08-13T18:20:00Z,26.8,92,25.4,1006.6,0.0,1.3,157,13.8,4.2,0,0.0
2026-08-13T18:30:00Z,26.7,92,25.3,1006.4,0.0,1.8,157,14.0,4.2,0,0.0
2026-08-13T18:40:00Z,26.6,92,25.2,1006.6,0.0,0.9,157,14.0,1.0,0,0.0
2026-08-13T18:50:00Z,26.4,92,25.0,1006.5,0.0,0.9,157,14.0,0.0,0,0.0
2026-08-13T19:00:00Z,26.3,92,24.9,1006.6,0.0,0.9,157,14.0,0.0,0,0.0
2026-08-13T19:10:00Z,26.3,92,24.9,1006.5,0.0,0.0,,14.0,0.0,0,0.0
2026-08-13T19:20:00Z,26.4,92,25.0,1006.6,0.0,0.0,,14.0,0.0,0,0.0
2026-08-13T19:30:00Z,26.4,92,25.0,1006.5,0.0,0.0,,14.0,0.0,0,0.0
2026-08-13T19:40:00Z,26.4,93,25.2,1006.4,0.0,0.0,,14.0,0.0,0,0.0
2026-08-13T19:50:00Z,26.5,93,25.3,1006.2,0.0,0.9,157,14.0,0.0,0,0.0
2026-08-13T20:00:00Z,26.6,93,25.4,1006.1,0.0,0.0,,14.0,0.0,0,0.0
2026-08-13T20:10:00Z,26.7,93,25.5,1006.1,0.0,0.0,,14.0,0.0,0,0.0
2026-08-13T20:20:00Z,26.9,93,25.7,1006.2,0.0,1.3,225,14.0,0.0,0,0.0
2026-08-13T20:30:00Z,27.3,93,26.1,1006.2,0.4,1.8,225,14.0,0.0,0,0.0
2026-08-13T20:40:00Z,27.2,93,26.0,1006.3,0.4,2.7,292,14.0,0.0,0,0.0
2026-08-13T20:50:00Z,27.2,93,26.0,1006.2,0.0,1.8,292,14.0,0.0,0,0.0
2026-08-13T21:00:00Z,27.0,93,25.8,1006.2,0.0,0.9,292,14.0,0.0,0,0.0
2026-08-13T21:10:00Z,27.1,93,25.9,1006.2,0.0,0.9,292,14.0,0.0,0,0.0
2026-08-13T21:20:00Z,27.2,93,26.0,1006.3,0.0,1.8,292,14.0,0.0,0,0.0
2026-08-13T21:30:00Z,27.3,93,26.1,1006.4,0.4,1.8,292,14.0,0.0,0,0.0
2026-08-13T21:40:00Z,27.4,93,26.2,1006.5,0.4,2.2,292,14.0,0.0,1,0.0
2026-08-13T21:50:00Z,27.6,93,26.4,1006.6,0.0,0.9,292,14.0,0.0,8,0.0
2026-08-13T22:00:00Z,27.7,93,26.5,1006.5,0.0,0.9,292,14.0,0.0,12,0.0
2026-08-13T22:10:00Z,27.9,93,26.7,1006.6,0.0,0.9,292,14.0,0.0,17,0.0
2026-08-13T22:20:00Z,28.2,93,27.0,1006.7,0.4,1.3,292,14.0,0.0,22,0.0
2026-08-13T22:30:00Z,28.1,93,26.9,1006.5,0.4,1.8,292,14.0,0.0,30,0.0
2026-08-13T22:40:00Z,28.2,93,27.0,1006.6,0.4,2.2,292,14.0,0.0,30,0.0
2026-08-13T22:50:00Z,28.3,93,27.1,1006.7,0.4,2.2,292,14.0,0.0,36,0.0
2026-08-13T23:00:00Z,28.3,93,27.1,1006.7,0.4,1.8,292,14.0,0.0,61,0.3
2026-08-13T23:10:00Z,28.4,93,27.2,1006.8,0.9,1.8,292,14.0,0.0,79,0.6
2026-08-13T23:20:00Z,28.7,93,27.5,1007.0,0.9,2.7,270,14.0,0.0,88,0.8
2026-08-13T23:30:00Z,28.9,92,27.5,1007.0,0.4,1.8,292,14.0,0.0,113,0.7
2026-08-13T23:40:00Z,28.9,92,27.5,1007.1,0.4,2.7,270,14.0,0.0,96,0.7
2026-08-13T23:50:00Z,29.1,92,27.7,1007.3,0.4,2.7,292,14.0,0.0,164,1.2
2026-08-14T00:00:00Z,29.2,92,27.8,1007.1,0.4,1.8,292,0.0,0.0,197,1.2
2026-08-14T00:10:00Z,28.9,90,27.1,1007.2,0.9,3.6,270,1.0,75.8,215,1.1
2026-08-14T00:20:00Z,27.8,90,26.0,1007.5,0.9,3.1,270,1.0,0.8,109,1.1
2026-08-14T00:30:00Z,27.4,90,25.6,1007.6,1.8,3.6,292,1.0,0.0,215,1.5
2026-08-14T00:40:00Z,27.7,91,26.1,1007.6,1.3,3.6,292,1.2,0.0,209,1.7
2026-08-14T00:50:00Z,28.1,91,26.5,1007.5,0.9,3.6,292,1.2,0.0,264,2.3
2026-08-14T01:00:00Z,28.1,91,26.5,1007.6,1.3,3.6,292,1.2,0.0,236,2.1
2026-08-14T01:10:00Z,28.1,91,26.5,1007.6,1.3,3.1,292,1.2,0.0,312,2.6
2026-08-14T01:20:00Z,28.3,91,26.7,1007.7,1.3,3.1,292,1.2,0.0,378,3.2
2026-08-14T01:30:00Z,28.4,90,26.6,1007.8,0.9,2.2,292,2.4,37.6,187,1.7
2026-08-14T01:40:00Z,28.3,90,26.5,1007.8,0.9,2.7,292,2.4,1.2,172,2.1
2026-08-14T01:50:00Z,28.3,91,26.7,1007.6,1.3,3.6,292,2.4,0.0,210,2.3
2026-08-14T02:00:00Z,28.2,91,26.6,1007.8,1.3,4.5,292,2.4,0.0,143,1.3
2026-08-14T02:10:00Z,28.4,91,26.8,1007.9,0.4,3.1,270,2.4,0.0,211,2.0
2026-08-14T02:20:00Z,28.4,91,26.8,1007.7,0.9,3.1,270,2.4,0.0,317,3.7
2026-08-14T02:30:00Z,28.6,91,27.0,1007.6,1.3,3.1,270,2.4,0.0,191,2.1
2026-08-14T02:40:00Z,28.6,91,27.0,1007.7,0.9,2.7,270,2.4,0.0,88,0.9
2026-08-14T02:50:00Z,27.5,90,25.7,1008.1,2.2,4.9,270,5.4,123.8,31,0.0
2026-08-14T03:00:00Z,27.4,91,25.8,1008.0,1.3,4.0,292,5.8,18.2,37,0.0
2026-08-14T03:10:00Z,27.3,91,25.7,1007.5,1.8,4.0,292,5.8,0.8,78,0.7
2026-08-14T03:20:00Z,27.4,92,26.0,1007.4,0.9,2.2,292,5.8,0.0,63,0.5
2026-08-14T03:30:00Z,27.7,92,26.3,1007.4,0.9,1.8,315,5.8,0.0,142,1.6
2026-08-14T03:40:00Z,27.6,92,26.2,1007.3,1.3,3.6,292,5.8,0.0,157,1.7
2026-08-14T03:50:00Z,26.6,91,25.0,1007.6,2.2,4.9,292,5.8,0.0,38,0.1
2026-08-14T04:00:00Z,26.3,91,24.7,1007.7,1.8,4.0,292,5.8,0.0,67,0.7
2026-08-14T04:10:00Z,25.9,91,24.3,1008.0,2.2,6.3,292,12.6,122.6,33,0.1
2026-08-14T04:20:00Z,25.8,91,24.2,1007.6,1.3,4.0,292,19.0,147.6,56,0.5
2026-08-14T04:30:00Z,26.1,92,24.7,1007.4,0.9,2.7,292,19.0,1.0,194,2.2
2026-08-14T04:40:00Z,26.6,92,25.2,1007.2,1.3,3.1,315,19.0,0.0,265,2.8
2026-08-14T04:50:00Z,26.6,92,25.2,1007.2,1.3,4.0,292,19.0,0.0,153,1.7
2026-08-14T05:00:00Z,26.7,92,25.3,1007.2,1.8,4.5,315,19.0,0.0,161,1.8
2026-08-14T05:10:00Z,26.8,92,25.4,1007.1,1.3,3.6,292,19.0,0.0,206,2.2
2026-08-14T05:20:00Z,26.7,92,25.3,1007.0,1.8,4.0,292,19.2,0.0,192,1.9
2026-08-14T05:30:00Z,26.6,92,25.2,1006.8,1.8,4.5,292,25.4,92.2,88,1.0
2026-08-14T05:40:00Z,26.6,92,25.2,1006.9,1.8,4.5,292,27.6,70.2,91,1.0
2026-08-14T05:50:00Z,26.6,93,25.4,1006.8,0.9,3.1,292,29.6,70.2,131,1.4
2026-08-14T06:00:00Z,26.8,93,25.6,1006.6,0.0,0.0,,30.4,9.8,153,1.5
2026-08-14T06:10:00Z,26.9,93,25.7,1006.9,0.4,1.8,292,30.6,2.6,138,1.3
2026-08-14T06:20:00Z,27.1,93,25.9,1007.1,0.0,1.3,292,32.8,89.4,53,0.3
2026-08-14T06:30:00Z,26.9,93,25.7,1007.2,0.4,2.7,112,32.8,1.0,29,0.0
2026-08-14T06:40:00Z,26.7,92,25.3,1007.2,0.4,2.7,270,38.8,131.0,18,0.0
2026-08-14T06:50:00Z,26.4,92,25.0,1007.5,1.3,4.5,292,48.8,140.4,13,0.0
2026-08-14T07:00:00Z,26.3,93,25.1,1007.7,1.3,3.6,292,50.2,54.4,8,0.0
2026-08-14T07:10:00Z,26.4,93,25.2,1007.8,0.9,2.7,292,52.8,52.8,0,0.0
2026-08-14T07:20:00Z,26.0,93,24.8,1007.3,1.3,4.0,270,59.6,120.0,0,0.0
2026-08-14T07:30:00Z,25.7,93,24.5,1007.3,0.9,2.7,202,63.2,47.6,2,0.0
2026-08-14T07:40:00Z,25.6,93,24.4,1007.3,0.0,1.3,202,63.4,27.8,0,0.0
2026-08-14T07:50:00Z,25.8,93,24.6,1008.1,0.4,1.8,202,63.4,0.0,0,0.0
2026-08-14T08:00:00Z,25.7,93,24.5,1008.3,1.8,4.9,315,67.0,63.2,0,0.0
2026-08-14T08:10:00Z,25.1,93,23.9,1008.3,4.0,8.0,292,82.0,157.8,0,0.0
2026-08-14T08:20:00Z,24.8,93,23.6,1008.9,2.7,6.7,292,98.4,140.4,0,0.0
2026-08-14T08:30:00Z,24.7,93,23.5,1009.0,2.2,4.5,292,111.8,147.6,0,0.0
2026-08-14T08:40:00Z,24.7,93,23.5,1009.1,2.2,4.5,292,120.6,104.8,0,0.0
2026-08-14T08:50:00Z,24.8,94,23.8,1008.9,2.2,4.5,292,123.4,100.2,0,0.0
2026-08-14T09:00:00Z,24.8,94,23.8,1008.8,1.8,4.9,292,128.6,94.4,0,0.0
2026-08-14T09:10:00Z,25.2,94,24.2,1008.6,1.3,4.5,292,131.8,34.6,0,0.0
2026-08-14T09:20:00Z,24.9,93,23.7,1008.3,3.1,5.8,292,139.6,138.8,1,0.0
2026-08-14T09:30:00Z,24.8,93,23.6,1008.0,1.8,4.0,292,140.0,4.4,1,0.0
2026-08-14T09:40:00Z,24.7,94,23.7,1007.9,1.8,3.6,292,140.0,1.0,0,0.0
2026-08-14T09:50:00Z,24.4,93,23.2,1008.0,1.3,4.5,292,140.2,1.0,0,0.0
2026-08-14T10:00:00Z,24.5,94,23.5,1008.0,0.9,3.6,292,140.2,0.0,0,0.0
2026-08-14T10:10:00Z,24.6,94,23.6,1008.0,0.9,3.1,292,140.2,0.0,0,0.0
2026-08-14T10:20:00Z,24.7,94,23.7,1008.1,0.9,3.1,292,140.2,0.0,0,0.0
2026-08-14T10:30:00Z,24.9,94,23.9,1008.3,1.3,3.1,292,140.2,0.0,0,0.0
2026-08-14T10:40:00Z,25.1,94,24.1,1008.3,1.3,4.0,292,140.2,0.0,0,0.0
2026-08-14T10:50:00Z,25.2,94,24.2,1008.7,2.2,5.4,292,140.4,0.0,0,0.0
2026-08-14T11:00:00Z,25.3,94,24.3,1008.8,3.1,7.6,292,140.6,1.2,0,0.0
2026-08-14T11:10:00Z,24.9,93,23.7,1009.0,4.0,8.0,292,140.8,1.2,0,0.0
2026-08-14T11:20:00Z,25.1,94,24.1,1009.0,4.0,7.2,292,141.0,1.2,0,0.0
2026-08-14T11:30:00Z,24.6,93,23.4,1009.0,3.6,6.7,292,141.2,9.2,0,0.0
2026-08-14T11:40:00Z,24.8,94,23.8,1009.1,2.7,5.8,292,141.4,1.4,0,0.0
2026-08-14T11:50:00Z,25.2,94,24.2,1009.0,2.2,4.9,292,141.4,0.8,0,0.0
2026-08-14T12:00:00Z,25.2,94,24.2,1008.6,1.3,4.0,292,141.4,0.0,0,0.0
2026-08-14T12:10:00Z,25.1,94,24.1,1008.8,0.9,3.1,292,141.6,0.0,0,0.0
2026-08-14T12:20:00Z,25.1,94,24.1,1009.3,0.9,3.6,292,141.8,1.4,0,0.0
2026-08-14T12:30:00Z,25.2,94,24.2,1009.6,0.9,3.1,292,142.2,3.0,0,0.0
2026-08-14T12:40:00Z,25.3,94,24.3,1009.4,0.9,3.1,292,142.4,3.0,0,0.0
2026-08-14T12:50:00Z,25.3,94,24.3,1009.0,0.4,1.3,315,142.8,2.6,0,0.0
2026-08-14T13:00:00Z,25.3,94,24.3,1008.8,0.4,1.8,292,143.4,4.6,0,0.0
2026-08-14T13:10:00Z,25.3,94,24.3,1008.4,0.0,1.3,292,144.2,5.4,0,0.0
2026-08-14T13:20:00Z,25.3,94,24.3,1008.6,0.0,1.3,292,144.4,4.4,0,0.0
2026-08-14T13:30:00Z,25.3,94,24.3,1008.7,0.0,0.0,,144.6,1.8,0,0.0
2026-08-14T13:40:00Z,25.4,94,24.4,1008.9,0.0,0.0,,145.0,2.2,0,0.0
2026-08-14T13:50:00Z,25.6,94,24.6,1009.2,0.0,1.3,292,145.2,2.6,0,0.0
2026-08-14T14:00:00Z,25.6,94,24.6,1009.2,0.4,1.8,292,145.4,1.8,0,0.0
2026-08-14T14:10:00Z,25.5,94,24.5,1009.3,0.4,1.3,292,145.4,0.0,0,0.0
2026-08-14T14:20:00Z,25.5,94,24.5,1009.3,0.4,1.8,292,145.4,0.0,0,0.0
2026-08-14T14:30:00Z,25.6,94,24.6,1009.3,0.4,1.8,292,145.6,0.0,0,0.0
2026-08-14T14:40:00Z,25.6,94,24.6,1009.2,0.4,3.1,292,146.2,3.4,0,0.0
2026-08-14T14:50:00Z,25.6,94,24.6,1009.1,0.4,1.3,315,146.4,2.6,0,0.0
2026-08-14T15:00:00Z,25.6,94,24.6,1009.2,0.4,1.8,315,146.8,2.0,0,0.0
2026-08-14T15:10:00Z,25.5,94,24.5,1009.1,0.0,1.3,292,147.0,1.6,0,0.0
2026-08-14T15:20:00Z,25.4,94,24.4,1009.1,0.0,1.3,292,147.0,1.0,0,0.0
2026-08-14T15:30:00Z,25.4,94,24.4,1009.0,0.0,1.3,292,147.2,1.0,0,0.0
2026-08-14T15:40:00Z,25.6,94,24.6,1008.9,0.0,1.3,292,147.2,0.0,0,0.0
2026-08-14T15:50:00Z,25.7,94,24.7,1008.7,0.4,2.2,292,147.2,0.0,0,0.0
2026-08-14T16:00:00Z,25.7,94,24.7,1008.7,0.9,3.1,292,147.2,0.0,0,0.0
2026-08-14T16:10:00Z,25.8,94,24.8,1008.6,0.9,3.1,292,147.2,0.0,0,0.0
2026-08-14T16:20:00Z,25.8,94,24.8,1008.6,0.4,2.7,315,147.2,0.0,0,0.0
2026-08-14T16:30:00Z,25.9,94,24.9,1008.4,0.4,3.1,292,147.2,0.0,0,0.0
2026-08-14T16:40:00Z,25.9,94,24.9,1008.4,0.4,1.8,292,147.2,0.0,0,0.0
2026-08-14T16:50:00Z,26.0,94,25.0,1008.5,0.4,3.6,292,147.2,0.0,0,0.0
2026-08-14T17:00:00Z,26.1,94,25.1,1008.4,0.9,3.1,292,147.2,0.0,0,0.0
2026-08-14T17:10:00Z,26.1,94,25.1,1008.5,1.3,3.1,292,147.2,0.0,0,0.0
2026-08-14T17:20:00Z,26.0,94,25.0,1008.3,0.9,3.6,292,147.2,0.0,0,0.0
2026-08-14T17:30:00Z,25.9,94,24.9,1008.1,1.3,3.6,292,147.2,0.0,0,0.0
2026-08-14T17:40:00Z,25.9,94,24.9,1008.0,0.9,3.6,292,147.2,0.0,0,0.0
2026-08-14T17:50:00Z,25.9,94,24.9,1007.8,0.9,3.1,292,147.2,0.0,0,0.0
2026-08-14T18:00:00Z,25.9,93,24.7,1007.6,0.9,4.0,292,147.2,0.0,0,0.0
2026-08-14T18:10:00Z,25.9,93,24.7,1007.5,0.9,4.0,292,147.2,0.0,0,0.0
2026-08-14T18:20:00Z,26.1,93,24.9,1007.5,0.9,2.7,315,147.2,0.0,0,0.0
2026-08-14T18:30:00Z,26.2,93,25.0,1007.5,0.9,3.1,292,147.2,0.0,0,0.0
2026-08-14T18:40:00Z,26.2,93,25.0,1007.6,0.4,3.1,292,147.2,0.0,0,0.0
2026-08-14T18:50:00Z,26.3,93,25.1,1007.5,0.9,3.1,292,147.2,0.0,0,0.0
2026-08-14T19:00:00Z,26.3,93,25.1,1007.6,0.4,1.8,292,147.2,0.0,0,0.0
2026-08-14T19:10:00Z,26.4,92,25.0,1007.5,0.9,3.1,292,147.2,0.0,0,0.0
2026-08-14T19:20:00Z,26.4,92,25.0,1007.5,0.4,2.7,292,147.2,0.0,0,0.0
2026-08-14T19:30:00Z,26.4,92,25.0,1007.5,0.4,2.7,292,147.2,0.0,0,0.0
2026-08-14T19:40:00Z,26.6,92,25.2,1007.6,0.0,2.2,292,147.2,0.0,0,0.0
2026-08-14T19:50:00Z,26.7,91,25.1,1007.7,0.0,1.3,292,147.2,0.0,0,0.0
2026-08-14T20:00:00Z,26.8,91,25.2,1007.8,0.0,1.3,292,147.2,0.0,0,0.0
2026-08-14T20:10:00Z,26.8,90,25.0,1007.7,0.0,1.3,292,147.2,0.0,0,0.0
2026-08-14T20:20:00Z,26.9,90,25.1,1007.6,0.4,2.7,292,147.2,0.0,0,0.0
2026-08-14T20:30:00Z,26.8,90,25.0,1007.6,0.4,2.2,292,147.2,0.0,0,0.0
2026-08-14T20:40:00Z,26.8,90,25.0,1007.8,0.4,1.8,292,147.2,0.0,0,0.0
2026-08-14T20:50:00Z,26.8,89,24.8,1007.8,0.4,2.7,315,147.2,0.0,0,0.0
2026-08-14T21:00:00Z,26.8,89,24.8,1007.8,0.4,2.7,292,147.2,0.0,0,0.0
2026-08-14T21:10:00Z,26.9,89,24.9,1007.8,0.9,3.1,292,147.2,0.0,0,0.0
2026-08-14T21:20:00Z,26.9,89,24.9,1007.7,0.9,3.1,292,147.2,0.0,0,0.0
2026-08-14T21:30:00Z,27.1,89,25.1,1007.6,1.3,3.1,292,147.2,0.0,0,0.0
2026-08-14T21:40:00Z,27.2,89,25.2,1007.6,0.9,3.1,292,147.2,0.0,7,0.0
2026-08-14T21:50:00Z,27.2,90,25.4,1007.7,0.4,1.8,292,147.2,0.0,20,0.0
2026-08-14T22:00:00Z,27.2,90,25.4,1007.7,1.3,4.0,315,147.2,0.0,34,0.0
2026-08-14T22:10:00Z,27.2,90,25.4,1007.7,0.9,2.2,315,147.2,0.0,41,0.0
2026-08-14T22:20:00Z,27.3,90,25.5,1007.7,0.9,2.7,315,147.2,0.0,66,0.0
2026-08-14T22:30:00Z,27.4,90,25.6,1007.6,0.4,2.2,315,147.2,0.0,69,0.0
2026-08-14T22:40:00Z,27.5,90,25.7,1007.7,0.9,2.7,292,147.2,0.0,82,0.0
2026-08-14T22:50:00Z,27.7,89,25.7,1007.8,0.9,2.7,292,147.2,0.0,87,0.0
2026-08-14T23:00:00Z,27.9,89,25.9,1007.8,0.9,3.1,292,147.2,0.0,118,0.3
2026-08-14T23:10:00Z,28.1,88,25.9,1008.0,0.9,3.1,292,147.2,0.0,136,0.6
2026-08-14T23:20:00Z,28.3,88,26.1,1008.2,1.3,2.7,292,147.2,0.0,132,0.5
2026-08-14T23:30:00Z,28.3,88,26.1,1008.2,0.4,3.1,292,147.4,0.0,104,0.1
2026-08-14T23:40:00Z,28.2,88,26.0,1008.5,1.3,3.6,292,147.4,0.0,142,0.6
2026-08-14T23:50:00Z,28.1,89,26.1,1008.7,1.3,3.1,292,147.4,0.0,147,0.7
2026-08-15T00:00:00Z,28.1,89,26.1,1008.8,1.3,3.1,292,0.0,0.0,128,0.9
2026-08-15T00:10:00Z,28.1,90,26.3,1008.9,0.9,3.1,292,0.0,0.0,119,0.8
2026-08-15T00:20:00Z,27.9,90,26.1,1009.0,1.3,3.6,292,0.0,0.0,131,1.0
2026-08-15T00:30:00Z,27.6,89,25.6,1009.3,2.7,5.4,292,0.0,0.0,178,1.3
2026-08-15T00:40:00Z,26.9,90,25.1,1009.5,2.7,4.9,292,3.8,44.4,81,0.7
2026-08-15T00:50:00Z,26.3,90,24.5,1009.3,1.8,4.5,292,4.6,27.6,121,1.1
2026-08-15T01:00:00Z,26.3,91,24.7,1009.1,1.8,4.0,292,4.6,1.0,115,1.1
2026-08-15T01:10:00Z,26.4,91,24.8,1009.0,1.3,3.1,292,4.6,0.0,84,0.8
2026-08-15T01:20:00Z,26.4,91,24.8,1008.9,0.9,2.2,315,4.6,0.0,112,1.1
2026-08-15T01:30:00Z,26.4,92,25.0,1009.1,1.8,4.5,292,4.6,0.0,75,0.7
2026-08-15T01:40:00Z,26.7,92,25.3,1009.1,1.8,4.5,292,4.8,0.0,177,1.8
2026-08-15T01:50:00Z,26.9,92,25.5,1009.0,1.3,3.6,292,4.8,0.0,239,2.4
2026-08-15T02:00:00Z,26.9,92,25.5,1009.3,2.2,4.5,292,4.8,0.0,137,1.4
2026-08-15T02:10:00Z,26.9,92,25.5,1009.5,3.1,5.8,292,4.8,0.0,162,1.8
2026-08-15T02:20:00Z,27.0,92,25.6,1009.6,2.7,5.4,292,4.8,0.0,177,1.9
2026-08-15T02:30:00Z,27.1,92,25.7,1009.4,1.8,4.5,292,4.8,0.0,179,2.0
2026-08-15T02:40:00Z,26.8,92,25.4,1009.1,1.3,4.0,292,4.8,0.0,145,1.6
2026-08-15T02:50:00Z,26.7,92,25.3,1008.9,0.4,2.2,292,4.8,0.0,219,2.4
2026-08-15T03:00:00Z,26.9,92,25.5,1008.8,0.4,2.7,292,4.8,0.0,240,2.7
2026-08-15T03:10:00Z,26.8,91,25.2,1008.8,1.3,4.0,292,4.8,0.0,136,1.5
2026-08-15T03:20:00Z,26.7,91,25.1,1008.9,1.3,4.0,292,4.8,0.0,84,0.9
2026-08-15T03:30:00Z,26.9,91,25.3,1008.9,1.3,3.6,292,5.0,0.0,89,1.0
2026-08-15T03:40:00Z,26.8,91,25.2,1008.9,1.8,4.0,292,5.2,2.6,156,1.8
2026-08-15T03:50:00Z,27.2,91,25.6,1009.1,1.8,4.9,292,5.2,0.0,192,2.4
2026-08-15T04:00:00Z,27.2,91,25.6,1009.1,1.3,4.0,292,5.2,0.0,215,2.6
2026-08-15T04:10:00Z,27.1,91,25.5,1008.9,1.8,5.4,292,5.2,0.0,331,3.8
2026-08-15T04:20:00Z,27.4,91,25.8,1008.6,0.4,1.8,292,5.2,0.0,288,3.4
2026-08-15T04:30:00Z,27.3,91,25.7,1008.6,1.3,4.9,292,5.2,0.0,196,2.4
2026-08-15T04:40:00Z,27.2,90,25.4,1008.8,2.2,4.5,292,8.8,63.2,86,1.1
2026-08-15T04:50:00Z,26.8,90,25.0,1008.8,2.7,5.8,292,10.2,25.2,86,1.1
2026-08-15T05:00:00Z,26.6,91,25.0,1008.8,2.7,5.8,292,11.0,5.2,100,1.3
2026-08-15T05:10:00Z,26.4,91,24.8,1008.7,2.2,4.5,292,12.0,7.0,150,1.9
2026-08-15T05:20:00Z,26.2,92,24.8,1008.5,1.8,4.5,292,12.4,5.2,189,2.4
2026-08-15T05:30:00Z,26.2,92,24.8,1008.7,1.3,4.0,292,12.6,2.8,124,1.5
2026-08-15T05:40:00Z,26.2,92,24.8,1008.4,0.9,4.0,292,12.6,0.8,98,1.2
2026-08-15T05:50:00Z,26.2,92,24.8,1008.2,0.9,2.2,292,12.6,0.0,84,1.0
2026-08-15T06:00:00Z,26.2,92,24.8,1008.1,0.4,3.1,292,12.6,0.0,46,0.2
2026-08-15T06:10:00Z,26.2,92,24.8,1008.2,0.9,1.8,292,13.0,2.4,43,0.0
2026-08-15T06:20:00Z,26.3,92,24.9,1008.3,0.9,2.7,292,13.4,2.4,41,0.0
2026-08-15T06:30:00Z,26.4,92,25.0,1008.1,0.4,2.7,292,14.0,2.8,29,0.0
2026-08-15T06:40:00Z,26.2,92,24.8,1008.0,0.9,2.7,292,14.4,3.0,23,0.0
2026-08-15T06:50:00Z,26.1,92,24.7,1007.8,0.4,1.8,292,15.2,4.2,37,0.0
2026-08-15T07:00:00Z,26.1,93,24.9,1007.7,0.4,2.2,292,15.8,4.4,32,0.0
2026-08-15T07:10:00Z,26.1,92,24.7,1007.5,0.9,1.8,292,16.4,4.4,31,0.0
2026-08-15T07:20:00Z,26.1,93,24.9,1007.1,0.4,1.3,292,17.0,4.0,41,0.0
2026-08-15T07:30:00Z,26.1,93,24.9,1007.2,0.9,1.8,292,17.6,4.2,45,0.0
2026-08-15T07:40:00Z,26.2,93,25.0,1007.2,0.9,1.8,292,18.0,4.2,45,0.0
2026-08-15T07:50:00Z,26.2,93,25.0,1007.3,1.3,2.7,292,18.4,3.0,48,0.0
2026-08-15T08:00:00Z,26.3,93,25.1,1007.5,0.9,3.1,292,18.4,1.2,47,0.0
2026-08-15T08:10:00Z,26.3,93,25.1,1007.7,0.0,0.0,,18.6,1.2,41,0.0
2026-08-15T08:20:00Z,26.2,93,25.0,1007.7,0.0,0.0,,19.2,3.6,34,0.0
2026-08-15T08:30:00Z,26.1,93,24.9,1007.5,0.0,0.0,,19.8,4.0,24,0.0
2026-08-15T08:40:00Z,26.1,93,24.9,1007.3,0.0,0.0,,20.2,3.8,21,0.0
2026-08-15T08:50:00Z,26.1,93,24.9,1007.2,0.0,0.0,,20.4,2.6,24,0.0
2026-08-15T09:00:00Z,26.1,93,24.9,1007.1,0.0,0.0,,20.4,0.8,29,0.0
2026-08-15T09:10:00Z,26.1,93,24.9,1006.8,0.0,0.0,,20.6,0.8,32,0.0
2026-08-15T09:20:00Z,25.8,93,24.6,1006.7,0.0,0.0,,20.6,0.0,29,0.0
2026-08-15T09:30:00Z,25.8,93,24.6,1006.9,0.0,0.0,,20.6,0.0,20,0.0
2026-08-15T09:40:00Z,25.8,93,24.6,1006.7,0.0,0.0,,20.6,0.0,12,0.0
2026-08-15T09:50:00Z,25.9,93,24.7,1006.5,0.0,0.0,,20.6,0.0,9,0.0
2026-08-15T10:00:00Z,25.9,93,24.7,1006.5,0.0,0.0,,20.8,0.0,6,0.0
2026-08-15T10:10:00Z,25.9,93,24.7,1006.7,0.0,0.0,,20.8,0.0,1,0.0
2026-08-15T10:20:00Z,26.0,93,24.8,1006.9,0.0,0.0,,21.0,0.0,0,0.0
2026-08-15T10:30:00Z,25.9,93,24.7,1007.2,0.0,0.0,,21.2,1.0,0,0.0
2026-08-15T10:40:00Z,25.9,93,24.7,1007.3,0.0,0.0,,21.4,1.2,0,0.0
2026-08-15T10:50:00Z,25.9,93,24.7,1007.3,0.0,0.0,,21.6,1.2,0,0.0
2026-08-15T11:00:00Z,25.9,93,24.7,1007.6,0.0,0.0,,21.6,1.0,0,0.0
2026-08-15T11:10:00Z,25.8,93,24.6,1007.9,0.0,0.0,,21.6,0.0,0,0.0
2026-08-15T11:20:00Z,25.9,93,24.7,1008.2,0.0,0.0,,21.8,0.0,0,0.0
2026-08-15T11:30:00Z,25.9,93,24.7,1008.4,0.0,0.0,,21.8,0.0,0,0.0
2026-08-15T11:40:00Z,25.8,93,24.6,1008.5,0.0,0.0,,21.8,0.0,0,0.0
2026-08-15T11:50:00Z,25.8,93,24.6,1008.6,0.0,0.0,,21.8,0.0,0,0.0
2026-08-15T12:00:00Z,25.8,93,24.6,1008.4,0.0,0.0,,21.8,0.0,0,0.0
2026-08-15T12:10:00Z,25.8,93,24.6,1008.3,0.0,0.0,,21.8,0.0,0,0.0
2026-08-15T12:20:00Z,25.8,93,24.6,1008.5,0.0,0.0,,21.8,0.0,0,0.0
2026-08-15T12:30:00Z,25.8,93,24.6,1008.5,0.0,0.0,,21.8,0.0,0,0.0
2026-08-15T12:40:00Z,25.8,93,24.6,1008.5,0.0,0.0,,21.8,0.0,0,0.0
2026-08-15T12:50:00Z,25.8,93,24.6,1008.6,0.0,0.0,,21.8,0.0,0,0.0
2026-08-15T13:00:00Z,25.8,93,24.6,1008.6,0.0,0.0,,21.8,0.0,0,0.0
2026-08-15T13:10:00Z,25.8,93,24.6,1008.5,0.0,0.0,,21.8,0.0,0,0.0
2026-08-15T13:20:00Z,25.8,93,24.6,1008.5,0.0,0.0,,21.8,0.0,0,0.0
2026-08-15T13:30:00Z,25.8,93,24.6,1008.6,0.0,0.0,,21.8,0.0,0,0.0
2026-08-15T13:40:00Z,25.8,93,24.6,1008.6,0.0,0.0,,21.8,0.0,0,0.0
2026-08-15T13:50:00Z,25.8,94,24.8,1008.5,0.0,0.0,,21.8,0.0,0,0.0
2026-08-15T14:00:00Z,25.8,94,24.8,1008.5,0.0,0.0,,21.8,0.0,0,0.0
2026-08-15T14:10:00Z,25.8,94,24.8,1008.5,0.0,0.0,,21.8,0.0,0,0.0
2026-08-15T14:16:16Z,25.8,94,25.0,1008.6,0.0,0.0,299,22.0,0.0,0,0.0
2026-08-15T14:17:17Z,25.8,94,25.0,1008.6,0.0,0.0,299,22.0,0.0,0,0.0
2026-08-15T14:20:39Z,25.8,94,25.0,1008.5,0.0,0.0,299,22.0,0.0,0,0.0
2026-08-15T14:25:39Z,25.8,94,25.0,1008.5,0.0,0.0,299,22.0,0.0,0,0.0
2026-08-15T14:30:39Z,25.8,94,25.0,1008.5,0.0,0.0,299,22.0,0.0,0,0.0
2026-08-15T14:33:30Z,25.8,94,25.0,1008.5,0.0,0.0,299,22.0,0.0,0,0.0
2026-08-15T14:35:39Z,25.8,94,25.0,1008.5,0.0,0.0,299,22.0,0.0,0,0.0
2026-08-15T14:40:39Z,25.8,94,25.0,1008.6,0.0,0.0,299,22.0,0.0,0,0.0
2026-08-15T14:45:40Z,25.8,94,25.0,1008.5,0.0,0.0,299,22.0,0.0,0,0.0
2026-08-15T14:50:39Z,25.8,94,25.0,1008.5,0.0,0.0,299,22.0,0.0,0,0.0
2026-08-15T14:55:39Z,25.8,94,25.0,1008.6,0.0,0.0,299,22.0,0.0,0,0.0
2026-08-15T15:00:39Z,25.8,94,25.0,1008.6,0.0,0.0,299,22.0,0.0,0,0.0
2026-08-15T15:05:39Z,25.8,94,25.0,1008.5,0.0,0.0,299,22.0,0.0,0,0.0
2026-08-15T15:10:39Z,25.8,94,25.0,1008.5,0.0,0.0,299,22.0,0.0,0,0.0
2026-08-15T15:15:39Z,25.8,94,25.0,1008.5,0.0,0.0,299,22.0,0.0,0,0.0
2026-08-15T15:20:39Z,25.8,94,25.0,1008.5,0.0,0.0,299,22.0,0.0,0,0.0
2026-08-15T15:25:39Z,25.8,94,25.0,1008.5,0.0,0.0,299,22.0,0.0,0,0.0
2026-08-15T15:30:39Z,25.8,94,25.0,1008.6,0.0,0.0,299,22.0,0.0,0,0.0
2026-08-15T15:35:39Z,25.8,94,25.0,1008.5,0.0,0.0,299,22.0,0.0,0,0.0
2026-08-15T15:40:39Z,25.8,94,25.0,1008.5,0.0,0.0,299,22.0,0.0,0,0.0
2026-08-15T15:45:39Z,25.8,94,25.0,1008.4,0.0,0.0,299,22.0,0.0,0,0.0
2026-08-15T15:50:39Z,25.9,94,25.0,1008.6,0.0,0.0,299,22.0,0.0,0,0.0
2026-08-15T15:55:39Z,25.9,94,25.0,1008.6,0.0,0.0,299,22.0,0.0,0,0.0
2026-08-15T16:00:39Z,25.9,94,25.0,1008.5,0.0,0.0,299,22.0,0.0,0,0.0
2026-08-15T16:05:39Z,25.9,94,25.0,1008.5,0.0,0.0,299,0.0,0.0,0,0.0
2026-08-15T16:10:40Z,26.0,94,25.0,1008.6,0.0,0.0,299,0.0,0.0,0,0.0
2026-08-15T16:15:39Z,26.0,94,25.0,1008.5,0.0,0.0,299,0.0,0.0,0,0.0
2026-08-15T16:20:40Z,26.1,94,25.0,1008.6,0.0,0.0,299,0.2,0.0,0,0.0
2026-08-15T16:25:39Z,26.1,94,25.0,1008.6,0.0,0.0,299,0.2,0.0,0,0.0
2026-08-15T16:30:39Z,26.1,94,25.0,1008.4,0.0,0.0,299,0.2,0.0,0,0.0
2026-08-15T16:35:39Z,26.1,94,25.0,1008.2,0.0,0.0,299,0.2,0.0,0,0.0
2026-08-15T16:40:40Z,26.2,94,25.0,1008.2,0.0,0.0,299,0.4,0.0,0,0.0
2026-08-15T16:45:40Z,26.1,94,25.0,1008.1,0.0,0.0,302,0.4,0.0,0,0.0
2026-08-15T16:50:40Z,26.1,94,25.0,1007.8,0.0,0.0,297,0.6,1.4,0,0.0
2026-08-15T16:55:40Z,26.1,94,25.0,1007.9,0.0,0.0,298,0.8,1.6,0,0.0
2026-08-15T17:00:40Z,26.2,94,25.0,1007.9,0.0,0.0,272,3.6,46.6,0,0.0
2026-08-15T17:05:40Z,26.3,94,25.6,1007.8,0.4,0.3,281,6.2,46.8,0,0.0
2026-08-15T17:10:40Z,26.3,94,25.6,1007.6,0.4,0.3,268,7.2,4.2,0,0.0
2026-08-15T17:15:40Z,26.4,94,25.6,1007.5,0.3,0.3,273,7.4,2.0,0,0.0
2026-08-15T17:20:40Z,26.3,94,25.6,1007.4,0.2,0.3,275,7.4,1.8,0,0.0
2026-08-15T17:25:40Z,26.3,94,25.6,1007.5,0.2,0.3,282,7.6,1.6,0,0.0
2026-08-15T17:30:40Z,26.3,94,25.6,1007.5,0.0,0.2,298,7.6,1.2,0,0.0
2026-08-15T17:35:40Z,26.2,94,25.0,1007.2,0.0,0.0,292,7.6,0.8,0,0.0
2026-08-15T17:40:40Z,26.2,94,25.0,1007.1,0.0,0.0,293,7.6,0.0,0,0.0
2026-08-15T17:45:40Z,26.2,94,25.0,1006.9,0.0,0.0,292,7.6,0.0,0,0.0
2026-08-15T17:50:40Z,26.2,94,25.0,1006.8,0.0,0.0,292,7.6,0.0,0,0.0
2026-08-15T17:55:40Z,26.2,94,25.0,1006.7,0.0,0.0,292,7.6,0.0,0,0.0
2026-08-15T18:00:40Z,26.2,94,25.0,1006.6,0.0,0.0,293,7.6,0.0,0,0.0
2026-08-15T18:05:40Z,26.3,94,25.6,1006.7,0.0,0.0,292,7.6,0.0,0,0.0
2026-08-15T18:10:40Z,26.3,94,25.6,1006.7,0.0,0.0,294,7.6,0.0,0,0.0
2026-08-15T18:15:40Z,26.4,94,25.6,1006.7,1.1,0.3,286,7.6,0.0,0,0.0
2026-08-15T18:20:40Z,26.4,94,25.6,1006.7,0.3,0.3,274,7.6,0.0,0,0.0
2026-08-15T18:25:40Z,26.4,94,25.6,1006.7,0.0,0.2,280,7.6,0.0,0,0.0
2026-08-15T18:30:40Z,26.5,94,25.6,1006.7,0.0,0.2,274,7.6,0.0,0,0.0
2026-08-15T18:35:40Z,26.6,94,25.6,1006.7,0.3,0.3,304,7.6,0.0,0,0.0
2026-08-15T18:40:40Z,26.5,94,25.6,1006.7,1.1,0.3,266,7.8,0.0,0,0.0
2026-08-15T18:45:40Z,26.4,94,25.6,1006.8,0.7,0.4,250,7.8,0.0,0,0.0
2026-08-15T18:50:40Z,26.4,94,25.6,1006.8,0.6,0.4,269,7.8,0.0,0,0.0
2026-08-15T18:55:40Z,26.4,94,25.6,1006.8,1.5,0.4,286,7.8,0.0,0,0.0
2026-08-15T19:00:40Z,26.4,94,25.6,1006.7,1.2,0.4,270,7.8,0.0,0,0.0
2026-08-15T19:05:40Z,26.3,94,25.6,1006.8,1.3,0.4,269,7.8,0.0,0,0.0
2026-08-15T19:10:40Z,26.3,94,25.6,1006.9,1.1,0.4,278,7.8,0.0,0,0.0
2026-08-15T19:15:40Z,26.4,94,25.6,1006.8,1.3,0.4,273,7.8,0.0,0,0.0
2026-08-15T19:20:40Z,26.4,94,25.6,1006.8,0.5,0.3,275,7.8,0.0,0,0.0
2026-08-15T19:25:40Z,26.4,94,25.6,1006.8,0.4,0.3,269,7.8,0.0,0,0.0
2026-08-15T19:30:40Z,26.4,94,25.6,1007.0,0.1,0.3,270,7.8,0.0,0,0.0
2026-08-15T19:35:40Z,26.6,94,25.6,1006.9,0.2,0.1,267,7.8,0.0,0,0.0
2026-08-15T19:40:40Z,26.7,93,25.6,1006.9,0.5,0.2,288,7.8,0.0,0,0.0
2026-08-15T19:45:40Z,26.7,93,25.6,1006.9,0.3,0.2,252,7.8,0.0,0,0.0
2026-08-15T19:50:40Z,26.6,93,25.6,1006.9,0.8,0.2,271,7.8,0.0,0,0.0
2026-08-15T19:55:40Z,26.7,93,25.6,1007.0,1.1,0.2,263,7.8,0.0,0,0.0
2026-08-15T20:00:40Z,26.7,93,25.6,1007.0,0.0,0.3,287,7.8,0.0,0,0.0
2026-08-15T20:05:40Z,26.8,93,25.6,1007.0,0.0,0.2,267,7.8,0.0,0,0.0
2026-08-15T20:10:40Z,26.9,93,25.6,1007.1,0.3,0.3,258,7.8,0.0,0,0.0
2026-08-15T20:15:40Z,27.1,93,26.1,1007.0,0.4,0.2,298,7.8,0.0,0,0.0
2026-08-15T20:20:40Z,27.1,93,26.1,1007.0,0.8,0.3,275,7.8,0.0,0,0.0
2026-08-15T20:25:40Z,27.1,93,26.1,1007.0,0.1,0.3,267,7.8,0.0,0,0.0
2026-08-15T20:30:40Z,27.1,93,26.1,1007.0,0.7,0.2,281,7.8,0.0,0,0.0
2026-08-15T20:35:40Z,27.1,93,26.1,1006.9,0.3,0.3,284,7.8,0.0,0,0.0
2026-08-15T20:40:40Z,27.1,93,26.1,1006.9,0.9,0.3,283,7.8,0.0,0,0.0
2026-08-15T20:45:40Z,27.1,93,26.1,1006.9,0.4,0.3,270,7.8,0.0,0,0.0
2026-08-15T20:50:40Z,27.1,93,26.1,1006.8,0.7,0.3,290,7.8,0.0,0,0.0
2026-08-15T20:55:40Z,27.1,93,26.1,1006.7,0.2,0.3,304,7.8,0.0,0,0.0
2026-08-15T21:00:40Z,27.1,93,26.1,1006.7,0.4,0.4,263,7.8,0.0,0,0.0
2026-08-15T21:05:40Z,27.1,93,26.1,1006.6,0.5,0.4,268,8.8,12.0,0,0.0
2026-08-15T21:10:40Z,27.0,93,26.1,1006.6,1.2,0.4,302,9.0,2.6,0,0.0
2026-08-15T21:15:40Z,26.9,92,25.6,1006.7,0.2,0.3,271,9.0,2.0,0,0.0
2026-08-15T21:20:40Z,26.8,92,25.6,1006.6,0.2,0.2,278,9.0,1.0,0,0.0
2026-08-15T21:25:40Z,26.7,92,25.6,1006.7,0.3,0.3,279,9.0,0.8,0,0.0
2026-08-15T21:30:39Z,26.8,93,25.6,1006.7,0.5,0.3,275,9.0,0.0,0,0.0
2026-08-15T21:35:39Z,26.8,93,25.6,1006.7,0.0,0.3,273,9.0,0.0,0,0.0
2026-08-15T21:40:39Z,26.9,93,25.6,1006.7,0.1,0.2,284,9.0,0.0,0,0.0
2026-08-15T21:45:39Z,26.9,93,25.6,1006.8,0.0,0.1,264,9.0,0.0,5,0.0
2026-08-15T21:50:39Z,26.9,92,25.6,1006.7,0.0,0.2,257,9.0,0.0,7,0.0
2026-08-15T21:55:39Z,26.9,93,25.6,1006.6,0.3,0.2,264,9.0,0.0,9,0.0
2026-08-15T22:00:39Z,26.9,92,25.6,1006.6,0.0,0.2,284,9.0,0.0,14,0.0
2026-08-15T22:05:39Z,26.9,92,25.6,1006.7,0.7,0.2,270,9.0,0.0,25,0.0
2026-08-15T22:10:39Z,26.8,92,25.6,1006.8,0.0,0.2,251,9.0,0.0,25,0.0
2026-08-15T22:15:39Z,26.8,92,25.6,1006.8,0.3,0.2,279,9.0,0.0,26,0.0
2026-08-15T22:20:39Z,26.9,92,25.6,1006.8,0.0,0.2,277,9.0,0.0,40,0.0
2026-08-15T22:25:39Z,26.9,92,25.6,1007.0,0.7,0.2,277,9.0,0.0,39,0.0
2026-08-15T22:30:39Z,26.9,92,25.6,1007.0,0.0,0.2,272,9.0,0.0,46,0.0
2026-08-15T22:35:39Z,26.9,92,25.6,1007.0,0.0,0.1,290,9.0,0.0,49,0.0
2026-08-15T22:40:39Z,27.0,92,25.6,1007.0,0.8,0.2,277,9.0,0.0,69,0.0
2026-08-15T22:45:39Z,27.1,92,25.6,1006.9,0.1,0.2,283,9.0,0.0,65,0.0
2026-08-15T22:50:39Z,27.1,92,25.6,1006.9,0.5,0.1,279,9.0,0.0,60,0.0
2026-08-15T22:55:39Z,27.2,92,25.6,1007.0,0.0,0.2,271,9.0,0.0,53,0.0
2026-08-15T23:00:39Z,27.2,92,26.1,1007.0,0.5,0.3,276,9.0,0.0,42,0.0
2026-08-15T23:05:39Z,27.2,92,25.6,1006.9,0.4,0.2,265,9.0,0.0,42,0.0
2026-08-15T23:10:39Z,27.2,92,26.1,1006.9,0.0,0.2,282,9.0,0.0,69,0.0
2026-08-15T23:15:39Z,27.3,92,26.1,1006.9,0.3,0.2,280,9.0,0.0,74,0.0
2026-08-15T23:20:39Z,27.3,92,26.1,1007.0,0.5,0.3,268,9.0,0.0,51,0.0
2026-08-15T23:25:39Z,27.3,92,26.1,1007.0,0.5,0.3,269,9.0,0.0,60,0.5
2026-08-15T23:30:39Z,27.4,92,26.1,1007.0,1.2,0.3,249,9.0,0.0,56,0.5
2026-08-15T23:35:39Z,27.5,92,26.1,1007.1,0.8,0.3,271,9.0,0.0,62,0.7
2026-08-15T23:40:39Z,27.6,92,26.1,1007.1,1.0,0.3,266,9.0,0.0,62,0.7
2026-08-15T23:41:55Z,27.6,92,26.2,1007.1,0.9,,269,9.0,0.0,67,0.8
2026-08-15T23:43:12Z,27.6,92,26.2,1007.1,0.4,,269,9.0,0.0,79,0.8
2026-08-15T23:50:39Z,27.7,92,26.3,1007.2,1.3,,272,9.0,0.0,109,1.1
2026-08-15T23:55:39Z,27.7,92,26.3,1007.2,0.0,,269,9.0,0.0,114,1.3
2026-08-16T00:00:39Z,27.6,91,26.0,1007.3,0.9,,285,9.0,0.0,172,1.4
2026-08-16T00:05:39Z,27.8,91,26.2,1007.4,0.4,,289,9.0,0.0,188,1.4
2026-08-16T00:10:39Z,27.8,91,26.2,1007.5,0.9,,275,9.0,0.0,239,1.7
2026-08-16T00:15:39Z,27.9,91,26.3,1007.5,0.0,,307,9.0,0.0,265,1.7
2026-08-16T00:20:39Z,28.1,91,26.5,1007.5,0.4,,285,9.0,0.0,309,2.0
2026-08-16T00:25:39Z,28.3,91,26.7,1007.6,0.4,,293,9.0,0.0,229,1.4
2026-08-16T00:30:39Z,28.3,91,26.7,1007.6,1.8,,295,9.0,0.0,123,0.9
2026-08-16T00:35:39Z,28.1,90,26.3,1007.5,0.9,,283,9.0,0.0,132,1.0
2026-08-16T00:40:39Z,28.1,90,26.3,1007.6,0.9,,294,9.0,0.0,111,0.9
2026-08-16T00:45:39Z,28.1,90,26.3,1007.7,0.0,,296,9.0,0.0,107,0.9
2026-08-16T00:50:39Z,28.1,90,26.3,1007.7,0.9,,298,9.0,0.0,130,1.2
2026-08-16T00:55:39Z,28.1,89,26.1,1007.7,0.9,,277,9.0,0.0,200,1.7
2026-08-16T01:00:58Z,28.1,89,26.1,1007.8,0.0,,275,9.0,0.0,146,1.3
2026-08-16T01:05:58Z,28.1,89,26.1,1007.9,1.3,,286,9.0,0.0,285,2.5
2026-08-16T01:10:58Z,28.3,89,26.3,1007.8,0.4,,284,9.0,0.0,336,3.1
2026-08-16T01:15:39Z,28.5,89,26.5,1007.8,0.4,,281,9.0,0.0,316,2.8
2026-08-16T01:20:39Z,28.6,89,26.6,1007.7,3.1,,264,9.0,0.0,387,3.3
2026-08-16T01:25:58Z,28.8,89,26.8,1007.5,0.9,,299,9.0,0.0,311,2.7
2026-08-16T01:30:39Z,28.9,88,26.7,1007.5,0.0,,296,9.0,0.0,288,2.5
2026-08-16T01:35:39Z,28.8,88,26.6,1007.7,0.0,,294,9.0,0.0,176,1.5
2026-08-16T01:40:39Z,28.8,88,26.6,1007.7,0.4,,294,9.0,0.0,206,2.0
2026-08-16T01:45:39Z,28.8,88,26.6,1007.7,0.9,,292,9.0,0.0,285,2.7
2026-08-16T01:50:39Z,28.9,88,26.7,1007.7,0.4,,294,9.0,0.0,264,3.0
2026-08-16T01:55:39Z,29.1,88,26.9,1007.7,1.3,,280,9.0,0.0,330,3.4
2026-08-16T02:00:39Z,29.2,88,27.0,1007.6,0.9,,273,9.0,0.0,390,3.7
2026-08-16T02:05:39Z,29.2,88,27.0,1007.6,0.9,,306,9.0,0.0,334,3.1
2026-08-16T02:10:39Z,29.3,87,26.9,1007.5,2.2,,298,9.0,0.0,362,4.4
2026-08-16T02:15:39Z,29.3,87,26.9,1007.6,1.8,,292,9.0,0.0,332,3.7
2026-08-16T02:20:39Z,29.3,87,26.9,1007.5,1.3,,294,9.0,0.0,373,4.0
2026-08-16T02:25:39Z,29.4,87,27.0,1007.4,2.7,,281,9.0,0.0,397,4.4
2026-08-16T02:30:39Z,29.4,87,27.0,1007.2,1.8,,292,9.0,0.0,366,4.2
2026-08-16T02:35:39Z,29.6,87,27.2,1007.1,0.9,,298,9.0,0.0,283,3.5
2026-08-16T02:40:39Z,29.5,87,27.1,1007.0,1.3,,292,9.0,0.0,290,3.8
2026-08-16T02:45:39Z,29.4,88,27.2,1007.0,1.8,,319,9.0,0.0,438,6.2
2026-08-16T02:50:39Z,29.5,88,27.3,1006.8,1.8,,306,9.0,0.0,438,5.4
2026-08-16T02:55:39Z,29.5,87,27.1,1006.7,2.2,,295,9.0,0.0,540,5.2
2026-08-16T03:00:39Z,29.6,87,27.2,1006.6,1.3,,307,9.0,0.0,339,3.7
2026-08-16T03:05:39Z,29.5,87,27.1,1006.4,2.7,,315,9.0,0.0,274,2.5
2026-08-16T03:10:40Z,29.3,87,26.9,1006.4,0.9,,309,9.0,0.0,176,2.5
2026-08-16T03:15:39Z,29.2,87,26.8,1006.5,1.3,,282,9.0,0.0,234,2.9
2026-08-16T03:20:39Z,29.2,87,26.8,1006.5,1.8,,295,9.0,0.0,148,2.9
2026-08-16T03:25:39Z,28.9,87,26.5,1006.5,0.9,,281,9.0,0.0,149,3.0
2026-08-16T03:30:39Z,28.7,87,26.3,1006.5,0.9,,292,9.0,0.0,104,1.8
2026-08-16T03:35:39Z,28.7,88,26.5,1006.7,0.9,,294,15.0,79.0,56,1.2
2026-08-16T03:40:39Z,28.4,88,26.2,1006.7,0.4,,290,23.2,105.6,49,0.0
2026-08-16T03:45:39Z,28.0,88,25.8,1006.6,0.9,,289,27.6,61.0,53,0.0
2026-08-16T03:50:39Z,27.7,89,25.7,1006.6,0.0,,294,35.4,110.8,42,0.0
2026-08-16T03:55:40Z,27.6,89,25.6,1006.5,2.7,,266,44.8,151.6,40,0.0
2026-08-16T04:00:39Z,27.2,90,25.4,1006.4,0.9,,53,52.4,59.6,56,0.9
2026-08-16T04:05:39Z,27.1,90,25.3,1006.4,1.3,,309,59.4,97.6,56,0.9
2026-08-16T04:10:39Z,27.1,91,25.5,1006.4,1.3,,288,64.8,74.8,65,1.0
2026-08-16T04:15:39Z,27.1,91,25.5,1006.4,1.8,,286,68.8,25.4,76,1.1
2026-08-16T04:20:39Z,27.1,91,25.5,1006.2,1.8,,288,70.4,12.6,86,1.2
2026-08-16T04:25:39Z,27.1,91,25.5,1006.1,0.9,,300,71.0,7.6,69,0.9
2026-08-16T04:30:40Z,27.1,92,25.7,1006.1,1.8,,315,71.4,5.6,70,0.9
2026-08-16T04:35:39Z,26.5,91,24.9,1006.0,1.8,,288,72.0,6.2,42,0.0
2026-08-16T04:40:40Z,26.1,91,24.5,1005.9,1.8,,291,72.0,2.2,100,1.3
2026-08-16T04:45:40Z,26.1,92,24.7,1005.8,1.3,,291,72.0,1.2,46,0.0
2026-08-16T04:50:39Z,26.1,92,24.7,1005.6,1.3,,290,72.2,1.2,125,1.6
2026-08-16T04:55:39Z,26.1,92,24.7,1005.7,0.0,,290,72.2,1.2,137,1.7
2026-08-16T05:00:40Z,26.2,92,24.8,1005.6,0.9,,290,72.4,1.0,156,2.0
2026-08-16T05:05:40Z,26.6,93,25.4,1005.8,0.9,,287,72.6,2.4,169,2.1
2026-08-16T05:10:39Z,26.9,93,25.7,1005.8,0.9,,290,73.0,3.2,190,2.3
2026-08-16T05:15:40Z,27.1,93,25.9,1005.7,1.3,,302,73.2,3.6,197,2.3
2026-08-16T05:20:40Z,27.2,93,26.0,1005.5,0.4,,272,73.6,4.2,279,3.1
2026-08-16T05:25:58Z,27.2,93,26.0,1005.5,0.9,,317,73.8,3.2,329,3.7
2026-08-16T05:30:40Z,27.3,93,26.1,1005.4,0.4,,288,74.0,2.8,388,4.2
2026-08-16T05:35:40Z,27.3,93,26.1,1005.3,0.4,,296,74.0,1.4,417,4.3
2026-08-16T05:40:40Z,27.4,93,26.2,1005.4,1.8,,295,74.0,0.8,355,3.7
2026-08-16T05:45:40Z,27.6,93,26.4,1005.5,0.9,,298,74.0,0.0,619,6.1
2026-08-16T05:50:40Z,27.6,93,26.4,1005.6,0.9,,273,74.0,0.0,715,5.9
2026-08-16T05:55:40Z,27.3,93,26.1,1005.6,0.9,,294,74.0,0.0,332,3.8
2026-08-16T06:00:40Z,27.3,93,26.1,1005.5,0.9,,299,74.0,0.0,387,3.9
2026-08-16T06:05:40Z,27.3,93,26.1,1005.4,1.3,,299,74.0,0.0,457,4.3
2026-08-16T06:10:40Z,27.1,93,25.9,1005.3,2.2,,310,74.0,0.0,429,4.0
2026-08-16T06:15:40Z,27.2,93,26.0,1005.2,1.8,,302,74.0,0.0,406,3.8
2026-08-16T06:20:40Z,27.2,93,26.0,1005.4,1.8,,298,74.0,0.0,434,3.9
2026-08-16T06:25:40Z,27.3,93,26.1,1005.5,1.3,,289,74.0,0.0,469,4.0
2026-08-16T06:30:40Z,27.3,93,26.1,1005.5,1.3,,290,74.0,0.0,478,4.1
2026-08-16T06:35:40Z,27.3,93,26.1,1005.5,0.9,,292,74.0,0.0,473,3.9
2026-08-16T06:40:40Z,27.2,93,26.0,1005.5,1.3,,280,74.0,0.0,476,3.8
2026-08-16T06:45:40Z,27.3,93,26.1,1005.4,1.3,,290,74.0,0.0,504,3.8
2026-08-16T06:50:40Z,27.3,92,25.9,1005.4,1.3,,287,74.0,0.0,413,3.3
2026-08-16T06:55:40Z,27.3,93,26.1,1005.3,0.4,,288,74.0,0.0,404,2.9
2026-08-16T07:00:40Z,27.4,92,26.0,1005.4,0.9,,290,74.0,0.0,253,2.0
2026-08-16T07:05:40Z,27.3,92,25.9,1005.2,0.4,,289,74.0,0.0,294,2.2
2026-08-16T07:10:40Z,27.3,92,25.9,1005.2,1.3,,309,74.0,0.0,313,2.4
2026-08-16T07:15:40Z,27.2,92,25.8,1005.2,1.3,,304,74.0,0.0,281,2.1
2026-08-16T07:20:40Z,27.3,92,25.9,1005.1,0.4,,303,74.0,0.0,248,1.8
2026-08-16T07:25:40Z,27.4,91,25.8,1004.8,0.9,,302,74.0,0.0,262,1.9
2026-08-16T07:30:40Z,27.4,91,25.8,1004.9,0.9,,314,74.0,0.0,255,1.8
2026-08-16T07:35:40Z,27.4,91,25.8,1004.9,0.9,,306,74.0,0.0,236,1.7
2026-08-16T07:40:40Z,27.4,91,25.8,1004.8,1.8,,302,74.0,0.0,243,1.7
2026-08-16T07:45:40Z,27.5,91,25.9,1004.8,0.4,,300,74.0,0.0,246,1.6
2026-08-16T07:50:40Z,27.4,90,25.6,1004.8,0.9,,294,74.0,0.0,257,1.6
2026-08-16T07:55:40Z,27.5,90,25.7,1004.8,0.0,,293,74.0,0.0,260,1.5
2026-08-16T08:00:40Z,27.5,90,25.7,1004.8,1.8,,300,74.0,0.0,253,1.5
2026-08-16T08:05:40Z,27.5,89,25.5,1004.8,0.4,,293,74.0,0.0,250,1.4
2026-08-16T08:10:40Z,27.6,89,25.6,1004.8,1.8,,306,74.0,0.0,239,1.3
2026-08-16T08:15:40Z,27.7,89,25.7,1004.9,0.9,,296,74.0,0.0,236,1.2
2026-08-16T08:20:40Z,27.8,89,25.8,1005.0,1.3,,316,74.0,0.0,230,1.1
2026-08-16T08:25:40Z,27.8,88,25.6,1005.0,0.9,,310,74.0,0.0,220,1.0
2026-08-16T08:30:40Z,27.8,88,25.6,1005.0,1.3,,296,74.0,0.0,213,0.9
2026-08-16T08:35:40Z,27.8,88,25.6,1004.9,0.4,,299,74.0,0.0,197,0.8
2026-08-16T08:40:40Z,27.8,88,25.6,1004.9,0.4,,298,74.0,0.0,181,0.8
2026-08-16T08:45:40Z,27.9,88,25.7,1004.9,0.4,,298,74.0,0.0,169,0.7
2026-08-16T08:50:40Z,27.9,88,25.7,1004.9,0.9,,309,74.0,0.0,158,0.6
2026-08-16T08:55:40Z,27.9,88,25.7,1004.9,0.9,,306,74.0,0.0,148,0.5
2026-08-16T09:00:40Z,27.9,88,25.7,1005.1,0.0,,306,74.0,0.0,137,0.5
2026-08-16T09:05:40Z,27.9,88,25.7,1005.1,0.0,,306,74.0,0.0,125,0.0
2026-08-16T09:10:40Z,27.9,88,25.7,1005.1,0.4,,306,74.0,0.0,113,0.0
2026-08-16T09:15:40Z,27.9,88,25.7,1005.1,0.4,,306,74.0,0.0,105,0.0
2026-08-16T09:20:40Z,27.9,88,25.7,1005.3,0.0,,306,74.0,0.0,97,0.0
2026-08-16T09:25:40Z,27.9,88,25.7,1005.3,0.0,,306,74.0,0.0,90,0.0
2026-08-16T09:30:40Z,27.9,88,25.7,1005.3,0.4,,306,74.0,0.0,83,0.0
2026-08-16T09:35:40Z,27.9,88,25.7,1005.4,0.4,,306,74.0,0.0,74,0.0
2026-08-16T09:40:40Z,27.8,87,25.4,1005.4,0.0,,306,74.0,0.0,65,0.0
2026-08-16T09:45:40Z,27.8,88,25.6,1005.4,0.9,,306,74.0,0.0,58,0.0
2026-08-16T09:50:40Z,27.8,87,25.4,1005.5,0.4,,306,74.0,0.0,49,0.0
2026-08-16T09:55:40Z,27.8,87,25.4,1005.5,0.9,,306,74.0,0.0,42,0.0
2026-08-16T10:00:39Z,27.8,87,25.4,1005.5,0.0,,306,74.0,0.0,35,0.0
2026-08-16T10:05:40Z,27.7,88,25.5,1005.6,0.0,,306,74.0,0.0,28,0.0
2026-08-16T10:10:40Z,27.7,88,25.5,1005.6,0.0,,306,74.0,0.0,21,0.0
2026-08-16T10:15:40Z,27.7,88,25.5,1005.6,0.0,,306,74.0,0.0,14,0.0
2026-08-16T10:20:40Z,27.7,88,25.5,1005.7,0.4,,306,74.0,0.0,7,0.0
2026-08-16T10:25:40Z,27.6,88,25.4,1005.8,0.0,,306,74.0,0.0,0,0.0
2026-08-16T10:30:40Z,27.6,88,25.4,1005.8,0.0,,306,74.0,0.0,0,0.0
2026-08-16T10:35:40Z,27.5,88,25.3,1005.9,0.0,,306,74.0,0.0,0,0.0
2026-08-16T10:40:40Z,27.4,88,25.2,1006.0,0.0,,306,74.0,0.0,0,0.0
2026-08-16T10:45:40Z,27.4,89,25.4,1006.0,0.4,,306,74.0,0.0,0,0.0
2026-08-16T10:50:39Z,27.4,89,25.4,1006.0,0.0,,306,74.0,0.0,0,0.0
2026-08-16T10:55:39Z,27.5,89,25.5,1005.9,0.0,,306,74.0,0.0,0,0.0
2026-08-16T11:00:39Z,27.5,89,25.5,1005.8,0.0,,306,74.0,0.0,0,0.0
2026-08-16T11:05:39Z,27.4,89,25.4,1005.6,0.0,,306,74.0,0.0,0,0.0
2026-08-16T11:10:39Z,27.4,89,25.4,1005.8,0.0,,306,74.0,0.0,0,0.0
2026-08-16T11:15:39Z,27.4,89,25.4,1005.8,0.0,,306,74.0,0.0,0,0.0
2026-08-16T11:20:39Z,27.4,89,25.4,1005.7,0.0,,306,74.0,0.0,0,0.0
2026-08-16T11:25:39Z,27.3,89,25.3,1005.9,0.0,,306,74.0,0.0,0,0.0
2026-08-16T11:30:39Z,27.3,89,25.3,1005.9,0.0,,306,74.0,0.0,0,0.0
2026-08-16T11:35:39Z,27.2,89,25.2,1005.9,0.0,,306,74.0,0.0,0,0.0
2026-08-16T11:40:39Z,27.1,89,25.1,1006.0,0.0,,306,74.0,0.0,0,0.0
2026-08-16T11:45:39Z,27.0,89,25.0,1006.1,0.0,,306,74.0,0.0,0,0.0
2026-08-16T11:50:39Z,27.0,89,25.0,1005.9,0.0,,306,74.0,0.0,0,0.0
2026-08-16T11:55:39Z,27.0,89,25.0,1006.0,0.0,,306,74.0,0.0,0,0.0
2026-08-16T12:00:39Z,27.0,89,25.0,1006.0,0.0,,306,74.0,0.0,0,0.0
2026-08-16T12:05:39Z,27.0,90,25.2,1006.2,0.0,,306,74.0,0.0,0,0.0
2026-08-16T12:10:39Z,26.9,90,25.1,1006.1,0.0,,306,74.0,0.0,0,0.0
2026-08-16T12:15:39Z,26.9,90,25.1,1006.2,0.0,,306,74.0,0.0,0,0.0
2026-08-16T12:20:39Z,26.8,90,25.0,1006.1,0.0,,307,74.0,0.0,0,0.0
2026-08-16T12:25:39Z,26.8,90,25.0,1006.1,0.0,,306,74.0,0.0,0,0.0
2026-08-16T12:30:39Z,26.8,90,25.0,1006.2,0.0,,306,74.0,0.0,0,0.0
2026-08-16T12:35:39Z,26.8,90,25.0,1006.2,0.0,,307,74.0,0.0,0,0.0
2026-08-16T12:40:39Z,26.7,90,24.9,1006.3,0.0,,307,74.0,0.0,0,0.0
2026-08-16T12:45:39Z,26.7,90,24.9,1006.4,0.0,,306,74.0,0.0,0,0.0
2026-08-16T12:50:39Z,26.7,90,24.9,1006.4,0.0,,306,74.0,0.0,0,0.0
2026-08-16T12:55:39Z,26.7,90,24.9,1006.5,0.0,,306,74.0,0.0,0,0.0
2026-08-16T13:00:39Z,26.6,90,24.8,1006.4,0.0,,306,74.0,0.0,0,0.0
2026-08-16T13:05:39Z,26.6,90,24.8,1006.4,0.0,,273,74.0,0.0,0,0.0
2026-08-16T13:10:39Z,26.6,91,25.0,1006.5,0.9,,237,74.0,0.0,0,0.0
2026-08-16T13:15:39Z,26.6,91,25.0,1006.4,0.9,,221,74.0,0.0,0,0.0
2026-08-16T13:20:39Z,26.6,91,25.0,1006.5,0.4,,216,74.0,0.0,0,0.0
2026-08-16T13:25:39Z,26.6,91,25.0,1006.5,0.0,,216,74.0,0.0,0,0.0
2026-08-16T13:30:39Z,26.6,91,25.0,1006.6,0.9,,216,74.0,0.0,0,0.0
2026-08-16T13:35:39Z,26.6,91,25.0,1006.7,1.3,,213,74.0,0.0,0,0.0
2026-08-16T13:40:39Z,26.6,91,25.0,1006.7,0.0,,213,74.0,0.0,0,0.0
2026-08-16T13:45:39Z,26.6,91,25.0,1006.8,0.0,,213,74.0,0.0,0,0.0
2026-08-16T13:50:39Z,26.5,91,24.9,1006.7,0.0,,213,74.0,0.0,0,0.0
2026-08-16T13:55:39Z,26.6,91,25.0,1006.8,0.0,,213,74.0,0.0,0,0.0
2026-08-16T14:00:39Z,26.5,91,24.9,1006.8,0.0,,213,74.0,0.0,0,0.0
2026-08-16T14:05:39Z,26.5,91,24.9,1006.8,0.9,,208,74.0,0.0,0,0.0
2026-08-16T14:10:39Z,26.6,91,25.0,1006.8,0.0,,202,74.0,0.0,0,0.0
2026-08-16T14:15:39Z,26.6,90,24.8,1006.9,0.4,,200,74.0,0.0,0,0.0
2026-08-16T14:20:39Z,26.7,90,24.9,1006.8,0.9,,169,74.0,0.0,0,0.0
2026-08-16T14:25:39Z,26.7,90,24.9,1006.8,2.2,,169,74.0,0.0,0,0.0
2026-08-16T14:30:39Z,26.7,90,24.9,1006.8,0.4,,169,74.0,0.0,0,0.0
2026-08-16T14:35:39Z,26.8,90,25.0,1006.8,0.9,,169,74.0,0.0,0,0.0
2026-08-16T14:40:39Z,26.8,90,25.0,1006.9,0.4,,169,74.0,0.0,0,0.0
2026-08-16T14:45:39Z,26.8,90,25.0,1006.9,0.0,,169,74.0,0.0,0,0.0
2026-08-16T14:50:40Z,26.9,90,25.1,1006.8,1.3,,167,74.0,0.0,0,0.0
2026-08-16T14:55:40Z,26.9,90,25.1,1006.7,1.3,,167,74.0,0.0,0,0.0
2026-08-16T15:00:40Z,26.9,90,25.1,1006.8,1.8,,167,74.0,0.0,0,0.0
2026-08-16T15:05:39Z,26.9,90,25.1,1006.7,0.4,,167,74.0,0.0,0,0.0
2026-08-16T15:10:40Z,26.9,90,25.1,1006.7,1.3,,167,74.0,0.0,0,0.0
2026-08-16T15:15:40Z,26.8,90,25.0,1006.7,0.0,,165,74.0,0.0,0,0.0
2026-08-16T15:20:40Z,26.8,90,25.0,1006.5,0.4,,165,74.0,0.0,0,0.0
2026-08-16T15:25:40Z,26.8,90,25.0,1006.5,1.8,,165,74.0,0.0,0,0.0
2026-08-16T15:30:40Z,26.8,90,25.0,1006.5,0.0,,165,74.0,0.0,0,0.0
2026-08-16T15:35:40Z,26.7,90,24.9,1006.4,0.0,,165,74.0,0.0,0,0.0
2026-08-16T15:40:40Z,26.7,90,24.9,1006.4,0.0,,165,74.0,0.0,0,0.0
2026-08-16T15:45:40Z,26.7,90,24.9,1006.4,0.0,,165,74.0,0.0,0,0.0
2026-08-16T15:50:40Z,26.7,90,24.9,1006.4,0.0,,165,74.0,0.0,0,0.0
2026-08-16T15:55:40Z,26.6,90,24.8,1006.4,0.0,,164,74.0,0.0,0,0.0
2026-08-16T16:00:40Z,26.6,90,24.8,1006.4,0.0,,164,74.0,0.0,0,0.0
2026-08-16T16:05:40Z,26.6,90,24.8,1006.5,0.0,,164,0.0,0.0,0,0.0
2026-08-16T16:10:40Z,26.6,91,25.0,1006.6,0.0,,165,0.0,0.0,0,0.0
2026-08-16T16:15:40Z,26.6,90,24.8,1006.6,0.0,,165,0.0,0.0,0,0.0
2026-08-16T16:20:40Z,26.6,91,25.0,1006.5,0.0,,165,0.0,0.0,0,0.0
2026-08-16T16:25:40Z,26.6,91,25.0,1006.5,0.0,,165,0.0,0.0,0,0.0
2026-08-16T16:30:40Z,26.5,91,24.9,1006.3,0.0,,165,0.0,0.0,0,0.0
2026-08-16T16:35:40Z,26.5,91,24.9,1006.3,0.0,,165,0.0,0.0,0,0.0
2026-08-16T16:40:40Z,26.4,91,24.8,1006.3,0.0,,165,0.0,0.0,0,0.0
2026-08-16T16:45:40Z,26.4,91,24.8,1006.3,0.0,,165,0.0,0.0,0,0.0
2026-08-16T16:50:40Z,26.4,91,24.8,1006.3,0.0,,165,0.0,0.0,0,0.0
2026-08-16T16:55:40Z,26.3,91,24.7,1006.3,0.0,,165,0.0,0.0,0,0.0
2026-08-16T17:00:40Z,26.3,91,24.7,1006.2,0.0,,165,0.0,0.0,0,0.0
2026-08-16T17:05:40Z,26.3,91,24.7,1006.2,0.0,,165,0.0,0.0,0,0.0
2026-08-16T17:10:40Z,26.3,91,24.7,1006.0,0.0,,165,0.0,0.0,0,0.0
2026-08-16T17:15:40Z,26.3,91,24.7,1006.0,0.0,,165,0.0,0.0,0,0.0
2026-08-16T17:20:40Z,26.3,91,24.7,1005.9,0.0,,165,0.0,0.0,0,0.0
2026-08-16T17:25:40Z,26.3,91,24.7,1005.9,0.0,,165,0.0,0.0,0,0.0
2026-08-16T17:30:40Z,26.3,91,24.7,1005.9,0.0,,165,0.0,0.0,0,0.0
2026-08-16T17:35:40Z,26.3,91,24.7,1005.9,0.0,,165,0.0,0.0,0,0.0
2026-08-16T17:40:40Z,26.2,91,24.6,1006.0,0.0,,165,0.0,0.0,0,0.0
2026-08-16T17:45:40Z,26.2,91,24.6,1005.9,0.0,,165,0.0,0.0,0,0.0
2026-08-16T17:50:40Z,26.2,91,24.6,1005.9,0.0,,165,0.0,0.0,0,0.0
2026-08-16T17:55:40Z,26.2,91,24.6,1005.9,0.0,,165,0.0,0.0,0,0.0
2026-08-16T18:00:40Z,26.1,91,24.5,1005.8,0.0,,165,0.0,0.0,0,0.0
2026-08-16T18:05:40Z,26.1,91,24.5,1005.7,0.0,,165,0.0,0.0,0,0.0
2026-08-16T18:10:40Z,26.1,91,24.5,1005.7,0.0,,165,0.0,0.0,0,0.0
2026-08-16T18:15:40Z,26.1,91,24.5,1005.7,0.0,,165,0.0,0.0,0,0.0
2026-08-16T18:20:40Z,26.1,91,24.5,1005.7,0.0,,165,0.0,0.0,0,0.0
2026-08-16T18:25:40Z,26.1,92,24.7,1005.8,0.0,,165,0.0,0.0,0,0.0
2026-08-16T18:30:40Z,26.0,92,24.6,1005.9,0.0,,165,0.0,0.0,0,0.0
2026-08-16T18:35:40Z,26.0,92,24.6,1005.9,0.0,,165,0.0,0.0,0,0.0
2026-08-16T18:40:40Z,26.0,92,24.6,1005.8,0.0,,165,0.0,0.0,0,0.0
2026-08-16T18:45:40Z,26.0,92,24.6,1005.8,0.0,,165,0.0,0.0,0,0.0
2026-08-16T18:50:40Z,25.9,92,24.5,1005.9,0.0,,165,0.0,0.0,0,0.0
2026-08-16T18:55:40Z,25.9,92,24.5,1005.9,0.0,,165,0.0,0.0,0,0.0
2026-08-16T19:00:40Z,25.9,92,24.5,1006.0,0.0,,165,0.0,0.0,0,0.0
2026-08-16T19:05:40Z,25.9,92,24.5,1006.0,0.0,,165,0.0,0.0,0,0.0
2026-08-16T19:10:40Z,25.9,92,24.5,1006.1,0.0,,165,0.0,0.0,0,0.0
2026-08-16T19:15:59Z,25.8,92,24.4,1006.2,0.0,,165,0.0,0.0,0,0.0
2026-08-16T19:20:40Z,25.9,92,24.5,1006.3,0.0,,165,0.0,0.0,0,0.0
2026-08-16T19:25:40Z,25.9,92,24.5,1006.3,0.0,,165,0.0,0.0,0,0.0
2026-08-16T19:30:40Z,25.9,92,24.5,1006.2,0.0,,165,0.0,0.0,0,0.0
2026-08-16T19:35:40Z,25.9,92,24.5,1006.2,0.0,,165,0.0,0.0,0,0.0
2026-08-16T19:40:40Z,25.9,92,24.5,1006.1,0.0,,165,0.0,0.0,0,0.0
2026-08-16T19:45:40Z,25.8,92,24.4,1006.1,0.0,,165,0.0,0.0,0,0.0
2026-08-16T19:50:40Z,25.8,92,24.4,1006.0,0.0,,165,0.0,0.0,0,0.0
2026-08-16T19:55:40Z,25.8,92,24.4,1006.1,0.0,,165,0.0,0.0,0,0.0
2026-08-16T20:00:40Z,25.8,92,24.4,1006.0,0.0,,165,0.0,0.0,0,0.0
2026-08-16T20:05:40Z,25.8,92,24.4,1006.0,0.0,,165,0.0,0.0,0,0.0
2026-08-16T20:10:40Z,25.8,92,24.4,1006.1,0.0,,165,0.0,0.0,0,0.0
2026-08-16T20:15:41Z,25.8,92,24.4,1006.2,0.0,,165,0.0,0.0,0,0.0
2026-08-16T20:20:40Z,25.8,92,24.4,1006.2,0.0,,165,0.0,0.0,0,0.0
2026-08-16T20:25:41Z,25.8,92,24.4,1006.2,0.0,,165,0.0,0.0,0,0.0
2026-08-16T20:30:40Z,25.7,92,24.3,1006.2,0.0,,165,0.0,0.0,0,0.0
2026-08-16T20:35:40Z,25.7,92,24.3,1006.4,0.0,,165,0.0,0.0,0,0.0
2026-08-16T20:40:40Z,25.6,92,24.2,1006.2,0.0,,165,0.0,0.0,0,0.0
2026-08-16T20:45:40Z,25.6,92,24.2,1006.3,0.0,,165,0.0,0.0,0,0.0
2026-08-16T20:50:40Z,25.6,92,24.2,1006.3,0.0,,165,0.0,0.0,0,0.0
2026-08-16T20:55:40Z,25.6,92,24.2,1006.4,0.0,,165,0.0,0.0,0,0.0
2026-08-16T21:00:40Z,25.7,92,24.3,1006.4,0.0,,165,0.0,0.0,0,0.0
2026-08-16T21:05:40Z,25.7,92,24.3,1006.4,0.0,,165,0.0,0.0,0,0.0
2026-08-16T21:10:40Z,25.7,92,24.3,1006.4,0.0,,165,0.0,0.0,0,0.0
2026-08-16T21:15:40Z,25.7,92,24.3,1006.3,0.0,,165,0.0,0.0,0,0.0
2026-08-16T21:20:40Z,25.7,92,24.3,1006.3,0.0,,165,0.0,0.0,0,0.0
2026-08-16T21:25:40Z,25.6,92,24.2,1006.4,0.0,,165,0.0,0.0,0,0.0
2026-08-16T21:30:40Z,25.6,92,24.2,1006.4,0.0,,165,0.0,0.0,0,0.0
2026-08-16T21:35:40Z,25.6,92,24.2,1006.3,0.0,,165,0.0,0.0,0,0.0
2026-08-16T21:40:39Z,25.6,92,24.2,1006.3,0.0,,165,0.0,0.0,5,0.0
2026-08-16T21:45:39Z,25.6,92,24.2,1006.3,0.0,,165,0.0,0.0,9,0.0
2026-08-16T21:50:39Z,25.6,92,24.2,1006.2,0.0,,165,0.0,0.0,14,0.0
2026-08-16T21:55:39Z,25.6,92,24.2,1006.2,0.0,,165,0.0,0.0,16,0.0
2026-08-16T22:00:39Z,25.6,92,24.2,1006.3,0.0,,165,0.0,0.0,19,0.0
2026-08-16T22:05:40Z,25.6,92,24.2,1006.2,0.9,,165,0.0,0.0,23,0.0
2026-08-16T22:10:39Z,25.6,92,24.2,1006.2,0.9,,165,0.0,0.0,26,0.0
2026-08-16T22:15:39Z,25.7,92,24.3,1006.4,0.0,,165,0.0,0.0,30,0.0
2026-08-16T22:20:40Z,25.8,92,24.4,1006.4,0.0,,165,0.0,0.0,33,0.0
2026-08-16T22:25:39Z,25.9,92,24.5,1006.5,0.0,,165,0.0,0.0,35,0.0
2026-08-16T22:30:39Z,26.0,92,24.6,1006.6,0.0,,165,0.0,0.0,37,0.0
2026-08-16T22:35:39Z,26.2,92,24.8,1006.6,0.0,,165,0.0,0.0,39,0.0
2026-08-16T22:40:39Z,26.3,92,24.9,1006.7,0.0,,165,0.0,0.0,35,0.0
2026-08-16T22:45:39Z,26.4,92,25.0,1006.6,0.0,,165,0.0,0.0,37,0.0
2026-08-16T22:50:39Z,26.6,92,25.2,1006.7,0.4,,165,0.0,0.0,47,0.0
2026-08-16T22:55:39Z,26.7,92,25.3,1006.6,0.0,,165,0.0,0.0,49,0.0
2026-08-16T23:00:39Z,27.0,92,25.6,1006.6,0.0,,165,0.0,0.0,54,0.0
2026-08-16T23:05:39Z,27.3,91,25.7,1006.7,0.0,,165,0.0,0.0,58,0.6
2026-08-16T23:10:39Z,27.6,91,26.0,1006.8,0.0,,165,0.0,0.0,65,0.7
2026-08-16T23:15:39Z,27.8,90,26.0,1006.8,0.0,,165,0.0,0.0,58,0.7
2026-08-16T23:20:39Z,27.9,90,26.1,1006.9,0.0,,165,0.0,0.0,70,0.8
2026-08-16T23:25:58Z,28.1,89,26.1,1006.8,0.0,,165,0.0,0.0,90,0.8
2026-08-16T23:30:39Z,28.1,88,25.9,1006.9,0.0,,165,0.0,0.0,137,1.0
2026-08-16T23:35:39Z,28.3,88,26.1,1007.0,0.0,,165,0.0,0.0,121,1.0
2026-08-16T23:40:39Z,28.4,88,26.2,1007.2,0.0,,165,0.0,0.0,128,1.1
2026-08-16T23:45:39Z,28.4,87,26.0,1007.3,0.0,,165,0.0,0.0,334,1.4
2026-08-16T23:50:39Z,28.6,87,26.2,1007.2,0.0,,165,0.0,0.0,336,1.6
2026-08-16T23:55:39Z,28.9,86,26.3,1007.3,0.0,,165,0.0,0.0,353,1.8
2026-08-17T00:00:39Z,29.2,87,26.8,1007.3,0.0,,165,0.0,0.0,227,1.9
2026-08-17T00:05:39Z,29.3,85,26.5,1007.5,0.0,,165,0.0,0.0,373,2.1
2026-08-17T00:10:58Z,29.7,86,27.1,1007.4,0.0,,165,0.0,0.0,420,2.3
2026-08-17T00:15:39Z,30.1,85,27.3,1007.4,0.0,,166,0.0,0.0,366,2.3
2026-08-17T00:20:40Z,30.3,84,27.3,1007.5,0.0,,178,0.0,0.0,501,2.5
2026-08-17T00:25:40Z,30.3,84,27.3,1007.5,0.4,,258,0.0,0.0,174,1.8
2026-08-17T00:30:40Z,30.1,83,26.9,1007.5,0.0,,259,0.0,0.0,179,1.9
2026-08-17T00:35:40Z,30.1,84,27.1,1007.5,0.4,,259,0.0,0.0,227,2.3
2026-08-17T00:38:09Z,30.0,84,27.0,1007.5,0.4,,259,0.0,0.0,225,2.3
2026-08-17T00:45:40Z,29.9,84,26.9,1007.2,1.3,,260,0.0,0.0,294,3.1
2026-08-17T00:50:40Z,30.0,84,27.0,1007.4,0.4,,263,0.0,0.0,276,3.2
2026-08-17T00:55:40Z,30.1,84,27.1,1007.3,0.0,,271,0.0,0.0,253,4.1
2026-08-17T01:00:40Z,30.2,84,27.2,1007.3,1.8,,279,0.0,0.0,239,4.1
2026-08-17T01:05:40Z,30.1,83,26.9,1007.4,0.0,,302,0.0,0.0,234,3.2
2026-08-17T01:10:40Z,30.1,83,26.9,1007.4,0.0,,292,0.0,0.0,255,3.4
2026-08-17T01:15:40Z,30.1,83,26.9,1007.3,0.0,,298,0.0,0.0,241,3.2
2026-08-17T01:20:40Z,30.0,83,26.8,1007.4,0.4,,298,0.0,0.0,295,3.6
2026-08-17T01:25:40Z,30.0,84,27.0,1007.2,0.0,,297,0.0,0.0,322,3.6
2026-08-17T01:30:40Z,29.9,83,26.7,1007.2,0.0,,296,0.0,0.0,283,3.6
2026-08-17T01:35:58Z,29.9,84,26.9,1007.1,1.3,,296,0.0,0.0,366,3.8
2026-08-17T01:40:40Z,29.9,84,26.9,1007.1,0.9,,296,0.0,0.0,506,5.3
2026-08-17T01:45:40Z,30.0,84,27.0,1007.1,0.9,,297,0.0,0.0,575,5.4
2026-08-17T01:50:40Z,29.9,84,26.9,1007.1,0.4,,300,0.0,0.0,190,3.3
2026-08-17T01:55:58Z,30.0,84,27.0,1007.0,0.9,,300,0.0,0.0,445,6.0
2026-08-17T02:00:40Z,30.2,84,27.2,1006.9,1.3,,300,0.0,0.0,686,6.8
2026-08-17T02:05:40Z,30.3,84,27.3,1006.9,0.9,,291,0.0,0.0,821,7.2
2026-08-17T02:10:58Z,30.4,84,27.4,1006.8,0.0,,293,0.0,0.0,835,7.4
2026-08-17T02:15:58Z,30.7,83,27.5,1006.7,0.0,,293,0.0,0.0,872,7.6
2026-08-17T02:20:40Z,30.9,83,27.7,1006.7,1.8,,298,0.0,0.0,939,8.1
2026-08-17T02:25:40Z,31.1,82,27.7,1006.6,0.0,,294,0.0,0.0,981,8.2
2026-08-17T02:30:40Z,31.1,81,27.5,1006.6,0.4,,307,0.0,0.0,434,5.9
2026-08-17T02:35:40Z,31.2,82,27.8,1006.8,0.0,,291,0.0,0.0,555,5.9
2026-08-17T02:40:40Z,31.3,82,27.9,1006.7,1.3,,285,0.0,0.0,403,8.9
2026-08-17T02:45:40Z,31.3,81,27.6,1006.7,1.3,,294,0.0,0.0,396,5.2
2026-08-17T02:50:40Z,31.3,81,27.6,1006.7,0.9,,285,0.0,0.0,383,8.5
2026-08-17T02:55:40Z,31.3,81,27.6,1006.7,0.9,,290,0.0,0.0,522,9.1
2026-08-17T03:00:58Z,31.3,81,27.6,1006.6,1.3,,300,0.0,0.0,522,9.5
2026-08-17T03:05:58Z,31.5,81,27.8,1006.5,0.9,,311,0.0,0.0,1048,9.4
2026-08-17T03:10:40Z,31.7,81,28.0,1006.4,1.8,,294,0.0,0.0,1058,10.1
2026-08-17T03:15:58Z,31.5,80,27.6,1006.3,1.3,,307,0.0,0.0,427,5.9
2026-08-17T03:20:59Z,31.4,80,27.5,1006.3,0.4,,319,0.0,0.0,1248,5.5
2026-08-17T03:25:58Z,31.4,81,27.7,1006.1,1.3,,300,0.0,0.0,991,10.6
2026-08-17T03:30:40Z,31.5,81,27.8,1006.2,1.3,,288,0.0,0.0,879,9.0
2026-08-17T03:35:40Z,31.5,80,27.6,1006.2,0.0,,311,0.0,0.0,1271,11.1
2026-08-17T03:40:59Z,31.7,80,27.8,1006.3,0.4,,308,0.0,0.0,1327,6.1
2026-08-17T03:45:58Z,31.7,80,27.8,1006.3,0.0,,319,0.0,0.0,1327,8.5
2026-08-17T03:50:40Z,31.7,79,27.6,1006.2,0.9,,295,0.0,0.0,555,7.2
2026-08-17T03:55:40Z,31.7,79,27.6,1006.2,0.9,,275,0.0,0.0,359,4.8
2026-08-17T04:00:40Z,31.6,80,27.7,1006.1,0.4,,311,0.0,0.0,396,4.7
2026-08-17T04:05:59Z,31.6,80,27.7,1006.1,0.4,,306,0.0,0.0,408,4.8
2026-08-17T04:10:40Z,31.5,80,27.6,1006.1,0.9,,306,0.0,0.0,476,8.6
2026-08-17T04:15:40Z,31.5,80,27.6,1006.0,0.0,,290,0.0,0.0,260,3.1
2026-08-17T04:20:40Z,31.5,80,27.6,1006.1,1.3,,290,0.0,0.0,346,4.4
2026-08-17T04:25:40Z,31.7,81,28.0,1006.1,0.0,,301,0.0,0.0,1264,10.5
2026-08-17T04:30:40Z,31.7,80,27.8,1006.1,1.3,,313,0.0,0.0,431,6.7
2026-08-17T04:35:40Z,31.7,80,27.8,1006.0,0.4,,313,0.0,0.0,418,5.0
2026-08-17T04:40:40Z,31.8,80,27.9,1006.0,1.3,,312,0.0,0.0,1109,9.3
2026-08-17T04:45:59Z,31.7,80,27.8,1006.0,0.0,,306,0.0,0.0,332,3.8
2026-08-17T04:50:40Z,31.7,81,28.0,1005.9,0.4,,304,0.0,0.0,316,8.3
2026-08-17T04:55:40Z,31.7,81,28.0,1006.0,0.9,,300,0.0,0.0,635,8.9
2026-08-17T05:00:40Z,31.7,81,28.0,1005.9,0.9,,303,0.0,0.0,554,8.9
2026-08-17T05:05:40Z,31.7,81,28.0,1005.7,0.0,,301,0.0,0.0,357,4.3
2026-08-17T05:10:40Z,31.7,81,28.0,1005.8,0.0,,302,0.0,0.0,255,3.0
2026-08-17T05:15:40Z,31.6,80,27.7,1005.6,0.0,,301,0.0,0.0,264,3.3
2026-08-17T05:20:40Z,31.5,81,27.8,1005.5,0.4,,301,0.0,0.0,367,4.1
2026-08-17T05:25:40Z,31.4,81,27.7,1005.4,1.3,,301,0.0,0.0,290,3.7
2026-08-17T05:30:59Z,31.3,82,27.9,1005.5,1.3,,300,0.0,0.0,765,6.7
2026-08-17T05:35:40Z,31.4,83,28.2,1005.4,0.9,,298,0.0,0.0,552,8.5
2026-08-17T05:40:40Z,31.7,82,28.2,1005.4,0.0,,300,0.0,0.0,1090,3.6
2026-08-17T05:45:40Z,31.8,81,28.1,1005.3,0.9,,303,0.0,0.0,234,2.4
2026-08-17T05:50:40Z,31.6,81,27.9,1005.4,0.0,,303,0.0,0.0,267,2.7
2026-08-17T05:55:59Z,31.6,81,27.9,1005.2,0.4,,302,0.0,0.0,707,4.1
2026-08-17T06:00:59Z,31.6,81,27.9,1005.2,0.4,,302,0.0,0.0,262,3.0
2026-08-17T06:05:40Z,31.6,82,28.1,1005.2,0.0,,303,0.0,0.0,464,3.8
2026-08-17T06:10:40Z,31.6,82,28.1,1005.3,0.4,,303,0.0,0.0,253,2.6
2026-08-17T06:15:40Z,31.5,81,27.8,1005.2,0.0,,303,0.0,0.0,244,2.5
2026-08-17T06:20:40Z,31.5,82,28.1,1005.1,0.9,,303,0.0,0.0,970,6.7
2026-08-17T06:25:59Z,31.6,81,27.9,1005.1,0.0,,303,0.0,0.0,446,6.2
2026-08-17T06:30:40Z,31.6,80,27.7,1005.0,0.9,,281,0.0,0.0,202,1.8
2026-08-17T06:35:40Z,31.4,81,27.7,1005.0,0.9,,292,0.0,0.0,105,1.0
2026-08-17T06:40:40Z,31.3,81,27.6,1005.1,0.0,,292,0.0,0.0,162,1.9
2026-08-17T06:45:40Z,31.2,82,27.8,1005.0,0.0,,292,0.0,0.0,262,2.4
2026-08-17T06:50:59Z,31.1,81,27.5,1005.0,0.0,,292,0.0,0.0,220,2.3
2026-08-17T06:55:59Z,31.1,82,27.7,1004.9,0.9,,292,0.0,0.0,352,3.3
2026-08-17T07:00:40Z,31.2,83,28.0,1005.0,0.4,,292,0.0,0.0,475,4.1
2026-08-17T07:05:40Z,31.4,83,28.2,1004.8,2.7,,281,0.0,0.0,272,2.5
2026-08-17T07:10:40Z,31.2,82,27.8,1004.8,1.3,,265,0.0,0.0,380,2.5
2026-08-17T07:15:40Z,31.1,82,27.7,1004.9,2.7,,155,0.0,0.0,353,2.6
2026-08-17T07:20:59Z,31.1,82,27.7,1005.1,0.9,,151,0.0,0.0,439,2.9
2026-08-17T07:25:40Z,31.2,81,27.5,1005.1,1.8,,114,0.0,0.0,705,3.6
2026-08-17T07:30:40Z,31.4,80,27.5,1005.1,0.4,,114,0.0,0.0,675,2.6
2026-08-17T07:35:40Z,31.6,80,27.7,1005.1,3.6,,71,0.0,0.0,264,3.0
2026-08-17T07:40:40Z,31.6,79,27.5,1005.2,3.1,,79,0.0,0.0,615,2.8
2026-08-17T07:45:40Z,31.6,79,27.5,1005.2,0.4,,61,0.0,0.0,469,2.4
2026-08-17T07:50:40Z,31.7,79,27.6,1005.0,0.9,,123,0.0,0.0,469,1.8
2026-08-17T07:55:40Z,31.7,80,27.8,1005.2,0.4,,116,0.0,0.0,378,2.0
2026-08-17T08:00:40Z,31.7,80,27.8,1005.4,0.9,,77,0.0,0.0,265,1.3
2026-08-17T08:05:40Z,31.5,79,27.4,1005.3,1.3,,53,0.0,0.0,209,1.2
2026-08-17T08:10:59Z,31.3,79,27.2,1005.3,2.7,,96,0.0,0.0,209,1.1
2026-08-17T08:15:40Z,31.2,79,27.1,1005.3,0.0,,165,0.0,0.0,227,1.1
2026-08-17T08:20:40Z,31.1,81,27.5,1005.3,2.2,,142,0.0,0.0,204,0.9
2026-08-17T08:25:40Z,30.9,82,27.5,1005.3,0.9,,142,0.0,0.0,192,0.9
2026-08-17T08:30:40Z,30.7,82,27.3,1005.2,0.0,,110,0.0,0.0,179,0.8
2026-08-17T08:35:39Z,30.4,83,27.2,1005.3,0.0,,155,0.0,0.0,162,0.7
2026-08-17T08:40:39Z,30.3,83,27.1,1005.4,0.0,,155,0.0,0.0,178,0.7
2026-08-17T08:45:39Z,30.3,83,27.1,1005.4,0.4,,130,0.0,0.0,178,0.6
2026-08-17T08:50:39Z,30.3,83,27.1,1005.3,0.0,,77,0.0,0.0,144,0.5
2026-08-17T08:55:40Z,30.3,82,26.9,1005.4,1.3,,102,0.0,0.0,132,0.0
2026-08-17T09:00:39Z,30.3,82,26.9,1005.3,0.4,,146,0.0,0.0,102,0.0
2026-08-17T09:05:39Z,30.3,82,26.9,1005.4,0.4,,101,0.0,0.0,84,0.0
2026-08-17T09:10:39Z,30.2,82,26.8,1005.4,1.3,,92,0.0,0.0,83,0.0
2026-08-17T09:15:39Z,30.1,81,26.5,1005.5,1.8,,100,0.0,0.0,77,0.0
2026-08-17T09:20:39Z,30.1,82,26.7,1005.5,0.9,,116,0.0,0.0,70,0.0
2026-08-17T09:25:39Z,30.0,82,26.6,1005.4,0.0,,90,0.0,0.0,67,0.0
2026-08-17T09:30:39Z,30.0,82,26.6,1005.5,0.0,,95,0.0,0.0,65,0.0
2026-08-17T09:35:39Z,29.9,82,26.5,1005.7,0.4,,101,0.0,0.0,60,0.0
2026-08-17T09:40:40Z,29.9,82,26.5,1005.8,0.0,,62,0.0,0.0,56,0.0
2026-08-17T09:45:39Z,29.8,82,26.4,1005.7,0.4,,95,0.0,0.0,47,0.0
2026-08-17T09:50:40Z,29.8,82,26.4,1005.8,0.0,,96,0.0,0.0,40,0.0
2026-08-17T09:55:39Z,29.8,82,26.4,1005.7,0.9,,101,0.0,0.0,35,0.0
2026-08-17T10:00:38Z,29.7,82,26.3,1005.8,0.0,,90,0.0,0.0,32,0.0
2026-08-17T10:05:40Z,29.7,82,26.3,1005.8,1.8,,90,0.0,0.0,23,0.0
2026-08-17T10:10:39Z,29.6,82,26.2,1005.8,0.0,,94,0.0,0.0,14,0.0
2026-08-17T10:15:39Z,29.5,82,26.1,1006.0,0.0,,122,0.0,0.0,12,0.0
2026-08-17T10:20:40Z,29.5,83,26.3,1006.1,1.8,,108,0.0,0.0,19,0.0
2026-08-17T10:25:39Z,29.4,84,26.4,1006.1,0.4,,129,0.0,0.0,5,0.0
2026-08-17T10:30:39Z,29.2,84,26.2,1005.9,0.4,,94,0.0,0.0,0,0.0
2026-08-17T10:35:39Z,28.9,85,26.1,1006.0,0.4,,115,0.0,0.0,0,0.0
2026-08-17T10:40:39Z,28.7,85,25.9,1006.1,0.4,,83,0.0,0.0,0,0.0
2026-08-17T10:45:39Z,28.7,85,25.9,1006.0,0.4,,88,0.0,0.0,0,0.0
2026-08-17T10:50:39Z,28.6,86,26.0,1006.0,1.8,,119,0.0,0.0,0,0.0
2026-08-17T10:55:39Z,28.6,86,26.0,1006.0,0.0,,63,0.0,0.0,0,0.0
2026-08-17T11:00:40Z,28.6,85,25.8,1005.9,0.0,,79,0.0,0.0,0,0.0
2026-08-17T11:05:39Z,28.6,86,26.0,1005.9,2.2,,86,0.0,0.0,0,0.0
2026-08-17T11:10:40Z,28.6,85,25.8,1005.8,1.8,,76,0.0,0.0,0,0.0
2026-08-17T11:15:40Z,28.6,85,25.8,1005.8,0.4,,69,0.0,0.0,0,0.0
2026-08-17T11:20:40Z,28.7,86,26.1,1006.0,0.0,,86,0.0,0.0,0,0.0
2026-08-17T11:25:40Z,28.7,85,25.9,1006.0,0.0,,155,0.0,0.0,0,0.0
2026-08-17T11:30:40Z,28.6,85,25.8,1006.1,0.9,,111,0.0,0.0,0,0.0
2026-08-17T11:35:40Z,28.7,85,25.9,1006.2,0.0,,94,0.0,0.0,0,0.0
2026-08-17T11:40:39Z,28.7,84,25.7,1006.2,0.9,,204,0.0,0.0,0,0.0
2026-08-17T11:45:40Z,28.8,84,25.8,1006.4,0.4,,96,0.0,0.0,0,0.0
2026-08-17T11:50:40Z,28.9,83,25.7,1006.4,1.3,,146,0.0,0.0,0,0.0
2026-08-17T11:55:40Z,28.9,83,25.7,1006.4,1.3,,79,0.0,0.0,0,0.0
2026-08-17T12:00:40Z,28.9,83,25.7,1006.5,0.0,,96,0.0,0.0,0,0.0
2026-08-17T12:05:40Z,28.9,83,25.7,1006.6,1.3,,144,0.0,0.0,0,0.0
2026-08-17T12:10:40Z,28.9,83,25.7,1006.6,0.0,,135,0.0,0.0,0,0.0
2026-08-17T12:15:40Z,28.9,83,25.7,1006.6,0.4,,147,0.0,0.0,0,0.0
2026-08-17T12:20:40Z,29.0,83,25.8,1006.6,0.9,,123,0.0,0.0,0,0.0
2026-08-17T12:25:40Z,29.0,83,25.8,1006.6,0.0,,132,0.0,0.0,0,0.0
2026-08-17T12:30:40Z,29.1,83,25.9,1006.6,2.2,,123,0.0,0.0,0,0.0
2026-08-17T12:35:40Z,29.1,83,25.9,1006.7,0.4,,141,0.0,0.0,0,0.0
2026-08-17T12:40:40Z,29.1,83,25.9,1006.6,0.9,,154,0.0,0.0,0,0.0
2026-08-17T12:45:40Z,29.1,83,25.9,1006.6,0.0,,154,0.0,0.0,0,0.0
2026-08-17T12:50:40Z,29.1,83,25.9,1006.7,0.9,,109,0.0,0.0,0,0.0
2026-08-17T12:55:40Z,29.1,83,25.9,1006.7,1.3,,147,0.0,0.0,0,0.0
2026-08-17T13:00:40Z,29.1,83,25.9,1006.7,1.3,,53,0.0,0.0,0,0.0
2026-08-17T13:05:40Z,29.1,83,25.9,1006.7,0.0,,117,0.0,0.0,0,0.0
2026-08-17T13:10:40Z,29.2,83,26.0,1006.7,0.0,,102,0.0,0.0,0,0.0
2026-08-17T13:15:40Z,29.2,83,26.0,1006.7,0.9,,83,0.0,0.0,0,0.0
2026-08-17T13:20:40Z,29.2,83,26.0,1006.8,1.8,,71,0.0,0.0,0,0.0
2026-08-17T13:25:40Z,29.2,83,26.0,1006.7,0.4,,90,0.0,0.0,0,0.0
2026-08-17T13:30:40Z,29.2,83,26.0,1006.8,4.0,,360,0.0,0.0,0,0.0
2026-08-17T13:35:40Z,29.2,83,26.0,1006.7,0.0,,69,0.0,0.0,0,0.0
2026-08-17T13:40:40Z,29.2,83,26.0,1006.9,1.3,,98,0.0,0.0,0,0.0
2026-08-17T13:45:40Z,29.3,83,26.1,1006.9,0.4,,98,0.0,0.0,0,0.0
2026-08-17T13:50:40Z,29.2,83,26.0,1006.9,0.0,,114,0.0,0.0,0,0.0
2026-08-17T13:55:40Z,29.2,83,26.0,1006.9,0.9,,306,0.0,0.0,0,0.0
2026-08-17T14:00:40Z,29.2,83,26.0,1006.9,0.0,,107,0.0,0.0,0,0.0
2026-08-17T14:05:40Z,29.2,82,25.8,1006.7,1.8,,105,0.0,0.0,0,0.0
2026-08-17T14:10:40Z,29.2,82,25.8,1006.9,0.9,,186,0.0,0.0,0,0.0
2026-08-17T14:15:40Z,29.3,81,25.7,1006.9,0.4,,136,0.0,0.0,0,0.0
2026-08-17T14:20:40Z,29.3,81,25.7,1007.1,1.3,,107,0.0,0.0,0,0.0
2026-08-17T14:25:40Z,29.3,81,25.7,1007.0,2.2,,130,0.0,0.0,0,0.0
2026-08-17T14:30:40Z,29.3,81,25.7,1007.1,1.3,,103,0.0,0.0,0,0.0
2026-08-17T14:35:40Z,29.2,81,25.6,1007.2,0.0,,103,0.0,0.0,0,0.0
2026-08-17T14:40:40Z,29.2,81,25.6,1007.1,0.9,,128,0.0,0.0,0,0.0
2026-08-17T14:45:40Z,29.2,81,25.6,1007.0,0.0,,65,0.0,0.0,0,0.0
2026-08-17T14:50:40Z,29.2,81,25.6,1007.1,0.4,,120,0.0,0.0,0,0.0
2026-08-17T14:55:40Z,29.3,81,25.7,1007.0,0.4,,124,0.0,0.0,0,0.0
2026-08-17T15:00:40Z,29.3,80,25.5,1007.0,1.8,,109,0.0,0.0,0,0.0
2026-08-17T15:05:40Z,29.3,80,25.5,1007.0,1.3,,138,0.0,0.0,0,0.0
2026-08-17T15:10:40Z,29.3,81,25.7,1006.9,0.4,,63,0.0,0.0,0,0.0
2026-08-17T15:15:40Z,29.3,81,25.7,1006.7,0.4,,128,0.0,0.0,0,0.0
2026-08-17T15:20:40Z,29.2,81,25.6,1006.8,1.3,,132,0.0,0.0,0,0.0
2026-08-17T15:25:40Z,29.2,81,25.6,1006.7,0.4,,101,0.0,0.0,0,0.0
2026-08-17T15:30:40Z,29.2,81,25.6,1006.7,0.0,,125,0.0,0.0,0,0.0
2026-08-17T15:35:40Z,29.1,82,25.7,1006.7,0.0,,97,0.0,0.0,0,0.0
2026-08-17T15:40:40Z,29.1,82,25.7,1006.8,1.8,,136,0.0,0.0,0,0.0
2026-08-17T15:45:40Z,29.1,82,25.7,1006.7,0.0,,64,0.0,0.0,0,0.0
2026-08-17T15:50:40Z,29.1,82,25.7,1006.7,0.0,,91,0.0,0.0,0,0.0
2026-08-17T15:55:40Z,29.0,82,25.6,1006.7,0.9,,94,0.0,0.0,0,0.0
2026-08-17T16:00:40Z,29.1,83,25.9,1006.7,0.9,,94,0.0,0.0,0,0.0
2026-08-17T16:05:40Z,29.1,82,25.7,1006.6,1.3,,135,0.0,0.0,0,0.0
2026-08-17T16:10:40Z,29.0,82,25.6,1006.4,1.3,,75,0.0,0.0,0,0.0
2026-08-17T16:15:40Z,29.0,82,25.6,1006.4,1.8,,155,0.0,0.0,0,0.0
2026-08-17T16:20:40Z,29.1,81,25.5,1006.2,1.8,,161,0.0,0.0,0,0.0
2026-08-17T16:25:40Z,29.1,82,25.7,1006.2,0.0,,98,0.0,0.0,0,0.0
2026-08-17T16:30:40Z,29.1,82,25.7,1006.1,1.3,,55,0.0,0.0,0,0.0
2026-08-17T16:35:40Z,29.1,82,25.7,1006.2,0.9,,109,0.0,0.0,0,0.0
2026-08-17T16:40:40Z,29.0,82,25.6,1006.3,0.9,,98,0.0,0.0,0,0.0
2026-08-17T16:45:40Z,29.1,82,25.7,1006.2,2.7,,39,0.0,0.0,0,0.0
2026-08-17T16:50:40Z,29.1,82,25.7,1006.4,1.3,,155,0.0,0.0,0,0.0
2026-08-17T16:55:40Z,29.1,83,25.9,1006.6,1.3,,94,0.0,0.0,0,0.0
2026-08-17T17:00:40Z,28.8,84,25.8,1006.5,0.4,,69,0.2,0.0,0,0.0
2026-08-17T17:05:40Z,28.4,85,25.6,1006.5,1.3,,76,0.2,0.0,0,0.0
2026-08-17T17:10:40Z,28.1,86,25.5,1006.7,0.9,,121,0.4,8.8,0,0.0
2026-08-17T17:15:40Z,27.7,86,25.1,1006.4,0.9,,134,1.0,4.6,0,0.0
2026-08-17T17:20:40Z,27.4,87,25.0,1006.5,1.8,,68,1.0,1.8,0,0.0
2026-08-17T17:25:40Z,27.4,87,25.0,1006.3,0.9,,104,1.0,1.0,0,0.0
2026-08-17T17:30:40Z,27.3,88,25.1,1006.3,1.3,,98,1.0,0.8,0,0.0
2026-08-17T17:35:40Z,27.2,88,25.0,1006.2,1.3,,98,1.0,0.0,0,0.0
2026-08-17T17:40:40Z,27.2,88,25.0,1006.1,0.4,,99,1.0,0.0,0,0.0
2026-08-17T17:45:40Z,27.2,88,25.0,1006.1,0.0,,101,1.0,0.0,0,0.0
2026-08-17T17:50:40Z,27.1,89,25.1,1006.0,0.0,,101,1.0,0.0,0,0.0
2026-08-17T17:55:40Z,27.1,89,25.1,1006.1,0.0,,101,1.0,0.0,0,0.0
2026-08-17T18:00:40Z,27.1,89,25.1,1005.9,1.8,,135,1.0,0.0,0,0.0
2026-08-17T18:05:40Z,27.1,89,25.1,1005.8,0.0,,153,1.0,0.0,0,0.0
2026-08-17T18:10:40Z,27.1,89,25.1,1005.7,0.0,,153,1.0,0.0,0,0.0
2026-08-17T18:15:40Z,27.1,89,25.1,1005.7,0.0,,153,1.0,0.0,0,0.0
2026-08-17T18:20:40Z,27.1,89,25.1,1005.7,0.0,,153,1.0,0.0,0,0.0
2026-08-17T18:25:40Z,27.1,89,25.1,1005.7,0.4,,152,1.0,0.0,0,0.0
2026-08-17T18:30:40Z,27.1,88,24.9,1005.6,1.3,,147,1.0,0.0,0,0.0
2026-08-17T18:35:40Z,27.2,88,25.0,1005.7,0.0,,171,1.0,0.0,0,0.0
2026-08-17T18:40:40Z,27.2,88,25.0,1005.7,1.3,,152,1.0,0.0,0,0.0
2026-08-17T18:45:40Z,27.2,87,24.8,1005.8,1.8,,78,1.0,0.0,0,0.0
2026-08-17T18:50:59Z,27.3,87,24.9,1005.7,0.9,,135,1.0,0.0,0,0.0
2026-08-17T18:55:40Z,27.3,87,24.9,1005.7,1.8,,128,1.0,0.0,0,0.0
2026-08-17T19:00:40Z,27.4,86,24.8,1005.8,0.9,,120,1.0,0.0,0,0.0
2026-08-17T19:05:40Z,27.4,86,24.8,1005.7,0.9,,138,1.0,0.0,0,0.0
2026-08-17T19:10:40Z,27.5,86,24.9,1005.7,0.9,,80,1.0,0.0,0,0.0
2026-08-17T19:15:40Z,27.5,86,24.9,1005.7,1.3,,76,1.0,0.0,0,0.0
2026-08-17T19:20:40Z,27.6,85,24.8,1005.6,1.3,,145,1.0,0.0,0,0.0
2026-08-17T19:25:40Z,27.6,85,24.8,1005.6,0.0,,80,1.0,0.0,0,0.0
2026-08-17T19:30:40Z,27.7,85,24.9,1005.6,0.0,,81,1.0,0.0,0,0.0
2026-08-17T19:35:41Z,27.7,85,24.9,1005.6,1.3,,94,1.0,0.0,0,0.0
2026-08-17T19:40:40Z,27.6,85,24.8,1005.6,0.0,,101,1.0,0.0,0,0.0
2026-08-17T19:45:41Z,27.6,85,24.8,1005.5,0.0,,94,1.0,0.0,0,0.0
2026-08-17T19:50:40Z,27.6,86,25.0,1005.6,0.0,,94,1.0,0.0,0,0.0
2026-08-17T19:55:40Z,27.5,86,24.9,1005.6,0.0,,95,1.0,0.0,0,0.0
2026-08-17T20:00:40Z,27.6,86,25.0,1005.5,0.0,,95,1.0,0.0,0,0.0
2026-08-17T20:05:40Z,27.6,86,25.0,1005.6,0.0,,95,1.0,0.0,0,0.0
2026-08-17T20:10:39Z,27.5,86,24.9,1005.6,0.4,,222,1.0,0.0,0,0.0
2026-08-17T20:15:40Z,27.5,86,24.9,1005.6,0.0,,221,1.0,0.0,0,0.0
2026-08-17T20:20:40Z,27.5,86,24.9,1005.7,0.0,,221,1.0,0.0,0,0.0
2026-08-17T20:25:40Z,27.5,86,24.9,1005.6,1.8,,123,1.0,0.0,0,0.0
2026-08-17T20:30:39Z,27.6,86,25.0,1005.8,0.0,,121,1.0,0.0,0,0.0
2026-08-17T20:35:40Z,27.6,86,25.0,1005.6,0.0,,119,1.0,0.0,0,0.0
2026-08-17T20:40:40Z,27.6,85,24.8,1005.7,0.0,,136,1.0,0.0,0,0.0
2026-08-17T20:45:40Z,27.6,85,24.8,1005.7,0.4,,135,1.0,0.0,0,0.0
2026-08-17T20:50:39Z,27.6,85,24.8,1005.8,0.4,,134,1.0,0.0,0,0.0
2026-08-17T20:55:39Z,27.6,85,24.8,1005.7,0.9,,119,1.0,0.0,0,0.0
2026-08-17T21:00:40Z,27.5,85,24.7,1005.8,0.9,,92,1.0,0.0,0,0.0
2026-08-17T21:05:39Z,27.6,84,24.6,1005.9,0.9,,88,1.0,0.0,0,0.0
2026-08-17T21:10:39Z,27.6,84,24.6,1005.8,4.0,,360,1.0,0.0,0,0.0
2026-08-17T21:15:40Z,27.7,84,24.7,1005.8,1.3,,94,1.0,0.0,0,0.0
2026-08-17T21:20:40Z,27.7,84,24.7,1005.8,3.1,,94,1.0,0.0,0,0.0
2026-08-17T21:25:40Z,27.7,84,24.7,1005.8,0.9,,80,1.0,0.0,0,0.0
2026-08-17T21:30:39Z,27.7,84,24.7,1005.9,1.3,,95,1.0,0.0,0,0.0
2026-08-17T21:35:39Z,27.6,84,24.6,1005.9,0.4,,132,1.0,0.0,0,0.0
2026-08-17T21:40:39Z,27.6,84,24.6,1006.0,0.4,,146,1.0,0.0,5,0.0
2026-08-17T21:45:40Z,27.6,84,24.6,1005.9,1.3,,78,1.0,0.0,9,0.0
2026-08-17T21:50:39Z,27.7,84,24.7,1005.8,0.9,,55,1.0,0.0,12,0.0
2026-08-17T21:55:40Z,27.7,84,24.7,1005.9,0.0,,213,1.0,0.0,18,0.0
2026-08-17T22:00:40Z,27.7,84,24.7,1006.0,2.2,,132,1.0,0.0,23,0.0
2026-08-17T22:05:39Z,27.8,83,24.6,1006.0,1.3,,151,1.0,0.0,28,0.0
2026-08-17T22:10:40Z,27.9,83,24.7,1006.0,0.4,,173,1.0,0.0,33,0.0
2026-08-17T22:15:40Z,28.0,83,24.8,1006.1,0.9,,172,1.0,0.0,40,0.0
2026-08-17T22:20:40Z,28.0,83,24.8,1006.1,1.3,,90,1.0,0.0,42,0.0
2026-08-17T22:25:39Z,28.1,83,24.9,1006.1,0.4,,101,1.0,0.0,42,0.0
2026-08-17T22:30:40Z,28.1,83,24.9,1006.3,1.3,,84,1.0,0.0,54,0.0
2026-08-17T22:35:40Z,28.3,83,25.1,1006.4,0.4,,132,1.0,0.0,56,0.0
2026-08-17T22:40:40Z,28.5,82,25.1,1006.3,2.2,,159,1.0,0.0,51,0.0
2026-08-17T22:45:40Z,28.6,82,25.2,1006.2,1.3,,113,1.0,0.0,47,0.0
2026-08-17T22:50:40Z,28.6,82,25.2,1006.0,2.2,,135,1.0,0.0,37,0.0
2026-08-17T22:55:40Z,28.4,82,25.0,1006.0,0.9,,113,1.0,0.0,33,0.0
2026-08-17T23:00:40Z,28.3,82,24.9,1006.1,0.0,,58,1.0,0.0,32,0.0
2026-08-17T23:05:40Z,28.3,82,24.9,1006.2,1.8,,74,1.0,0.0,30,0.0
2026-08-17T23:10:40Z,28.3,82,24.9,1006.2,1.3,,96,1.0,0.0,32,0.0
2026-08-17T23:15:40Z,28.2,82,24.8,1006.1,3.1,,94,1.0,0.0,35,0.0
2026-08-17T23:20:40Z,28.2,82,24.8,1006.0,1.3,,57,1.0,0.0,58,0.6
2026-08-17T23:25:40Z,28.2,82,24.8,1005.8,2.2,,160,1.0,0.0,83,0.7
2026-08-17T23:30:40Z,28.3,82,24.9,1005.8,3.1,,140,1.0,0.0,111,0.7
2026-08-17T23:35:58Z,28.4,82,25.0,1005.7,2.7,,67,1.0,0.0,134,0.8
2026-08-17T23:40:40Z,28.4,82,25.0,1005.6,4.0,,360,1.0,0.0,107,0.8
2026-08-17T23:45:40Z,28.3,82,24.9,1005.5,4.0,,78,1.0,0.0,141,0.9
2026-08-17T23:50:40Z,28.3,82,24.9,1005.6,6.7,,95,1.0,0.0,100,0.9
2026-08-17T23:55:58Z,28.2,82,24.8,1005.7,1.8,,138,1.0,0.0,95,0.9
2026-08-18T00:00:40Z,28.2,83,25.0,1005.8,3.1,,118,1.0,0.0,114,1.0
2026-08-18T00:05:40Z,28.2,82,24.8,1006.0,4.5,,13,1.0,0.0,118,1.1
2026-08-18T00:10:40Z,28.2,82,24.8,1006.0,4.5,,93,1.0,0.0,146,1.3
2026-08-18T00:15:40Z,28.1,82,24.7,1006.1,5.8,,98,1.0,0.0,125,1.4
2026-08-18T00:20:40Z,28.1,82,24.7,1006.1,1.8,,44,1.0,0.0,171,1.8
2026-08-18T00:25:40Z,28.3,82,24.9,1006.0,4.0,,78,1.0,0.0,276,2.2
2026-08-18T00:30:40Z,28.5,81,24.9,1006.0,1.8,,126,1.0,0.0,316,2.4
2026-08-18T00:35:40Z,28.7,81,25.1,1006.1,1.8,,113,1.0,0.0,316,2.7
2026-08-18T00:40:40Z,28.7,81,25.1,1006.2,3.6,,124,1.0,0.0,267,2.6
2026-08-18T00:45:40Z,28.7,82,25.3,1006.2,4.5,,155,1.0,0.0,165,2.2
2026-08-18T00:50:40Z,28.6,82,25.2,1006.1,2.2,,142,1.0,0.0,199,2.3
2026-08-18T00:55:40Z,28.4,83,25.2,1006.4,2.2,,125,1.0,0.0,251,2.4
2026-08-18T01:00:59Z,28.2,84,25.2,1006.5,0.9,,13,1.0,0.0,316,3.0
2026-08-18T01:05:40Z,28.0,85,25.2,1006.5,4.9,,120,1.0,0.0,367,4.7
2026-08-18T01:10:40Z,28.1,85,25.3,1006.6,3.6,,96,1.0,0.0,383,4.4
2026-08-18T01:15:40Z,28.3,86,25.7,1006.7,1.8,,121,1.0,0.0,445,5.0
2026-08-18T01:20:40Z,28.4,86,25.8,1006.6,0.9,,130,1.0,0.0,499,4.8
2026-08-18T01:25:59Z,28.4,85,25.6,1006.8,3.1,,133,1.0,0.0,287,3.4
2026-08-18T01:30:40Z,28.4,85,25.6,1006.7,3.1,,160,1.0,0.0,490,4.8
2026-08-18T01:35:40Z,28.6,85,25.8,1006.5,2.2,,195,1.0,0.0,677,5.3
2026-08-18T01:40:40Z,29.0,84,26.0,1006.4,1.3,,360,1.0,0.0,791,6.3
2026-08-18T01:45:59Z,29.3,83,26.1,1006.4,6.3,,25,1.0,0.0,580,4.3
2026-08-18T01:50:40Z,29.4,81,25.8,1006.4,3.1,,162,1.0,0.0,578,5.3
2026-08-18T01:55:40Z,29.5,81,25.9,1006.3,3.6,,115,1.0,0.0,575,5.4
2026-08-18T02:00:40Z,29.5,80,25.7,1006.3,0.4,,99,1.0,0.0,561,5.4
2026-08-18T02:05:40Z,29.7,81,26.1,1006.2,1.8,,49,1.0,0.0,582,5.6
2026-08-18T02:10:40Z,29.8,80,26.0,1006.2,1.8,,231,1.0,0.0,652,6.2
2026-08-18T02:15:59Z,29.9,80,26.1,1006.1,5.4,,114,1.0,0.0,608,5.9
2026-08-18T02:20:40Z,29.9,80,26.1,1006.2,4.0,,67,1.0,0.0,601,5.9
2026-08-18T02:25:59Z,29.9,80,26.1,1006.1,1.8,,102,1.0,0.0,512,5.5
2026-08-18T02:30:59Z,29.8,80,26.0,1006.0,5.4,,135,1.0,0.0,601,6.1
2026-08-18T02:35:40Z,29.9,79,25.9,1005.8,3.1,,160,1.0,0.0,589,6.2
2026-08-18T02:40:41Z,29.8,79,25.8,1005.8,5.4,,146,1.0,0.0,631,6.6
2026-08-18T02:45:40Z,29.9,80,26.1,1006.0,1.8,,187,1.0,0.0,624,6.6
2026-08-18T02:50:40Z,29.9,80,26.1,1005.7,6.3,,99,1.0,0.0,559,6.3
2026-08-18T02:55:40Z,29.8,80,26.0,1005.6,4.5,,91,1.0,0.0,587,6.3
2026-08-18T03:00:40Z,29.8,80,26.0,1005.7,4.0,,100,1.0,0.0,701,7.2
2026-08-18T03:05:59Z,29.8,80,26.0,1005.5,1.3,,117,1.0,0.0,729,7.5
2026-08-18T03:10:41Z,29.9,79,25.9,1005.6,2.7,,57,1.0,0.0,763,7.9
2026-08-18T03:15:59Z,30.1,79,26.1,1005.7,5.4,,134,1.0,0.0,788,8.2
2026-08-18T03:20:40Z,30.3,79,26.2,1005.6,2.2,,74,1.0,0.0,954,9.4
2026-08-18T03:25:40Z,30.4,79,26.3,1005.7,3.1,,124,1.0,0.0,951,9.5
2026-08-18T03:30:59Z,30.6,79,26.5,1005.8,2.7,,69,1.0,0.0,949,9.5
2026-08-18T03:35:40Z,30.7,78,26.4,1005.7,5.8,,79,1.0,0.0,940,9.5
2026-08-18T03:40:40Z,30.9,78,26.6,1005.7,7.6,,360,1.0,0.0,874,9.9
2026-08-18T03:45:40Z,30.9,77,26.4,1005.7,4.9,,111,1.0,0.0,979,10.1
2026-08-18T03:50:40Z,30.8,78,26.5,1005.6,4.9,,102,1.0,0.0,998,10.1
2026-08-18T03:55:40Z,30.9,78,26.6,1005.7,1.8,,50,1.0,0.0,1034,10.4
2026-08-18T04:00:40Z,31.0,78,26.7,1005.5,5.4,,117,1.0,0.0,1027,10.3
2026-08-18T04:05:40Z,31.2,78,26.9,1005.6,4.9,,144,1.0,0.0,1060,10.5
2026-08-18T04:10:41Z,31.2,77,26.7,1005.6,1.3,,86,1.0,0.0,1079,10.6
2026-08-18T04:15:40Z,31.3,77,26.8,1005.4,4.5,,96,1.0,0.0,896,10.1
2026-08-18T04:20:40Z,31.5,77,27.0,1005.5,2.2,,82,1.0,0.0,1016,10.2
2026-08-18T04:25:40Z,31.6,76,26.8,1005.4,1.8,,152,1.0,0.0,995,10.1
2026-08-18T04:30:40Z,31.8,76,27.0,1005.3,3.6,,96,1.0,0.0,1027,10.2
2026-08-18T04:35:59Z,31.8,75,26.8,1005.4,1.8,,113,1.0,0.0,1016,10.2
2026-08-18T04:40:40Z,31.8,75,26.8,1005.3,8.5,,113,1.0,0.0,990,9.9
2026-08-18T04:45:40Z,31.8,75,26.8,1005.3,4.0,,113,1.0,0.0,990,9.9
2026-08-18T04:50:40Z,31.8,76,27.0,1005.3,2.7,,51,1.0,0.0,969,10.0
2026-08-18T04:55:59Z,31.7,76,26.9,1005.5,3.1,,59,1.0,0.0,896,10.1
2026-08-18T05:00:59Z,31.6,77,27.1,1005.6,3.1,,174,1.0,0.0,1042,9.7
2026-08-18T05:05:59Z,31.6,77,27.1,1005.7,1.3,,156,1.0,0.0,1030,7.6
2026-08-18T05:10:59Z,31.3,77,26.8,1005.8,2.2,,59,1.0,0.0,315,4.1
2026-08-18T05:15:40Z,31.1,78,26.8,1005.8,3.1,,86,1.0,0.0,334,4.2
2026-08-18T05:20:40Z,30.9,78,26.6,1005.7,4.9,,61,1.0,0.0,438,4.9
2026-08-18T05:25:40Z,30.9,78,26.6,1005.7,4.9,,60,1.0,0.0,401,4.7
2026-08-18T05:30:40Z,30.8,78,26.5,1005.7,5.8,,120,1.0,0.0,1172,9.5
2026-08-18T05:35:41Z,31.2,79,27.1,1005.9,2.7,,103,1.0,0.0,1127,9.5
2026-08-18T05:40:40Z,31.1,78,26.8,1005.7,3.1,,105,1.0,0.0,1111,9.3
2026-08-18T05:45:41Z,31.2,79,27.1,1005.6,5.8,,58,1.0,0.0,1032,8.8
2026-08-18T05:50:41Z,31.3,79,27.2,1005.6,0.9,,114,1.0,0.0,751,7.1
2026-08-18T05:55:40Z,31.4,78,27.1,1005.6,2.2,,161,1.0,0.0,1005,8.3
2026-08-18T06:00:59Z,31.2,77,26.7,1005.5,3.1,,96,1.0,0.0,366,5.4
2026-08-18T06:05:41Z,31.2,78,26.9,1005.5,4.5,,146,1.0,0.0,990,7.8
2026-08-18T06:10:41Z,31.4,78,27.1,1005.3,4.0,,98,1.0,0.0,986,7.6
2026-08-18T06:15:41Z,31.7,77,27.2,1005.2,3.1,,173,1.0,0.0,979,7.4
2026-08-18T06:20:41Z,31.9,77,27.4,1005.4,4.5,,163,1.0,0.0,969,7.0
2026-08-18T06:25:39Z,32.0,76,27.2,1005.3,4.0,,96,1.0,0.0,967,6.8
2026-08-18T06:30:39Z,32.2,76,27.4,1005.2,1.8,,148,1.0,0.0,923,6.6
2026-08-18T06:35:39Z,32.1,75,27.1,1004.9,4.5,,58,1.0,0.0,874,6.2
2026-08-18T06:40:40Z,31.8,76,27.0,1005.2,4.0,,39,1.0,0.0,861,5.2
2026-08-18T06:45:39Z,31.6,75,26.6,1005.1,0.9,,124,1.0,0.0,197,2.9
2026-08-18T06:50:39Z,31.4,77,26.9,1005.0,1.3,,99,1.0,0.0,840,5.4
2026-08-18T06:55:40Z,31.6,77,27.1,1004.9,1.8,,90,1.0,0.0,831,5.2
2026-08-18T07:00:40Z,31.8,77,27.3,1004.9,5.4,,147,1.0,0.0,828,4.9
2026-08-18T07:05:40Z,31.8,76,27.0,1005.0,5.8,,114,1.0,0.0,682,3.3
2026-08-18T07:10:59Z,31.5,76,26.8,1005.2,1.8,,167,1.0,0.0,211,2.5
2026-08-18T07:15:40Z,31.4,76,26.7,1005.2,3.6,,360,1.0,0.0,239,4.4
2026-08-18T07:20:40Z,31.6,76,26.8,1005.3,3.1,,122,1.0,0.0,258,2.4
2026-08-18T07:25:40Z,31.3,77,26.8,1005.3,2.2,,16,1.0,0.0,262,2.6
2026-08-18T07:30:40Z,31.3,78,27.0,1005.2,1.8,,168,1.0,0.0,768,3.0
2026-08-18T07:35:40Z,31.3,78,27.0,1005.1,5.8,,48,1.0,0.0,348,2.5
2026-08-18T07:40:40Z,31.3,79,27.2,1005.2,4.5,,101,1.0,0.0,218,1.9
2026-08-18T07:45:40Z,31.1,78,26.8,1005.4,2.2,,128,1.0,0.0,209,2.2
2026-08-18T07:50:40Z,31.3,79,27.2,1005.3,0.9,,63,1.0,0.0,721,2.7
2026-08-18T07:55:40Z,31.5,78,27.2,1005.3,3.1,,141,1.0,0.0,603,2.5
2026-08-18T08:00:40Z,31.7,77,27.2,1005.1,3.6,,114,1.0,0.0,578,2.3
2026-08-18T08:05:40Z,31.7,77,27.2,1005.0,3.1,,90,1.0,0.0,557,2.1
2026-08-18T08:10:40Z,31.8,77,27.3,1005.1,2.2,,71,1.0,0.0,557,2.0
2026-08-18T08:15:40Z,31.8,77,27.3,1005.1,2.2,,61,1.0,0.0,552,1.8
2026-08-18T08:20:40Z,31.6,77,27.1,1005.3,3.1,,18,1.0,0.0,571,1.7
2026-08-18T08:25:40Z,31.6,77,27.1,1005.3,3.1,,116,1.0,0.0,547,1.5
2026-08-18T08:30:40Z,31.5,77,27.0,1005.4,1.3,,53,1.0,0.0,487,1.3
2026-08-18T08:35:40Z,31.6,78,27.3,1005.6,1.8,,48,1.0,0.0,406,1.2
2026-08-18T08:40:40Z,31.5,77,27.0,1005.6,3.6,,100,1.0,0.0,417,1.1
2026-08-18T08:45:40Z,31.4,77,26.9,1005.5,1.3,,128,1.0,0.0,390,0.9
2026-08-18T08:50:40Z,31.4,77,26.9,1005.6,1.8,,86,1.0,0.0,383,0.8
2026-08-18T08:55:40Z,31.3,77,26.8,1005.6,2.2,,86,1.0,0.0,381,0.7
2026-08-18T09:00:40Z,31.3,78,27.0,1005.6,1.3,,66,1.0,0.0,79,0.5
2026-08-18T09:05:40Z,31.1,78,26.8,1005.8,0.9,,116,1.0,0.0,91,0.0
2026-08-18T09:10:40Z,30.9,78,26.6,1005.9,2.2,,158,1.0,0.0,211,0.5
2026-08-18T09:15:40Z,30.8,79,26.7,1005.9,1.8,,92,1.0,0.0,65,0.0
2026-08-18T09:20:40Z,30.7,79,26.6,1005.8,1.3,,88,1.0,0.0,51,0.0
2026-08-18T09:25:40Z,30.4,80,26.6,1005.9,0.9,,119,1.0,0.0,49,0.0
2026-08-18T09:30:40Z,30.3,80,26.5,1005.9,5.4,,360,1.0,0.0,60,0.0
2026-08-18T09:35:40Z,30.2,81,26.6,1006.0,0.9,,157,1.0,0.0,46,0.0
2026-08-18T09:40:40Z,30.1,81,26.5,1006.1,3.1,,126,1.0,0.0,51,0.0
2026-08-18T09:45:40Z,30.1,81,26.5,1006.1,3.6,,61,1.0,0.0,51,0.0
2026-08-18T09:50:40Z,30.0,81,26.4,1006.2,1.3,,113,1.0,0.0,58,0.0
2026-08-18T09:55:40Z,30.0,82,26.6,1006.2,0.4,,115,1.0,0.0,51,0.0
2026-08-18T10:00:39Z,29.9,82,26.5,1006.4,1.8,,54,1.0,0.0,65,0.0
2026-08-18T10:05:40Z,29.9,81,26.3,1006.3,0.9,,114,1.0,0.0,42,0.0
2026-08-18T10:10:40Z,29.9,81,26.3,1006.4,1.8,,83,1.0,0.0,46,0.0
2026-08-18T10:15:40Z,29.9,81,26.3,1006.3,3.6,,89,1.0,0.0,39,0.0
2026-08-18T10:20:40Z,29.9,81,26.3,1006.3,3.6,,71,1.0,0.0,25,0.0
2026-08-18T10:25:40Z,29.9,82,26.5,1006.4,0.9,,102,1.2,0.0,11,0.0
2026-08-18T10:30:40Z,29.4,84,26.4,1006.4,1.3,,117,1.2,0.0,9,0.0
2026-08-18T10:35:40Z,29.2,84,26.2,1006.6,0.9,,72,1.2,0.0,0,0.0
2026-08-18T10:40:40Z,28.9,85,26.1,1006.6,0.9,,68,1.6,8.2,0,0.0
2026-08-18T10:45:40Z,28.6,86,26.0,1006.7,4.5,,94,2.2,17.6,0,0.0
2026-08-18T10:50:40Z,28.2,86,25.6,1006.8,3.6,,136,2.4,2.4,0,0.0
2026-08-18T10:55:40Z,27.9,87,25.5,1006.8,1.3,,73,2.4,1.2,0,0.0
2026-08-18T11:00:40Z,27.9,88,25.7,1006.8,0.0,,133,2.4,0.8,0,0.0
2026-08-18T11:05:40Z,27.9,88,25.7,1006.6,1.3,,98,2.4,0.0,0,0.0
2026-08-18T11:10:40Z,27.9,89,25.9,1006.7,1.8,,47,2.4,0.0,0,0.0
2026-08-18T11:15:40Z,27.9,89,25.9,1006.6,1.8,,96,2.4,0.0,0,0.0
2026-08-18T11:20:40Z,27.9,89,25.9,1006.6,0.9,,128,2.4,0.0,0,0.0
2026-08-18T11:25:40Z,27.9,88,25.7,1006.6,1.3,,74,2.4,0.0,0,0.0
2026-08-18T11:30:40Z,28.0,88,25.8,1006.6,3.6,,84,2.4,0.0,0,0.0
2026-08-18T11:35:40Z,28.0,88,25.8,1006.6,0.9,,49,2.4,0.0,0,0.0
2026-08-18T11:40:40Z,28.1,88,25.9,1006.7,1.3,,147,2.4,0.0,0,0.0
2026-08-18T11:45:40Z,28.2,87,25.8,1006.9,1.3,,139,2.4,0.0,0,0.0
2026-08-18T11:50:40Z,28.3,87,25.9,1007.1,0.4,,63,2.4,0.0,0,0.0
2026-08-18T11:55:40Z,28.4,87,26.0,1007.3,1.8,,48,2.4,0.0,0,0.0
2026-08-18T12:00:40Z,28.4,87,26.0,1007.3,0.0,,150,2.6,0.0,0,0.0
2026-08-18T12:05:40Z,28.3,87,25.9,1007.6,0.4,,129,2.8,1.8,0,0.0
2026-08-18T12:10:40Z,28.2,88,26.0,1007.6,1.3,,94,3.6,15.2,0,0.0
2026-08-18T12:15:40Z,28.0,88,25.8,1007.6,0.0,,78,3.6,2.2,0,0.0
2026-08-18T12:20:40Z,27.9,88,25.7,1007.6,1.3,,81,3.6,1.2,0,0.0
2026-08-18T12:25:40Z,27.9,89,25.9,1007.6,2.2,,21,3.6,0.8,0,0.0
2026-08-18T12:30:40Z,27.8,89,25.8,1007.5,1.8,,150,3.6,0.0,0,0.0
2026-08-18T12:35:41Z,27.9,89,25.9,1007.6,0.0,,122,3.6,0.0,0,0.0
2026-08-18T12:40:41Z,27.8,89,25.8,1007.6,1.3,,88,3.8,0.0,0,0.0
2026-08-18T12:45:40Z,27.8,89,25.8,1007.6,1.3,,127,3.8,0.0,0,0.0
2026-08-18T12:50:40Z,27.8,89,25.8,1007.7,4.0,,57,4.4,28.8,0,0.0
2026-08-18T12:55:40Z,27.6,89,25.6,1007.7,1.3,,94,4.6,3.4,0,0.0
2026-08-18T13:00:40Z,27.4,89,25.4,1007.8,2.2,,133,4.8,2.2,0,0.0
2026-08-18T13:05:41Z,27.3,89,25.3,1007.7,1.8,,119,5.0,2.8,0,0.0
2026-08-18T13:10:40Z,27.2,89,25.2,1007.7,0.9,,163,5.0,1.4,0,0.0
2026-08-18T13:15:40Z,27.2,89,25.2,1007.8,2.7,,45,5.0,0.8,0,0.0
2026-08-18T13:20:40Z,27.2,89,25.2,1007.9,1.3,,81,5.2,0.0,0,0.0
2026-08-18T13:25:40Z,27.2,89,25.2,1007.8,0.4,,81,5.2,0.0,0,0.0
2026-08-18T13:30:40Z,27.2,89,25.2,1007.6,0.9,,96,5.2,0.0,0,0.0
2026-08-18T13:35:40Z,27.2,89,25.2,1007.5,0.9,,126,5.2,0.0,0,0.0
2026-08-18T13:40:40Z,27.2,89,25.2,1007.6,4.0,,74,5.2,0.0,0,0.0
2026-08-18T13:45:40Z,27.3,89,25.3,1007.9,0.9,,64,5.2,0.0,0,0.0
2026-08-18T13:50:40Z,27.3,90,25.5,1008.0,1.8,,67,5.2,0.0,0,0.0
2026-08-18T13:55:40Z,27.3,89,25.3,1008.1,0.9,,75,5.2,0.0,0,0.0
2026-08-18T14:00:40Z,27.4,89,25.4,1008.1,1.3,,88,5.2,0.0,0,0.0
2026-08-18T14:05:40Z,27.4,89,25.4,1008.0,5.4,,97,5.4,0.0,0,0.0
2026-08-18T14:10:40Z,27.4,90,25.6,1008.0,2.2,,61,5.4,0.0,0,0.0
2026-08-18T14:15:40Z,27.4,89,25.4,1008.1,1.8,,113,5.4,0.0,0,0.0
2026-08-18T14:20:41Z,27.5,89,25.5,1008.0,0.9,,98,5.4,0.0,0,0.0
2026-08-18T14:25:40Z,27.5,89,25.5,1007.9,0.9,,131,5.4,0.0,0,0.0
2026-08-18T14:30:40Z,27.5,89,25.5,1007.9,1.8,,55,5.4,0.0,0,0.0
2026-08-18T14:35:40Z,27.6,89,25.6,1007.8,2.7,,159,5.4,0.0,0,0.0
2026-08-18T14:40:40Z,27.7,89,25.7,1007.8,0.9,,128,5.4,0.0,0,0.0
2026-08-18T14:45:40Z,27.7,89,25.7,1007.8,1.8,,160,5.6,0.0,0,0.0
2026-08-18T14:50:40Z,27.7,89,25.7,1007.8,0.9,,96,5.6,0.0,0,0.0
2026-08-18T14:55:40Z,27.6,89,25.6,1007.7,0.9,,90,5.6,0.0,0,0.0
2026-08-18T15:00:40Z,27.5,89,25.5,1007.4,3.1,,157,5.8,0.8,0,0.0
2026-08-18T15:05:40Z,27.4,89,25.4,1007.3,3.1,,41,5.8,0.8,0,0.0
2026-08-18T15:10:40Z,27.4,89,25.4,1007.3,0.9,,163,5.8,0.8,0,0.0
2026-08-18T15:15:40Z,27.5,89,25.5,1007.4,1.3,,139,5.8,0.0,0,0.0
2026-08-18T15:20:40Z,27.5,89,25.5,1007.5,0.4,,92,5.8,0.0,0,0.0
2026-08-18T15:25:40Z,27.4,89,25.4,1007.6,0.4,,131,5.8,0.0,0,0.0
2026-08-18T15:30:41Z,27.4,89,25.4,1007.5,1.8,,44,5.8,0.0,0,0.0
2026-08-18T15:35:40Z,27.5,89,25.5,1007.5,4.9,,109,5.8,0.0,0,0.0
2026-08-18T15:40:40Z,27.5,89,25.5,1007.5,1.8,,67,5.8,0.0,0,0.0
2026-08-18T15:45:40Z,27.6,89,25.6,1007.5,1.3,,49,5.8,0.0,0,0.0
2026-08-18T15:50:40Z,27.6,89,25.6,1007.4,0.9,,147,5.8,0.0,0,0.0
2026-08-18T15:55:41Z,27.5,89,25.5,1007.3,4.5,,68,5.8,0.0,0,0.0
2026-08-18T16:00:41Z,27.5,89,25.5,1007.3,1.8,,73,5.8,0.0,0,0.0
2026-08-18T16:05:41Z,27.5,88,25.3,1007.3,1.3,,78,0.0,0.0,0,0.0
2026-08-18T16:10:40Z,27.4,88,25.2,1007.4,1.8,,140,0.0,0.0,0,0.0
2026-08-18T16:15:40Z,27.4,88,25.2,1007.4,2.2,,77,0.0,0.0,0,0.0
2026-08-18T16:20:41Z,27.5,88,25.3,1007.5,2.2,,136,0.0,0.0,0,0.0
2026-08-18T16:25:40Z,27.5,87,25.1,1007.5,0.4,,65,0.0,0.0,0,0.0
2026-08-18T16:30:41Z,27.4,87,25.0,1007.5,3.6,,96,0.0,0.0,0,0.0
2026-08-18T16:35:41Z,27.4,87,25.0,1007.5,0.9,,137,0.0,0.0,0,0.0
2026-08-18T16:40:41Z,27.5,86,24.9,1007.5,2.7,,96,0.0,0.0,0,0.0
2026-08-18T16:45:40Z,27.4,86,24.8,1007.4,1.3,,28,0.0,0.0,0,0.0
2026-08-18T16:50:40Z,27.5,86,24.9,1007.3,2.2,,149,0.0,0.0,0,0.0
2026-08-18T16:55:40Z,27.6,86,25.0,1007.2,1.3,,57,0.0,0.0,0,0.0
2026-08-18T17:00:40Z,27.6,86,25.0,1007.1,3.1,,47,0.0,0.0,0,0.0
2026-08-18T17:05:40Z,27.7,85,24.9,1007.2,1.3,,90,0.0,0.0,0,0.0
2026-08-18T17:10:40Z,27.7,85,24.9,1007.2,2.2,,139,0.0,0.0,0,0.0
2026-08-18T17:15:40Z,27.7,85,24.9,1007.2,4.9,,38,0.0,0.0,0,0.0
2026-08-18T17:20:40Z,27.7,85,24.9,1007.1,4.5,,74,0.0,0.0,0,0.0
2026-08-18T17:25:40Z,27.8,85,25.0,1007.0,0.9,,78,0.0,0.0,0,0.0
2026-08-18T17:30:40Z,27.8,85,25.0,1006.9,0.4,,136,0.0,0.0,0,0.0
2026-08-18T17:35:40Z,27.8,84,24.8,1006.9,2.2,,85,0.0,0.0,0,0.0
2026-08-18T17:40:40Z,27.8,84,24.8,1006.7,2.7,,24,0.0,0.0,0,0.0
2026-08-18T17:45:40Z,27.9,84,24.9,1006.8,3.1,,162,0.0,0.0,0,0.0
2026-08-18T17:50:40Z,27.9,84,24.9,1006.7,0.9,,127,0.0,0.0,0,0.0
2026-08-18T17:55:40Z,27.8,84,24.8,1006.7,2.7,,142,0.0,0.0,0,0.0
2026-08-18T18:00:40Z,27.8,84,24.8,1006.4,1.8,,114,0.0,0.0,0,0.0
2026-08-18T18:05:40Z,27.8,84,24.8,1006.4,4.5,,117,0.0,0.0,0,0.0
2026-08-18T18:10:40Z,27.9,84,24.9,1006.1,3.6,,99,0.0,0.0,0,0.0
2026-08-18T18:15:40Z,27.8,84,24.8,1005.9,0.9,,109,0.0,0.0,0,0.0
2026-08-18T18:20:40Z,27.8,84,24.8,1005.9,4.9,,86,0.0,0.0,0,0.0
2026-08-18T18:25:40Z,27.8,83,24.6,1005.9,4.0,,96,0.0,0.0,0,0.0
2026-08-18T18:30:40Z,27.9,83,24.7,1005.9,1.8,,150,0.0,0.0,0,0.0
2026-08-18T18:35:40Z,27.9,83,24.7,1005.9,4.0,,39,0.0,0.0,0,0.0
2026-08-18T18:40:40Z,27.9,83,24.7,1006.0,2.7,,118,0.0,0.0,0,0.0
2026-08-18T18:45:40Z,27.9,82,24.5,1006.0,1.8,,143,0.0,0.0,0,0.0
2026-08-18T18:50:40Z,27.9,82,24.5,1006.1,1.3,,107,0.0,0.0,0,0.0
2026-08-18T18:55:40Z,27.9,82,24.5,1006.0,1.3,,87,0.0,0.0,0,0.0
2026-08-18T19:00:40Z,27.9,82,24.5,1006.2,0.4,,101,0.0,0.0,0,0.0
2026-08-18T19:05:40Z,27.9,82,24.5,1006.2,0.9,,117,0.0,0.0,0,0.0
2026-08-18T19:10:40Z,27.8,83,24.6,1006.1,1.8,,128,0.0,0.0,0,0.0
2026-08-18T19:15:40Z,27.8,83,24.6,1006.2,0.9,,135,0.0,0.0,0,0.0
2026-08-18T19:20:40Z,27.8,83,24.6,1006.4,0.9,,183,0.0,0.0,0,0.0
2026-08-18T19:25:40Z,27.8,84,24.8,1006.2,1.8,,84,0.0,0.0,0,0.0
2026-08-18T19:30:40Z,27.8,83,24.6,1006.2,1.8,,108,0.0,0.0,0,0.0
2026-08-18T19:35:41Z,27.8,83,24.6,1006.3,0.9,,62,0.0,0.0,0,0.0
2026-08-18T19:40:40Z,27.8,83,24.6,1006.1,0.4,,98,0.0,0.0,0,0.0
2026-08-18T19:45:40Z,27.7,84,24.7,1006.1,0.4,,73,0.0,0.0,0,0.0
2026-08-18T19:50:40Z,27.7,84,24.7,1006.2,0.4,,143,0.0,0.0,0,0.0
2026-08-18T19:55:40Z,27.7,84,24.7,1006.2,1.8,,78,0.0,0.0,0,0.0
2026-08-18T20:00:40Z,27.7,84,24.7,1006.1,0.4,,80,0.0,0.0,0,0.0
2026-08-18T20:05:40Z,27.6,84,24.6,1006.3,1.8,,89,0.0,0.0,0,0.0
2026-08-18T20:10:40Z,27.6,84,24.6,1006.2,0.4,,58,0.0,0.0,0,0.0
2026-08-18T20:15:40Z,27.6,84,24.6,1006.3,1.8,,56,0.0,0.0,0,0.0
2026-08-18T20:20:40Z,27.7,83,24.5,1006.3,2.2,,148,0.0,0.0,0,0.0
2026-08-18T20:25:40Z,27.8,83,24.6,1006.2,3.6,,113,0.0,0.0,0,0.0
2026-08-18T20:30:40Z,27.8,83,24.6,1006.2,0.9,,90,0.0,0.0,0,0.0
2026-08-18T20:35:40Z,27.8,83,24.6,1006.4,0.4,,103,0.0,0.0,0,0.0
2026-08-18T20:40:40Z,27.8,83,24.6,1006.5,0.9,,115,0.0,0.0,0,0.0
2026-08-18T20:45:40Z,27.8,83,24.6,1006.5,1.8,,44,0.0,0.0,0,0.0
2026-08-18T20:50:40Z,27.8,83,24.6,1006.5,1.3,,105,0.0,0.0,0,0.0
2026-08-18T20:55:40Z,27.7,83,24.5,1006.3,1.8,,145,0.0,0.0,0,0.0
2026-08-18T21:00:40Z,27.7,83,24.5,1006.4,1.3,,74,0.0,0.0,0,0.0
2026-08-18T21:05:40Z,27.7,82,24.3,1006.4,0.9,,114,0.0,0.0,0,0.0
2026-08-18T21:10:40Z,27.8,82,24.4,1006.5,1.8,,86,0.0,0.0,0,0.0
2026-08-18T21:15:40Z,27.8,82,24.4,1006.7,2.7,,108,0.0,0.0,0,0.0
2026-08-18T21:20:40Z,27.8,82,24.4,1006.6,2.7,,159,0.0,0.0,0,0.0
2026-08-18T21:25:40Z,27.7,82,24.3,1006.5,1.3,,108,0.0,0.0,0,0.0
2026-08-18T21:30:40Z,27.7,83,24.5,1006.6,2.2,,65,0.0,0.0,0,0.0
2026-08-18T21:35:40Z,27.7,83,24.5,1006.5,1.8,,155,0.0,0.0,0,0.0
2026-08-18T21:40:40Z,27.7,83,24.5,1006.6,0.4,,52,0.0,0.0,0,0.0
2026-08-18T21:45:40Z,27.7,83,24.5,1006.7,1.8,,91,0.0,0.0,5,0.0
2026-08-18T21:50:40Z,27.7,83,24.5,1006.7,1.8,,59,0.0,0.0,11,0.0
2026-08-18T21:55:40Z,27.7,83,24.5,1006.7,2.2,,128,0.0,0.0,16,0.0
2026-08-18T22:00:40Z,27.8,83,24.6,1006.8,6.3,,55,0.0,0.0,19,0.0
2026-08-18T22:05:40Z,27.8,83,24.6,1006.8,1.8,,101,0.0,0.0,25,0.0
2026-08-18T22:10:40Z,27.8,83,24.6,1006.9,0.4,,78,0.0,0.0,30,0.0
2026-08-18T22:15:40Z,27.8,83,24.6,1007.0,4.0,,113,0.0,0.0,39,0.0
2026-08-18T22:20:40Z,27.8,83,24.6,1007.1,1.3,,152,0.0,0.0,42,0.0
2026-08-18T22:25:40Z,27.8,83,24.6,1007.1,3.1,,82,0.0,0.0,49,0.0
2026-08-18T22:30:40Z,27.9,83,24.7,1007.2,1.3,,69,0.0,0.0,53,0.0
2026-08-18T22:35:40Z,28.0,82,24.6,1007.2,1.3,,95,0.0,0.0,53,0.0
2026-08-18T22:40:40Z,28.2,82,24.8,1007.3,0.0,,157,0.0,0.0,58,0.0
2026-08-18T22:45:40Z,28.3,81,24.7,1007.3,4.0,,90,0.0,0.0,62,0.0
2026-08-18T22:50:40Z,28.4,81,24.8,1007.2,0.9,,64,0.0,0.0,62,0.0
2026-08-18T22:55:40Z,28.6,80,24.8,1007.2,3.6,,109,0.0,0.0,63,0.0
2026-08-18T23:00:40Z,28.7,80,24.9,1007.3,1.3,,118,0.0,0.0,65,0.5
2026-08-18T23:05:40Z,28.8,80,25.0,1007.3,2.7,,360,0.0,0.0,69,0.6
2026-08-18T23:10:40Z,28.9,80,25.1,1007.4,5.4,,123,0.0,0.0,74,0.7
2026-08-18T23:15:40Z,29.1,78,24.9,1007.4,1.3,,114,0.0,0.0,81,0.8
2026-08-18T23:20:40Z,29.2,78,25.0,1007.5,1.8,,147,0.0,0.0,100,0.9
2026-08-18T23:25:40Z,29.4,79,25.4,1007.5,0.9,,46,0.0,0.0,121,1.0
2026-08-18T23:30:40Z,29.4,77,24.9,1007.2,2.2,,56,0.0,0.0,107,0.9
2026-08-18T23:35:40Z,29.3,78,25.1,1007.2,1.8,,86,0.0,0.0,199,1.1
2026-08-18T23:40:40Z,29.3,78,25.1,1007.2,3.6,,140,0.0,0.0,315,1.3
2026-08-18T23:45:40Z,29.4,78,25.2,1007.2,1.8,,113,0.0,0.0,141,1.2
2026-08-18T23:50:40Z,29.3,78,25.1,1007.1,1.3,,28,0.0,0.0,176,1.3
2026-08-18T23:55:41Z,29.3,78,25.1,1007.0,1.3,,158,0.0,0.0,295,1.5
2026-08-19T00:00:40Z,29.3,78,25.1,1007.1,3.6,,106,0.0,0.0,302,1.7
2026-08-19T00:05:40Z,29.6,77,25.1,1007.1,1.3,,82,0.0,0.0,316,1.8
2026-08-19T00:10:41Z,29.7,77,25.2,1007.3,0.9,,43,0.0,0.0,318,2.0
2026-08-19T00:15:41Z,29.8,78,25.5,1007.5,1.8,,144,0.0,0.0,352,2.2
2026-08-19T00:20:40Z,29.9,77,25.4,1007.6,3.1,,86,0.0,0.0,360,2.3
2026-08-19T00:25:40Z,30.0,77,25.5,1007.8,3.1,,127,0.0,0.0,283,2.2
2026-08-19T00:30:40Z,30.0,77,25.5,1007.8,1.8,,130,0.0,0.0,336,2.5
2026-08-19T00:35:40Z,30.1,78,25.8,1007.8,2.7,,90,0.0,0.0,388,2.7
2026-08-19T00:40:40Z,30.2,78,25.9,1007.9,5.8,,128,0.0,0.0,388,3.1
2026-08-19T00:45:40Z,30.3,77,25.8,1007.8,1.8,,150,0.0,0.0,109,3.3
2026-08-19T00:50:40Z,30.5,77,26.0,1007.9,1.3,,42,0.0,0.0,105,3.6
2026-08-19T00:55:40Z,30.6,77,26.1,1008.0,0.9,,77,0.0,0.0,104,3.7
2026-08-19T01:00:41Z,30.7,77,26.2,1008.0,2.2,,61,0.0,0.0,111,4.0
2026-08-19T01:05:41Z,30.8,76,26.1,1008.1,1.3,,78,0.0,0.0,190,4.1
2026-08-19T01:10:41Z,30.8,76,26.1,1008.2,3.1,,125,0.0,0.0,369,4.3
2026-08-19T01:15:41Z,30.9,76,26.2,1008.2,0.9,,76,0.0,0.0,478,4.5
2026-08-19T01:20:40Z,31.1,76,26.4,1008.1,1.8,,90,0.0,0.0,564,4.8
2026-08-19T01:25:40Z,31.2,76,26.5,1008.1,3.1,,86,0.0,0.0,640,5.3
2026-08-19T01:30:40Z,31.3,76,26.6,1008.0,1.3,,110,0.0,0.0,673,5.5
2026-08-19T01:35:41Z,31.4,76,26.7,1008.0,1.3,,79,0.0,0.0,638,5.4
2026-08-19T01:40:41Z,31.5,76,26.8,1008.0,4.5,,72,0.0,0.0,715,5.9
2026-08-19T01:45:41Z,31.6,77,27.1,1008.1,2.2,,143,0.0,0.0,728,6.0
2026-08-19T01:50:40Z,31.7,76,26.9,1008.1,3.6,,115,0.0,0.0,749,6.2
2026-08-19T01:55:41Z,31.7,75,26.7,1008.0,2.7,,28,0.0,0.0,738,6.2
2026-08-19T02:00:44Z,31.7,75,26.7,1008.2,3.6,,105,0.0,0.0,735,6.3
2026-08-19T02:05:40Z,31.6,76,26.8,1008.0,1.8,,69,0.0,0.0,863,7.1
2026-08-19T02:10:41Z,31.8,76,27.0,1007.9,3.1,,157,0.0,0.0,826,7.0
2026-08-19T02:15:41Z,31.8,75,26.8,1007.8,1.8,,94,0.0,0.0,469,5.1
2026-08-19T02:20:41Z,31.7,76,26.9,1007.8,3.1,,74,0.0,0.0,534,5.8
2026-08-19T02:25:41Z,31.7,77,27.2,1007.8,2.7,,111,0.0,0.0,981,8.3
2026-08-19T02:30:41Z,31.7,75,26.7,1007.7,1.3,,82,0.0,0.0,1023,8.6
2026-08-19T02:35:41Z,31.8,75,26.8,1007.7,1.8,,84,0.0,0.0,949,8.5
2026-08-19T02:40:41Z,31.9,74,26.7,1007.7,1.8,,167,0.0,0.0,884,8.1
2026-08-19T02:45:39Z,32.1,73,26.6,1007.8,0.9,,87,0.0,0.0,988,8.8
2026-08-19T02:50:39Z,32.2,73,26.7,1007.9,3.1,,93,0.0,0.0,1106,6.7
2026-08-19T02:55:39Z,32.3,73,26.8,1007.8,3.6,,110,0.0,0.0,1141,9.6
2026-08-19T03:00:39Z,32.4,73,26.9,1007.8,0.9,,125,0.0,0.0,737,9.8
2026-08-19T03:05:39Z,32.4,72,26.7,1007.7,0.4,,75,0.0,0.0,520,5.5
2026-08-19T03:10:39Z,32.2,72,26.5,1007.7,1.8,,161,0.0,0.0,392,5.7
2026-08-19T03:15:39Z,32.2,72,26.5,1007.7,1.8,,159,0.0,0.0,550,6.8
2026-08-19T03:20:39Z,32.2,73,26.7,1007.7,1.3,,143,0.0,0.0,715,7.7
2026-08-19T03:25:39Z,32.2,72,26.5,1007.7,0.9,,153,0.0,0.0,403,5.4
2026-08-19T03:30:39Z,32.1,73,26.6,1007.6,2.7,,161,0.0,0.0,807,8.0
2026-08-19T03:35:39Z,32.0,74,26.8,1007.7,3.1,,130,0.0,0.0,552,6.6
2026-08-19T03:40:39Z,32.1,73,26.6,1007.6,0.4,,74,0.0,0.0,376,5.7
2026-08-19T03:45:39Z,32.1,74,26.9,1007.5,0.4,,142,0.0,0.0,373,7.6
2026-08-19T03:50:39Z,32.1,75,27.1,1007.5,2.2,,169,0.0,0.0,747,10.9
2026-08-19T03:55:38Z,32.3,75,27.3,1007.5,3.6,,109,0.0,0.0,1174,11.2
2026-08-19T04:00:38Z,32.4,72,26.7,1007.5,1.8,,154,0.0,0.0,1146,10.4
2026-08-19T04:05:38Z,32.5,73,27.0,1007.5,0.9,,153,0.0,0.0,1021,10.3
2026-08-19T04:10:38Z,32.6,72,26.9,1007.4,1.3,,136,0.0,0.0,926,9.6
2026-08-19T04:15:38Z,32.7,72,27.0,1007.4,2.2,,170,0.0,0.0,1111,10.8
2026-08-19T04:20:38Z,32.8,72,27.1,1007.5,0.9,,108,0.0,0.0,1081,10.4
2026-08-19T04:25:38Z,33.2,70,27.0,1007.5,1.3,,26,0.0,0.0,1028,10.4
2026-08-19T04:30:38Z,33.2,70,27.0,1007.5,3.6,,97,0.0,0.0,1002,10.2
2026-08-19T04:35:38Z,33.4,70,27.2,1007.5,0.9,,78,0.0,0.0,998,10.2
2026-08-19T04:40:38Z,33.6,68,26.9,1007.5,1.3,,49,0.0,0.0,991,10.1
2026-08-19T04:45:38Z,33.7,68,27.0,1007.5,1.3,,360,0.0,0.0,993,10.0
2026-08-19T04:50:38Z,33.7,67,26.7,1007.6,1.3,,154,0.0,0.0,1009,9.9
2026-08-19T04:55:38Z,33.8,68,27.1,1007.4,1.3,,132,0.0,0.0,962,9.4
2026-08-19T05:00:38Z,33.7,68,27.0,1007.3,2.2,,157,0.0,0.0,784,8.8
2026-08-19T05:05:38Z,33.6,69,27.1,1007.4,2.2,,132,0.0,0.0,1078,9.5
2026-08-19T05:10:38Z,33.6,69,27.1,1007.3,3.6,,167,0.0,0.0,1034,9.7
2026-08-19T05:15:38Z,33.5,66,26.3,1007.3,1.3,,88,0.0,0.0,1018,9.4
2026-08-19T05:20:38Z,33.5,66,26.3,1007.2,0.0,,162,0.0,0.0,993,9.3
2026-08-19T05:25:38Z,33.7,71,27.7,1007.2,1.8,,94,0.0,0.0,1016,9.2
2026-08-19T05:30:38Z,33.8,73,28.3,1007.1,1.8,,121,0.0,0.0,1011,7.5
2026-08-19T05:35:38Z,33.6,72,27.8,1007.1,1.3,,116,0.0,0.0,541,8.2
2026-08-19T05:40:38Z,33.4,73,27.9,1007.0,0.9,,360,0.0,0.0,805,7.2
2026-08-19T05:45:38Z,33.4,74,28.1,1007.0,0.4,,94,0.0,0.0,907,8.0
2026-08-19T05:50:38Z,33.4,74,28.1,1007.0,0.9,,238,0.0,0.0,844,7.6
2026-08-19T05:55:38Z,33.3,75,28.3,1006.8,1.3,,48,0.0,0.0,868,7.6
2026-08-19T06:00:38Z,33.2,75,28.2,1006.8,0.9,,34,0.0,0.0,896,7.6
2026-08-19T06:05:58Z,33.2,75,28.2,1006.8,0.4,,61,0.0,0.0,902,7.5
2026-08-19T06:10:39Z,33.2,75,28.2,1006.8,0.4,,155,0.0,0.0,889,7.3
2026-08-19T06:15:40Z,33.1,75,28.1,1006.6,1.8,,94,0.0,0.0,835,6.8
2026-08-19T06:20:39Z,32.9,75,27.9,1006.4,0.4,,148,0.0,0.0,770,6.3
2026-08-19T06:25:39Z,32.8,76,28.0,1006.2,0.9,,17,0.0,0.0,686,5.7
2026-08-19T06:30:39Z,32.7,76,27.9,1006.0,1.8,,125,0.0,0.0,765,5.9
2026-08-19T06:35:39Z,32.6,76,27.8,1006.0,0.9,,241,0.0,0.0,742,5.6
2026-08-19T06:40:39Z,32.7,77,28.1,1005.9,0.9,,208,0.0,0.0,726,5.4
2026-08-19T06:45:40Z,32.6,76,27.8,1006.1,1.3,,242,0.0,0.0,821,5.6
2026-08-19T06:50:39Z,32.4,77,27.8,1006.1,1.8,,33,0.0,0.0,810,5.5
2026-08-19T06:55:57Z,32.4,76,27.6,1006.1,1.3,,81,0.0,0.0,838,5.3
2026-08-19T07:00:39Z,32.4,76,27.6,1006.2,0.9,,171,0.0,0.0,831,5.1
2026-08-19T07:05:38Z,32.6,76,27.8,1006.1,0.4,,150,0.0,0.0,900,5.1
2026-08-19T07:10:38Z,32.8,75,27.8,1006.1,0.4,,144,0.0,0.0,810,4.5
2026-08-19T07:15:38Z,32.8,75,27.8,1006.1,1.8,,144,0.0,0.0,858,3.2
2026-08-19T07:20:38Z,32.8,74,27.6,1006.1,0.9,,160,0.0,0.0,306,2.6
2026-08-19T07:25:38Z,32.7,74,27.5,1006.2,0.9,,43,0.0,0.0,399,2.8
2026-08-19T07:30:38Z,32.6,74,27.4,1006.3,0.4,,217,0.0,0.0,482,3.0
2026-08-19T07:35:38Z,32.7,76,27.9,1006.4,0.0,,248,0.0,0.0,824,3.6
2026-08-19T07:40:38Z,32.8,74,27.6,1006.3,0.9,,140,0.0,0.0,707,2.7
2026-08-19T07:45:39Z,32.7,74,27.5,1006.5,1.3,,291,0.0,0.0,339,2.1
2026-08-19T07:50:38Z,32.4,74,27.2,1006.6,1.3,,260,0.0,0.0,450,2.2
2026-08-19T07:55:39Z,32.1,75,27.1,1006.7,0.9,,150,0.0,0.0,397,2.1
2026-08-19T08:00:39Z,31.8,75,26.8,1007.0,0.4,,206,0.0,0.0,281,1.7
2026-08-19T08:05:38Z,31.7,75,26.7,1007.1,0.9,,259,0.0,0.0,469,1.9
2026-08-19T08:10:38Z,31.7,77,27.2,1007.3,1.3,,244,0.0,0.0,531,1.8
2026-08-19T08:15:39Z,31.8,76,27.0,1007.2,1.3,,205,0.0,0.0,698,1.7
2026-08-19T08:20:38Z,31.8,75,26.8,1007.2,1.3,,262,0.0,0.0,592,1.8
2026-08-19T08:25:38Z,31.9,75,26.9,1007.2,1.8,,135,0.0,0.0,350,1.3
2026-08-19T08:30:39Z,31.8,75,26.8,1007.2,3.1,,266,0.0,0.0,452,1.3
2026-08-19T08:35:38Z,31.8,76,27.0,1007.2,0.4,,275,0.0,0.0,589,1.3
2026-08-19T08:40:38Z,31.8,76,27.0,1007.3,0.9,,240,0.0,0.0,369,1.2
2026-08-19T08:45:38Z,31.9,76,27.1,1007.4,1.8,,248,0.0,0.0,338,0.9
2026-08-19T08:50:39Z,31.8,75,26.8,1007.3,0.4,,227,0.0,0.0,179,0.7
2026-08-19T08:55:39Z,31.7,75,26.7,1007.2,0.9,,292,0.0,0.0,216,0.7
2026-08-19T09:00:39Z,31.4,76,26.7,1007.2,1.3,,255,0.0,0.0,174,0.5
2026-08-19T09:05:39Z,31.2,77,26.7,1007.1,0.4,,256,0.0,0.0,207,0.5
2026-08-19T09:10:39Z,31.1,78,26.8,1007.3,0.4,,250,0.0,0.0,202,0.0
2026-08-19T09:15:39Z,30.9,78,26.6,1007.2,1.3,,149,0.0,0.0,206,0.0
2026-08-19T09:20:39Z,30.8,78,26.5,1007.4,0.0,,170,0.0,0.0,197,0.0
2026-08-19T09:25:39Z,30.7,78,26.4,1007.5,0.9,,175,0.0,0.0,116,0.0
2026-08-19T09:30:39Z,30.6,79,26.5,1007.6,0.9,,182,0.0,0.0,123,0.0
2026-08-19T09:35:39Z,30.6,79,26.5,1007.6,0.0,,207,0.0,0.0,69,0.0
2026-08-19T09:40:39Z,30.4,80,26.6,1007.8,0.9,,227,0.0,0.0,60,0.0
2026-08-19T09:45:39Z,30.2,80,26.4,1007.8,0.9,,190,0.0,0.0,46,0.0
2026-08-19T09:50:39Z,29.9,81,26.3,1007.8,0.4,,271,0.0,0.0,37,0.0
2026-08-19T09:55:39Z,29.7,81,26.1,1007.8,0.0,,271,0.0,0.0,28,0.0
2026-08-19T10:00:39Z,29.6,82,26.2,1007.8,0.0,,273,0.0,0.0,23,0.0
2026-08-19T10:05:39Z,29.4,82,26.0,1007.8,0.0,,273,0.0,0.0,16,0.0
2026-08-19T10:10:39Z,29.3,83,26.1,1007.9,0.4,,272,0.0,0.0,11,0.0
2026-08-19T10:15:39Z,29.2,83,26.0,1008.1,0.0,,272,0.0,0.0,5,0.0
2026-08-19T10:20:39Z,29.1,83,25.9,1008.3,0.0,,257,0.0,0.0,0,0.0
2026-08-19T10:25:39Z,29.0,84,26.0,1008.2,0.9,,257,0.0,0.0,0,0.0
2026-08-19T10:30:39Z,28.9,84,25.9,1008.3,0.0,,257,0.0,0.0,0,0.0
2026-08-19T10:35:39Z,28.8,84,25.8,1008.4,0.9,,259,0.0,0.0,0,0.0
2026-08-19T10:40:39Z,28.8,84,25.8,1008.4,0.9,,269,0.0,0.0,0,0.0
2026-08-19T10:45:39Z,28.8,84,25.8,1008.3,0.4,,272,0.0,0.0,0,0.0
2026-08-19T10:50:39Z,28.7,84,25.7,1008.4,0.0,,272,0.0,0.0,0,0.0
2026-08-19T10:55:39Z,28.7,84,25.7,1008.5,0.0,,270,0.0,0.0,0,0.0
2026-08-19T11:00:39Z,28.7,84,25.7,1008.6,0.9,,270,0.0,0.0,0,0.0
2026-08-19T11:05:39Z,28.6,84,25.6,1008.6,0.0,,270,0.0,0.0,0,0.0
2026-08-19T11:10:39Z,28.5,84,25.5,1008.7,1.3,,275,0.0,0.0,0,0.0
2026-08-19T11:15:39Z,28.5,84,25.5,1008.6,0.4,,275,0.0,0.0,0,0.0
2026-08-19T11:20:39Z,28.4,84,25.4,1008.6,1.3,,275,0.0,0.0,0,0.0
2026-08-19T11:25:39Z,28.3,84,25.3,1008.6,0.4,,275,0.0,0.0,0,0.0
2026-08-19T11:30:39Z,28.3,84,25.3,1008.6,0.4,,275,0.0,0.0,0,0.0
2026-08-19T11:35:39Z,28.3,85,25.5,1008.6,0.4,,275,0.0,0.0,0,0.0
2026-08-19T11:40:39Z,28.2,85,25.4,1008.6,0.4,,275,0.0,0.0,0,0.0
2026-08-19T11:45:39Z,28.2,85,25.4,1008.6,1.3,,275,0.0,0.0,0,0.0
2026-08-19T11:50:39Z,28.2,86,25.6,1008.7,0.4,,275,0.0,0.0,0,0.0
2026-08-19T11:55:39Z,28.2,86,25.6,1008.8,0.4,,281,0.0,0.0,0,0.0
2026-08-19T12:00:39Z,28.1,86,25.5,1008.9,0.4,,288,0.0,0.0,0,0.0
2026-08-19T12:05:39Z,28.1,86,25.5,1009.1,1.3,,315,0.0,0.0,0,0.0
2026-08-19T12:10:39Z,28.1,86,25.5,1008.9,0.9,,315,0.0,0.0,0,0.0
2026-08-19T12:15:39Z,28.1,86,25.5,1009.0,0.4,,312,0.0,0.0,0,0.0
2026-08-19T12:20:39Z,28.1,86,25.5,1009.1,0.4,,311,0.0,0.0,0,0.0
2026-08-19T12:25:39Z,28.1,86,25.5,1009.1,0.0,,311,0.0,0.0,0,0.0
2026-08-19T12:30:39Z,28.1,86,25.5,1009.0,0.9,,311,0.0,0.0,0,0.0
2026-08-19T12:35:39Z,28.1,86,25.5,1009.1,0.4,,311,0.0,0.0,0,0.0
2026-08-19T12:40:39Z,28.1,86,25.5,1009.2,0.9,,311,0.0,0.0,0,0.0
2026-08-19T12:45:39Z,28.1,87,25.7,1009.2,0.4,,311,0.0,0.0,0,0.0
2026-08-19T12:50:39Z,28.1,87,25.7,1009.1,1.3,,311,0.0,0.0,0,0.0
2026-08-19T12:55:39Z,28.1,86,25.5,1009.1,0.9,,309,0.0,0.0,0,0.0
2026-08-19T13:00:39Z,28.1,86,25.5,1009.0,0.0,,310,0.0,0.0,0,0.0
2026-08-19T13:05:39Z,28.2,86,25.6,1008.9,1.8,,297,0.0,0.0,0,0.0
2026-08-19T13:10:39Z,28.2,86,25.6,1008.8,0.9,,297,0.0,0.0,0,0.0
2026-08-19T13:15:39Z,28.2,86,25.6,1008.8,0.4,,298,0.0,0.0,0,0.0
2026-08-19T13:20:39Z,28.2,86,25.6,1008.6,0.0,,298,0.0,0.0,0,0.0
2026-08-19T13:25:39Z,28.2,86,25.6,1008.6,0.4,,298,0.0,0.0,0,0.0
2026-08-19T13:30:39Z,28.3,87,25.9,1008.6,0.0,,298,0.0,0.0,0,0.0
2026-08-19T13:35:39Z,28.3,87,25.9,1008.6,1.3,,298,0.0,0.0,0,0.0
2026-08-19T13:40:39Z,28.3,86,25.7,1008.4,0.4,,298,0.0,0.0,0,0.0
2026-08-19T13:45:39Z,28.3,86,25.7,1008.4,0.9,,298,0.0,0.0,0,0.0
2026-08-19T13:50:38Z,28.3,86,25.7,1008.4,0.4,,298,0.0,0.0,0,0.0
2026-08-19T13:55:38Z,28.3,86,25.7,1008.4,0.9,,298,0.0,0.0,0,0.0
2026-08-19T14:00:38Z,28.3,86,25.7,1008.2,0.9,,301,0.0,0.0,0,0.0
2026-08-19T14:05:38Z,28.3,86,25.7,1008.1,0.4,,301,0.0,0.0,0,0.0
2026-08-19T14:10:38Z,28.3,86,25.7,1008.2,0.9,,301,0.0,0.0,0,0.0
2026-08-19T14:15:38Z,28.3,86,25.7,1008.2,0.9,,299,0.0,0.0,0,0.0
2026-08-19T14:20:38Z,28.4,87,26.0,1008.3,0.0,,286,0.0,0.0,0,0.0
2026-08-19T14:25:38Z,28.4,87,26.0,1008.3,0.4,,286,0.0,0.0,0,0.0
2026-08-19T14:30:38Z,28.4,87,26.0,1008.3,1.8,,284,0.0,0.0,0,0.0
2026-08-19T14:35:38Z,28.4,87,26.0,1008.4,0.4,,281,0.0,0.0,0,0.0
2026-08-19T14:40:38Z,28.3,87,25.9,1008.4,1.3,,284,0.0,0.0,0,0.0
2026-08-19T14:45:38Z,28.4,87,26.0,1008.4,0.4,,286,0.0,0.0,0,0.0
2026-08-19T14:50:38Z,28.4,87,26.0,1008.4,0.4,,287,0.0,0.0,0,0.0
2026-08-19T14:55:38Z,28.4,87,26.0,1008.5,0.4,,300,0.0,0.0,0,0.0
2026-08-19T15:00:38Z,28.3,85,25.5,1008.4,1.3,,290,0.0,0.0,0,0.0
2026-08-19T15:05:38Z,28.2,84,25.2,1008.4,0.9,,288,0.0,0.0,0,0.0
2026-08-19T15:10:38Z,28.3,83,25.1,1008.3,0.4,,284,0.0,0.0,0,0.0
2026-08-19T15:15:38Z,28.3,83,25.1,1008.3,0.4,,290,0.0,0.0,0,0.0
2026-08-19T15:20:38Z,28.3,83,25.1,1008.4,0.9,,305,0.0,0.0,0,0.0
2026-08-19T15:25:38Z,28.3,84,25.3,1008.5,0.4,,286,0.0,0.0,0,0.0
2026-08-19T15:30:38Z,28.4,84,25.4,1008.4,0.4,,285,0.0,0.0,0,0.0
2026-08-19T15:35:38Z,28.3,84,25.3,1008.5,0.4,,294,0.0,0.0,0,0.0
2026-08-19T15:40:38Z,28.3,84,25.3,1008.5,0.4,,275,0.0,0.0,0,0.0
2026-08-19T15:45:38Z,28.3,84,25.3,1008.5,1.3,,282,0.0,0.0,0,0.0
2026-08-19T15:50:57Z,28.3,85,25.5,1008.5,0.9,,283,0.0,0.0,0,0.0
2026-08-19T15:55:38Z,28.4,85,25.6,1008.4,0.4,,281,0.0,0.0,0,0.0
2026-08-19T16:00:38Z,28.4,85,25.6,1008.4,2.7,,271,0.0,0.0,0,0.0
2026-08-19T16:05:38Z,28.3,85,25.5,1008.4,0.9,,284,0.0,0.0,0,0.0
2026-08-19T16:10:38Z,28.3,85,25.5,1008.5,0.4,,284,0.0,0.0,0,0.0
2026-08-19T16:15:38Z,28.4,85,25.6,1008.5,1.3,,279,0.0,0.0,0,0.0
2026-08-19T16:20:38Z,28.4,86,25.8,1008.4,0.9,,277,0.0,0.0,0,0.0
2026-08-19T16:25:38Z,28.4,86,25.8,1008.5,0.4,,277,0.0,0.0,0,0.0
2026-08-19T16:30:38Z,28.3,87,25.9,1008.4,0.9,,276,0.0,0.0,0,0.0
2026-08-19T16:35:38Z,28.2,87,25.8,1008.5,1.8,,279,0.0,0.0,0,0.0
2026-08-19T16:40:38Z,28.1,87,25.7,1008.4,1.3,,271,0.0,0.0,0,0.0
2026-08-19T16:45:39Z,28.1,87,25.7,1008.4,1.3,,271,0.0,0.0,0,0.0
2026-08-19T16:50:38Z,28.0,87,25.6,1008.4,1.3,,294,0.0,0.0,0,0.0
2026-08-19T16:55:38Z,28.0,87,25.6,1008.4,1.3,,291,0.0,0.0,0,0.0
2026-08-19T17:00:38Z,28.0,87,25.6,1008.4,0.9,,292,0.0,0.0,0,0.0
2026-08-19T17:05:38Z,27.9,87,25.5,1008.3,1.3,,302,0.0,0.0,0,0.0
2026-08-19T17:10:38Z,27.9,87,25.5,1008.3,0.9,,302,0.0,0.0,0,0.0
2026-08-19T17:15:39Z,27.9,87,25.5,1008.4,0.4,,302,0.0,0.0,0,0.0
2026-08-19T17:20:38Z,27.8,87,25.4,1008.2,0.4,,303,0.0,0.0,0,0.0
2026-08-19T17:25:38Z,27.9,87,25.5,1008.2,0.4,,300,0.0,0.0,0,0.0
2026-08-19T17:30:38Z,27.9,87,25.5,1008.2,0.0,,302,0.0,0.0,0,0.0
2026-08-19T17:35:38Z,27.9,87,25.5,1008.1,0.9,,302,0.0,0.0,0,0.0
2026-08-19T17:40:38Z,28.0,87,25.6,1008.2,0.9,,266,0.0,0.0,0,0.0
2026-08-19T17:45:38Z,27.9,87,25.5,1008.3,3.6,,260,0.6,21.0,0,0.0
2026-08-19T17:50:39Z,27.7,87,25.3,1008.1,0.9,,277,2.0,6.0,0,0.0
2026-08-19T17:55:38Z,27.6,88,25.4,1008.1,1.3,,274,2.2,2.4,0,0.0
2026-08-19T18:00:38Z,27.4,89,25.4,1008.0,1.3,,244,2.2,1.2,0,0.0
2026-08-19T18:05:38Z,27.3,89,25.3,1008.1,1.3,,265,2.2,0.8,0,0.0
2026-08-19T18:10:38Z,27.4,90,25.6,1008.1,3.1,,254,2.2,0.0,0,0.0
2026-08-19T18:15:38Z,27.4,89,25.4,1008.1,4.0,,244,2.2,0.0,0,0.0
2026-08-19T18:20:39Z,27.4,89,25.4,1008.0,2.2,,246,2.2,0.0,0,0.0
2026-08-19T18:25:38Z,27.4,89,25.4,1008.0,0.0,,256,2.2,0.0,0,0.0
2026-08-19T18:30:39Z,27.4,89,25.4,1008.0,1.8,,238,2.2,0.0,0,0.0
2026-08-19T18:35:38Z,27.4,89,25.4,1008.0,0.4,,248,2.2,0.0,0,0.0
2026-08-19T18:40:38Z,27.4,89,25.4,1007.9,0.9,,279,2.2,0.0,0,0.0
2026-08-19T18:45:38Z,27.4,89,25.4,1007.8,1.8,,264,2.2,0.0,0,0.0
2026-08-19T18:50:38Z,27.3,89,25.3,1007.9,0.4,,246,2.2,0.0,0,0.0
2026-08-19T18:55:39Z,27.3,89,25.3,1007.9,0.4,,254,2.2,0.0,0,0.0
2026-08-19T19:00:39Z,27.4,89,25.4,1008.0,0.0,,254,2.2,0.0,0,0.0
2026-08-19T19:05:39Z,27.3,89,25.3,1007.9,0.9,,9,2.2,0.0,0,0.0
2026-08-19T19:10:39Z,27.3,89,25.3,1007.9,0.9,,279,2.2,0.0,0,0.0
2026-08-19T19:15:39Z,27.3,89,25.3,1007.8,1.3,,254,2.2,0.0,0,0.0
2026-08-19T19:20:39Z,27.3,89,25.3,1007.8,0.0,,269,2.2,0.0,0,0.0
2026-08-19T19:25:39Z,27.3,89,25.3,1007.8,0.0,,277,2.2,0.0,0,0.0
2026-08-19T19:30:39Z,27.3,88,25.1,1007.7,0.4,,263,2.2,0.0,0,0.0
2026-08-19T19:35:39Z,27.3,89,25.3,1007.7,0.4,,270,2.2,0.0,0,0.0
2026-08-19T19:40:39Z,27.3,89,25.3,1007.7,0.9,,286,2.2,0.0,0,0.0
2026-08-19T19:45:39Z,27.3,88,25.1,1007.6,1.3,,281,2.2,0.0,0,0.0
2026-08-19T19:50:39Z,27.4,88,25.2,1007.6,0.9,,286,2.2,0.0,0,0.0
2026-08-19T19:55:39Z,27.4,88,25.2,1007.5,0.9,,279,2.2,0.0,0,0.0
2026-08-19T20:00:39Z,27.4,88,25.2,1007.5,0.9,,287,2.2,0.0,0,0.0
2026-08-19T20:05:39Z,27.4,88,25.2,1007.5,1.8,,285,2.2,0.0,0,0.0
2026-08-19T20:10:39Z,27.5,88,25.3,1007.6,1.3,,269,2.2,0.0,0,0.0
2026-08-19T20:15:39Z,27.5,88,25.3,1007.6,0.9,,277,2.2,0.0,0,0.0
2026-08-19T20:20:39Z,27.6,88,25.4,1007.7,0.9,,294,2.2,0.0,0,0.0
2026-08-19T20:25:39Z,27.6,88,25.4,1007.7,0.9,,298,2.2,0.0,0,0.0
2026-08-19T20:30:39Z,27.6,88,25.4,1007.6,1.3,,296,2.2,0.0,0,0.0
2026-08-19T20:35:39Z,27.7,88,25.5,1007.6,0.9,,269,2.2,0.0,0,0.0
2026-08-19T20:40:39Z,27.7,88,25.5,1007.6,0.9,,275,2.2,0.0,0,0.0
2026-08-19T20:45:39Z,27.7,87,25.3,1007.6,0.4,,267,2.2,0.0,0,0.0
2026-08-19T20:50:39Z,27.8,87,25.4,1007.7,0.4,,265,2.2,0.0,0,0.0
2026-08-19T20:55:39Z,27.8,87,25.4,1007.7,0.9,,276,2.2,0.0,0,0.0
2026-08-19T21:00:39Z,27.8,87,25.4,1007.8,3.1,,267,2.2,0.0,0,0.0
2026-08-19T21:05:39Z,27.8,87,25.4,1007.7,0.4,,271,2.2,0.0,0,0.0
2026-08-19T21:10:39Z,27.9,87,25.5,1007.8,0.9,,283,2.2,0.0,0,0.0
2026-08-19T21:15:39Z,27.9,87,25.5,1007.8,1.3,,265,2.2,0.0,0,0.0
2026-08-19T21:20:39Z,27.9,87,25.5,1007.8,0.9,,271,2.2,0.0,0,0.0
2026-08-19T21:25:39Z,27.9,88,25.7,1007.7,0.0,,279,2.2,0.0,0,0.0
2026-08-19T21:30:39Z,27.9,88,25.7,1007.7,0.4,,306,2.2,0.0,0,0.0
2026-08-19T21:35:39Z,27.9,88,25.7,1007.7,0.0,,303,2.2,0.0,0,0.0
2026-08-19T21:40:39Z,27.9,88,25.7,1007.7,0.4,,281,2.2,0.0,0,0.0
2026-08-19T21:45:39Z,27.9,88,25.7,1007.8,1.3,,296,2.2,0.0,5,0.0
2026-08-19T21:50:39Z,27.9,88,25.7,1007.9,1.8,,296,2.2,0.0,12,0.0
2026-08-19T21:55:39Z,27.9,88,25.7,1007.8,0.9,,283,2.2,0.0,18,0.0
2026-08-19T22:00:39Z,28.0,87,25.6,1008.0,0.4,,273,2.2,0.0,18,0.0
2026-08-19T22:05:39Z,28.1,88,25.9,1008.0,0.4,,284,2.2,0.0,28,0.0
2026-08-19T22:10:39Z,28.1,87,25.7,1008.1,0.4,,269,2.2,0.0,23,0.0
2026-08-19T22:15:39Z,28.2,87,25.8,1008.1,1.8,,277,2.2,0.0,26,0.0
2026-08-19T22:20:39Z,28.2,87,25.8,1008.1,1.3,,291,2.2,0.0,40,0.0
2026-08-19T22:25:39Z,28.2,87,25.8,1008.1,0.4,,286,2.2,0.0,46,0.0
2026-08-19T22:30:39Z,28.3,87,25.9,1008.3,0.4,,329,2.2,0.0,63,0.0
2026-08-19T22:35:39Z,28.3,87,25.9,1008.3,0.9,,279,2.2,0.0,72,0.0
2026-08-19T22:40:39Z,28.4,87,26.0,1008.3,0.9,,284,2.2,0.0,62,0.0
2026-08-19T22:45:39Z,28.5,88,26.3,1008.4,1.3,,275,2.2,0.0,70,0.0
2026-08-19T22:50:39Z,28.4,87,26.0,1008.4,0.4,,296,2.2,0.0,70,0.0
2026-08-19T22:55:39Z,28.6,88,26.4,1008.4,1.8,,281,2.4,0.0,33,0.0
2026-08-19T23:00:39Z,28.2,87,25.8,1008.5,1.8,,289,2.6,2.8,65,0.0
2026-08-19T23:05:39Z,27.7,87,25.3,1008.6,1.3,,275,2.8,2.0,91,0.0
2026-08-19T23:10:39Z,27.2,88,25.0,1008.7,0.9,,291,2.8,1.4,28,0.0
2026-08-19T23:15:39Z,27.2,89,25.2,1008.6,0.9,,252,2.8,1.0,30,0.0
2026-08-19T23:20:39Z,27.1,89,25.1,1008.7,1.3,,267,2.8,0.0,26,0.0
2026-08-19T23:25:39Z,26.9,89,24.9,1008.6,1.3,,239,3.6,7.2,47,0.0
2026-08-19T23:30:39Z,26.8,90,25.0,1008.6,0.9,,185,4.0,4.4,91,0.5
2026-08-19T23:35:39Z,26.7,90,24.9,1008.6,0.9,,178,4.6,3.6,84,0.5
2026-08-19T23:40:39Z,26.7,90,24.9,1008.8,0.9,,248,4.6,1.4,86,0.5
2026-08-19T23:45:39Z,26.7,91,25.1,1008.9,0.0,,241,4.6,1.0,62,0.0
2026-08-19T23:50:39Z,26.7,91,25.1,1009.1,0.9,,272,5.0,4.0,69,0.0
2026-08-19T23:55:39Z,26.9,91,25.3,1009.1,1.3,,276,5.0,2.2,47,0.0
2026-08-20T00:00:39Z,27.2,92,25.8,1009.2,0.9,,288,5.0,1.2,39,0.0
2026-08-20T00:05:39Z,27.3,92,25.9,1009.1,0.4,,299,5.0,0.8,21,0.0
2026-08-20T00:10:39Z,27.3,92,25.9,1009.1,0.4,,299,5.0,0.0,25,0.0
2026-08-20T00:15:39Z,27.4,92,26.0,1009.0,1.3,,295,5.0,0.0,62,0.5
2026-08-20T00:20:39Z,27.3,92,25.9,1009.1,1.8,,302,5.0,0.0,76,0.6
2026-08-20T00:25:39Z,27.4,92,26.0,1009.2,3.1,,292,5.0,0.0,83,0.7
2026-08-20T00:30:57Z,27.5,92,26.1,1009.0,2.2,,302,5.0,0.0,98,0.9
2026-08-20T00:35:38Z,27.6,92,26.2,1009.0,0.4,,302,5.0,0.0,74,0.7
2026-08-20T00:40:57Z,27.7,92,26.3,1009.1,1.3,,291,7.8,8.0,21,0.0
2026-08-20T00:45:57Z,27.1,91,25.5,1009.1,1.8,,292,7.8,1.8,102,1.0
2026-08-20T00:50:38Z,27.0,92,25.6,1009.1,1.3,,293,7.8,1.0,149,1.4
2026-08-20T00:55:57Z,27.1,92,25.7,1009.1,1.8,,275,7.8,0.8,165,1.5
2026-08-20T01:00:38Z,27.1,92,25.7,1009.2,1.3,,300,7.8,0.0,176,1.6
2026-08-20T01:05:57Z,27.3,93,26.1,1009.2,3.6,,323,7.8,0.0,197,1.9
2026-08-20T01:10:38Z,27.3,92,25.9,1009.3,1.8,,242,7.8,0.0,185,1.7
2026-08-20T01:15:57Z,27.3,92,25.9,1009.3,1.3,,273,7.8,0.0,190,1.8
2026-08-20T01:20:57Z,27.3,92,25.9,1009.4,3.6,,267,7.8,0.0,128,1.2
2026-08-20T01:25:38Z,26.9,91,25.3,1009.5,1.8,,307,7.8,0.0,125,1.3
2026-08-20T01:30:57Z,26.7,91,25.1,1009.6,2.2,,326,7.8,0.0,118,1.3
2026-08-20T01:35:57Z,26.6,92,25.2,1009.4,2.7,,325,7.8,0.0,179,1.6
2026-08-20T01:40:38Z,26.6,92,25.2,1009.4,3.1,,299,7.8,0.0,313,3.0
2026-08-20T01:45:57Z,26.5,91,24.9,1009.3,3.1,,303,7.8,0.0,221,2.0
2026-08-20T01:50:57Z,26.4,92,25.0,1009.3,3.6,,285,7.8,0.0,406,4.1
2026-08-20T01:55:38Z,26.5,92,25.1,1009.3,3.1,,300,7.8,0.0,339,3.5
2026-08-20T02:00:38Z,26.4,91,24.8,1009.3,2.2,,329,7.8,0.0,408,4.5
2026-08-20T02:05:38Z,26.6,91,25.0,1009.2,3.1,,295,7.8,0.0,406,4.5
2026-08-20T02:10:38Z,26.9,91,25.3,1009.2,3.1,,289,7.8,0.0,696,6.3
2026-08-20T02:15:39Z,27.3,91,25.7,1009.1,3.1,,290,7.8,0.0,752,6.9
2026-08-20T02:20:57Z,27.4,90,25.6,1009.2,1.3,,313,7.8,0.0,826,7.1
2026-08-20T02:25:38Z,27.7,90,25.9,1009.2,2.2,,319,7.8,0.0,846,7.6
2026-08-20T02:30:38Z,27.9,89,25.9,1009.1,4.0,,286,7.8,0.0,847,7.3
2026-08-20T02:35:38Z,28.1,89,26.1,1009.2,1.8,,297,7.8,0.0,522,5.1
2026-08-20T02:40:38Z,28.2,88,26.0,1009.2,3.1,,302,7.8,0.0,413,4.4
2026-08-20T02:45:38Z,28.4,87,26.0,1009.0,1.3,,298,7.8,0.0,526,5.0
2026-08-20T02:50:38Z,28.4,87,26.0,1009.0,4.0,,319,7.8,0.0,717,6.6
2026-08-20T02:55:38Z,28.5,86,25.9,1008.8,0.9,,289,7.8,0.0,341,3.8
2026-08-20T03:00:38Z,28.4,85,25.6,1008.7,1.8,,290,7.8,0.0,638,6.2
2026-08-20T03:05:38Z,28.6,85,25.8,1008.7,2.7,,340,7.8,0.0,592,6.6
2026-08-20T03:10:38Z,28.7,85,25.9,1008.6,2.7,,332,7.8,0.0,592,8.2
2026-08-20T03:15:38Z,28.8,84,25.8,1008.6,3.1,,276,7.8,0.0,802,7.8
2026-08-20T03:20:38Z,28.9,84,25.9,1008.6,1.8,,284,7.8,0.0,791,7.8
2026-08-20T03:25:38Z,29.2,84,26.2,1008.5,2.7,,275,7.8,0.0,912,9.3
2026-08-20T03:30:38Z,29.4,83,26.2,1008.5,2.2,,320,7.8,0.0,863,8.7
2026-08-20T03:35:38Z,29.6,83,26.4,1008.5,1.8,,262,7.8,0.0,1232,11.0
2026-08-20T03:40:38Z,29.8,83,26.6,1008.5,1.3,,306,7.8,0.0,956,10.1
2026-08-20T03:45:38Z,29.9,82,26.5,1008.5,2.7,,265,7.8,0.0,724,7.8
2026-08-20T03:50:38Z,30.0,82,26.6,1008.5,1.8,,316,7.8,0.0,721,7.6
2026-08-20T03:55:39Z,30.0,82,26.6,1008.5,4.0,,296,7.8,0.0,682,7.7
2026-08-20T04:00:38Z,29.8,81,26.2,1008.4,3.6,,300,7.8,0.0,591,6.8
2026-08-20T04:05:38Z,29.8,82,26.4,1008.4,2.2,,294,7.8,0.0,605,8.0
2026-08-20T04:10:38Z,29.7,81,26.1,1008.3,0.9,,322,7.8,0.0,705,8.6
2026-08-20T04:15:38Z,29.8,81,26.2,1008.2,1.3,,289,7.8,0.0,1187,12.6
2026-08-20T04:20:39Z,30.2,81,26.6,1008.1,0.9,,308,7.8,0.0,1346,12.0
2026-08-20T04:25:39Z,30.7,80,26.8,1008.1,2.2,,297,7.8,0.0,1239,11.9
2026-08-20T04:30:38Z,31.1,82,27.7,1008.2,3.6,,285,7.8,0.0,1301,11.9
2026-08-20T04:35:38Z,31.2,80,27.3,1008.1,3.1,,306,7.8,0.0,1276,11.8
2026-08-20T04:40:39Z,31.2,78,26.9,1008.0,1.8,,299,7.8,0.0,754,8.0
2026-08-20T04:45:39Z,31.0,79,26.9,1008.0,1.3,,299,7.8,0.0,466,5.5
2026-08-20T04:50:39Z,30.9,79,26.8,1007.9,0.4,,299,7.8,0.0,411,4.9
2026-08-20T04:55:38Z,30.6,80,26.8,1007.8,3.6,,319,7.8,0.0,392,4.4
2026-08-20T05:00:39Z,30.3,80,26.5,1007.9,0.9,,328,7.8,0.0,334,4.0
2026-08-20T05:05:39Z,30.2,81,26.6,1007.7,3.6,,291,7.8,0.0,332,3.9
2026-08-20T05:10:39Z,30.1,81,26.5,1007.6,0.9,,301,7.8,0.0,394,4.4
2026-08-20T05:15:39Z,30.1,82,26.7,1007.5,1.8,,350,7.8,0.0,613,6.4
2026-08-20T05:20:39Z,30.2,81,26.6,1007.5,3.1,,295,7.8,0.0,654,6.3
2026-08-20T05:25:38Z,30.2,81,26.6,1007.7,1.8,,273,7.8,0.0,378,4.3
2026-08-20T05:30:39Z,30.1,80,26.3,1007.7,1.8,,299,7.8,0.0,545,6.0
2026-08-20T05:35:39Z,30.2,81,26.6,1007.7,1.3,,306,7.8,0.0,297,3.8
2026-08-20T05:40:39Z,30.1,81,26.5,1007.8,1.8,,325,7.8,0.0,220,2.5
2026-08-20T05:45:39Z,29.9,81,26.3,1007.7,3.1,,309,7.8,0.0,183,2.1
2026-08-20T05:50:39Z,29.7,82,26.3,1007.9,0.9,,295,8.0,0.0,125,1.4
2026-08-20T05:55:39Z,29.5,83,26.3,1007.9,1.3,,296,8.4,5.4,84,1.0
2026-08-20T06:00:39Z,29.1,84,26.1,1008.0,1.8,,286,10.2,25.6,79,0.9
2026-08-20T06:05:39Z,28.4,86,25.8,1008.0,2.2,,294,11.4,13.8,90,1.0
2026-08-20T06:10:39Z,28.1,87,25.7,1008.0,1.3,,306,13.0,6.8,91,1.0
2026-08-20T06:15:39Z,27.9,88,25.7,1007.9,0.9,,293,13.8,9.4,86,0.9
2026-08-20T06:20:39Z,27.7,88,25.5,1007.8,0.0,,302,14.0,3.6,56,0.6
2026-08-20T06:25:39Z,27.6,88,25.4,1007.8,0.4,,261,14.0,1.4,79,0.9
2026-08-20T06:30:39Z,27.3,89,25.3,1007.6,0.4,,216,14.4,3.0,53,0.0
2026-08-20T06:35:39Z,27.3,89,25.3,1007.6,0.4,,265,15.2,8.0,105,1.0
2026-08-20T06:40:39Z,27.3,90,25.5,1007.6,0.0,,265,15.2,1.8,172,1.3
2026-08-20T06:45:39Z,27.4,90,25.6,1007.5,0.9,,276,15.4,1.6,302,2.2
2026-08-20T06:50:39Z,27.5,91,25.9,1007.3,0.9,,278,15.4,1.4,390,3.3
2026-08-20T06:55:39Z,27.8,91,26.2,1007.3,0.4,,279,15.4,0.8,367,3.1
2026-08-20T07:00:39Z,27.9,91,26.3,1007.1,1.3,,291,15.4,0.0,316,2.7
2026-08-20T07:05:39Z,27.9,91,26.3,1007.1,0.9,,295,15.4,0.0,301,2.5
2026-08-20T07:10:39Z,27.9,90,26.1,1006.9,1.3,,293,15.4,0.0,248,2.0
2026-08-20T07:15:39Z,28.2,91,26.6,1007.0,1.3,,303,15.4,0.0,473,3.1
2026-08-20T07:20:39Z,28.3,91,26.7,1007.1,2.2,,293,15.4,0.0,548,3.5
2026-08-20T07:25:39Z,28.4,90,26.6,1007.2,1.8,,304,15.4,0.0,329,2.2
2026-08-20T07:30:39Z,28.4,90,26.6,1007.2,1.8,,298,15.4,0.0,227,1.5
2026-08-20T07:35:39Z,28.3,89,26.3,1007.3,0.9,,300,15.4,0.0,120,0.8
2026-08-20T07:40:39Z,28.3,89,26.3,1007.2,0.9,,302,15.4,0.0,146,0.9
2026-08-20T07:45:39Z,28.4,89,26.4,1007.3,0.9,,297,15.4,0.0,265,1.6
2026-08-20T07:50:39Z,28.3,88,26.1,1007.2,0.4,,292,15.4,0.0,229,1.6
2026-08-20T07:55:39Z,28.3,88,26.1,1007.3,1.3,,317,15.4,0.0,144,1.0
2026-08-20T08:00:39Z,28.3,88,26.1,1007.1,1.3,,311,15.4,0.0,26,0.0
2026-08-20T08:05:39Z,28.2,87,25.8,1007.5,1.8,,284,17.0,11.8,26,0.0
2026-08-20T08:10:39Z,27.9,88,25.7,1007.7,0.4,,270,17.0,2.2,18,0.0
2026-08-20T08:15:39Z,27.8,89,25.8,1007.9,1.3,,302,18.4,54.4,21,0.0
2026-08-20T08:20:39Z,27.7,89,25.7,1008.0,1.3,,297,19.0,3.2,37,0.0
2026-08-20T08:25:39Z,27.5,90,25.7,1008.1,0.9,,290,22.0,38.6,44,0.0
2026-08-20T08:30:39Z,27.2,90,25.4,1008.1,1.8,,288,24.4,22.6,47,0.0
2026-08-20T08:35:39Z,27.1,90,25.3,1008.1,1.3,,300,26.4,18.2,51,0.0
2026-08-20T08:40:39Z,26.9,91,25.3,1007.9,0.4,,302,27.2,6.2,67,0.0
2026-08-20T08:45:39Z,26.9,91,25.3,1007.9,0.4,,303,27.2,1.8,62,0.0
2026-08-20T08:50:39Z,26.9,91,25.3,1008.0,3.6,,278,27.6,5.0,98,0.0
2026-08-20T08:55:39Z,26.7,91,25.1,1007.9,0.9,,310,27.8,2.6,93,0.0
2026-08-20T09:00:39Z,26.7,91,25.1,1007.9,0.4,,311,27.8,1.2,70,0.0
2026-08-20T09:05:39Z,26.7,92,25.3,1008.1,0.0,,311,28.0,1.0,44,0.0
2026-08-20T09:10:39Z,26.8,92,25.4,1008.0,0.4,,311,28.0,1.0,49,0.0
2026-08-20T09:15:39Z,26.8,92,25.4,1008.1,0.0,,311,28.0,1.0,47,0.0
2026-08-20T09:20:39Z,26.8,92,25.4,1008.0,0.9,,311,28.0,0.8,67,0.0
2026-08-20T09:25:39Z,26.8,92,25.4,1007.9,0.4,,311,28.0,0.0,47,0.0
2026-08-20T09:30:39Z,26.9,92,25.5,1008.0,0.9,,311,28.0,0.0,39,0.0
2026-08-20T09:35:39Z,26.8,92,25.4,1008.0,0.0,,311,28.0,0.0,37,0.0
2026-08-20T09:40:39Z,26.9,92,25.5,1008.1,0.0,,311,28.0,0.0,26,0.0
2026-08-20T09:45:39Z,26.8,92,25.4,1008.1,0.0,,311,28.0,0.0,16,0.0
2026-08-20T09:50:39Z,26.8,92,25.4,1008.0,0.4,,311,28.0,0.0,14,0.0
2026-08-20T09:55:39Z,26.8,92,25.4,1008.1,0.4,,311,28.0,0.0,11,0.0
2026-08-20T10:00:39Z,26.8,92,25.4,1008.1,0.0,,311,28.0,0.0,9,0.0
2026-08-20T10:05:39Z,26.8,92,25.4,1008.1,0.4,,311,28.0,0.0,0,0.0
2026-08-20T10:10:39Z,26.8,92,25.4,1008.2,0.9,,310,28.0,0.0,0,0.0
2026-08-20T10:15:39Z,26.8,92,25.4,1008.3,0.4,,330,28.0,0.0,0,0.0
2026-08-20T10:20:39Z,26.6,92,25.2,1008.4,0.9,,317,28.0,0.0,0,0.0
2026-08-20T10:25:39Z,26.4,92,25.0,1008.3,0.9,,290,28.0,0.0,0,0.0
2026-08-20T10:30:39Z,26.3,92,24.9,1008.6,0.9,,277,28.4,0.0,0,0.0
2026-08-20T10:35:39Z,26.2,92,24.8,1008.4,0.4,,279,30.0,7.4,0,0.0
2026-08-20T10:40:39Z,26.2,92,24.8,1008.5,0.9,,286,30.2,3.4,0,0.0
2026-08-20T10:45:39Z,26.2,92,24.8,1008.5,0.0,,286,30.2,1.4,0,0.0
2026-08-20T10:50:39Z,26.2,92,24.8,1008.6,0.0,,288,30.2,0.8,0,0.0
2026-08-20T10:55:39Z,26.3,92,24.9,1008.7,0.0,,288,30.2,0.0,0,0.0
2026-08-20T11:00:40Z,26.3,92,24.9,1008.7,0.0,,288,30.2,0.0,0,0.0
2026-08-20T11:05:39Z,26.3,92,24.9,1009.0,0.4,,260,30.6,3.8,0,0.0
2026-08-20T11:10:38Z,26.4,92,25.0,1009.7,1.8,,272,35.0,88.6,0,0.0
2026-08-20T11:15:38Z,26.4,92,25.0,1009.8,4.0,,256,46.4,185.8,0,0.0
2026-08-20T11:20:38Z,26.0,92,24.6,1009.9,1.8,,279,51.8,38.8,0,0.0
2026-08-20T11:25:38Z,25.6,92,24.2,1009.8,1.3,,300,54.4,22.4,0,0.0
2026-08-20T11:30:38Z,25.6,92,24.2,1009.7,3.1,,300,55.8,13.2,0,0.0
2026-08-20T11:35:38Z,25.6,92,24.2,1009.9,1.8,,306,56.6,9.4,0,0.0
2026-08-20T11:40:38Z,25.7,93,24.5,1009.8,3.1,,300,57.4,6.2,0,0.0
2026-08-20T11:45:38Z,25.8,93,24.6,1009.8,0.9,,277,57.8,3.8,0,0.0
2026-08-20T11:50:38Z,25.8,93,24.6,1009.8,1.3,,319,58.0,3.6,0,0.0
2026-08-20T11:55:38Z,25.8,93,24.6,1009.8,2.2,,317,58.4,4.6,0,0.0
2026-08-20T12:00:38Z,25.9,93,24.7,1010.0,1.3,,296,58.8,4.6,0,0.0
2026-08-20T12:05:38Z,26.1,93,24.9,1009.9,1.3,,316,59.2,6.6,0,0.0
2026-08-20T12:10:38Z,26.1,93,24.9,1009.9,1.3,,292,60.0,4.0,0,0.0
2026-08-20T12:15:38Z,25.9,93,24.7,1010.0,1.3,,298,60.2,3.0,0,0.0
2026-08-20T12:20:38Z,25.8,93,24.6,1009.9,0.0,,287,60.6,4.8,0,0.0
2026-08-20T12:25:38Z,25.8,93,24.6,1009.8,0.4,,305,61.0,5.2,0,0.0
2026-08-20T12:30:38Z,25.8,93,24.6,1009.8,0.0,,304,61.4,5.2,0,0.0
2026-08-20T12:35:38Z,25.8,93,24.6,1009.8,0.4,,304,62.0,5.4,0,0.0
2026-08-20T12:40:38Z,25.8,93,24.6,1009.9,0.0,,304,62.4,4.8,0,0.0
2026-08-20T12:45:41Z,25.8,93,24.6,1009.8,0.9,,304,62.8,4.8,0,0.0
2026-08-20T12:50:38Z,25.8,93,24.6,1009.8,0.0,,304,63.0,4.4,0,0.0
2026-08-20T12:55:38Z,25.8,93,24.6,1009.7,0.0,,304,63.2,3.0,0,0.0
2026-08-20T13:00:34Z,25.8,93,24.6,1009.8,0.0,,304,63.4,2.0,0,0.0
2026-08-20T13:05:35Z,25.8,93,24.6,1009.8,0.0,,304,63.6,1.8,0,0.0
2026-08-20T13:10:35Z,25.8,93,24.6,1009.8,0.0,,304,63.6,1.8,0,0.0
2026-08-20T13:15:35Z,25.8,93,24.6,1009.9,0.0,,304,63.8,1.6,0,0.0
2026-08-20T13:20:36Z,25.7,93,24.4,1009.9,0.3,0.1,304,64.8,9.6,0,0.0
2026-08-20T13:25:36Z,25.7,93,24.4,1009.8,0.0,0.1,303,66.0,5.6,0,0.0
2026-08-20T13:30:38Z,25.7,93,24.4,1009.9,0.0,0.0,303,66.2,2.8,0,0.0
2026-08-20T13:35:38Z,25.7,93,24.4,1009.8,0.4,0.1,303,66.4,1.6,0,0.0
2026-08-20T13:40:38Z,25.7,93,24.4,1009.8,0.0,0.1,303,66.4,1.6,0,0.0
2026-08-20T13:45:38Z,25.7,93,24.4,1009.9,0.3,0.1,304,66.8,3.8,0,0.0
2026-08-20T13:50:38Z,25.7,93,24.4,1009.9,0.1,0.1,304,67.2,4.0,0,0.0
2026-08-20T13:55:38Z,25.6,93,24.4,1010.0,0.0,0.0,304,67.2,2.2,0,0.0
2026-08-20T14:00:40Z,25.6,93,24.4,1009.9,0.0,0.0,304,67.2,1.2,0,0.0
2026-08-20T14:05:40Z,25.6,93,24.4,1010.0,0.0,0.0,304,67.4,1.0,0,0.0
2026-08-20T14:10:40Z,25.6,93,24.4,1010.0,0.0,0.0,304,67.4,1.0,0,0.0
2026-08-20T14:15:40Z,25.6,93,24.4,1009.9,0.0,0.0,304,67.6,1.0,0,0.0
2026-08-20T14:20:40Z,25.6,94,24.4,1009.8,0.0,0.0,304,67.6,1.0,0,0.0
2026-08-20T14:25:40Z,25.6,94,24.4,1009.6,0.0,0.0,304,67.6,1.0,0,0.0
2026-08-20T14:30:42Z,25.7,94,24.4,1009.7,0.0,0.0,304,67.8,0.8,0,0.0
2026-08-20T14:35:42Z,25.7,94,24.4,1009.7,0.0,0.0,304,67.8,0.8,0,0.0
2026-08-20T14:40:42Z,25.6,94,24.4,1009.6,0.0,0.0,304,67.8,0.8,0,0.0
2026-08-20T14:45:42Z,25.6,94,24.4,1009.7,0.0,0.0,304,67.8,0.0,0,0.0
2026-08-20T14:50:42Z,25.7,94,24.4,1009.6,0.0,0.0,304,68.0,0.0,0,0.0
2026-08-20T14:55:42Z,25.7,94,24.4,1009.6,0.0,0.0,304,68.0,0.0,0,0.0
2026-08-20T15:00:44Z,25.7,94,25.0,1009.6,0.0,0.0,304,68.0,0.0,0,0.0
2026-08-20T15:05:44Z,25.7,94,25.0,1009.4,0.0,0.0,304,68.2,0.8,0,0.0
2026-08-20T15:10:44Z,25.7,94,25.0,1009.4,0.0,0.0,304,68.4,1.6,0,0.0
2026-08-20T15:15:44Z,25.7,94,25.0,1009.2,0.0,0.0,304,68.4,1.6,0,0.0
2026-08-20T15:20:44Z,25.7,94,25.0,1009.2,0.0,0.0,304,68.4,1.2,0,0.0
2026-08-20T15:25:44Z,25.7,94,25.0,1009.2,0.0,0.0,304,68.4,0.8,0,0.0
2026-08-20T15:30:46Z,25.8,94,25.0,1009.1,0.0,0.0,304,68.4,0.0,0,0.0
2026-08-20T15:35:48Z,25.8,94,25.0,1009.1,0.0,0.0,304,68.4,0.0,0,0.0
2026-08-20T15:40:48Z,25.8,94,25.0,1009.2,0.0,0.0,304,68.4,0.0,0,0.0
2026-08-20T15:45:50Z,25.8,94,25.0,1009.1,0.0,0.0,304,68.6,0.0,0,0.0
2026-08-20T15:50:50Z,25.8,94,25.0,1009.1,0.0,0.0,304,68.6,0.0,0,0.0
2026-08-20T15:55:52Z,25.8,94,25.0,1009.1,0.0,0.0,304,68.6,0.0,0,0.0
2026-08-20T16:00:54Z,25.8,94,25.0,1009.1,0.0,0.0,304,68.6,0.0,0,0.0
2026-08-20T16:05:55Z,25.8,94,25.0,1009.1,0.0,0.0,304,0.0,0.0,0,0.0
2026-08-20T16:10:55Z,25.8,94,25.0,1009.1,0.0,0.0,304,0.0,0.0,0,0.0
2026-08-20T16:15:55Z,25.8,94,25.0,1009.1,0.0,0.0,304,0.0,0.0,0,0.0
2026-08-20T16:20:55Z,25.8,94,25.0,1009.0,0.0,0.0,304,0.0,0.0,0,0.0
2026-08-20T16:25:55Z,25.8,94,25.0,1009.0,0.0,0.0,304,0.0,0.0,0,0.0
2026-08-20T16:30:57Z,25.8,94,25.0,1009.0,0.0,0.0,304,0.0,0.0,0,0.0
2026-08-20T16:35:59Z,25.8,94,25.0,1009.0,0.0,0.0,304,0.0,0.0,0,0.0
2026-08-20T16:40:59Z,25.8,94,25.0,1009.0,0.0,0.0,304,0.0,0.0,0,0.0
2026-08-20T16:46:01Z,25.8,94,25.0,1009.0,0.0,0.0,304,0.0,0.0,0,0.0
2026-08-20T16:51:01Z,25.8,94,25.0,1009.0,0.0,0.0,304,0.2,0.0,0,0.0
2026-08-20T16:56:03Z,25.8,94,25.0,1009.0,0.0,0.0,304,0.2,0.0,0,0.0
2026-08-20T17:01:05Z,25.8,94,25.0,1008.9,0.0,0.0,304,0.2,0.0,0,0.0
2026-08-20T17:06:05Z,25.8,94,25.0,1008.8,0.0,0.0,304,0.2,0.0,0,0.0
2026-08-20T17:11:07Z,25.8,94,25.0,1008.7,0.0,0.0,304,0.2,0.0,0,0.0
2026-08-20T17:16:07Z,25.9,94,25.0,1008.6,0.0,0.0,304,0.2,0.0,0,0.0
2026-08-20T17:21:10Z,25.9,94,25.0,1008.4,0.0,0.0,304,0.2,0.0,0,0.0
2026-08-20T17:26:10Z,25.9,94,25.0,1008.5,0.0,0.0,304,0.2,0.0,0,0.0
2026-08-20T17:31:10Z,25.9,94,25.0,1008.5,0.0,0.0,304,0.2,0.0,0,0.0
2026-08-20T17:36:11Z,25.9,94,25.0,1008.5,0.0,0.0,304,0.2,0.0,0,0.0
2026-08-20T17:41:13Z,25.9,94,25.0,1008.5,0.0,0.0,304,0.2,0.0,0,0.0
2026-08-20T17:46:15Z,25.9,94,25.0,1008.4,0.0,0.0,304,0.2,0.0,0,0.0
2026-08-20T17:51:15Z,25.9,94,25.0,1008.3,0.0,0.0,304,0.2,0.0,0,0.0
2026-08-20T17:56:17Z,25.9,94,25.0,1008.2,0.0,0.0,304,0.2,0.0,0,0.0
2026-08-20T18:01:19Z,26.0,94,25.0,1008.3,0.0,0.0,304,0.2,0.0,0,0.0
2026-08-20T18:06:19Z,26.0,94,25.0,1008.2,0.0,0.0,304,0.2,0.0,0,0.0
2026-08-20T18:11:21Z,26.1,94,25.0,1008.2,0.0,0.0,304,0.2,0.0,0,0.0
2026-08-20T18:16:22Z,26.1,94,25.0,1008.1,0.0,0.0,304,0.2,0.0,0,0.0
2026-08-20T18:21:24Z,26.1,94,25.0,1008.0,0.0,0.0,304,0.2,0.0,0,0.0
2026-08-20T18:26:25Z,26.2,94,25.0,1008.1,0.0,0.0,304,0.2,0.0,0,0.0
2026-08-20T18:31:26Z,26.2,94,25.0,1008.1,0.0,0.0,304,0.2,0.0,0,0.0
2026-08-20T18:36:27Z,26.3,94,25.0,1007.9,0.0,0.0,304,0.2,0.0,0,0.0
2026-08-20T18:41:28Z,26.3,94,25.6,1008.1,0.0,0.0,304,0.2,0.0,0,0.0
2026-08-20T18:46:29Z,26.3,94,25.6,1008.1,0.0,0.0,304,0.4,0.0,0,0.0
2026-08-20T18:51:29Z,26.2,94,25.0,1008.1,0.2,0.1,302,1.0,9.0,0,0.0
2026-08-20T18:56:30Z,26.1,94,25.0,1008.1,0.0,0.1,301,1.2,2.6,0,0.0
2026-08-20T19:01:30Z,26.1,94,25.0,1008.0,0.0,0.0,301,1.4,1.6,0,0.0
2026-08-20T19:06:30Z,26.1,94,25.0,1008.0,0.0,0.0,301,1.4,1.6,0,0.0
2026-08-20T19:11:30Z,26.1,94,25.0,1007.9,0.0,0.0,301,1.4,1.0,0,0.0
2026-08-20T19:16:32Z,26.1,94,25.0,1008.0,0.0,0.0,301,1.4,0.0,0,0.0
2026-08-20T19:21:32Z,26.2,94,25.0,1008.0,0.0,0.1,300,1.4,0.0,0,0.0
2026-08-20T19:26:32Z,26.2,94,25.0,1008.0,0.0,0.1,283,1.6,2.4,0,0.0
2026-08-20T19:31:32Z,26.3,94,25.6,1008.0,0.0,0.0,283,2.4,6.4,0,0.0
2026-08-20T19:36:32Z,26.2,94,25.6,1008.0,0.0,0.2,242,2.4,1.8,0,0.0
2026-08-20T19:41:32Z,26.1,94,25.0,1008.0,0.6,0.4,260,2.4,1.0,0,0.0
2026-08-20T19:46:34Z,25.9,94,25.0,1008.1,0.9,0.4,258,2.4,0.8,0,0.0
2026-08-20T19:51:34Z,25.9,94,25.0,1008.0,0.0,0.4,247,2.4,0.0,0,0.0
2026-08-20T19:56:34Z,26.1,94,25.0,1008.1,0.4,0.3,265,2.4,0.0,0,0.0
2026-08-20T20:01:34Z,26.2,94,25.0,1008.1,0.5,0.3,252,2.4,0.0,0,0.0
2026-08-20T20:06:34Z,26.2,94,25.0,1008.2,1.0,0.4,240,4.0,43.0,0,0.0
2026-08-20T20:11:36Z,26.1,94,25.0,1008.1,0.6,0.4,243,9.0,55.2,0,0.0
2026-08-20T20:16:36Z,26.1,94,25.0,1008.1,1.6,0.5,235,12.8,17.8,0,0.0
2026-08-20T20:21:38Z,25.6,93,24.4,1008.1,1.6,0.5,231,15.2,42.4,0,0.0
2026-08-20T20:26:38Z,25.6,94,24.4,1008.1,0.4,0.5,273,17.4,13.8,0,0.0
2026-08-20T20:31:40Z,25.7,94,24.4,1008.2,0.1,0.3,232,18.8,23.2,0,0.0
2026-08-20T20:36:40Z,25.8,94,25.0,1008.0,0.0,0.2,251,20.0,10.2,0,0.0
2026-08-20T20:41:42Z,25.9,94,25.0,1008.1,0.0,0.3,263,20.2,3.6,0,0.0
2026-08-20T20:46:44Z,25.9,94,25.0,1008.0,0.1,0.3,265,20.6,4.4,0,0.0
2026-08-20T20:51:44Z,25.9,94,25.0,1007.9,0.0,0.1,265,20.8,3.6,0,0.0
2026-08-20T20:56:46Z,25.8,94,25.0,1007.9,0.0,0.0,265,21.2,3.8,0,0.0
2026-08-20T21:01:46Z,25.8,94,25.0,1007.7,0.0,0.0,282,21.4,3.0,0,0.0
2026-08-20T21:06:48Z,25.8,94,25.0,1007.7,0.0,0.2,243,21.8,5.2,0,0.0
2026-08-20T21:11:48Z,25.8,94,25.0,1007.7,0.0,0.2,243,22.2,5.0,0,0.0
2026-08-20T21:16:50Z,25.8,94,25.0,1007.7,0.0,0.0,243,22.6,5.4,0,0.0
2026-08-20T21:21:52Z,25.8,94,25.0,1007.8,0.0,0.0,243,23.0,4.6,0,0.0
2026-08-20T21:26:52Z,25.9,94,25.0,1007.9,0.0,0.0,244,23.4,5.0,0,0.0
2026-08-20T21:31:54Z,25.8,94,25.0,1008.0,0.0,0.2,243,23.6,3.2,0,0.0
2026-08-20T21:36:54Z,25.8,94,25.0,1008.1,0.0,0.2,162,23.8,2.8,0,0.0
2026-08-20T21:41:56Z,25.8,94,25.0,1008.1,0.0,0.2,265,24.0,2.2,0,0.0
2026-08-20T21:46:58Z,25.8,94,25.0,1008.1,0.1,0.1,246,24.4,4.2,0,0.0
2026-08-20T21:51:58Z,25.8,94,25.0,1008.0,0.3,0.2,263,24.6,3.0,0,0.0
2026-08-20T21:57:00Z,25.9,94,25.0,1008.0,0.0,0.2,263,24.8,2.6,0,0.0
2026-08-20T22:02:00Z,25.9,94,25.0,1008.0,0.1,0.1,264,25.0,2.0,7,0.0
2026-08-20T22:07:02Z,25.9,94,25.0,1008.1,0.0,0.1,265,25.0,1.4,9,0.0
2026-08-20T22:12:02Z,26.0,94,25.0,1008.2,0.0,0.0,265,25.2,1.4,11,0.0
2026-08-20T22:17:02Z,26.0,94,25.0,1008.1,0.0,0.0,265,25.4,1.8,11,0.0
2026-08-20T22:22:02Z,26.0,94,25.0,1008.2,0.0,0.1,265,25.8,3.4,12,0.0
2026-08-20T22:27:02Z,26.0,94,25.0,1008.2,0.0,0.1,265,26.0,2.8,11,0.0
2026-08-20T22:32:02Z,26.1,94,25.0,1008.1,0.0,0.0,265,26.2,3.0,12,0.0
2026-08-20T22:37:04Z,26.1,94,25.0,1008.1,0.0,0.0,265,26.4,2.6,11,0.0
2026-08-20T22:42:04Z,26.1,94,25.0,1008.1,0.0,0.0,265,27.0,7.8,7,0.0
2026-08-20T22:47:04Z,26.1,94,25.0,1008.2,0.0,0.0,265,27.4,5.6,7,0.0
2026-08-20T22:52:04Z,26.2,94,25.0,1008.2,0.0,0.0,265,28.2,6.8,11,0.0
2026-08-20T22:57:04Z,26.2,94,25.0,1008.2,0.0,0.0,265,28.8,5.6,12,0.0
2026-08-20T23:02:04Z,26.2,94,25.0,1008.3,0.0,0.0,265,29.2,6.0,9,0.0
2026-08-20T23:07:06Z,26.2,94,25.0,1008.2,0.0,0.0,265,29.6,3.8,11,0.0
2026-08-20T23:12:08Z,26.3,94,25.6,1008.2,0.0,0.0,265,29.8,2.4,11,0.0
2026-08-20T23:17:08Z,26.3,94,25.6,1008.3,0.0,0.0,265,30.8,9.4,0,0.0
2026-08-20T23:22:10Z,26.3,94,25.6,1008.3,0.0,0.0,265,31.2,5.2,12,0.0
2026-08-20T23:27:10Z,26.3,94,25.6,1008.4,0.0,0.1,262,31.8,4.8,23,0.0
2026-08-20T23:32:12Z,26.5,94,25.6,1008.3,0.5,0.2,255,32.0,4.0,33,0.0
2026-08-20T23:37:12Z,26.6,94,25.6,1008.3,0.2,0.2,255,32.2,2.6,18,0.0
2026-08-20T23:42:12Z,26.6,94,25.6,1008.3,0.0,0.2,237,32.2,1.4,21,0.0
2026-08-20T23:47:12Z,26.6,94,25.6,1008.3,0.3,0.3,251,32.2,1.0,40,0.0
2026-08-20T23:52:12Z,26.5,94,25.6,1008.3,0.6,0.4,299,32.2,0.0,37,0.0
2026-08-20T23:57:12Z,26.5,94,25.6,1008.5,0.7,0.4,281,32.2,0.0,28,0.0
2026-08-21T00:02:14Z,26.4,94,25.6,1008.6,2.5,0.5,266,32.2,0.0,30,0.0
2026-08-21T00:07:14Z,26.4,94,25.6,1008.7,1.3,0.6,277,32.2,0.0,39,0.0
2026-08-21T00:12:14Z,26.2,94,25.0,1009.0,1.7,0.6,315,32.8,10.0,25,0.0
2026-08-21T00:17:14Z,25.9,93,25.0,1008.9,2.4,0.4,240,34.6,21.0,33,0.0
2026-08-21T00:22:14Z,25.3,93,24.4,1009.0,0.9,0.4,250,35.2,8.0,39,0.0
2026-08-21T00:27:14Z,25.3,94,23.9,1008.9,0.0,0.4,283,35.6,7.6,46,0.0
2026-08-21T00:32:16Z,25.4,94,24.4,1008.8,0.0,0.1,209,36.2,4.8,42,0.0
2026-08-21T00:37:16Z,25.6,94,24.4,1008.9,0.1,0.2,254,36.2,2.0,42,0.0
2026-08-21T00:42:16Z,25.8,94,25.0,1009.1,0.0,0.2,263,36.2,1.0,42,0.0
2026-08-21T00:47:16Z,25.9,94,25.0,1009.3,0.1,0.1,265,36.4,1.0,47,0.0
2026-08-21T00:52:16Z,25.9,94,25.0,1009.4,0.4,0.2,271,36.4,1.0,49,0.0
2026-08-21T00:57:17Z,25.9,94,25.0,1009.5,0.6,0.1,272,36.6,1.2,30,0.0
2026-08-21T01:02:18Z,26.0,94,25.0,1009.5,0.4,0.3,273,36.6,1.2,40,0.0
2026-08-21T01:07:18Z,25.9,94,25.0,1009.3,0.2,0.3,267,36.8,1.0,37,0.0
2026-08-21T01:12:19Z,25.9,94,25.0,1009.2,0.0,0.1,269,36.8,1.0,37,0.0
2026-08-21T01:17:20Z,26.0,94,25.0,1009.2,0.1,0.2,266,37.0,1.2,32,0.0
2026-08-21T01:22:20Z,26.1,94,25.0,1009.2,0.4,0.2,261,37.2,2.0,51,0.0
2026-08-21T01:27:20Z,26.2,94,25.0,1009.3,0.2,0.2,273,37.2,1.6,40,0.0
2026-08-21T01:32:20Z,26.3,94,25.6,1009.3,0.0,0.2,309,37.2,1.0,40,0.0
2026-08-21T01:37:22Z,26.3,94,25.6,1009.3,1.5,0.5,296,37.4,0.8,47,0.0
2026-08-21T01:42:23Z,26.3,94,25.6,1009.3,1.5,0.5,262,37.4,0.8,19,0.0
2026-08-21T01:47:24Z,26.2,94,25.0,1009.3,1.0,0.4,265,37.4,0.8,37,0.0
2026-08-21T01:52:25Z,26.3,94,25.6,1009.3,1.3,0.4,303,37.4,0.0,37,0.0
2026-08-21T01:57:26Z,26.4,94,25.6,1009.2,0.7,0.4,299,37.6,0.0,39,0.0
2026-08-21T02:02:26Z,26.3,94,25.6,1009.1,1.4,0.4,292,37.6,0.0,40,0.0
2026-08-21T02:07:27Z,26.3,94,25.6,1009.2,0.8,0.4,308,37.6,0.0,83,1.0
2026-08-21T02:12:28Z,26.4,94,25.6,1009.1,1.0,0.4,281,37.6,0.0,137,1.6
2026-08-21T02:17:28Z,26.5,94,25.6,1008.9,1.3,0.5,288,37.8,0.0,130,1.6
2026-08-21T02:22:28Z,26.6,94,25.6,1008.9,0.2,0.5,302,37.8,0.0,137,1.7
2026-08-21T02:27:29Z,26.7,94,25.6,1009.0,0.6,0.4,304,37.8,0.0,88,1.1
2026-08-21T02:32:29Z,26.7,94,25.6,1009.0,0.2,0.4,302,38.0,0.0,107,1.3
2026-08-21T02:37:29Z,26.7,94,25.6,1008.9,0.0,0.2,298,38.2,3.4,116,1.4
2026-08-21T02:42:29Z,26.8,94,25.6,1008.9,0.0,0.2,268,38.4,3.4,98,1.1
2026-08-21T02:47:29Z,26.8,94,25.6,1008.8,0.0,0.1,274,38.6,1.8,60,0.7
2026-08-21T02:52:29Z,26.8,94,25.6,1008.7,0.0,0.1,293,38.8,2.6,65,0.8
2026-08-21T02:57:31Z,26.8,94,26.1,1008.7,0.4,0.3,304,39.0,2.4,197,2.5
2026-08-21T03:02:31Z,27.1,94,26.1,1008.7,0.6,0.3,274,39.0,1.2,178,2.3
2026-08-21T03:07:31Z,26.9,94,26.1,1008.7,1.7,0.4,265,39.2,1.2,216,2.7
2026-08-21T03:12:31Z,26.6,93,25.6,1008.7,0.7,0.4,266,39.2,1.2,234,3.0
2026-08-21T03:17:31Z,26.2,93,25.0,1008.8,0.7,0.4,276,39.4,1.2,199,2.5
2026-08-21T03:22:31Z,26.4,94,25.6,1008.8,0.8,0.4,295,39.4,1.2,183,2.4
2026-08-21T03:27:33Z,26.2,93,25.0,1008.7,1.5,0.4,279,39.4,0.8,130,1.7
2026-08-21T03:32:35Z,26.0,93,25.0,1008.7,0.6,0.4,277,39.4,0.0,102,1.3
2026-08-21T03:37:35Z,26.0,93,25.0,1008.7,1.5,0.3,268,39.4,0.0,135,1.8
2026-08-21T03:42:37Z,26.2,93,25.0,1008.7,1.0,0.3,270,39.4,0.0,141,2.0
2026-08-21T03:47:37Z,26.3,93,25.0,1008.7,1.7,0.4,271,39.4,0.0,118,1.5
2026-08-21T03:52:39Z,26.4,93,25.6,1008.7,1.5,0.4,265,39.6,0.0,165,2.2
2026-08-21T03:57:39Z,26.6,93,25.6,1008.7,1.6,0.6,284,39.6,0.0,135,1.8
2026-08-21T04:02:39Z,26.6,93,25.6,1008.6,1.9,0.6,287,39.8,1.2,123,1.6
2026-08-21T04:07:39Z,26.4,93,25.6,1008.6,1.9,0.5,304,39.8,1.2,139,1.9
2026-08-21T04:12:39Z,26.4,93,25.6,1008.5,1.8,0.5,294,39.8,1.0,113,1.5
2026-08-21T04:17:39Z,26.5,93,25.6,1008.4,1.7,0.4,272,40.4,6.2,70,0.9
2026-08-21T04:22:41Z,26.6,93,25.6,1008.4,2.3,0.4,313,40.6,3.6,113,1.4
2026-08-21T04:27:41Z,26.7,93,25.6,1008.4,1.3,0.4,266,40.8,2.2,134,1.9
2026-08-21T04:32:41Z,26.5,93,25.6,1008.3,2.1,0.5,294,41.0,2.4,135,1.8
2026-08-21T04:37:41Z,26.4,93,25.6,1008.3,1.2,0.5,266,41.2,2.6,84,1.3
2026-08-21T04:42:41Z,26.6,93,25.6,1008.3,2.6,0.5,298,41.4,3.2,148,1.9
2026-08-21T04:47:41Z,26.6,93,25.6,1008.1,3.4,0.5,288,41.8,3.8,155,2.0
2026-08-21T04:52:43Z,26.6,93,25.6,1008.0,3.4,0.6,325,42.0,2.6,171,2.2
2026-08-21T04:57:43Z,26.7,93,25.6,1007.8,3.0,0.6,311,42.0,1.8,190,2.4
2026-08-21T05:02:43Z,26.7,93,25.6,1007.8,3.0,0.5,302,42.0,1.0,199,2.6
2026-08-21T05:07:45Z,26.7,93,25.6,1007.7,2.8,0.6,294,42.0,0.8,178,2.3
2026-08-21T05:12:45Z,26.6,93,25.6,1007.7,3.0,0.7,292,42.2,0.8,125,1.8
2026-08-21T05:17:45Z,26.7,93,25.6,1007.7,1.5,0.6,269,42.2,0.8,130,1.6
2026-08-21T05:22:45Z,26.7,93,25.6,1007.6,2.5,0.5,315,42.2,0.8,88,1.1
2026-08-21T05:27:47Z,26.7,93,25.6,1007.7,2.4,0.6,293,42.2,0.0,127,1.6
2026-08-21T05:32:47Z,26.7,93,25.6,1007.6,2.0,0.6,304,42.4,0.0,142,1.6
2026-08-21T05:37:49Z,26.8,93,25.6,1007.6,2.4,0.5,289,42.4,0.0,144,1.7
2026-08-21T05:42:51Z,26.8,93,25.6,1007.5,1.7,0.5,298,42.4,0.0,141,1.7
2026-08-21T05:47:51Z,26.8,93,25.6,1007.6,1.7,0.4,231,42.4,0.0,70,0.9
2026-08-21T05:52:51Z,26.8,93,25.6,1007.5,2.5,0.5,297,42.4,0.0,67,0.8
2026-08-21T05:57:51Z,26.7,93,25.6,1007.6,2.1,0.5,267,42.4,0.0,84,1.1
2026-08-21T06:02:51Z,26.6,93,25.6,1007.5,2.0,0.5,261,42.6,0.0,146,1.7
2026-08-21T06:07:53Z,26.4,93,25.0,1007.5,2.1,0.5,273,42.6,0.0,100,1.2
2026-08-21T06:12:53Z,26.4,93,25.6,1007.5,2.4,0.5,271,43.0,4.8,95,1.1
2026-08-21T06:17:55Z,26.2,92,25.0,1007.5,1.7,0.4,265,43.2,2.8,28,0.0
2026-08-21T06:22:55Z,26.2,93,25.0,1007.4,1.2,0.4,251,44.4,12.8,53,0.0
2026-08-21T06:27:55Z,26.2,93,25.0,1007.3,1.7,0.4,296,44.8,4.6,148,1.5
2026-08-21T06:32:57Z,26.3,93,25.0,1007.3,1.9,0.4,268,45.0,3.2,132,1.7
2026-08-21T06:37:57Z,26.4,93,25.0,1007.2,1.4,0.4,279,45.0,1.6,125,1.4
2026-08-21T06:42:59Z,26.6,93,25.6,1007.2,1.2,0.4,288,45.2,1.2,156,1.7
2026-08-21T06:47:59Z,26.7,93,25.6,1007.1,1.5,0.4,284,45.4,2.0,127,1.3
2026-08-21T06:53:01Z,26.7,93,25.6,1007.1,1.4,0.4,284,45.4,1.8,144,1.4
2026-08-21T06:58:03Z,26.8,93,25.6,1007.1,2.4,0.5,304,45.4,1.0,113,1.1
2026-08-21T07:03:03Z,26.7,93,25.6,1007.1,3.5,0.6,299,45.6,0.8,132,1.3
2026-08-21T07:08:05Z,26.7,93,25.6,1007.1,3.2,0.6,294,45.6,0.8,121,1.2
2026-08-21T07:13:05Z,26.6,93,25.6,1007.0,3.4,0.6,269,45.6,0.8,83,0.8
2026-08-21T07:18:07Z,26.7,93,25.6,1007.0,3.0,0.6,301,45.6,0.8,102,1.0
2026-08-21T07:23:09Z,26.6,93,25.6,1006.9,3.0,0.5,294,45.6,0.0,107,1.0
2026-08-21T07:28:09Z,26.6,93,25.6,1006.9,2.1,0.5,281,45.6,0.0,91,0.8
2026-08-21T07:33:11Z,26.7,93,25.6,1006.9,2.6,0.4,305,45.8,0.0,102,0.9
2026-08-21T07:38:11Z,26.4,93,25.0,1006.9,3.3,0.5,281,45.8,0.0,81,0.7
2026-08-21T07:43:13Z,26.4,93,25.0,1006.9,2.7,0.5,281,46.0,1.0,21,0.0
2026-08-21T07:48:15Z,26.3,93,25.0,1006.9,2.2,0.5,317,46.0,1.0,12,0.0
2026-08-21T07:53:15Z,26.4,93,25.6,1006.9,2.4,0.5,302,46.6,10.8,11,0.0
2026-08-21T07:58:17Z,26.2,93,25.0,1006.9,4.0,0.6,292,49.2,21.8,23,0.0
2026-08-21T08:03:20Z,26.2,93,25.0,1006.9,2.5,0.6,284,49.8,5.6,16,0.0
2026-08-21T08:08:21Z,26.2,93,25.0,1006.9,1.3,0.6,274,50.4,3.8,35,0.0
2026-08-21T08:13:23Z,26.3,93,25.0,1006.9,1.4,0.4,277,50.6,2.8,19,0.0
2026-08-21T08:18:23Z,26.3,93,25.0,1007.0,1.1,0.4,294,50.8,2.0,9,0.0
2026-08-21T08:23:23Z,26.3,93,25.0,1006.9,1.7,0.4,262,51.4,5.8,23,0.0
2026-08-21T08:28:23Z,26.3,93,25.0,1006.9,3.1,0.5,294,52.0,7.8,30,0.0
2026-08-21T08:33:25Z,26.1,93,25.0,1006.9,4.5,0.8,305,52.6,9.4,19,0.0
2026-08-21T08:38:25Z,26.2,93,25.0,1006.9,3.9,0.8,272,53.6,13.0,11,0.0
2026-08-21T08:43:27Z,25.8,93,25.0,1006.9,5.5,0.8,306,54.4,8.0,19,0.0
2026-08-21T08:48:29Z,25.7,93,24.4,1006.9,4.2,0.8,309,55.2,9.8,11,0.0
2026-08-21T08:53:29Z,25.7,93,24.4,1006.8,3.2,0.8,304,55.8,7.2,14,0.0
2026-08-21T08:58:31Z,25.7,93,24.4,1006.8,3.2,0.7,303,56.2,5.4,12,0.0
2026-08-21T09:03:31Z,25.8,93,24.4,1006.8,3.5,0.7,269,56.6,4.2,12,0.0
2026-08-21T09:08:33Z,25.9,93,25.0,1006.8,3.4,0.6,280,56.8,2.8,11,0.0
2026-08-21T09:13:33Z,26.1,94,25.0,1006.7,2.5,0.6,290,57.0,2.6,9,0.0
2026-08-21T09:18:33Z,26.0,93,25.0,1006.8,3.9,0.6,288,57.2,2.8,9,0.0
2026-08-21T09:23:33Z,25.9,93,25.0,1006.8,3.1,0.6,290,57.4,2.4,7,0.0
2026-08-21T09:28:33Z,25.9,93,25.0,1006.9,3.1,0.6,276,57.6,2.2,5,0.0
2026-08-21T09:33:34Z,25.9,93,25.0,1007.0,1.6,0.5,273,57.8,2.0,0,0.0
2026-08-21T09:38:35Z,26.0,94,25.0,1006.8,1.8,0.4,298,58.0,1.6,0,0.0
2026-08-21T09:43:35Z,26.1,94,25.0,1006.8,1.7,0.5,277,58.0,1.6,0,0.0
2026-08-21T09:48:35Z,26.1,94,25.0,1006.9,1.6,0.4,284,58.2,1.2,0,0.0
2026-08-21T09:53:35Z,26.1,94,25.0,1006.9,2.1,0.4,277,58.2,1.2,0,0.0
2026-08-21T09:58:35Z,26.1,94,25.0,1006.9,2.8,0.4,284,58.4,1.4,0,0.0
2026-08-21T10:03:36Z,26.1,94,25.0,1007.2,2.3,0.4,292,58.4,1.4,0,0.0
2026-08-21T10:08:38Z,26.2,94,25.0,1007.2,2.0,0.4,290,58.4,1.0,0,0.0
2026-08-21T10:13:40Z,26.1,94,25.0,1007.2,2.3,0.4,304,58.6,0.8,0,0.0
2026-08-21T10:18:40Z,26.0,94,25.0,1007.3,2.5,0.4,293,58.6,0.8,0,0.0
2026-08-21T10:23:42Z,26.0,94,25.0,1007.3,2.4,0.4,264,58.6,0.8,0,0.0
2026-08-21T10:28:42Z,26.1,94,25.0,1007.3,2.2,0.4,291,58.6,0.0,0,0.0
2026-08-21T10:33:44Z,26.1,94,25.0,1007.2,2.5,0.4,307,58.6,0.0,0,0.0
2026-08-21T10:38:44Z,26.0,94,25.0,1007.3,1.9,0.4,250,58.6,0.0,0,0.0
2026-08-21T10:43:44Z,26.0,94,25.0,1007.3,2.5,0.4,312,58.6,0.0,0,0.0
2026-08-21T10:48:44Z,26.0,94,25.0,1007.4,2.1,0.4,290,58.6,0.0,0,0.0
2026-08-21T10:53:44Z,26.1,94,25.0,1007.3,2.1,0.4,292,58.6,0.0,0,0.0
2026-08-21T10:58:58Z,26.1,94,25.0,1007.5,1.8,0.4,269,58.6,0.0,0,0.0
2026-08-21T11:04:00Z,26.2,94,25.0,1007.5,2.1,0.4,296,58.6,0.0,0,0.0
2026-08-21T11:09:02Z,26.2,94,25.0,1007.4,1.3,0.4,284,58.6,0.0,0,0.0
2026-08-21T11:14:04Z,26.2,94,25.0,1007.4,1.2,0.3,284,58.6,0.0,0,0.0
2026-08-21T11:19:04Z,26.3,94,25.6,1007.6,0.8,0.2,287,58.6,0.0,0,0.0
2026-08-21T11:24:06Z,26.3,94,25.6,1007.6,0.9,0.2,302,58.6,0.0,0,0.0
2026-08-21T11:29:06Z,26.3,94,25.6,1007.7,1.5,0.4,298,58.6,0.0,0,0.0
2026-08-21T11:34:08Z,26.3,94,25.6,1007.6,1.2,0.4,285,58.6,0.0,0,0.0
2026-08-21T11:39:10Z,26.3,94,25.6,1007.7,1.3,0.3,294,58.8,0.0,0,0.0
2026-08-21T11:44:10Z,26.4,94,25.6,1007.7,1.3,0.3,288,58.8,0.0,0,0.0
2026-08-21T11:49:12Z,26.3,94,25.6,1007.6,1.6,0.3,288,58.8,0.0,0,0.0
2026-08-21T11:54:12Z,26.4,94,25.6,1007.8,1.4,0.3,294,58.8,0.0,0,0.0
2026-08-21T11:59:14Z,26.4,94,25.6,1007.9,1.3,0.3,293,58.8,0.0,0,0.0
2026-08-21T12:04:14Z,26.5,94,25.6,1007.9,1.4,0.4,303,58.8,0.0,0,0.0
2026-08-21T12:09:16Z,26.5,94,25.6,1007.9,1.3,0.4,288,58.8,0.0,0,0.0
2026-08-21T12:14:18Z,26.4,94,25.6,1008.0,1.3,0.4,292,58.8,0.0,0,0.0
2026-08-21T12:19:18Z,26.3,94,25.6,1008.0,1.1,0.3,324,58.8,0.0,0,0.0
2026-08-21T12:24:20Z,26.3,93,25.0,1008.1,1.1,0.2,294,58.8,0.0,0,0.0
2026-08-21T12:29:20Z,26.2,94,25.6,1008.2,0.8,0.2,289,59.0,0.0,0,0.0
2026-08-21T12:34:22Z,26.2,94,25.0,1008.2,0.9,0.2,299,59.0,0.0,0,0.0
2026-08-21T12:39:24Z,26.2,93,25.0,1008.2,0.6,0.2,299,59.0,0.0,0,0.0
2026-08-21T12:44:24Z,26.2,93,25.0,1008.2,0.4,0.2,300,59.0,0.0,0,0.0
2026-08-21T12:49:26Z,26.1,93,25.0,1008.2,0.7,0.1,301,59.0,0.0,0,0.0
2026-08-21T12:54:26Z,26.1,93,25.0,1008.3,0.4,0.1,302,59.0,0.0,0,0.0
2026-08-21T12:59:26Z,26.1,93,25.0,1008.2,0.2,0.1,302,59.0,0.0,0,0.0
2026-08-21T13:04:28Z,26.1,93,25.0,1008.3,0.5,0.1,302,59.0,0.0,0,0.0
2026-08-21T13:09:28Z,26.2,93,25.0,1008.2,0.5,0.1,302,59.0,0.0,0,0.0
2026-08-21T13:14:28Z,26.1,93,25.0,1008.2,0.0,0.1,302,59.0,0.0,0,0.0
2026-08-21T13:19:28Z,26.1,93,25.0,1008.3,0.0,0.1,302,59.0,0.0,0,0.0
2026-08-21T13:24:28Z,26.2,93,25.0,1008.3,0.0,0.0,302,59.0,0.0,0,0.0
2026-08-21T13:29:30Z,26.2,93,25.0,1008.3,0.1,0.0,302,59.0,0.0,0,0.0
2026-08-21T13:34:32Z,26.2,93,25.0,1008.3,0.3,0.1,302,59.0,0.0,0,0.0
2026-08-21T13:39:32Z,26.2,93,25.0,1008.4,0.0,0.1,302,59.0,0.0,0,0.0
2026-08-21T13:44:34Z,26.2,93,25.0,1008.3,0.0,0.0,302,59.0,0.0,0,0.0
2026-08-21T13:49:34Z,26.2,93,25.0,1008.4,0.0,0.0,302,59.0,0.0,0,0.0
2026-08-21T13:54:36Z,26.3,93,25.0,1008.5,0.3,0.1,302,59.0,0.0,0,0.0
2026-08-21T13:59:36Z,26.3,93,25.0,1008.4,0.4,0.1,302,59.0,0.0,0,0.0
2026-08-21T14:04:36Z,26.3,93,25.0,1008.4,0.2,0.1,302,59.0,0.0,0,0.0
2026-08-21T14:09:36Z,26.3,93,25.0,1008.4,0.0,0.1,302,59.0,0.0,0,0.0
2026-08-21T14:14:36Z,26.3,93,25.0,1008.4,0.0,0.0,301,59.0,0.0,0,0.0
2026-08-21T14:19:36Z,26.3,93,25.0,1008.3,0.0,0.0,301,59.0,0.0,0,0.0
2026-08-21T14:24:38Z,26.3,93,25.0,1008.4,0.0,0.0,301,59.8,25.0,0,0.0
2026-08-21T14:29:40Z,26.4,93,25.0,1008.4,0.1,0.1,301,60.4,4.4,0,0.0
2026-08-21T14:34:40Z,26.5,94,25.6,1008.4,0.0,0.1,300,60.8,4.4,0,0.0
2026-08-21T14:39:42Z,26.5,93,25.6,1008.3,0.5,0.1,300,61.6,9.0,0,0.0
2026-08-21T14:44:42Z,26.6,93,25.6,1008.2,0.0,0.1,300,62.8,6.4,0,0.0
2026-08-21T14:49:44Z,26.6,93,25.6,1008.3,0.2,0.1,300,63.8,3.4,0,0.0
2026-08-21T14:54:44Z,26.6,93,25.6,1008.2,0.0,0.1,300,63.8,1.4,0,0.0
2026-08-21T14:59:44Z,26.6,93,25.6,1008.2,0.1,0.0,300,63.8,0.8,0,0.0
2026-08-21T15:04:44Z,26.6,93,25.6,1008.1,0.4,0.1,300,64.0,0.8,0,0.0
2026-08-21T15:09:44Z,26.6,93,25.6,1008.1,0.0,0.1,300,64.0,0.8,0,0.0
2026-08-21T15:14:44Z,26.6,93,25.6,1008.0,0.0,0.0,300,64.0,0.8,0,0.0
2026-08-21T15:19:46Z,26.6,93,25.6,1007.9,0.0,0.0,300,64.0,0.0,0,0.0
2026-08-21T15:24:46Z,26.6,93,25.6,1007.8,0.0,0.0,300,64.0,0.0,0,0.0
2026-08-21T15:29:46Z,26.6,93,25.6,1007.8,0.0,0.0,300,64.0,0.0,0,0.0
2026-08-21T15:34:46Z,26.7,94,25.6,1007.7,0.0,0.0,300,64.0,0.0,0,0.0
2026-08-21T15:39:46Z,26.7,94,25.6,1007.7,0.0,0.0,300,64.0,0.0,0,0.0
2026-08-21T15:44:46Z,26.7,94,25.6,1007.7,0.0,0.0,300,64.0,0.0,0,0.0
2026-08-21T15:49:48Z,26.7,94,25.6,1007.5,0.0,0.0,300,64.0,0.0,0,0.0
2026-08-21T15:54:48Z,26.7,94,25.6,1007.4,0.0,0.0,300,64.0,0.0,0,0.0
2026-08-21T15:59:48Z,26.7,94,25.6,1007.4,0.0,0.0,300,64.0,0.0,0,0.0
2026-08-21T16:04:49Z,26.7,94,25.6,1007.1,0.0,0.0,300,0.0,0.0,0,0.0
2026-08-21T16:09:49Z,26.7,94,25.6,1007.1,0.0,0.0,300,0.0,0.0,0,0.0
2026-08-21T16:14:51Z,26.7,94,25.6,1007.1,0.1,0.1,300,3.4,11.6,0,0.0
2026-08-21T16:19:51Z,26.7,94,25.6,1007.1,0.5,0.1,300,3.8,3.6,0,0.0
2026-08-21T16:24:51Z,26.7,94,25.6,1007.0,0.0,0.1,300,4.0,2.6,0,0.0
2026-08-21T16:29:51Z,26.6,93,25.6,1007.1,0.2,0.1,289,4.2,2.0,0,0.0
2026-08-21T16:34:51Z,26.6,93,25.6,1007.1,0.3,0.3,259,4.2,1.4,0,0.0
2026-08-21T16:39:51Z,26.6,93,25.6,1007.0,0.0,0.3,274,4.2,0.8,0,0.0
2026-08-21T16:44:53Z,26.6,94,25.6,1007.0,0.7,0.3,254,4.2,0.0,0,0.0
2026-08-21T16:49:53Z,26.6,94,25.6,1006.9,0.0,0.3,233,4.2,0.0,0,0.0
2026-08-21T16:54:53Z,26.6,94,25.6,1006.9,0.1,0.1,246,4.2,0.0,0,0.0
2026-08-21T16:59:53Z,26.6,94,25.6,1006.9,0.5,0.2,239,4.2,0.0,0,0.0
2026-08-21T17:04:53Z,26.6,94,25.6,1006.8,0.6,0.2,216,4.2,0.0,0,0.0
2026-08-21T17:09:54Z,26.6,93,25.6,1006.7,0.1,0.1,213,4.2,0.0,0,0.0
2026-08-21T17:14:55Z,26.6,94,25.6,1006.7,0.0,0.1,187,4.4,0.0,0,0.0
2026-08-21T17:19:55Z,26.4,93,25.6,1006.6,1.4,0.4,248,4.6,2.0,0,0.0
2026-08-21T17:24:55Z,26.1,93,25.0,1006.6,1.7,0.5,240,5.2,4.0,0,0.0
2026-08-21T17:29:55Z,25.9,93,25.0,1006.6,0.8,0.4,24,5.4,2.0,0,0.0
2026-08-21T17:34:56Z,25.9,93,25.0,1006.6,0.2,0.4,26,5.4,1.6,0,0.0
2026-08-21T17:39:56Z,25.9,93,24.4,1006.6,0.1,0.2,136,5.4,1.0,0,0.0
2026-08-21T17:44:58Z,25.8,93,24.4,1006.6,0.0,0.1,185,5.4,0.0,0,0.0
2026-08-21T17:49:58Z,25.8,93,24.4,1006.4,0.0,0.0,185,5.4,0.0,0,0.0
2026-08-21T17:54:58Z,25.8,93,24.4,1006.4,0.0,0.0,185,5.4,0.0,0,0.0
2026-08-21T17:59:58Z,25.8,93,24.4,1006.3,0.0,0.0,185,5.4,0.0,0,0.0
2026-08-21T18:04:58Z,25.8,93,24.4,1006.3,0.0,0.0,185,5.4,0.0,0,0.0
2026-08-21T18:09:58Z,25.8,94,25.0,1006.3,0.0,0.0,186,5.4,0.0,0,0.0
2026-08-21T18:15:00Z,25.9,94,25.0,1006.2,0.0,0.0,187,5.4,0.0,0,0.0
2026-08-21T18:20:02Z,25.9,94,25.0,1006.1,0.0,0.0,188,5.4,0.0,0,0.0
2026-08-21T18:25:04Z,25.8,93,24.4,1006.1,0.0,0.0,189,5.4,0.0,0,0.0
2026-08-21T18:30:04Z,25.7,93,24.4,1006.0,0.0,0.0,189,5.6,0.0,0,0.0
2026-08-21T18:35:04Z,25.6,93,24.4,1006.1,0.1,0.1,190,5.6,0.0,0,0.0
2026-08-21T18:40:06Z,25.6,93,24.4,1006.0,0.0,0.1,189,6.2,9.8,0,0.0
2026-08-21T18:45:06Z,25.7,94,24.4,1006.0,0.0,0.1,190,6.6,4.8,0,0.0
2026-08-21T18:50:06Z,25.7,94,24.4,1006.1,0.0,0.0,190,7.0,5.0,0,0.0
2026-08-21T18:55:06Z,25.8,94,25.0,1005.9,0.3,0.1,193,9.8,18.6,0,0.0
2026-08-21T19:00:06Z,25.8,94,25.0,1006.0,0.0,0.1,224,11.8,17.0,0,0.0
2026-08-21T19:05:06Z,25.9,94,25.0,1005.9,1.3,0.4,275,13.0,15.0,0,0.0
2026-08-21T19:10:08Z,26.0,94,25.0,1005.9,0.5,0.3,234,14.0,18.6,0,0.0
2026-08-21T19:15:08Z,25.8,93,24.4,1005.9,0.0,0.3,244,15.2,5.2,0,0.0
2026-08-21T19:20:08Z,25.8,94,25.0,1005.8,0.2,0.2,244,15.4,2.4,0,0.0
2026-08-21T19:25:10Z,25.8,94,25.0,1005.9,0.0,0.1,244,15.8,11.4,0,0.0
2026-08-21T19:30:10Z,25.8,94,25.0,1006.1,0.3,0.2,260,17.2,27.4,0,0.0
2026-08-21T19:35:10Z,25.8,94,25.0,1006.2,0.3,0.2,259,21.2,84.8,0,0.0
2026-08-21T19:40:10Z,25.7,94,25.0,1006.1,0.0,0.2,246,24.8,55.6,0,0.0
2026-08-21T19:45:10Z,25.6,93,24.4,1006.0,0.0,0.2,245,27.0,13.0,0,0.0
2026-08-21T19:50:10Z,25.5,93,24.4,1006.0,0.0,0.0,245,27.4,4.6,0,0.0
2026-08-21T19:55:10Z,25.5,94,24.4,1006.1,0.0,0.0,248,27.6,3.0,0,0.0
2026-08-21T20:00:12Z,25.4,94,24.4,1006.1,0.0,0.0,248,27.8,2.6,0,0.0
2026-08-21T20:05:12Z,25.5,94,24.4,1006.1,0.0,0.0,248,27.8,1.2,0,0.0
2026-08-21T20:10:12Z,25.5,94,24.4,1006.2,0.0,0.0,248,28.2,4.8,0,0.0
2026-08-21T20:15:14Z,25.6,94,24.4,1006.2,0.0,0.0,248,28.4,2.0,0,0.0
2026-08-21T20:20:14Z,25.7,94,24.4,1006.0,0.0,0.0,248,28.4,2.0,0,0.0
2026-08-21T20:25:16Z,25.8,94,25.0,1006.1,0.0,0.0,248,28.4,1.2,0,0.0
2026-08-21T20:30:16Z,25.9,94,25.0,1006.1,0.0,0.0,248,28.4,0.8,0,0.0
2026-08-21T20:35:18Z,26.0,94,25.0,1006.2,0.0,0.0,304,28.4,0.0,0,0.0
2026-08-21T20:40:18Z,26.1,94,25.0,1006.1,1.4,0.3,284,28.4,0.0,0,0.0
2026-08-21T20:45:18Z,26.1,94,25.0,1006.2,1.4,0.2,296,28.4,0.0,0,0.0
2026-08-21T20:50:18Z,26.1,94,25.0,1006.2,1.5,0.3,289,28.4,0.0,0,0.0
2026-08-21T20:55:18Z,26.1,94,25.0,1006.2,1.2,0.2,285,28.4,0.0,0,0.0
2026-08-21T21:00:18Z,26.1,94,25.0,1006.3,1.1,0.3,295,28.4,0.0,0,0.0
2026-08-21T21:05:20Z,26.1,94,25.0,1006.3,1.0,0.3,284,28.4,0.0,0,0.0
2026-08-21T21:10:20Z,26.1,94,25.0,1006.4,1.2,0.3,281,28.6,0.0,0,0.0
2026-08-21T21:15:20Z,26.2,94,25.0,1006.4,1.2,0.4,293,28.8,2.0,0,0.0
2026-08-21T21:20:20Z,26.1,94,25.0,1006.4,1.1,0.3,290,29.0,2.8,0,0.0
2026-08-21T21:25:20Z,26.0,94,25.0,1006.5,1.2,0.3,267,29.0,1.4,0,0.0
2026-08-21T21:30:20Z,25.9,93,24.4,1006.6,1.1,0.3,291,29.0,0.8,0,0.0
2026-08-21T21:35:22Z,25.8,94,25.0,1006.5,1.2,0.3,305,29.0,0.0,0,0.0
2026-08-21T21:40:22Z,25.9,94,25.0,1006.6,2.1,0.4,335,29.0,0.0,0,0.0
2026-08-21T21:45:22Z,26.0,94,25.0,1006.6,1.7,0.4,300,29.0,0.0,0,0.0
2026-08-21T21:50:24Z,26.1,94,25.0,1006.7,1.7,0.4,273,29.0,0.0,0,0.0
2026-08-21T21:55:24Z,26.2,94,25.0,1006.6,1.4,0.4,262,29.2,0.0,0,0.0
2026-08-21T22:00:26Z,26.2,94,25.0,1006.6,1.2,0.4,266,29.2,0.0,0,0.0
2026-08-21T22:05:27Z,26.1,93,25.0,1006.7,1.4,0.4,261,29.2,0.0,0,0.0
2026-08-21T22:10:28Z,26.2,94,25.0,1006.8,2.6,0.5,277,29.4,11.6,0,0.0
2026-08-21T22:15:28Z,26.2,93,25.0,1006.9,2.6,0.5,278,30.2,7.2,5,0.0
2026-08-21T22:20:28Z,25.8,93,24.4,1006.9,3.4,0.6,277,31.0,29.6,0,0.0
2026-08-21T22:25:29Z,25.8,93,24.4,1007.0,3.2,0.6,294,32.0,17.2,5,0.0
2026-08-21T22:30:30Z,25.9,93,25.0,1007.3,2.7,0.6,274,32.4,6.2,5,0.0
2026-08-21T22:35:30Z,25.9,93,25.0,1007.4,1.6,0.5,264,33.4,11.6,7,0.0
2026-08-21T22:40:30Z,25.9,93,25.0,1007.4,0.7,0.4,283,34.4,18.8,0,0.0
2026-08-21T22:45:32Z,25.8,93,24.4,1007.3,0.8,0.3,238,35.2,6.8,0,0.0
2026-08-21T22:50:32Z,25.8,93,24.4,1007.3,1.3,0.4,313,35.4,3.2,5,0.0
2026-08-21T22:55:32Z,25.8,93,24.4,1007.4,1.4,0.4,292,35.8,3.4,5,0.0
2026-08-21T23:00:34Z,25.7,93,24.4,1007.5,1.5,0.4,311,36.6,11.0,11,0.0
2026-08-21T23:05:34Z,25.7,93,24.4,1007.5,1.2,0.5,263,37.4,7.2,9,0.0
2026-08-21T23:10:34Z,25.7,93,24.4,1007.6,1.4,0.4,252,37.8,9.2,9,0.0
2026-08-21T23:15:36Z,25.5,93,24.4,1007.6,0.7,0.4,268,39.4,16.4,11,0.0
2026-08-21T23:20:36Z,25.4,93,24.4,1007.7,0.5,0.4,265,41.6,32.4,12,0.0
2026-08-21T23:25:38Z,25.6,94,24.4,1007.7,1.1,0.3,281,44.8,30.2,12,0.0
2026-08-21T23:30:38Z,25.7,94,24.4,1007.7,1.5,0.4,271,45.8,23.8,19,0.0
2026-08-21T23:35:39Z,25.7,94,24.4,1007.8,1.6,0.4,299,47.4,10.6,21,0.0
2026-08-21T23:40:40Z,25.7,94,24.4,1007.7,0.9,0.5,244,48.6,27.8,23,0.0
2026-08-21T23:45:40Z,25.6,94,24.4,1007.7,1.7,0.5,298,49.6,5.8,16,0.0
2026-08-21T23:50:41Z,25.7,94,24.4,1007.8,1.5,0.4,263,50.0,5.0,25,0.0
2026-08-21T23:55:42Z,25.7,94,24.4,1007.9,1.5,0.4,338,50.4,7.0,21,0.0
2026-08-22T00:00:42Z,25.7,94,25.0,1007.9,1.8,0.4,279,50.8,2.6,19,0.0
2026-08-22T00:05:42Z,25.8,94,25.0,1007.9,1.4,0.4,282,51.0,2.4,18,0.0
2026-08-22T00:10:44Z,25.6,94,24.4,1008.0,1.3,0.5,261,51.6,11.8,21,0.0
2026-08-22T00:15:45Z,25.5,94,24.4,1008.1,1.0,0.4,301,52.8,11.8,23,0.0
2026-08-22T00:20:46Z,25.5,94,24.4,1008.0,0.7,0.3,292,54.2,20.2,14,0.0
2026-08-22T00:25:47Z,25.4,94,24.4,1008.1,0.4,0.3,269,55.4,13.4,12,0.0
2026-08-22T00:30:47Z,25.4,94,24.4,1008.3,0.5,0.3,277,56.6,26.6,7,0.0
2026-08-22T00:35:48Z,25.5,94,24.4,1008.4,1.0,0.4,259,58.8,21.6,12,0.0
2026-08-22T00:40:48Z,25.5,94,24.4,1008.4,1.8,0.4,267,60.2,10.4,12,0.0
2026-08-22T00:45:49Z,25.4,94,24.4,1008.3,1.5,0.4,299,61.2,17.0,14,0.0
2026-08-22T00:50:50Z,25.2,94,24.4,1008.4,1.8,0.4,323,63.2,29.8,16,0.0
2026-08-22T00:55:50Z,25.3,94,24.4,1008.5,0.7,0.4,247,64.8,11.6,12,0.0
2026-08-22T01:00:51Z,25.4,94,24.4,1008.5,1.1,0.4,288,66.0,15.0,14,0.0
2026-08-22T01:05:53Z,25.6,94,24.4,1008.5,0.7,0.2,275,66.8,8.8,11,0.0
2026-08-22T01:10:53Z,25.7,94,24.4,1008.4,0.7,0.2,275,68.2,12.2,12,0.0
2026-08-22T01:15:55Z,25.7,94,24.4,1008.6,1.3,0.3,269,69.8,31.2,9,0.0
2026-08-22T01:20:55Z,25.8,94,25.0,1008.7,1.1,0.4,305,72.0,22.0,16,0.0
2026-08-22T01:25:57Z,25.4,94,24.4,1008.8,1.5,0.6,288,73.4,12.4,18,0.0
2026-08-22T01:30:59Z,25.3,94,24.4,1008.9,1.5,0.6,308,74.8,11.4,12,0.0
2026-08-22T01:35:59Z,25.2,94,24.4,1008.9,2.9,0.5,289,75.8,12.6,12,0.0
2026-08-22T01:41:01Z,25.0,94,23.9,1008.9,2.0,0.5,291,76.8,12.0,14,0.0
2026-08-22T01:46:01Z,25.1,94,23.9,1008.8,1.7,0.4,303,78.0,13.0,14,0.0
2026-08-22T01:51:03Z,25.3,94,24.4,1008.8,1.7,0.4,319,79.2,10.4,14,0.0
2026-08-22T01:56:03Z,25.3,94,24.4,1008.6,1.3,0.4,307,80.4,17.0,16,0.0
2026-08-22T02:01:03Z,25.3,94,24.4,1008.5,0.8,0.4,294,82.0,13.0,18,0.0
2026-08-22T02:06:03Z,25.2,94,24.4,1008.5,0.4,0.4,296,82.8,9.4,26,0.0
2026-08-22T02:11:05Z,25.1,94,24.4,1008.4,0.0,0.1,296,83.6,9.0,30,0.0
2026-08-22T02:16:05Z,25.2,94,24.4,1008.3,0.0,0.0,296,84.4,8.2,32,0.0
2026-08-22T02:21:05Z,25.2,94,24.4,1008.3,0.0,0.0,296,85.0,8.0,33,0.0
2026-08-22T02:26:05Z,25.2,94,24.4,1008.2,0.0,0.0,296,85.6,7.6,37,0.0
2026-08-22T02:31:05Z,25.2,94,24.4,1008.2,0.4,0.1,296,86.2,8.2,21,0.0
2026-08-22T02:36:05Z,25.2,94,24.4,1008.1,0.0,0.1,297,86.8,7.6,39,0.0
2026-08-22T02:41:05Z,25.2,94,24.4,1008.0,0.0,0.0,297,87.8,13.6,40,0.0
2026-08-22T02:46:05Z,25.2,94,24.4,1008.0,0.0,0.0,297,88.2,6.2,32,0.0
2026-08-22T02:51:07Z,25.3,94,24.4,1007.9,0.9,0.2,295,89.0,9.2,26,0.0
2026-08-22T02:56:09Z,25.3,94,24.4,1007.8,0.9,0.2,297,89.8,9.4,35,0.0
2026-08-22T03:01:09Z,25.3,94,24.4,1007.7,0.0,0.2,297,90.4,6.2,42,0.0
2026-08-22T03:06:09Z,25.4,94,24.4,1007.9,1.0,0.1,298,90.8,4.4,33,0.0
2026-08-22T03:11:11Z,25.4,94,24.4,1008.1,0.9,0.3,281,91.2,5.4,28,0.0
2026-08-22T03:16:13Z,25.4,94,24.4,1008.2,1.5,0.3,293,92.0,10.6,32,0.0
2026-08-22T03:21:13Z,25.1,94,23.9,1008.3,3.8,0.7,274,93.2,16.6,21,0.0
2026-08-22T03:26:13Z,24.4,94,23.3,1008.5,3.0,0.8,259,95.4,28.4,19,0.0
2026-08-22T03:31:13Z,24.4,94,23.3,1008.4,3.0,0.8,280,98.0,44.4,18,0.0
2026-08-22T03:36:15Z,24.6,94,23.9,1008.4,1.9,0.5,268,103.2,74.8,14,0.0
2026-08-22T03:41:17Z,24.7,94,23.9,1008.6,1.4,0.4,311,108.2,59.0,19,0.0
2026-08-22T03:46:17Z,24.7,94,23.9,1008.6,1.7,0.4,297,111.2,50.8,23,0.0
2026-08-22T03:51:17Z,24.7,94,23.9,1008.6,2.3,0.5,286,113.0,27.2,19,0.0
2026-08-22T03:56:17Z,24.8,94,23.9,1008.4,2.3,0.5,291,115.2,22.0,19,0.0
2026-08-22T04:01:17Z,24.8,94,23.9,1008.3,1.7,0.4,294,117.4,18.8,14,0.0
2026-08-22T04:06:19Z,24.8,94,23.9,1008.2,2.0,0.4,288,119.0,13.4,21,0.0
2026-08-22T04:11:21Z,24.7,94,23.9,1008.2,1.7,0.4,304,119.8,10.2,25,0.0
2026-08-22T04:16:21Z,24.6,94,23.9,1008.1,1.9,0.4,292,120.2,4.4,28,0.0
2026-08-22T04:21:23Z,24.6,94,23.3,1007.9,1.3,0.4,311,120.8,8.4,28,0.0
2026-08-22T04:26:25Z,24.5,94,23.3,1007.7,1.6,0.3,274,121.4,7.0,26,0.0
2026-08-22T04:31:25Z,24.3,94,23.3,1007.5,1.2,0.3,289,121.8,5.2,32,0.0
2026-08-22T04:36:27Z,24.2,94,23.3,1007.5,0.9,0.2,288,122.4,5.0,32,0.0
2026-08-22T04:41:27Z,24.3,94,23.3,1007.4,0.9,0.2,290,122.8,6.4,26,0.0
2026-08-22T04:46:29Z,24.4,94,23.3,1007.3,1.4,0.3,295,123.6,8.4,35,0.0
2026-08-22T04:51:31Z,24.5,94,23.3,1007.2,0.9,0.3,280,124.2,6.6,37,0.0
2026-08-22T04:56:31Z,24.6,94,23.3,1007.1,1.3,0.2,293,124.6,6.4,37,0.0
2026-08-22T05:01:33Z,24.6,95,23.9,1007.1,1.6,0.4,286,125.0,4.6,40,0.0
2026-08-22T05:06:33Z,24.7,95,23.9,1007.0,0.6,0.3,321,125.4,4.0,44,0.0
2026-08-22T05:11:35Z,24.8,94,23.9,1006.9,1.7,0.4,306,125.6,3.0,49,0.0
2026-08-22T05:16:35Z,24.8,94,23.9,1007.0,1.8,0.4,289,125.8,2.6,53,0.0
2026-08-22T05:21:35Z,24.8,94,23.9,1006.9,1.9,0.5,290,126.0,2.0,60,0.7
2026-08-22T05:26:35Z,24.8,94,23.9,1006.9,1.8,0.5,286,126.2,2.6,58,0.7
2026-08-22T05:31:35Z,24.8,94,23.9,1006.7,1.6,0.4,321,126.4,2.4,69,0.8
2026-08-22T05:36:35Z,24.8,94,23.9,1006.6,1.8,0.4,291,126.6,1.8,74,0.9
2026-08-22T05:41:37Z,24.8,94,23.9,1006.6,2.1,0.4,320,126.6,1.6,79,0.9
2026-08-22T05:46:39Z,24.9,94,23.9,1006.6,2.0,0.4,301,127.0,2.6,88,1.0
2026-08-22T05:51:39Z,25.1,94,23.9,1006.5,2.3,0.5,294,127.0,2.2,100,1.1
2026-08-22T05:56:41Z,25.1,94,24.4,1006.4,2.3,0.5,302,127.0,1.2,114,1.2
2026-08-22T06:01:41Z,25.1,94,23.9,1006.5,2.1,0.5,301,127.2,1.0,123,1.3
2026-08-22T06:06:43Z,25.1,94,23.9,1006.5,2.5,0.5,275,127.2,1.0,113,1.2
2026-08-22T06:11:43Z,25.1,94,23.9,1006.6,2.4,0.5,269,127.2,0.8,83,1.0
2026-08-22T06:16:45Z,25.0,94,23.9,1006.6,2.5,0.4,291,127.2,0.0,65,0.7
2026-08-22T06:21:47Z,24.9,94,23.9,1006.7,2.3,0.4,315,127.4,0.0,33,0.0
2026-08-22T06:26:48Z,24.8,94,23.9,1006.9,2.6,0.5,298,128.2,8.8,37,0.0
2026-08-22T06:31:49Z,24.8,94,23.9,1006.8,1.3,0.4,281,129.0,7.0,58,0.6
2026-08-22T06:36:49Z,24.8,94,23.9,1006.8,1.8,0.4,302,129.4,5.6,35,0.0
2026-08-22T06:41:50Z,24.8,94,23.9,1006.8,1.9,0.4,284,130.0,6.6,42,0.0
2026-08-22T06:46:52Z,24.8,94,23.9,1006.7,2.1,0.4,287,130.6,10.0,63,0.6
2026-08-22T06:51:53Z,24.8,94,23.9,1006.7,2.0,0.4,300,131.2,8.0,47,0.0
2026-08-22T06:56:55Z,24.9,94,23.9,1006.5,1.7,0.4,316,132.2,14.4,49,0.0
2026-08-22T07:01:55Z,24.9,94,23.9,1006.4,1.6,0.5,296,133.0,9.4,35,0.0
2026-08-22T07:06:57Z,25.0,94,23.9,1006.4,1.6,0.5,290,133.4,5.4,54,0.0
2026-08-22T07:11:57Z,25.1,94,23.9,1006.3,2.1,0.4,301,133.8,4.6,65,0.6
2026-08-22T07:16:57Z,25.2,94,24.4,1006.4,2.1,0.4,289,134.2,3.2,62,0.6
2026-08-22T07:21:59Z,25.3,94,24.4,1006.4,1.7,0.4,291,134.4,3.0,54,0.0
2026-08-22T07:26:59Z,25.4,94,24.4,1006.4,1.3,0.4,248,134.6,3.4,56,0.0
2026-08-22T07:31:59Z,25.1,94,23.9,1006.4,1.2,0.4,267,135.0,12.8,51,0.0
2026-08-22T07:36:59Z,24.9,94,23.9,1006.4,1.3,0.4,275,136.0,13.6,60,0.5
2026-08-22T07:41:59Z,25.0,94,23.9,1006.4,0.9,0.3,273,136.8,6.4,58,0.5
2026-08-22T07:46:59Z,25.1,94,23.9,1006.3,2.1,0.4,275,137.2,4.6,51,0.0
2026-08-22T07:51:59Z,25.1,94,23.9,1006.3,1.5,0.4,272,137.2,2.0,54,0.0
2026-08-22T07:56:59Z,25.2,94,24.4,1006.2,1.4,0.3,267,137.6,4.0,77,0.6
2026-08-22T08:02:00Z,25.2,94,24.4,1006.2,1.3,0.3,273,137.8,2.2,65,0.5
2026-08-22T08:07:02Z,25.1,94,23.9,1006.2,1.0,0.3,302,138.0,2.0,44,0.0
2026-08-22T08:12:03Z,25.1,94,23.9,1006.1,1.0,0.3,272,138.2,2.4,53,0.0
2026-08-22T08:17:04Z,25.1,94,23.9,1006.1,0.9,0.3,278,138.2,2.2,62,0.0
2026-08-22T08:22:05Z,25.2,94,24.4,1006.0,0.9,0.3,275,138.4,1.6,70,0.0
2026-08-22T08:27:06Z,25.4,94,24.4,1005.8,0.9,0.3,288,138.6,1.6,81,0.5
2026-08-22T08:32:06Z,25.5,94,24.4,1005.7,1.5,0.3,290,138.6,1.6,83,0.5
2026-08-22T08:37:08Z,25.6,94,24.4,1005.7,0.9,0.3,292,138.6,1.0,63,0.0
2026-08-22T08:42:08Z,25.6,94,24.4,1005.6,1.8,0.3,301,138.6,0.8,46,0.0
2026-08-22T08:47:08Z,25.4,94,24.4,1005.7,2.1,0.4,296,138.8,0.0,39,0.0
2026-08-22T08:52:10Z,25.3,94,24.4,1005.8,1.5,0.4,315,138.8,0.0,42,0.0
2026-08-22T08:57:10Z,25.2,94,24.4,1005.8,1.7,0.3,311,138.8,0.0,53,0.0
2026-08-22T09:02:10Z,25.2,94,24.4,1005.8,1.2,0.4,304,138.8,0.0,37,0.0
2026-08-22T09:07:12Z,25.2,94,24.4,1005.9,1.5,0.4,299,138.8,0.0,25,0.0
2026-08-22T09:12:12Z,25.2,94,24.4,1006.0,1.8,0.4,287,138.8,0.0,18,0.0
2026-08-22T09:17:14Z,25.3,94,24.4,1006.0,1.6,0.3,285,138.8,0.0,18,0.0
2026-08-22T09:22:14Z,25.2,94,24.4,1006.2,1.3,0.3,290,138.8,0.0,12,0.0
2026-08-22T09:27:16Z,25.2,94,24.4,1006.1,1.4,0.2,286,138.8,0.0,7,0.0
2026-08-22T09:32:16Z,25.2,94,24.4,1006.3,1.0,0.2,333,138.8,0.0,9,0.0
2026-08-22T09:37:18Z,25.3,94,24.4,1006.3,0.8,0.3,278,138.8,0.0,7,0.0
2026-08-22T09:42:20Z,25.3,94,24.4,1006.3,1.3,0.2,285,138.8,0.0,7,0.0
2026-08-22T09:47:20Z,25.4,94,24.4,1006.4,1.0,0.2,283,138.8,0.0,5,0.0
2026-08-22T09:52:22Z,25.4,94,24.4,1006.4,1.4,0.2,290,138.8,0.0,0,0.0
2026-08-22T09:57:22Z,25.4,94,24.4,1006.4,0.6,0.2,290,138.8,0.0,7,0.0
2026-08-22T10:02:24Z,25.4,94,24.4,1006.5,0.8,0.2,290,138.8,0.0,0,0.0
2026-08-22T10:07:26Z,25.6,94,24.4,1006.6,1.4,0.2,289,138.8,0.0,0,0.0
2026-08-22T10:12:26Z,25.6,94,24.4,1006.7,1.2,0.3,281,139.0,0.0,0,0.0
2026-08-22T10:17:28Z,25.5,94,24.4,1006.7,1.2,0.3,290,139.0,0.0,0,0.0
2026-08-22T10:22:28Z,25.5,94,24.4,1006.7,1.2,0.3,290,139.2,1.2,0,0.0
2026-08-22T10:27:28Z,25.4,94,24.4,1006.7,1.6,0.3,285,139.8,14.4,0,0.0
2026-08-22T10:32:30Z,25.2,94,24.4,1006.5,1.0,0.3,305,140.2,4.8,0,0.0
2026-08-22T10:37:30Z,25.2,94,24.4,1006.6,1.0,0.2,288,141.8,16.2,0,0.0
2026-08-22T10:42:30Z,25.2,94,23.9,1006.6,1.0,0.3,304,143.2,23.2,0,0.0
2026-08-22T10:47:30Z,25.2,94,24.4,1006.6,0.7,0.3,296,144.2,7.0,0,0.0
2026-08-22T10:52:30Z,25.2,94,24.4,1006.6,0.8,0.3,312,147.4,27.2,0,0.0
2026-08-22T10:57:32Z,25.2,94,24.4,1006.6,0.4,0.3,313,150.2,102.0,0,0.0
2026-08-22T11:02:32Z,25.2,94,24.4,1007.1,1.3,0.3,276,155.8,140.4,0,0.0
2026-08-22T11:07:32Z,25.2,94,24.4,1007.2,2.0,0.4,286,163.2,24.0,0,0.0
2026-08-22T11:12:32Z,25.2,94,24.4,1007.2,2.7,0.5,317,167.4,32.4,0,0.0
2026-08-22T11:17:32Z,25.2,94,24.4,1007.2,2.2,0.5,286,170.0,26.6,0,0.0
2026-08-22T11:22:32Z,25.2,94,24.4,1007.2,1.9,0.4,286,171.6,18.6,0,0.0
2026-08-22T11:27:34Z,25.2,94,24.4,1007.0,1.1,0.4,291,172.4,11.0,0,0.0
2026-08-22T11:32:36Z,25.3,94,24.4,1007.1,1.1,0.3,271,173.6,20.2,0,0.0
2026-08-22T11:37:36Z,25.6,95,24.4,1007.0,1.0,0.4,264,174.6,8.2,0,0.0
2026-08-22T11:42:38Z,25.9,95,25.0,1007.1,1.7,0.4,269,175.0,4.6,0,0.0
2026-08-22T11:47:38Z,26.1,95,25.0,1007.1,1.2,0.4,284,175.4,3.6,0,0.0
2026-08-22T11:52:40Z,26.1,95,25.6,1007.0,2.0,0.5,223,175.6,3.6,0,0.0
2026-08-22T11:57:40Z,26.1,94,25.0,1007.2,0.7,0.5,238,176.0,3.4,0,0.0
2026-08-22T12:02:42Z,26.0,94,25.0,1007.3,0.8,0.4,298,176.8,8.0,0,0.0
2026-08-22T12:07:44Z,26.1,94,25.0,1007.3,1.1,0.2,250,177.0,3.2,0,0.0
2026-08-22T12:12:44Z,26.1,94,25.0,1007.4,0.9,0.2,262,177.2,2.6,0,0.0
2026-08-22T12:17:46Z,26.0,94,25.0,1007.5,0.7,0.3,271,177.6,4.8,0,0.0
2026-08-22T12:22:46Z,25.9,94,25.0,1007.6,1.2,0.3,294,177.8,2.8,0,0.0
2026-08-22T12:27:48Z,25.9,94,25.0,1007.4,1.1,0.3,292,177.8,1.4,0,0.0
2026-08-22T12:32:50Z,25.8,94,25.0,1007.4,0.6,0.2,295,178.0,1.2,0,0.0
2026-08-22T12:37:50Z,25.8,94,25.0,1007.6,0.6,0.2,296,178.0,1.2,0,0.0
2026-08-22T12:42:52Z,25.7,94,25.0,1007.5,0.2,0.2,296,178.0,1.0,0,0.0
2026-08-22T12:48:06Z,25.6,94,24.4,1007.5,0.3,0.1,296,178.2,1.0,0,0.0
2026-08-22T12:53:08Z,25.6,94,24.4,1007.5,0.0,0.1,296,178.4,1.4,0,0.0
2026-08-22T12:58:08Z,25.6,94,24.4,1007.5,0.0,0.0,296,178.4,1.4,0,0.0
2026-08-22T13:03:08Z,25.6,94,24.4,1007.6,0.0,0.0,296,178.4,1.0,0,0.0
2026-08-22T13:08:08Z,25.5,94,24.4,1007.5,0.0,0.0,296,178.6,1.0,0,0.0
2026-08-22T13:13:08Z,25.6,94,24.4,1007.5,0.0,0.0,296,178.6,1.0,0,0.0
2026-08-22T13:18:10Z,25.6,94,24.4,1007.3,0.0,0.0,296,178.8,1.2,0,0.0
2026-08-22T13:23:10Z,25.6,94,24.4,1007.3,0.0,0.0,296,178.8,1.2,0,0.0
2026-08-22T13:28:10Z,25.6,94,24.4,1007.5,0.3,0.1,296,179.0,1.2,0,0.0
2026-08-22T13:33:10Z,25.5,94,24.4,1007.4,0.3,0.1,296,179.0,1.2,0,0.0
2026-08-22T13:38:10Z,25.6,94,24.4,1007.4,0.2,0.1,296,179.2,0.8,0,0.0
2026-08-22T13:43:10Z,25.5,94,24.4,1007.5,0.1,0.1,296,179.2,0.8,0,0.0
2026-08-22T13:48:12Z,25.5,94,24.4,1007.5,0.5,0.1,296,179.2,0.8,0,0.0
2026-08-22T13:53:12Z,25.6,94,24.4,1007.4,0.3,0.1,296,179.2,0.8,0,0.0
2026-08-22T13:58:12Z,25.6,94,24.4,1007.6,0.0,0.1,296,179.4,0.0,0,0.0
2026-08-22T14:03:12Z,25.6,95,25.0,1007.5,0.0,0.0,296,179.4,0.0,0,0.0
2026-08-22T14:08:12Z,25.7,95,25.0,1007.5,1.3,0.3,251,179.4,0.0,0,0.0
2026-08-22T14:13:12Z,25.6,94,24.4,1007.6,0.5,0.3,250,179.4,0.0,0,0.0
2026-08-22T14:18:14Z,25.5,94,24.4,1007.5,0.8,0.2,249,179.4,0.0,0,0.0
2026-08-22T14:23:16Z,25.5,94,24.4,1007.5,0.2,0.2,248,179.4,0.0,0,0.0
2026-08-22T14:28:16Z,25.5,94,24.4,1007.5,0.2,0.2,247,179.4,0.0,0,0.0
2026-08-22T14:33:18Z,25.5,94,24.4,1007.5,0.0,0.2,247,179.4,0.0,0,0.0
2026-08-22T14:38:18Z,25.5,94,24.4,1007.5,0.0,0.0,248,179.4,0.0,0,0.0
2026-08-22T14:43:20Z,25.5,94,24.4,1007.5,0.0,0.0,248,179.4,0.0,0,0.0
2026-08-22T14:48:20Z,25.5,94,24.4,1007.5,0.0,0.0,248,179.4,0.0,0,0.0
2026-08-22T14:53:20Z,25.5,94,24.4,1007.5,0.0,0.0,247,179.4,0.0,0,0.0
2026-08-22T14:58:20Z,25.6,94,24.4,1007.4,0.0,0.0,248,179.4,0.0,0,0.0
2026-08-22T15:03:20Z,25.6,94,24.4,1007.4,0.0,0.0,248,179.4,0.0,0,0.0
2026-08-22T15:08:20Z,25.6,94,24.4,1007.3,0.0,0.0,248,179.4,0.0,0,0.0
2026-08-22T15:13:22Z,25.6,95,25.0,1007.3,0.0,0.0,248,179.4,0.0,0,0.0
2026-08-22T15:18:23Z,25.6,94,24.4,1007.4,0.0,0.0,248,179.4,0.0,0,0.0
2026-08-22T15:23:25Z,25.6,94,24.4,1007.3,0.0,0.0,248,179.4,0.0,0,0.0
2026-08-22T15:28:26Z,25.6,94,24.4,1007.3,0.0,0.0,248,179.4,0.0,0,0.0
2026-08-22T15:33:27Z,25.6,94,24.4,1007.2,0.0,0.0,248,179.4,0.0,0,0.0
2026-08-22T15:38:28Z,25.5,94,24.4,1007.2,0.0,0.0,248,179.4,0.0,0,0.0
2026-08-22T15:43:29Z,25.6,94,24.4,1007.1,0.0,0.0,248,179.4,0.0,0,0.0
2026-08-22T15:48:31Z,25.6,94,24.4,1007.0,0.0,0.0,248,179.4,0.0,0,0.0
2026-08-22T15:53:32Z,25.6,95,25.0,1006.8,0.0,0.0,248,179.4,0.0,0,0.0
2026-08-22T15:58:33Z,25.6,95,25.0,1006.7,0.0,0.0,248,179.4,0.0,0,0.0
2026-08-22T16:03:34Z,25.6,95,25.0,1006.7,0.0,0.0,248,0.0,0.0,0,0.0
2026-08-22T16:08:34Z,25.7,95,25.0,1006.7,0.0,0.0,248,0.0,0.0,0,0.0
2026-08-22T16:13:36Z,25.6,95,25.0,1006.6,0.0,0.0,248,1.2,18.6,0,0.0
2026-08-22T16:18:36Z,25.6,95,25.0,1006.6,0.0,0.0,248,2.0,8.4,0,0.0
2026-08-22T16:23:36Z,25.6,95,25.0,1006.4,0.0,0.0,248,2.2,2.6,0,0.0
2026-08-22T16:28:38Z,25.6,95,25.0,1006.5,0.0,0.0,248,2.2,1.8,0,0.0
2026-08-22T16:33:38Z,25.7,95,25.0,1006.4,0.0,0.0,248,2.4,1.4,0,0.0
2026-08-22T16:38:40Z,25.6,95,25.0,1006.5,0.0,0.0,248,3.2,20.4,0,0.0
2026-08-22T16:43:40Z,25.7,95,25.0,1006.4,0.0,0.0,248,5.8,32.0,0,0.0
2026-08-22T16:48:42Z,25.7,95,25.0,1006.4,0.0,0.0,248,7.4,14.2,0,0.0
2026-08-22T16:53:44Z,25.7,95,25.0,1006.7,0.7,0.2,248,11.0,39.0,0,0.0
2026-08-22T16:58:44Z,25.5,94,24.4,1006.9,1.8,0.4,254,16.8,123.8,0,0.0
2026-08-22T17:03:46Z,25.1,94,23.9,1006.8,2.3,0.7,263,28.2,105.6,0,0.0
2026-08-22T17:08:46Z,24.9,94,23.9,1006.8,1.0,0.7,38,35.0,66.2,0,0.0
2026-08-22T17:13:48Z,24.8,94,23.9,1006.7,1.1,0.4,238,39.6,30.4,0,0.0
2026-08-22T17:18:50Z,24.8,94,23.9,1006.7,1.3,0.4,240,41.6,17.8,0,0.0
2026-08-22T17:23:50Z,24.8,94,23.9,1006.5,0.7,0.5,251,42.8,13.8,0,0.0
2026-08-22T17:28:52Z,24.9,94,23.9,1006.6,0.4,0.2,242,44.2,12.6,0,0.0
2026-08-22T17:33:52Z,24.9,94,23.9,1006.5,0.3,0.1,240,45.2,12.2,0,0.0
2026-08-22T17:38:54Z,24.9,94,23.9,1006.5,0.2,0.1,240,46.0,7.4,0,0.0
2026-08-22T17:43:56Z,24.8,94,23.9,1006.4,0.4,0.2,224,46.6,10.0,0,0.0
2026-08-22T17:48:56Z,24.8,94,23.9,1006.4,0.2,0.2,224,47.6,11.2,0,0.0
2026-08-22T17:53:58Z,24.8,94,23.9,1006.2,0.1,0.1,224,48.4,7.2,0,0.0
2026-08-22T17:58:58Z,24.9,95,23.9,1006.1,0.1,0.1,224,49.4,10.2,0,0.0
2026-08-22T18:04:00Z,24.9,95,23.9,1006.0,0.3,0.1,224,50.2,11.6,0,0.0
2026-08-22T18:09:00Z,25.0,95,24.4,1005.9,0.0,0.1,224,51.4,16.0,0,0.0
2026-08-22T18:14:00Z,25.1,95,24.4,1005.9,0.2,0.1,224,52.4,15.6,0,0.0
2026-08-22T18:19:02Z,25.1,95,24.4,1005.9,0.4,0.1,224,53.2,7.6,0,0.0
2026-08-22T18:24:04Z,25.0,95,24.4,1005.6,0.5,0.1,198,53.8,7.2,0,0.0
2026-08-22T18:29:04Z,25.1,95,24.4,1005.7,0.1,0.1,198,54.6,19.6,0,0.0
2026-08-22T18:34:06Z,25.1,95,24.4,1005.5,0.6,0.2,225,55.6,8.0,0,0.0
2026-08-22T18:39:08Z,25.2,95,24.4,1005.5,0.6,0.2,195,56.2,12.2,0,0.0
2026-08-22T18:44:10Z,25.3,95,24.4,1005.5,0.5,0.2,57,57.0,7.8,0,0.0
2026-08-22T18:49:10Z,25.3,95,24.4,1005.5,1.3,0.4,355,57.8,8.4,0,0.0
2026-08-22T18:54:12Z,25.2,95,24.4,1005.5,1.5,0.5,251,58.4,6.4,0,0.0
2026-08-22T18:59:12Z,25.2,95,24.4,1005.5,0.6,0.5,182,58.6,4.2,0,0.0
2026-08-22T19:04:14Z,25.2,95,24.4,1005.6,0.4,0.2,183,58.8,3.0,0,0.0
2026-08-22T19:09:16Z,25.2,94,24.4,1005.6,1.0,0.2,193,59.2,3.0,0,0.0
2026-08-22T19:14:16Z,25.2,94,24.4,1005.6,0.3,0.2,194,59.6,4.2,0,0.0
2026-08-22T19:19:16Z,25.2,94,24.4,1005.6,0.5,0.2,171,59.8,4.0,0,0.0
2026-08-22T19:24:18Z,25.1,94,23.9,1005.6,0.7,0.3,257,60.4,5.2,0,0.0
2026-08-22T19:29:20Z,25.1,94,23.9,1005.5,0.4,0.2,97,60.8,6.6,0,0.0
2026-08-22T19:34:20Z,25.1,94,23.9,1005.4,0.4,0.2,127,61.2,4.8,0,0.0
2026-08-22T19:39:20Z,25.1,95,24.4,1005.3,0.4,0.2,131,61.4,3.0,0,0.0
2026-08-22T19:44:20Z,25.2,95,24.4,1005.3,0.5,0.2,142,61.6,2.0,0,0.0
2026-08-22T19:49:20Z,25.2,95,24.4,1005.2,0.4,0.2,142,61.8,2.0,0,0.0
2026-08-22T19:54:20Z,25.3,95,24.4,1005.1,0.4,0.3,106,61.8,2.0,0,0.0
2026-08-22T19:59:22Z,25.3,95,24.4,1005.1,0.7,0.3,107,62.0,1.4,0,0.0
2026-08-22T20:04:22Z,25.3,95,24.4,1005.1,0.3,0.1,108,62.0,1.4,0,0.0
2026-08-22T20:09:24Z,25.3,95,24.4,1005.2,0.8,0.3,119,62.2,1.2,0,0.0
2026-08-22T20:14:26Z,25.3,95,24.4,1005.2,0.6,0.3,180,62.2,1.2,0,0.0
2026-08-22T20:19:26Z,25.3,95,24.4,1005.4,0.8,0.2,107,62.4,1.6,0,0.0
2026-08-22T20:24:28Z,25.3,95,24.4,1005.5,0.6,0.2,32,62.6,1.4,0,0.0
2026-08-22T20:29:28Z,25.3,95,24.4,1005.5,0.2,0.2,32,62.6,1.4,0,0.0
2026-08-22T20:34:28Z,25.3,95,24.4,1005.4,0.4,0.1,32,62.8,1.4,0,0.0
2026-08-22T20:39:28Z,25.3,95,24.4,1005.4,0.4,0.1,35,63.0,2.0,0,0.0
2026-08-22T20:44:28Z,25.3,95,24.4,1005.6,0.5,0.1,36,63.2,2.0,0,0.0
2026-08-22T20:49:28Z,25.4,95,24.4,1005.6,0.5,0.1,36,63.4,2.2,0,0.0
2026-08-22T20:54:30Z,25.4,95,24.4,1005.6,0.3,0.1,36,63.6,2.8,0,0.0
2026-08-22T20:59:30Z,25.4,95,24.4,1005.6,0.6,0.1,65,63.8,2.2,0,0.0
2026-08-22T21:04:30Z,25.5,95,24.4,1005.6,0.9,0.2,319,63.8,2.2,0,0.0
2026-08-22T21:09:32Z,25.4,95,24.4,1005.6,0.4,0.2,323,64.2,2.6,0,0.0
2026-08-22T21:14:34Z,25.4,95,24.4,1005.7,0.6,0.2,332,64.4,2.4,0,0.0
2026-08-22T21:19:36Z,25.4,95,24.4,1005.8,0.4,0.2,331,64.6,2.6,0,0.0
2026-08-22T21:24:36Z,25.4,95,24.4,1005.8,0.3,0.1,341,64.8,2.8,0,0.0
2026-08-22T21:29:38Z,25.4,95,24.4,1005.9,0.6,0.2,360,65.0,2.8,0,0.0
2026-08-22T21:34:40Z,25.4,95,24.4,1006.0,0.3,0.1,360,65.2,3.0,0,0.0
2026-08-22T21:39:42Z,25.4,95,24.4,1006.1,0.0,0.1,360,65.6,3.4,0,0.0
2026-08-22T21:44:42Z,25.4,95,24.4,1006.1,0.0,0.0,360,65.8,3.2,0,0.0
2026-08-22T21:49:42Z,25.4,95,24.4,1006.1,0.0,0.0,360,66.2,3.8,0,0.0
2026-08-22T21:54:44Z,25.4,95,24.4,1006.1,0.0,0.0,360,66.4,4.4,0,0.0
2026-08-22T21:59:47Z,25.4,95,24.4,1006.1,0.0,0.0,360,66.8,3.6,0,0.0
2026-08-22T22:04:47Z,25.4,95,24.4,1006.1,0.0,0.0,360,67.0,3.4,0,0.0
2026-08-22T22:09:47Z,25.4,95,24.4,1006.0,0.0,0.0,360,67.2,2.8,0,0.0
2026-08-22T22:14:48Z,25.4,95,24.4,1005.9,0.0,0.0,360,67.4,2.6,0,0.0
2026-08-22T22:19:50Z,25.5,95,24.4,1005.9,0.0,0.1,360,67.8,3.6,0,0.0
2026-08-22T22:24:50Z,25.6,95,25.0,1006.0,0.4,0.1,5,68.2,14.0,0,0.0
2026-08-22T22:29:50Z,25.6,95,25.0,1006.2,0.4,0.1,5,69.0,10.6,0,0.0
2026-08-22T22:34:50Z,25.7,95,25.0,1006.2,0.6,0.1,5,69.2,3.0,7,0.0
2026-08-22T22:39:50Z,25.8,95,25.0,1006.2,0.8,0.2,118,69.4,2.6,5,0.0
2026-08-22T22:44:51Z,25.8,95,25.0,1006.2,0.8,0.2,34,69.6,2.2,12,0.0
2026-08-22T22:49:52Z,25.7,95,25.0,1006.3,0.8,0.2,103,69.8,1.4,11,0.0
2026-08-22T22:54:52Z,25.7,95,25.0,1006.3,0.8,0.2,101,69.8,1.4,12,0.0
2026-08-22T22:59:53Z,25.7,95,25.0,1006.3,0.8,0.2,105,70.0,1.2,11,0.0
2026-08-22T23:04:54Z,25.7,95,25.0,1006.4,0.4,0.2,105,70.0,1.2,9,0.0
2026-08-22T23:09:54Z,25.7,95,25.0,1006.4,0.4,0.1,106,70.2,1.4,11,0.0
2026-08-22T23:14:54Z,25.6,95,25.0,1006.4,0.5,0.1,107,70.4,2.0,19,0.0
2026-08-22T23:19:54Z,25.5,94,24.4,1006.4,0.5,0.1,107,70.4,2.0,12,0.0
2026-08-22T23:24:54Z,25.5,95,24.4,1006.5,0.4,0.1,114,70.6,1.8,18,0.0
2026-08-22T23:29:54Z,25.5,95,24.4,1006.5,0.6,0.1,114,70.8,2.0,21,0.0
2026-08-22T23:34:54Z,25.6,95,24.4,1006.5,0.5,0.1,114,71.0,2.2,30,0.0
2026-08-22T23:39:55Z,25.5,95,24.4,1006.6,0.6,0.3,141,71.2,2.2,14,0.0
2026-08-22T23:44:55Z,25.4,95,24.4,1006.5,0.5,0.3,141,71.6,6.4,5,0.0
2026-08-22T23:49:57Z,25.4,95,24.4,1006.5,0.5,0.2,141,72.0,4.6,7,0.0
2026-08-22T23:54:59Z,25.5,95,24.4,1006.7,0.7,0.2,141,72.2,2.6,18,0.0
2026-08-22T23:59:59Z,25.6,95,25.0,1006.7,0.7,0.3,129,72.4,2.4,35,0.0
2026-08-23T00:04:59Z,25.7,95,25.0,1006.8,0.8,0.2,243,72.6,1.2,9,0.0
2026-08-23T00:10:01Z,25.8,95,25.0,1006.7,0.8,0.2,163,72.8,3.2,16,0.0
2026-08-23T00:15:03Z,25.8,95,25.0,1006.7,0.6,0.2,224,73.0,2.2,30,0.0
2026-08-23T00:20:03Z,25.9,95,25.0,1006.7,0.5,0.3,38,73.2,2.6,26,0.0
2026-08-23T00:25:03Z,25.9,95,25.0,1006.8,0.8,0.2,40,73.4,3.2,14,0.0
2026-08-23T00:30:03Z,25.9,95,25.0,1006.9,1.2,0.4,248,73.8,7.0,9,0.0
2026-08-23T00:35:03Z,25.9,95,25.0,1006.9,0.8,0.4,225,74.0,3.2,11,0.0
2026-08-23T00:40:03Z,25.8,95,25.0,1006.9,1.4,0.4,109,74.4,5.2,21,0.0
2026-08-23T00:45:05Z,25.8,95,25.0,1007.0,1.5,0.4,214,75.2,11.8,23,0.0
2026-08-23T00:50:05Z,25.8,95,25.0,1007.1,1.3,0.4,289,76.0,12.2,28,0.0
2026-08-23T00:55:05Z,25.7,95,25.0,1007.2,2.2,0.5,245,77.4,27.6,19,0.0
2026-08-23T01:00:05Z,25.6,95,25.0,1007.3,1.7,0.5,9,79.2,15.4,21,0.0
2026-08-23T01:05:05Z,25.5,94,24.4,1007.3,1.4,0.6,255,81.6,46.6,23,0.0
2026-08-23T01:10:05Z,25.4,95,24.4,1007.3,0.8,0.5,125,84.6,28.4,12,0.0
2026-08-23T01:15:07Z,25.4,95,24.4,1007.2,0.7,0.5,135,86.8,12.6,12,0.0
2026-08-23T01:20:07Z,25.4,95,24.4,1007.0,0.8,0.3,40,87.8,10.6,25,0.0
2026-08-23T01:25:07Z,25.3,95,24.4,1007.0,0.8,0.5,229,89.0,15.4,16,0.0
2026-08-23T01:30:07Z,25.3,95,24.4,1007.1,1.0,0.5,140,92.0,41.0,18,0.0
2026-08-23T01:35:07Z,25.2,95,24.4,1007.1,0.8,0.3,76,93.8,25.4,12,0.0
2026-08-23T01:40:07Z,25.3,95,24.4,1006.9,0.8,0.3,236,96.0,20.0,16,0.0
2026-08-23T01:45:09Z,25.3,95,24.4,1007.0,0.8,0.3,5,96.4,5.4,9,0.0
2026-08-23T01:50:11Z,25.4,95,24.4,1007.0,1.0,0.3,61,97.0,7.0,19,0.0
2026-08-23T01:55:11Z,25.4,95,24.4,1007.1,1.1,0.4,31,97.8,10.2,18,0.0
2026-08-23T02:00:13Z,25.4,95,24.4,1007.1,0.8,0.4,254,99.0,15.2,14,0.0
2026-08-23T02:05:13Z,25.4,95,24.4,1007.3,1.1,0.4,68,100.4,11.0,32,0.0
2026-08-23T02:10:15Z,25.4,95,24.4,1007.2,1.0,0.4,140,101.0,5.4,21,0.0
2026-08-23T02:15:15Z,25.4,95,24.4,1007.7,0.7,0.3,252,102.0,16.8,14,0.0
2026-08-23T02:20:15Z,25.4,95,24.4,1007.7,1.2,0.3,247,102.6,9.8,11,0.0
2026-08-23T02:25:15Z,25.2,94,24.4,1007.8,2.3,0.5,246,103.4,9.4,12,0.0
2026-08-23T02:30:15Z,25.1,94,23.9,1007.7,0.8,0.4,242,104.0,6.0,25,0.0
2026-08-23T02:35:15Z,25.1,94,23.9,1007.6,0.4,0.3,241,104.4,5.6,44,0.0
2026-08-23T02:40:17Z,25.2,95,24.4,1007.4,0.4,0.3,273,104.8,4.2,23,0.0
2026-08-23T02:45:17Z,25.3,95,24.4,1007.4,0.5,0.3,273,105.2,6.6,44,0.0
2026-08-23T02:50:17Z,25.4,95,24.4,1007.3,0.6,0.2,273,105.8,6.0,39,0.0
2026-08-23T02:55:17Z,25.6,95,25.0,1007.3,0.2,0.1,273,106.2,5.8,18,0.0
2026-08-23T03:00:19Z,25.8,95,25.0,1007.3,0.9,0.3,272,106.8,6.6,18,0.0
2026-08-23T03:05:19Z,25.8,95,25.0,1007.2,0.7,0.3,273,107.2,5.6,25,0.0
2026-08-23T03:10:21Z,25.9,95,25.0,1007.2,0.6,0.1,273,107.8,5.6,30,0.0
2026-08-23T03:15:21Z,26.0,95,25.0,1007.3,0.9,0.2,273,108.4,18.4,18,0.0
2026-08-23T03:20:21Z,26.1,95,25.0,1007.0,0.6,0.3,275,109.8,9.8,18,0.0
2026-08-23T03:25:23Z,26.1,95,25.0,1007.0,0.5,0.1,275,110.8,17.2,14,0.0
2026-08-23T03:30:24Z,26.1,95,25.6,1006.9,1.1,0.3,267,112.6,13.8,23,0.0
2026-08-23T03:35:25Z,26.0,95,25.0,1006.9,1.2,0.4,273,114.2,12.2,39,0.0
2026-08-23T03:40:25Z,25.9,95,25.0,1006.6,1.0,0.4,280,117.0,15.0,42,0.0
2026-08-23T03:45:25Z,25.8,95,25.0,1006.3,1.2,0.4,279,117.4,5.0,44,0.0
2026-08-23T03:50:27Z,25.8,95,25.0,1006.7,1.9,0.5,302,118.2,8.4,12,0.0
2026-08-23T03:55:27Z,25.7,95,25.0,1006.7,1.0,0.5,263,119.6,23.2,12,0.0
2026-08-23T04:00:27Z,25.7,95,25.0,1006.7,0.5,0.4,291,123.6,37.8,7,0.0
2026-08-23T04:05:27Z,25.8,95,25.0,1006.9,0.5,0.1,290,126.2,12.6,7,0.0
2026-08-23T04:10:27Z,25.8,95,25.0,1006.8,0.6,0.3,264,127.4,8.0,23,0.0
2026-08-23T04:15:27Z,25.6,94,25.0,1006.7,0.5,0.3,264,127.8,6.6,28,0.0
2026-08-23T04:20:27Z,25.5,94,24.4,1006.6,0.5,0.2,260,128.0,3.0,9,0.0
2026-08-23T04:25:27Z,25.5,94,24.4,1006.8,0.7,0.2,252,130.2,53.4,11,0.0
2026-08-23T04:30:27Z,25.4,94,24.4,1006.8,1.2,0.4,246,132.0,9.8,32,0.0
2026-08-23T04:35:29Z,25.3,94,24.4,1006.7,0.4,0.4,271,134.0,24.6,16,0.0
2026-08-23T04:40:30Z,25.3,94,24.4,1006.9,2.3,0.4,235,140.2,213.4,19,0.0
2026-08-23T04:45:30Z,25.1,94,23.9,1006.5,0.8,0.4,229,142.2,24.2,16,0.0
2026-08-23T04:50:31Z,25.3,95,24.4,1006.5,2.4,0.5,253,145.2,92.2,16,0.0
2026-08-23T04:55:31Z,25.5,95,24.4,1006.6,2.5,0.6,302,151.0,91.4,14,0.0
2026-08-23T05:00:31Z,25.4,95,24.4,1006.4,2.5,0.7,279,160.8,140.4,9,0.0
2026-08-23T05:05:33Z,25.5,95,24.4,1006.0,1.0,0.7,317,166.0,14.4,11,0.0
2026-08-23T05:10:35Z,25.6,95,25.0,1005.9,1.6,0.4,260,167.2,17.2,7,0.0
2026-08-23T05:15:35Z,25.5,95,24.4,1006.0,2.0,0.4,270,169.6,19.8,5,0.0
2026-08-23T05:20:35Z,25.4,94,24.4,1005.7,2.5,0.6,270,172.4,21.4,19,0.0
2026-08-23T05:25:35Z,25.3,95,24.4,1006.0,2.7,0.6,283,173.8,18.8,18,0.0
2026-08-23T05:30:37Z,25.6,95,25.0,1006.0,2.6,0.7,293,174.8,8.2,14,0.0
2026-08-23T05:35:37Z,25.6,95,25.0,1006.2,2.7,0.7,295,175.4,5.4,14,0.0
2026-08-23T05:40:37Z,25.6,95,25.0,1006.4,2.1,0.7,271,177.4,49.0,23,0.0
2026-08-23T05:45:37Z,25.1,94,24.4,1006.1,1.7,0.7,237,179.6,10.2,33,0.0
2026-08-23T05:50:37Z,24.9,94,23.9,1006.1,1.8,0.7,232,180.0,4.0,46,0.0
2026-08-23T05:55:37Z,24.9,94,23.9,1005.9,0.3,0.4,252,180.2,4.0,25,0.0
2026-08-23T06:00:39Z,25.1,95,24.4,1005.8,0.8,0.2,289,180.6,4.2,37,0.0
2026-08-23T06:05:39Z,25.4,95,24.4,1005.6,1.5,0.4,242,181.0,4.0,35,0.0
2026-08-23T06:10:41Z,25.6,95,25.0,1005.9,2.1,0.5,265,182.0,9.8,16,0.0
2026-08-23T06:15:43Z,25.4,95,24.4,1005.8,1.8,0.5,281,182.8,9.4,28,0.0
2026-08-23T06:20:43Z,25.3,95,24.4,1005.7,2.9,0.7,232,183.4,6.2,44,0.0
2026-08-23T06:25:45Z,25.4,95,24.4,1005.8,1.6,0.7,242,184.2,6.8,49,0.0
2026-08-23T06:30:46Z,25.5,95,25.0,1005.8,1.7,0.4,239,185.2,18.4,70,0.7
2026-08-23T06:35:48Z,25.6,95,25.0,1005.7,3.0,0.6,248,185.8,4.4,51,0.6
2026-08-23T06:40:49Z,25.7,95,25.0,1005.8,2.8,0.6,252,186.2,3.6,60,0.7
2026-08-23T06:45:50Z,25.8,95,25.0,1005.9,2.1,0.7,310,186.4,2.6,74,0.7
2026-08-23T06:50:51Z,25.8,95,25.0,1005.9,1.5,0.7,288,186.6,3.8,104,1.0
2026-08-23T06:55:52Z,25.8,95,25.0,1005.8,1.9,0.5,278,186.8,2.2,51,0.0
2026-08-23T07:00:54Z,25.6,94,24.4,1005.7,2.2,0.5,302,186.8,1.6,62,0.6
2026-08-23T07:05:55Z,25.6,94,24.4,1005.7,1.5,0.5,269,186.8,1.0,37,0.0
2026-08-23T07:10:56Z,25.6,95,25.0,1005.6,2.9,0.5,253,187.0,0.8,91,0.8
2026-08-23T07:15:56Z,25.8,95,25.0,1005.5,1.7,0.5,255,187.0,0.8,128,1.1
2026-08-23T07:20:58Z,25.7,95,25.0,1005.4,1.3,0.4,246,187.0,0.8,146,1.3
2026-08-23T07:26:00Z,25.8,95,25.0,1005.4,1.3,0.4,257,187.0,0.0,79,0.6
2026-08-23T07:31:00Z,25.7,94,24.4,1005.3,1.7,0.4,245,187.2,0.0,51,0.0
2026-08-23T07:36:00Z,25.7,94,24.4,1005.2,1.4,0.4,241,187.6,4.0,39,0.0
2026-08-23T07:41:00Z,25.6,94,24.4,1005.2,1.5,0.4,244,187.8,3.4,49,0.0
2026-08-23T07:46:00Z,25.7,94,24.4,1005.2,1.4,0.4,252,188.4,7.8,23,0.0
2026-08-23T07:51:00Z,25.7,95,25.0,1005.2,1.8,0.4,278,189.0,8.8,63,0.5
2026-08-23T07:56:02Z,25.7,94,25.0,1005.2,1.9,0.5,236,189.6,5.8,70,0.5
2026-08-23T08:01:04Z,25.7,94,25.0,1005.3,1.5,0.6,251,189.8,3.2,62,0.5
2026-08-23T08:06:04Z,25.8,94,25.0,1005.3,2.5,0.6,234,190.0,2.8,54,0.0
2026-08-23T08:11:04Z,25.9,94,25.0,1005.4,2.7,0.5,257,190.2,1.6,54,0.0
2026-08-23T08:16:06Z,25.8,94,25.0,1005.4,1.7,0.6,256,190.2,1.6,65,0.0
2026-08-23T08:21:08Z,25.8,94,25.0,1005.5,3.0,0.6,231,190.4,1.4,49,0.0
2026-08-23T08:26:08Z,25.7,94,25.0,1005.5,2.9,0.6,221,190.6,1.6,51,0.0
2026-08-23T08:31:10Z,25.7,94,24.4,1005.5,3.8,0.7,239,190.6,1.6,44,0.0
2026-08-23T08:36:12Z,25.5,94,24.4,1005.4,2.2,0.7,237,190.8,1.6,47,0.0
2026-08-23T08:41:14Z,25.6,94,24.4,1005.5,0.9,0.5,250,191.0,2.2,40,0.0
2026-08-23T08:46:14Z,25.6,94,24.4,1005.5,0.6,0.3,326,191.2,2.2,42,0.0
2026-08-23T08:51:14Z,25.6,94,24.4,1005.4,1.1,0.3,261,191.4,2.8,39,0.0
2026-08-23T08:56:16Z,25.6,94,24.4,1005.3,0.5,0.3,239,191.6,2.8,35,0.0
2026-08-23T09:01:18Z,25.7,94,24.4,1005.2,0.1,0.3,239,191.8,2.0,16,0.0
2026-08-23T09:06:18Z,25.7,94,25.0,1005.2,0.8,0.2,235,191.8,1.8,33,0.0
2026-08-23T09:11:18Z,25.7,94,25.0,1005.1,0.8,0.3,253,192.0,1.4,28,0.0
2026-08-23T09:16:20Z,25.7,94,25.0,1005.1,0.5,0.3,256,192.0,1.4,23,0.0
2026-08-23T09:21:22Z,25.7,94,25.0,1005.0,0.1,0.2,256,192.2,1.4,14,0.0
2026-08-23T09:26:22Z,25.8,94,25.0,1005.0,0.9,0.3,269,192.6,6.6,18,0.0
2026-08-23T09:31:24Z,25.8,94,25.0,1005.1,0.7,0.3,257,192.8,4.4,18,0.0
2026-08-23T09:36:26Z,25.9,94,25.0,1005.0,0.4,0.2,266,193.0,3.0,26,0.0
2026-08-23T09:41:26Z,25.9,94,25.0,1005.0,1.9,0.4,236,193.0,1.4,16,0.0
2026-08-23T09:46:28Z,25.9,94,25.0,1005.0,2.0,0.4,248,193.0,0.8,21,0.0
2026-08-23T09:51:28Z,25.8,94,25.0,1005.2,0.8,0.4,242,193.0,0.0,18,0.0
2026-08-23T09:56:28Z,25.7,94,24.4,1005.4,0.8,0.3,248,193.0,0.0,14,0.0
2026-08-23T10:01:30Z,25.6,94,24.4,1005.6,0.3,0.2,246,193.0,0.0,12,0.0
2026-08-23T10:06:30Z,25.5,94,24.4,1005.8,1.2,0.2,257,193.0,0.0,5,0.0
2026-08-23T10:11:30Z,25.6,94,24.4,1005.8,1.2,0.4,238,193.0,0.0,0,0.0
2026-08-23T10:16:30Z,25.6,94,24.4,1005.9,0.7,0.4,233,193.0,0.0,0,0.0
2026-08-23T10:21:30Z,25.7,94,25.0,1005.9,0.0,0.2,233,193.0,0.0,0,0.0
2026-08-23T10:26:30Z,25.8,94,25.0,1006.0,0.2,0.1,236,193.0,0.0,0,0.0
2026-08-23T10:31:30Z,25.8,94,25.0,1006.0,0.1,0.1,236,193.0,0.0,0,0.0
2026-08-23T10:36:30Z,25.8,94,25.0,1006.0,0.2,0.0,236,193.0,0.0,0,0.0
2026-08-23T10:41:30Z,25.8,94,25.0,1006.1,0.0,0.0,236,193.0,0.0,0,0.0
2026-08-23T10:46:32Z,25.8,94,25.0,1006.3,0.0,0.0,236,193.0,0.0,0,0.0
2026-08-23T10:51:32Z,25.8,94,25.0,1006.2,0.1,0.0,236,193.0,0.0,0,0.0
2026-08-23T10:56:32Z,25.7,94,25.0,1006.3,0.1,0.1,236,193.2,0.0,0,0.0
2026-08-23T11:01:32Z,25.7,94,25.0,1006.4,0.0,0.1,236,193.2,0.0,0,0.0
2026-08-23T11:06:32Z,25.7,94,25.0,1006.4,0.0,0.0,236,193.2,0.0,0,0.0
2026-08-23T11:11:32Z,25.7,94,25.0,1006.5,0.1,0.0,236,193.2,0.0,0,0.0
2026-08-23T11:16:34Z,25.7,94,25.0,1006.4,0.3,0.1,236,193.2,0.0,0,0.0
2026-08-23T11:21:34Z,25.7,94,24.4,1006.3,0.2,0.1,236,193.2,0.0,0,0.0
2026-08-23T11:26:34Z,25.7,94,24.4,1006.3,0.2,0.1,236,193.2,0.0,0,0.0
2026-08-23T11:31:34Z,25.7,94,24.4,1006.3,0.7,0.1,235,193.2,0.0,0,0.0
2026-08-23T11:36:34Z,25.7,94,24.4,1006.2,0.3,0.1,235,195.6,11.0,0,0.0
2026-08-23T11:41:34Z,25.7,94,24.4,1006.3,0.6,0.1,232,195.6,2.0,0,0.0
2026-08-23T11:46:36Z,25.7,94,25.0,1006.5,0.8,0.1,234,195.6,1.0,0,0.0
2026-08-23T11:51:38Z,25.7,94,25.0,1006.6,0.0,0.1,234,195.8,0.8,0,0.0
2026-08-23T11:56:38Z,25.7,94,25.0,1006.5,0.4,0.1,234,195.8,0.8,0,0.0
2026-08-23T12:01:40Z,25.8,94,25.0,1006.5,0.1,0.1,234,195.8,0.8,0,0.0
2026-08-23T12:06:40Z,25.8,94,25.0,1006.4,0.3,0.1,234,195.8,0.8,0,0.0
2026-08-23T12:11:42Z,25.8,94,25.0,1006.5,0.4,0.1,234,195.8,0.0,0,0.0
2026-08-23T12:16:43Z,25.8,94,25.0,1006.5,0.2,0.1,234,195.8,0.0,0,0.0
2026-08-23T12:21:43Z,25.8,94,25.0,1006.6,0.4,0.1,231,195.8,0.0,0,0.0
2026-08-23T12:26:43Z,25.9,94,25.0,1006.6,0.4,0.2,159,195.8,0.0,0,0.0
2026-08-23T12:31:44Z,25.9,94,25.0,1006.5,0.7,0.2,159,195.8,0.0,0,0.0
2026-08-23T12:36:44Z,26.0,94,25.0,1006.5,0.9,0.2,157,195.8,0.0,0,0.0
2026-08-23T12:41:44Z,26.0,94,25.0,1006.7,0.7,0.4,111,195.8,0.0,0,0.0
2026-08-23T12:46:44Z,26.1,94,25.0,1006.8,1.1,0.3,123,195.8,0.0,0,0.0
2026-08-23T12:51:44Z,26.1,94,25.0,1006.8,1.1,0.3,128,195.8,0.0,0,0.0
2026-08-23T12:56:44Z,26.2,94,25.0,1006.7,1.1,0.4,155,195.8,0.0,0,0.0
2026-08-23T13:01:44Z,26.2,94,25.0,1006.8,0.9,0.4,115,196.0,0.0,0,0.0
2026-08-23T13:06:44Z,26.2,94,25.0,1006.8,0.9,0.4,104,196.0,0.0,0,0.0
2026-08-23T13:11:46Z,26.2,94,25.0,1006.8,0.9,0.4,106,196.0,0.0,0,0.0
2026-08-23T13:16:46Z,26.1,94,25.0,1006.7,0.8,0.4,107,196.2,8.4,0,0.0
2026-08-23T13:21:46Z,26.1,94,25.0,1006.8,0.9,0.4,107,196.4,2.4,0,0.0
2026-08-23T13:26:46Z,26.0,94,25.0,1006.8,0.4,0.4,109,197.0,5.4,0,0.0
2026-08-23T13:31:46Z,26.0,94,25.0,1006.8,0.7,0.1,110,197.0,1.6,0,0.0
2026-08-23T13:36:46Z,26.2,94,25.0,1007.0,0.7,0.2,219,198.8,51.8,0,0.0
2026-08-23T13:41:48Z,26.3,94,25.6,1007.1,0.7,0.3,275,200.2,22.6,0,0.0
2026-08-23T13:46:48Z,26.3,94,25.6,1007.1,0.2,0.3,274,201.6,6.0,0,0.0
2026-08-23T13:51:48Z,26.4,94,25.6,1006.9,0.6,0.1,186,202.0,4.8,0,0.0
2026-08-23T13:56:48Z,26.4,94,25.6,1006.9,0.7,0.3,112,203.2,6.0,0,0.0
2026-08-23T14:01:49Z,26.3,94,25.6,1007.1,1.5,0.3,165,203.4,2.4,0,0.0
2026-08-23T14:06:50Z,26.3,94,25.6,1007.2,1.0,0.3,43,203.6,3.0,0,0.0
2026-08-23T14:11:51Z,26.3,94,25.6,1007.4,0.7,0.3,69,203.6,1.4,0,0.0
2026-08-23T14:16:52Z,26.3,94,25.6,1007.2,0.8,0.2,70,203.6,0.8,0,0.0
2026-08-23T14:21:53Z,26.3,94,25.6,1007.1,0.6,0.3,92,203.8,0.8,0,0.0
2026-08-23T14:26:54Z,26.3,94,25.6,1007.1,0.6,0.4,30,203.8,0.8,0,0.0
2026-08-23T14:31:55Z,26.4,94,25.6,1007.0,0.7,0.2,142,203.8,0.8,0,0.0
2026-08-23T14:36:57Z,26.4,94,25.6,1007.0,0.6,0.2,219,203.8,0.0,0,0.0
2026-08-23T14:41:57Z,26.4,94,25.6,1007.0,0.5,0.2,84,203.8,0.0,0,0.0
2026-08-23T14:46:57Z,26.4,94,25.6,1006.9,1.2,0.2,74,203.8,0.0,0,0.0
2026-08-23T14:51:57Z,26.3,94,25.6,1006.8,0.9,0.3,248,204.0,0.0,0,0.0
2026-08-23T14:56:57Z,26.2,94,25.0,1006.9,1.2,0.4,141,204.4,21.2,0,0.0
2026-08-23T15:01:57Z,26.1,94,25.0,1007.0,1.1,0.4,142,205.2,8.4,0,0.0
2026-08-23T15:06:59Z,26.0,94,25.0,1006.8,1.3,0.4,67,206.2,9.2,0,0.0
2026-08-23T15:11:59Z,25.9,94,25.0,1006.7,1.4,0.4,148,207.6,13.6,0,0.0
2026-08-23T15:16:59Z,25.9,94,25.0,1006.7,1.3,0.4,160,207.6,2.0,0,0.0
2026-08-23T15:21:59Z,26.0,94,25.0,1006.6,1.0,0.3,180,207.8,1.8,0,0.0
2026-08-23T15:26:59Z,26.1,94,25.0,1006.7,1.1,0.3,36,207.8,1.2,0,0.0
2026-08-23T15:31:59Z,26.0,94,25.0,1006.6,1.5,0.4,128,207.8,0.8,0,0.0
2026-08-23T15:37:01Z,25.9,94,25.0,1006.5,1.8,0.5,51,207.8,0.0,0,0.0
2026-08-23T15:42:01Z,25.9,94,25.0,1006.5,1.4,0.5,60,207.8,0.0,0,0.0
2026-08-23T15:47:03Z,25.9,94,25.0,1006.6,2.2,0.4,130,207.8,0.0,0,0.0
2026-08-23T15:52:05Z,25.9,94,25.0,1006.5,1.8,0.4,113,207.8,0.0,0,0.0
2026-08-23T15:57:05Z,25.9,94,25.0,1006.4,1.6,0.4,91,207.8,0.0,0,0.0
2026-08-23T16:02:07Z,25.9,94,25.0,1006.4,1.4,0.4,111,207.8,0.0,0,0.0
2026-08-23T16:07:08Z,26.0,94,25.0,1006.4,1.0,0.3,84,0.0,0.0,0,0.0
2026-08-23T16:12:08Z,26.0,94,25.0,1006.4,0.9,0.3,116,0.0,0.0,0,0.0
2026-08-23T16:17:08Z,26.1,94,25.0,1006.4,1.4,0.3,59,0.0,0.0,0,0.0
2026-08-23T16:22:08Z,26.1,94,25.0,1006.4,0.9,0.2,288,0.0,0.0,0,0.0
2026-08-23T16:27:10Z,25.9,94,25.0,1006.4,1.7,0.4,257,0.0,0.0,0,0.0
2026-08-23T16:32:10Z,25.8,94,25.0,1006.4,1.3,0.4,156,0.0,0.0,0,0.0
2026-08-23T16:37:12Z,25.8,94,25.0,1006.3,1.4,0.4,99,0.0,0.0,0,0.0
2026-08-23T16:42:14Z,25.8,94,25.0,1006.3,1.0,0.4,57,0.0,0.0,0,0.0
2026-08-23T16:47:14Z,25.7,94,25.0,1006.4,1.3,0.3,12,0.2,0.0,0,0.0
2026-08-23T16:52:16Z,25.7,94,25.0,1006.5,1.7,0.3,58,0.2,0.0,0,0.0
2026-08-23T16:57:16Z,25.7,94,24.4,1006.5,1.7,0.4,128,0.2,0.0,0,0.0
2026-08-23T17:02:18Z,25.6,94,24.4,1006.5,1.2,0.4,324,0.2,0.0,0,0.0
2026-08-23T17:07:18Z,25.6,94,24.4,1006.5,1.3,0.4,150,0.6,5.6,0,0.0
2026-08-23T17:12:18Z,25.6,94,24.4,1006.5,1.3,0.4,305,1.2,8.4,0,0.0
2026-08-23T17:17:20Z,25.6,94,24.4,1006.6,1.0,0.2,34,2.0,23.2,0,0.0
2026-08-23T17:22:20Z,25.5,94,24.4,1006.5,1.4,0.4,112,5.0,34.6,0,0.0
2026-08-23T17:27:20Z,25.5,94,24.4,1006.6,1.7,0.4,170,6.4,8.8,0,0.0
2026-08-23T17:32:20Z,25.5,94,24.4,1006.6,0.9,0.4,57,7.0,4.4,0,0.0
2026-08-23T17:37:22Z,25.6,94,24.4,1006.5,1.1,0.2,234,7.8,9.8,0,0.0
2026-08-23T17:42:22Z,25.6,94,24.4,1006.4,1.5,0.4,43,8.4,5.2,0,0.0
2026-08-23T17:47:24Z,25.6,94,24.4,1006.1,1.0,0.4,35,8.6,3.8,0,0.0
2026-08-23T17:52:24Z,25.6,94,24.4,1006.1,1.0,0.4,86,9.4,9.4,0,0.0
2026-08-23T17:57:26Z,25.7,94,24.4,1006.0,1.7,0.5,114,10.0,7.0,0,0.0
2026-08-23T18:02:26Z,25.7,94,24.4,1005.9,1.0,0.5,47,10.8,11.4,0,0.0
2026-08-23T18:07:26Z,25.7,94,24.4,1006.0,1.2,0.4,140,11.8,10.2,0,0.0
2026-08-23T18:12:26Z,25.7,94,25.0,1005.9,1.3,0.4,110,12.4,7.8,0,0.0
2026-08-23T18:17:26Z,25.7,94,25.0,1005.9,1.2,0.3,130,13.2,9.2,0,0.0
2026-08-23T18:22:26Z,25.6,94,24.4,1005.8,1.6,0.4,175,13.8,6.0,0,0.0
2026-08-23T18:27:28Z,25.6,94,24.4,1005.8,1.0,0.4,116,14.4,5.0,0,0.0
2026-08-23T18:32:28Z,25.6,94,24.4,1005.8,1.3,0.4,125,14.8,6.2,0,0.0
2026-08-23T18:37:28Z,25.6,94,24.4,1005.8,0.8,0.4,63,16.6,28.8,0,0.0
2026-08-23T18:42:30Z,25.6,94,24.4,1005.9,0.8,0.2,324,17.6,7.8,0,0.0
2026-08-23T18:47:30Z,25.6,94,24.4,1005.7,1.1,0.3,250,19.0,11.0,0,0.0
2026-08-23T18:52:32Z,25.5,94,24.4,1005.9,1.3,0.4,284,19.4,5.4,0,0.0
2026-08-23T18:57:50Z,25.4,94,24.4,1005.9,0.7,0.4,282,19.8,3.4,0,0.0
2026-08-23T19:02:52Z,25.4,94,24.4,1005.8,0.6,0.2,13,20.0,2.6,0,0.0
2026-08-23T19:07:54Z,25.4,94,24.4,1005.8,0.7,0.2,65,20.2,3.0,0,0.0
2026-08-23T19:12:56Z,25.4,94,24.4,1005.9,0.3,0.2,297,21.4,15.2,0,0.0
2026-08-23T19:17:56Z,25.4,94,24.4,1005.9,0.6,0.3,268,21.6,3.2,0,0.0
2026-08-23T19:22:56Z,25.4,94,24.4,1005.8,0.6,0.3,228,22.0,5.4,0,0.0
2026-08-23T19:27:58Z,25.4,94,24.4,1005.8,0.6,0.2,214,23.2,11.0,0,0.0
2026-08-23T19:32:58Z,25.5,94,24.4,1005.8,0.7,0.2,95,25.4,17.2,0,0.0
2026-08-23T19:38:00Z,25.4,94,24.4,1005.9,1.3,0.4,113,25.6,3.2,0,0.0
2026-08-23T19:43:00Z,25.2,94,24.4,1006.0,1.3,0.4,123,25.8,2.6,0,0.0
2026-08-23T19:48:02Z,25.1,94,23.9,1006.1,1.1,0.4,136,26.2,3.4,0,0.0
2026-08-23T19:53:02Z,25.1,94,23.9,1006.1,1.0,0.4,63,26.4,3.2,0,0.0
2026-08-23T19:58:04Z,25.1,94,23.9,1006.0,1.1,0.3,44,27.2,9.4,0,0.0
2026-08-23T20:03:06Z,25.1,94,23.9,1006.0,0.9,0.2,70,27.6,6.4,0,0.0
2026-08-23T20:08:06Z,25.2,94,24.4,1005.8,0.7,0.4,98,28.0,4.2,0,0.0
2026-08-23T20:13:08Z,25.2,94,24.4,1005.8,1.3,0.4,52,28.6,8.6,0,0.0
2026-08-23T20:18:08Z,25.3,94,24.4,1005.9,1.0,0.4,37,29.0,6.0,0,0.0
2026-08-23T20:23:10Z,25.3,94,24.4,1006.0,1.3,0.4,121,29.4,3.4,0,0.0
2026-08-23T20:28:13Z,25.3,94,24.4,1006.0,0.8,0.4,162,29.6,2.0,0,0.0
2026-08-23T20:33:15Z,25.3,94,24.4,1006.1,1.2,0.4,146,29.6,2.0,0,0.0
2026-08-23T20:38:16Z,25.3,94,24.4,1006.2,1.0,0.4,149,30.0,3.0,0,0.0
2026-08-23T20:43:16Z,25.3,94,24.4,1006.2,0.8,0.3,75,30.2,3.4,0,0.0
2026-08-23T20:48:17Z,25.3,94,24.4,1006.2,0.9,0.3,108,30.4,3.0,0,0.0
2026-08-23T20:53:18Z,25.3,94,24.4,1006.2,0.9,0.3,123,30.6,2.2,0,0.0
2026-08-23T20:58:39Z,25.2,94,24.4,1006.3,0.8,0.2,130,30.8,3.0,0,0.0
2026-08-23T21:03:40Z,25.2,94,24.4,1006.3,1.1,0.2,130,31.2,3.2,0,0.0
2026-08-23T21:08:40Z,25.2,94,24.4,1006.4,0.7,0.2,139,31.4,2.4,0,0.0
2026-08-23T21:13:42Z,25.1,94,24.4,1006.4,0.8,0.2,141,31.4,2.0,0,0.0
2026-08-23T21:18:42Z,25.1,94,23.9,1006.3,0.8,0.2,196,31.6,1.4,0,0.0
2026-08-23T21:23:42Z,25.1,94,23.9,1006.3,0.8,0.3,139,31.6,1.4,0,0.0
2026-08-23T21:28:44Z,25.2,94,24.4,1006.4,0.7,0.3,107,31.8,1.2,0,0.0
2026-08-23T21:33:47Z,25.2,94,24.4,1006.3,0.5,0.2,144,31.8,1.2,0,0.0
2026-08-23T21:38:48Z,25.3,94,24.4,1006.4,0.8,0.2,75,32.0,1.6,0,0.0
2026-08-23T21:43:49Z,25.3,94,24.4,1006.5,0.7,0.3,124,32.0,1.2,0,0.0
2026-08-23T21:48:51Z,25.4,94,24.4,1006.5,1.1,0.3,160,32.2,1.2,0,0.0
2026-08-23T21:53:52Z,25.4,94,24.4,1006.5,0.9,0.3,157,32.4,1.4,0,0.0
2026-08-23T21:58:53Z,25.4,94,24.4,1006.5,1.2,0.3,156,32.6,2.0,0,0.0
2026-08-23T22:03:55Z,25.4,94,24.4,1006.5,1.3,0.4,151,32.6,2.0,0,0.0
2026-08-23T22:08:57Z,25.5,94,24.4,1006.5,1.3,0.4,160,32.8,1.2,5,0.0
2026-08-23T22:13:57Z,25.5,94,24.4,1006.5,1.1,0.3,149,32.8,1.2,5,0.0
2026-08-23T22:18:59Z,25.5,94,24.4,1006.6,1.3,0.3,135,32.8,1.2,5,0.0
2026-08-23T22:23:59Z,25.6,94,24.4,1006.7,1.1,0.3,163,33.0,1.0,0,0.0
2026-08-23T22:29:01Z,25.6,94,24.4,1006.7,1.1,0.3,99,33.2,2.2,5,0.0
2026-08-23T22:34:01Z,25.6,94,24.4,1006.7,0.9,0.3,132,33.8,8.8,7,0.0
2026-08-23T22:39:03Z,25.7,94,24.4,1006.7,1.2,0.3,142,34.0,2.6,9,0.0
2026-08-23T22:44:03Z,25.7,94,25.0,1006.8,1.0,0.4,134,34.2,2.0,9,0.0
2026-08-23T22:49:03Z,25.7,94,25.0,1006.8,1.0,0.4,125,34.2,1.4,12,0.0
2026-08-23T22:54:03Z,25.7,94,25.0,1006.8,1.4,0.4,137,34.4,1.4,14,0.0
2026-08-23T22:59:03Z,25.8,94,25.0,1006.8,0.8,0.2,193,34.6,1.8,16,0.0
2026-08-23T23:04:03Z,25.8,94,25.0,1006.8,0.6,0.2,155,34.8,1.8,16,0.0
2026-08-23T23:09:05Z,25.8,94,25.0,1006.8,0.6,0.2,205,35.2,5.2,16,0.0
2026-08-23T23:14:05Z,25.8,94,25.0,1006.9,0.9,0.3,154,35.8,6.0,18,0.0
2026-08-23T23:19:07Z,25.8,94,25.0,1006.9,1.3,0.2,144,36.2,4.2,19,0.0
2026-08-23T23:24:09Z,25.8,94,25.0,1006.8,1.0,0.4,138,36.6,4.6,23,0.0
2026-08-23T23:29:09Z,25.8,94,25.0,1006.8,0.5,0.4,147,37.0,4.8,18,0.0
2026-08-23T23:34:11Z,25.9,94,25.0,1006.9,1.4,0.4,86,37.2,2.8,32,0.0
2026-08-23T23:39:11Z,25.9,94,25.0,1006.8,0.9,0.4,190,37.2,2.0,30,0.0
2026-08-23T23:44:13Z,26.0,95,25.0,1006.8,1.2,0.4,156,37.4,1.4,30,0.0
2026-08-23T23:49:15Z,25.9,94,25.0,1006.8,1.8,0.5,111,37.4,1.4,23,0.0
2026-08-23T23:54:15Z,25.9,94,25.0,1006.8,1.1,0.5,148,37.6,1.2,14,0.0
2026-08-23T23:59:17Z,25.9,94,25.0,1006.9,1.0,0.4,149,37.8,2.4,23,0.0
2026-08-24T00:04:17Z,26.0,95,25.0,1007.0,1.3,0.4,144,38.4,7.8,19,0.0
2026-08-24T00:09:19Z,26.0,94,25.0,1007.0,1.2,0.3,46,39.0,6.2,16,0.0
2026-08-24T00:14:21Z,26.1,95,25.0,1007.3,0.6,0.3,276,39.2,3.6,16,0.0
2026-08-24T00:19:21Z,26.0,94,25.0,1007.3,0.7,0.4,64,40.8,21.4,28,0.0
2026-08-24T00:24:23Z,25.6,94,24.4,1007.4,0.6,0.3,271,43.2,33.2,25,0.0
2026-08-24T00:29:23Z,25.3,94,24.4,1007.5,0.7,0.3,205,44.8,22.6,12,0.0
2026-08-24T00:34:25Z,25.2,94,24.4,1007.6,0.7,0.2,175,46.4,8.8,21,0.0
2026-08-24T00:39:27Z,25.2,94,24.4,1007.8,0.9,0.4,256,46.8,6.8,30,0.0
2026-08-24T00:44:27Z,25.2,94,24.4,1007.8,0.5,0.4,274,47.2,4.8,33,0.0
2026-08-24T00:49:29Z,25.3,94,24.4,1007.8,0.6,0.2,82,47.6,4.4,37,0.0
2026-08-24T00:54:29Z,25.3,94,24.4,1007.8,0.2,0.2,82,48.2,10.4,35,0.0
2026-08-24T00:59:31Z,25.4,94,24.4,1007.9,0.4,0.1,82,48.8,7.6,30,0.0
2026-08-24T01:04:31Z,25.4,94,24.4,1007.9,0.1,0.1,82,49.4,4.4,37,0.0
2026-08-24T01:09:31Z,25.4,94,24.4,1007.9,0.2,0.1,82,49.6,3.6,32,0.0
2026-08-24T01:14:33Z,25.4,94,24.4,1008.0,0.3,0.1,82,50.2,8.4,49,0.0
2026-08-24T01:19:33Z,25.5,94,24.4,1008.0,0.0,0.1,82,50.8,5.6,54,0.0
2026-08-24T01:24:33Z,25.6,95,25.0,1007.9,0.1,0.0,82,51.2,5.0,42,0.0
2026-08-24T01:29:35Z,25.7,95,25.0,1008.0,0.1,0.0,82,52.0,10.6,37,0.0
2026-08-24T01:34:35Z,25.7,95,25.0,1007.9,0.3,0.1,82,52.2,3.8,46,0.0
2026-08-24T01:39:35Z,25.7,95,25.0,1008.0,0.0,0.1,82,52.4,2.2,33,0.0
2026-08-24T01:44:37Z,25.7,95,25.0,1007.9,0.3,0.1,82,53.2,5.8,47,0.0
2026-08-24T01:49:38Z,25.7,95,25.0,1007.8,0.4,0.1,82,53.6,5.4,49,0.0
2026-08-24T01:54:39Z,25.8,94,25.0,1007.7,0.1,0.1,82,54.2,6.0,53,0.0
2026-08-24T01:59:39Z,25.8,94,25.0,1007.6,0.5,0.1,82,54.4,2.4,67,0.7
2026-08-24T02:04:41Z,25.8,94,25.0,1007.6,0.0,0.1,82,54.6,2.0,118,1.3
2026-08-24T02:09:43Z,25.8,95,25.0,1007.6,0.3,0.1,82,54.8,1.8,135,1.4
2026-08-24T02:14:43Z,25.9,95,25.0,1007.6,0.3,0.1,82,55.0,2.4,46,0.0
2026-08-24T02:19:45Z,25.9,95,25.0,1007.5,0.2,0.1,82,55.2,2.0,33,0.0
2026-08-24T02:24:45Z,25.8,94,25.0,1007.7,0.2,0.1,82,55.8,46.2,44,0.0
2026-08-24T02:29:47Z,25.8,94,25.0,1007.6,0.0,0.0,82,59.2,20.8,54,0.0
2026-08-24T02:34:49Z,25.9,95,25.0,1007.5,0.1,0.0,82,59.8,6.2,70,0.9
2026-08-24T02:39:51Z,26.0,95,25.0,1007.5,0.0,0.0,82,60.0,3.4,63,0.7
2026-08-24T02:44:53Z,26.1,95,25.0,1007.5,0.0,0.0,82,60.2,2.4,63,0.8
2026-08-24T02:49:53Z,26.1,95,25.6,1007.3,0.2,0.1,81,61.0,11.0,54,0.0
2026-08-24T02:54:53Z,26.0,95,25.0,1007.1,0.6,0.2,221,62.0,8.8,111,1.4
2026-08-24T02:59:53Z,25.9,94,25.0,1007.0,0.5,0.2,221,62.2,3.6,125,1.5
2026-08-24T03:04:53Z,25.9,94,25.0,1007.2,0.3,0.1,222,62.2,1.6,121,1.5
2026-08-24T03:09:53Z,25.9,94,25.0,1007.2,0.3,0.1,222,62.4,1.6,69,0.8
2026-08-24T03:14:53Z,26.0,95,25.0,1007.3,0.0,0.1,222,62.6,2.6,79,1.0
2026-08-24T03:19:53Z,26.1,95,25.0,1007.3,0.1,0.0,222,62.8,2.4,90,1.1
2026-08-24T03:24:56Z,26.1,95,25.0,1007.1,0.2,0.1,222,63.0,2.2,116,1.3
2026-08-24T03:29:58Z,26.1,95,25.0,1007.3,1.7,0.3,283,63.0,1.2,19,0.0
2026-08-24T03:34:58Z,25.4,94,24.4,1007.5,2.3,0.4,290,64.2,14.2,19,0.0
2026-08-24T03:39:58Z,25.2,94,24.4,1007.6,1.7,0.4,304,64.4,3.8,19,0.0
2026-08-24T03:44:59Z,25.1,94,23.9,1007.6,1.4,0.5,287,65.4,33.2,16,0.0
2026-08-24T03:50:01Z,25.2,94,24.4,1007.4,1.7,0.5,290,68.6,38.6,19,0.0
2026-08-24T03:55:01Z,25.3,94,24.4,1007.4,1.8,0.4,286,72.6,84.8,30,0.0
2026-08-24T04:00:03Z,25.1,94,23.9,1007.4,1.3,0.4,276,77.6,57.0,16,0.0
2026-08-24T04:05:06Z,24.9,94,23.9,1007.7,2.5,0.4,259,80.0,20.2,28,0.0
2026-08-24T04:10:07Z,24.8,94,23.9,1007.6,0.2,0.4,254,81.0,6.8,25,0.0
2026-08-24T04:15:07Z,24.8,94,23.9,1007.6,0.2,0.4,254,81.2,4.0,26,0.0
2026-08-24T04:20:07Z,24.7,94,23.9,1007.5,0.2,0.1,254,81.4,2.0,23,0.0
2026-08-24T04:25:09Z,24.7,94,23.9,1007.3,0.4,0.1,252,81.4,1.8,23,0.0
2026-08-24T04:30:11Z,24.7,94,23.9,1007.3,0.4,0.1,252,81.4,1.0,33,0.0
2026-08-24T04:35:11Z,24.7,95,23.9,1007.2,0.0,0.1,252,81.6,0.8,21,0.0
2026-08-24T04:40:13Z,24.8,94,23.9,1007.1,0.2,0.1,252,81.8,2.6,28,0.0
2026-08-24T04:45:14Z,24.9,94,23.9,1006.9,0.0,0.1,252,82.2,5.4,18,0.0
2026-08-24T04:50:16Z,24.9,95,23.9,1006.9,0.1,0.1,252,82.6,4.2,14,0.0
2026-08-24T04:55:16Z,25.0,95,24.4,1006.9,0.7,0.1,252,83.4,12.6,11,0.0
2026-08-24T05:00:18Z,25.1,95,24.4,1006.8,0.0,0.1,252,83.8,5.0,12,0.0
2026-08-24T05:05:19Z,25.1,95,24.4,1006.6,0.4,0.1,252,84.4,8.2,9,0.0
2026-08-24T05:10:20Z,25.1,94,23.9,1006.5,0.0,0.1,252,85.0,7.6,26,0.0
2026-08-24T05:15:21Z,25.0,94,23.9,1006.5,0.3,0.1,252,85.4,3.4,33,0.0
2026-08-24T05:20:22Z,24.9,94,23.9,1006.4,0.3,0.1,248,85.6,2.2,30,0.0
2026-08-24T05:25:24Z,24.9,94,23.9,1006.5,1.1,0.2,255,85.8,2.4,11,0.0
2026-08-24T05:30:25Z,25.1,94,23.9,1007.2,2.2,0.4,267,89.8,169.4,14,0.0
2026-08-24T05:35:26Z,24.9,94,23.9,1006.9,0.6,0.4,288,100.6,88.6,35,0.0
2026-08-24T05:40:28Z,24.9,94,23.9,1006.9,1.2,0.3,245,103.2,15.2,18,0.0
2026-08-24T05:45:28Z,24.9,94,23.9,1007.0,0.9,0.2,233,105.2,17.8,26,0.0
2026-08-24T05:50:30Z,24.9,94,23.9,1007.1,0.7,0.4,224,106.0,11.0,40,0.0
2026-08-24T05:55:32Z,24.9,94,23.9,1007.0,0.2,0.3,279,107.0,17.6,14,0.0
2026-08-24T06:00:32Z,24.8,94,23.9,1007.0,0.6,0.3,279,107.8,5.6,26,0.0
2026-08-24T06:05:34Z,24.8,94,23.9,1006.8,0.3,0.2,246,108.2,5.0,26,0.0
2026-08-24T06:10:34Z,24.8,95,23.9,1006.8,0.2,0.1,248,108.6,5.6,19,0.0
2026-08-24T06:15:34Z,24.8,94,23.9,1006.8,0.4,0.1,248,109.0,4.0,18,0.0
2026-08-24T06:20:36Z,24.9,95,23.9,1006.9,0.8,0.2,246,109.6,8.2,21,0.0
2026-08-24T06:25:36Z,24.9,95,23.9,1006.8,0.5,0.2,247,110.4,11.0,11,0.0
2026-08-24T06:30:36Z,25.0,95,24.4,1006.8,1.2,0.3,253,111.0,6.2,28,0.0
2026-08-24T06:35:38Z,25.1,95,24.4,1006.7,1.0,0.4,269,111.6,6.8,44,0.0
2026-08-24T06:40:40Z,25.2,95,24.4,1006.7,0.6,0.4,261,112.2,6.6,33,0.0
2026-08-24T06:45:40Z,25.3,95,24.4,1006.6,0.3,0.2,257,112.6,5.2,40,0.0
2026-08-24T06:50:40Z,25.4,95,24.4,1006.5,0.5,0.2,256,113.0,4.8,26,0.0
2026-08-24T06:55:40Z,25.5,95,24.4,1006.5,0.5,0.2,254,113.2,4.4,44,0.0
2026-08-24T07:00:42Z,25.6,95,25.0,1006.5,0.5,0.2,254,113.4,2.8,42,0.0
2026-08-24T07:05:42Z,25.6,95,25.0,1006.6,0.4,0.2,254,113.6,2.6,47,0.0
2026-08-24T07:10:44Z,25.7,95,25.0,1006.5,0.6,0.2,255,113.8,1.8,46,0.0
2026-08-24T07:15:44Z,25.7,95,25.0,1006.5,0.0,0.1,254,113.8,1.6,51,0.0
2026-08-24T07:20:46Z,25.7,95,25.0,1006.4,0.1,0.1,254,113.8,1.0,40,0.0
2026-08-24T07:25:46Z,25.7,95,25.0,1006.3,0.0,0.1,254,113.8,0.0,44,0.0
2026-08-24T07:30:46Z,25.8,95,25.0,1006.2,0.1,0.1,254,114.0,0.0,53,0.0
2026-08-24T07:35:48Z,25.8,95,25.0,1006.1,0.1,0.1,254,114.0,0.0,26,0.0
2026-08-24T07:40:48Z,25.7,95,25.0,1006.0,0.0,0.0,254,114.2,1.2,16,0.0
2026-08-24T07:45:48Z,25.7,95,25.0,1006.1,0.2,0.1,254,114.4,2.2,18,0.0
2026-08-24T07:50:48Z,25.7,95,25.0,1006.1,0.3,0.1,254,114.8,3.8,5,0.0
2026-08-24T07:55:48Z,25.7,95,25.0,1006.3,0.7,0.2,256,116.0,9.2,26,0.0
2026-08-24T08:00:50Z,25.6,94,24.4,1006.4,1.3,0.3,280,116.2,2.6,25,0.0
2026-08-24T08:05:52Z,25.6,94,24.4,1006.4,1.0,0.4,308,116.4,2.0,49,0.0
2026-08-24T08:10:52Z,25.6,94,24.4,1006.4,1.3,0.4,298,116.6,3.0,44,0.0
2026-08-24T08:15:52Z,25.5,94,24.4,1006.4,1.3,0.4,291,116.8,2.4,32,0.0
2026-08-24T08:20:54Z,25.2,94,24.4,1006.4,0.9,0.3,288,117.0,1.8,28,0.0
2026-08-24T08:25:54Z,25.1,94,23.9,1006.3,0.5,0.2,288,117.2,1.8,49,0.0
2026-08-24T08:30:54Z,25.2,95,24.4,1006.4,0.4,0.2,288,117.4,1.8,53,0.0
2026-08-24T08:35:54Z,25.4,95,24.4,1006.5,0.3,0.1,288,117.4,1.8,40,0.0
2026-08-24T08:40:54Z,25.6,95,25.0,1006.5,0.4,0.1,288,117.6,2.2,35,0.0
2026-08-24T08:45:56Z,25.7,95,25.0,1006.4,0.2,0.1,288,117.8,2.4,37,0.0
2026-08-24T08:50:58Z,25.8,95,25.0,1006.5,0.6,0.1,288,118.0,2.4,37,0.0
2026-08-24T08:55:58Z,25.8,95,25.0,1006.5,0.4,0.1,288,118.2,1.6,39,0.0
2026-08-24T09:01:00Z,25.8,95,25.0,1006.5,0.7,0.1,288,118.2,1.6,32,0.0
2026-08-24T09:06:00Z,25.8,95,25.0,1006.5,0.8,0.1,290,118.2,1.0,37,0.0
2026-08-24T09:11:02Z,25.8,95,25.0,1006.4,0.7,0.2,292,118.4,0.8,25,0.0
2026-08-24T09:16:04Z,25.6,94,24.4,1006.5,0.6,0.2,292,118.4,1.6,11,0.0
2026-08-24T09:21:04Z,25.4,94,24.4,1006.6,0.5,0.1,292,118.6,1.6,5,0.0
2026-08-24T09:26:06Z,25.4,94,24.4,1006.6,0.9,0.2,298,118.8,1.4,7,0.0
2026-08-24T09:31:06Z,25.4,94,24.4,1006.7,0.6,0.2,298,119.0,2.0,5,0.0
2026-08-24T09:36:08Z,25.5,95,24.4,1006.7,0.3,0.1,298,119.0,2.0,5,0.0
2026-08-24T09:41:08Z,25.7,95,25.0,1006.8,0.6,0.1,298,119.0,1.2,0,0.0
2026-08-24T09:46:08Z,25.8,95,25.0,1007.0,1.2,0.3,272,119.2,1.0,5,0.0
2026-08-24T09:51:10Z,25.9,95,25.0,1007.0,0.8,0.3,276,119.2,1.0,0,0.0
2026-08-24T09:56:12Z,25.8,95,25.0,1007.1,0.9,0.3,280,119.4,1.2,5,0.0
2026-08-24T10:01:14Z,25.8,95,25.0,1007.2,1.0,0.2,280,119.6,1.4,0,0.0
2026-08-24T10:06:14Z,25.7,94,25.0,1007.2,0.8,0.3,274,119.8,2.0,0,0.0
2026-08-24T10:11:16Z,25.3,94,24.4,1007.2,1.0,0.3,270,119.8,2.0,0,0.0
2026-08-24T10:16:16Z,25.2,94,24.4,1007.2,0.4,0.3,279,120.0,2.0,0,0.0
2026-08-24T10:21:18Z,25.1,94,23.9,1007.4,0.3,0.1,280,120.2,2.4,0,0.0
2026-08-24T10:26:20Z,25.1,94,23.9,1007.3,0.5,0.1,280,120.4,2.0,0,0.0
2026-08-24T10:31:20Z,25.2,94,23.9,1007.4,0.4,0.1,280,120.6,2.2,0,0.0
2026-08-24T10:36:22Z,25.2,94,24.4,1007.4,0.8,0.3,273,120.8,1.8,0,0.0
2026-08-24T10:41:24Z,25.2,94,24.4,1007.4,0.4,0.3,273,120.8,1.8,0,0.0
2026-08-24T10:46:24Z,25.2,95,24.4,1007.4,0.2,0.1,273,120.8,1.0,0,0.0
2026-08-24T10:51:26Z,25.2,95,24.4,1007.5,0.3,0.1,273,120.8,0.8,0,0.0
2026-08-24T10:56:26Z,25.2,95,24.4,1007.5,0.1,0.1,273,121.0,0.8,0,0.0
2026-08-24T11:01:26Z,25.2,95,24.4,1007.6,0.2,0.1,273,121.0,0.8,0,0.0
2026-08-24T11:06:26Z,25.3,95,24.4,1007.5,0.1,0.0,273,121.2,1.0,0,0.0
2026-08-24T11:11:28Z,25.3,95,24.4,1007.5,0.0,0.0,273,121.2,1.0,0,0.0
2026-08-24T11:16:28Z,25.3,95,24.4,1007.4,0.5,0.1,273,121.2,1.0,0,0.0
2026-08-24T11:21:28Z,25.2,95,24.4,1007.5,0.3,0.1,273,121.2,0.8,0,0.0
2026-08-24T11:26:28Z,25.2,95,24.4,1007.4,0.4,0.1,273,121.2,0.0,0,0.0
2026-08-24T11:31:30Z,25.2,94,24.4,1007.4,0.3,0.1,273,121.2,0.0,0,0.0
2026-08-24T11:36:30Z,25.2,94,24.4,1007.5,0.3,0.1,273,121.4,0.0,0,0.0
2026-08-24T11:41:30Z,25.2,94,24.4,1007.6,0.0,0.0,273,121.4,0.0,0,0.0
2026-08-24T11:46:32Z,25.2,94,24.4,1007.6,0.2,0.1,273,121.4,0.0,0,0.0
2026-08-24T11:51:32Z,25.2,94,24.4,1007.6,0.3,0.1,273,121.4,0.0,0,0.0
2026-08-24T11:56:32Z,25.2,94,24.4,1007.6,0.2,0.1,273,121.4,0.0,0,0.0
2026-08-24T12:01:35Z,25.2,94,24.4,1007.5,0.2,0.1,273,121.4,0.0,0,0.0
2026-08-24T12:06:35Z,25.1,94,24.4,1007.5,0.5,0.1,273,121.4,0.0,0,0.0
2026-08-24T12:11:36Z,25.1,94,24.4,1007.5,0.0,0.1,273,121.4,0.0,0,0.0
2026-08-24T12:16:36Z,25.1,94,23.9,1007.4,0.3,0.1,273,121.4,0.0,0,0.0
2026-08-24T12:21:37Z,25.1,94,23.9,1007.6,0.0,0.1,273,121.4,0.0,0,0.0
2026-08-24T12:26:38Z,25.1,94,23.9,1007.7,0.0,0.0,273,121.4,0.0,0,0.0
2026-08-24T12:31:38Z,25.1,94,23.9,1007.7,0.0,0.0,273,121.4,0.0,0,0.0
2026-08-24T12:36:38Z,25.1,94,23.9,1007.8,0.0,0.0,273,121.4,0.0,0,0.0
2026-08-24T12:41:40Z,25.1,94,23.9,1008.0,0.3,0.1,273,121.4,0.0,0,0.0
2026-08-24T12:46:40Z,25.1,94,23.9,1008.0,0.0,0.1,273,121.4,0.0,0,0.0
2026-08-24T12:51:40Z,25.1,94,23.9,1007.9,0.0,0.0,273,121.4,0.0,0,0.0
2026-08-24T12:56:42Z,25.1,94,23.9,1008.2,0.0,0.0,273,121.4,0.0,0,0.0
2026-08-24T13:01:42Z,25.1,95,23.9,1008.2,0.0,0.0,273,121.4,0.0,0,0.0
2026-08-24T13:06:43Z,25.1,95,23.9,1008.3,0.0,0.0,273,121.4,0.0,0,0.0
2026-08-24T13:11:45Z,25.1,95,24.4,1008.2,0.1,0.1,273,121.4,0.0,0,0.0
2026-08-24T13:16:45Z,25.1,95,24.4,1008.2,0.0,0.1,273,121.4,0.0,0,0.0
2026-08-24T13:21:45Z,25.1,95,24.4,1008.5,0.0,0.0,273,121.4,0.0,0,0.0
2026-08-24T13:26:47Z,25.1,95,24.4,1008.5,0.0,0.0,273,121.4,0.0,0,0.0
2026-08-24T13:31:49Z,25.1,95,24.4,1008.7,0.0,0.0,273,121.4,0.0,0,0.0
2026-08-24T13:36:51Z,25.1,95,24.4,1008.7,0.0,0.0,273,121.6,0.0,0,0.0
2026-08-24T13:41:51Z,25.1,95,24.4,1008.7,0.0,0.0,273,122.2,5.6,0,0.0
2026-08-24T13:46:53Z,25.1,95,24.4,1008.7,0.0,0.0,273,123.6,10.4,0,0.0
2026-08-24T13:51:53Z,25.1,95,24.4,1008.6,0.3,0.1,273,124.2,5.8,0,0.0
2026-08-24T13:56:55Z,25.1,95,24.4,1008.7,0.0,0.1,273,124.4,2.8,0,0.0
2026-08-24T14:01:57Z,25.1,95,24.4,1008.9,0.0,0.0,273,124.8,4.6,0,0.0
2026-08-24T14:06:57Z,25.1,95,24.4,1008.9,0.0,0.0,273,125.2,5.4,0,0.0
2026-08-24T14:11:59Z,25.1,95,24.4,1009.1,0.0,0.1,273,125.6,4.8,0,0.0
2026-08-24T14:16:59Z,25.2,95,24.4,1009.1,0.0,0.1,273,126.0,3.0,0,0.0
2026-08-24T14:22:01Z,25.2,95,24.4,1009.1,0.0,0.0,273,126.2,3.2,0,0.0
2026-08-24T14:27:01Z,25.1,95,24.4,1009.2,0.0,0.0,273,126.4,3.2,0,0.0
2026-08-24T14:32:01Z,25.1,95,24.4,1009.2,0.0,0.0,273,126.8,3.2,0,0.0
2026-08-24T14:37:03Z,25.1,95,24.4,1009.2,0.4,0.1,270,127.0,3.4,0,0.0
2026-08-24T14:42:05Z,25.2,95,24.4,1009.2,0.5,0.2,129,127.4,3.6,0,0.0
2026-08-24T14:47:05Z,25.1,95,24.4,1009.3,0.4,0.2,156,127.6,3.0,0,0.0
2026-08-24T14:52:07Z,25.0,94,23.9,1009.2,0.7,0.2,161,127.8,3.0,0,0.0
2026-08-24T14:57:09Z,24.9,94,23.9,1009.0,0.2,0.2,126,128.0,2.2,0,0.0
2026-08-24T15:02:11Z,24.9,94,23.9,1009.0,0.4,0.1,126,128.2,1.8,0,0.0
2026-08-24T15:07:11Z,24.8,94,23.9,1008.9,0.4,0.1,126,128.2,1.8,0,0.0
2026-08-24T15:12:11Z,24.8,94,23.9,1008.8,0.2,0.1,126,128.2,1.2,0,0.0
2026-08-24T15:17:13Z,24.8,95,23.9,1008.8,0.0,0.1,126,128.4,0.8,0,0.0
2026-08-24T15:22:15Z,24.8,95,23.9,1008.8,0.0,0.0,126,128.4,0.8,0,0.0
2026-08-24T15:27:17Z,24.8,95,23.9,1008.8,0.0,0.0,126,128.4,0.8,0,0.0
2026-08-24T15:32:17Z,24.8,95,23.9,1008.8,0.0,0.0,126,128.4,0.8,0,0.0
2026-08-24T15:37:19Z,24.8,95,23.9,1008.5,0.0,0.0,126,128.6,0.8,0,0.0
2026-08-24T15:42:19Z,24.8,95,23.9,1008.4,0.0,0.0,126,128.8,2.0,0,0.0
2026-08-24T15:47:21Z,24.7,95,23.9,1008.3,0.0,0.0,126,128.8,1.4,0,0.0
2026-08-24T15:52:21Z,24.7,95,23.9,1008.3,0.0,0.0,126,129.0,0.8,0,0.0
2026-08-24T15:57:21Z,24.7,95,23.9,1008.3,0.0,0.0,126,129.0,0.8,0,0.0
2026-08-24T16:02:21Z,24.7,95,23.9,1008.5,0.0,0.0,126,129.0,0.8,0,0.0
2026-08-24T16:07:22Z,24.7,95,23.9,1008.7,0.4,0.1,126,0.0,0.8,0,0.0
2026-08-24T16:12:24Z,24.7,95,23.9,1008.5,0.0,0.1,126,0.0,0.0,0,0.0
2026-08-24T16:17:24Z,24.7,95,23.9,1008.4,0.0,0.0,126,0.2,0.0,0,0.0
2026-08-24T16:22:26Z,24.7,95,23.9,1008.4,0.0,0.0,126,0.2,0.0,0,0.0
2026-08-24T16:27:28Z,24.7,95,23.9,1008.5,0.2,0.1,126,0.2,0.0,0,0.0
2026-08-24T16:32:28Z,24.8,95,23.9,1008.5,0.4,0.1,127,0.2,0.0,0,0.0
2026-08-24T16:37:30Z,24.8,95,23.9,1008.4,0.4,0.1,127,0.2,0.0,0,0.0
2026-08-24T16:42:30Z,24.8,95,23.9,1008.3,0.7,0.2,128,0.2,0.0,0,0.0
2026-08-24T16:47:32Z,24.8,95,23.9,1008.1,0.4,0.2,128,0.2,0.0,0,0.0
2026-08-24T16:52:34Z,24.8,95,23.9,1008.1,0.5,0.1,128,0.2,0.0,0,0.0
2026-08-24T16:57:34Z,24.8,95,23.9,1008.2,0.1,0.1,128,0.2,0.0,0,0.0
2026-08-24T17:02:36Z,24.8,95,23.9,1008.1,0.0,0.1,128,0.6,4.2,0,0.0
2026-08-24T17:07:36Z,24.8,95,23.9,1007.9,0.1,0.1,128,1.2,5.8,0,0.0
2026-08-24T17:12:38Z,24.8,95,23.9,1007.7,0.3,0.1,128,1.2,2.0,0,0.0
2026-08-24T17:17:38Z,24.9,95,23.9,1007.8,0.3,0.1,128,1.4,2.0,0,0.0
2026-08-24T17:22:38Z,24.8,95,23.9,1007.7,0.6,0.1,128,1.4,1.2,0,0.0
2026-08-24T17:27:38Z,24.8,95,23.9,1007.8,0.5,0.2,134,1.4,0.8,0,0.0
2026-08-24T17:32:38Z,24.9,95,23.9,1007.8,0.5,0.2,134,2.2,6.6,0,0.0
2026-08-24T17:37:38Z,24.9,95,23.9,1007.8,0.3,0.2,136,2.6,4.6,0,0.0
2026-08-24T17:42:40Z,24.9,95,23.9,1007.8,0.1,0.1,140,3.0,5.2,0,0.0
2026-08-24T17:47:40Z,24.9,95,23.9,1007.5,0.4,0.1,140,3.2,3.2,0,0.0
2026-08-24T17:52:40Z,24.9,95,23.9,1007.5,0.1,0.1,140,3.2,1.4,0,0.0
2026-08-24T17:57:40Z,24.8,95,23.9,1007.5,0.0,0.1,140,3.2,0.8,0,0.0
2026-08-24T18:02:41Z,24.8,95,23.9,1007.4,0.8,0.2,141,4.0,4.6,0,0.0
2026-08-24T18:07:42Z,24.8,95,23.9,1007.3,0.2,0.2,142,5.0,8.6,0,0.0
2026-08-24T18:12:42Z,24.8,95,23.9,1007.3,0.0,0.1,142,5.2,3.4,0,0.0
2026-08-24T18:17:42Z,24.9,95,23.9,1007.2,0.8,0.1,142,5.4,1.4,0,0.0
2026-08-24T18:22:42Z,24.8,95,23.9,1007.1,0.8,0.1,142,5.4,1.4,0,0.0
2026-08-24T18:27:44Z,24.9,95,23.9,1007.2,0.8,0.1,142,5.4,1.2,0,0.0
2026-08-24T18:32:44Z,24.8,95,23.9,1007.3,0.2,0.1,142,5.4,0.8,0,0.0
2026-08-24T18:37:44Z,24.8,95,23.9,1007.3,1.0,0.1,142,5.4,0.0,0,0.0
2026-08-24T18:42:46Z,24.9,95,23.9,1007.2,0.3,0.1,142,5.4,0.0,0,0.0
2026-08-24T18:47:46Z,24.9,95,23.9,1007.4,1.1,0.2,144,5.6,0.0,0,0.0
2026-08-24T18:52:47Z,24.9,95,23.9,1007.2,0.7,0.2,144,5.8,1.6,0,0.0
2026-08-24T18:57:48Z,24.9,95,23.9,1007.3,0.4,0.2,147,5.8,1.6,0,0.0
2026-08-24T19:02:48Z,24.8,95,23.9,1007.3,0.6,0.2,147,6.0,1.4,0,0.0
2026-08-24T19:07:50Z,24.8,95,23.9,1007.3,0.3,0.2,147,6.0,1.4,0,0.0
2026-08-24T19:12:50Z,24.8,95,23.9,1007.3,0.2,0.2,147,6.0,0.8,0,0.0
2026-08-24T19:17:50Z,24.8,95,23.9,1007.4,0.0,0.1,147,6.2,0.8,0,0.0
2026-08-24T19:22:52Z,24.8,95,23.9,1007.6,0.0,0.0,147,6.2,0.8,0,0.0
2026-08-24T19:27:52Z,24.8,95,23.9,1007.5,0.0,0.0,147,6.4,1.0,0,0.0
2026-08-24T19:32:52Z,24.9,95,23.9,1007.5,0.4,0.1,148,6.6,2.0,0,0.0
2026-08-24T19:37:54Z,25.1,95,24.4,1007.5,0.9,0.3,261,6.8,2.6,0,0.0
2026-08-24T19:42:54Z,25.2,95,24.4,1007.4,0.6,0.3,11,7.0,1.6,0,0.0
2026-08-24T19:47:55Z,25.3,95,24.4,1007.4,0.8,0.2,269,7.0,1.6,0,0.0
2026-08-24T19:52:56Z,25.3,95,24.4,1007.4,0.1,0.2,274,7.0,1.0,0,0.0
2026-08-24T19:57:57Z,25.2,95,24.4,1007.6,0.6,0.3,119,7.2,1.0,0,0.0
2026-08-24T20:02:57Z,25.2,95,24.4,1007.5,0.7,0.3,138,7.4,2.4,0,0.0
2026-08-24T20:07:59Z,25.2,95,24.4,1007.5,0.6,0.1,146,7.6,1.4,0,0.0
2026-08-24T20:13:01Z,25.2,95,24.4,1007.5,0.0,0.2,163,7.6,1.4,0,0.0
2026-08-24T20:18:02Z,25.2,95,24.4,1007.4,0.5,0.2,163,7.8,1.4,0,0.0
2026-08-24T20:23:03Z,25.1,95,24.4,1007.6,0.5,0.2,164,7.8,1.4,0,0.0
2026-08-24T20:28:04Z,25.0,95,24.4,1007.5,1.0,0.2,166,8.0,1.6,0,0.0
2026-08-24T20:33:25Z,25.0,95,24.4,1007.5,1.1,0.3,163,8.0,1.2,0,0.0
2026-08-24T20:38:27Z,25.0,95,24.4,1007.6,0.7,0.2,167,8.2,1.2,0,0.0
2026-08-24T20:43:29Z,25.1,95,24.4,1007.6,1.3,0.2,166,8.2,1.2,0,0.0
2026-08-24T20:48:31Z,25.1,95,24.4,1007.4,0.4,0.2,180,8.2,0.8,0,0.0
2026-08-24T20:53:33Z,25.2,95,24.4,1007.4,0.2,0.1,180,8.4,0.8,0,0.0
2026-08-24T20:58:33Z,25.2,95,24.4,1007.5,0.0,0.1,180,8.4,0.8,0,0.0
2026-08-24T21:03:33Z,25.1,95,24.4,1007.5,0.4,0.1,180,8.8,3.6,0,0.0
2026-08-24T21:08:35Z,25.2,95,24.4,1007.5,0.6,0.2,180,8.8,1.8,0,0.0
2026-08-24T21:13:35Z,25.2,95,24.4,1007.5,0.4,0.2,179,8.8,1.0,0,0.0
2026-08-24T21:18:35Z,25.2,95,24.4,1007.5,0.8,0.2,179,8.8,0.8,0,0.0
2026-08-24T21:23:37Z,25.2,95,24.4,1007.5,0.1,0.2,179,8.8,0.0,0,0.0
2026-08-24T21:28:39Z,25.3,95,24.4,1007.4,0.5,0.2,179,8.8,0.0,0,0.0
2026-08-24T21:33:39Z,25.3,95,24.4,1007.3,0.9,0.2,179,8.8,0.0,0,0.0
2026-08-24T21:38:39Z,25.3,95,24.4,1007.5,1.2,0.2,179,9.0,0.0,0,0.0
2026-08-24T21:43:39Z,25.5,95,24.4,1007.6,1.5,0.3,159,9.0,0.0,0,0.0
2026-08-24T21:48:41Z,25.6,95,25.0,1007.7,0.9,0.3,159,9.0,0.0,0,0.0
2026-08-24T21:53:41Z,25.6,95,25.0,1007.7,1.1,0.3,139,9.0,0.0,0,0.0
2026-08-24T21:58:41Z,25.7,95,25.0,1007.6,0.6,0.3,143,9.0,0.0,0,0.0
2026-08-24T22:03:43Z,25.8,95,25.0,1007.5,1.5,0.3,157,9.0,0.0,7,0.0
2026-08-24T22:08:43Z,25.9,95,25.0,1007.7,1.1,0.4,158,9.0,0.0,7,0.0
2026-08-24T22:13:45Z,26.1,95,25.0,1007.6,0.9,0.4,154,9.0,0.0,5,0.0
2026-08-24T22:18:45Z,26.1,95,25.6,1007.7,1.1,0.4,150,9.2,0.0,5,0.0
2026-08-24T22:23:47Z,26.1,95,25.6,1007.9,0.7,0.2,241,9.4,2.8,0,0.0
2026-08-24T22:28:47Z,26.1,95,25.0,1007.8,1.5,0.3,168,9.4,1.2,11,0.0
2026-08-24T22:33:47Z,26.1,95,25.6,1007.8,0.4,0.3,168,9.4,0.8,5,0.0
2026-08-24T22:38:49Z,26.1,95,25.6,1007.8,0.4,0.2,173,9.4,0.0,9,0.0
2026-08-24T22:43:51Z,26.2,95,25.6,1007.9,0.7,0.1,173,9.4,0.0,11,0.0
2026-08-24T22:48:53Z,26.4,95,25.6,1007.9,0.7,0.2,122,9.4,0.0,11,0.0
2026-08-24T22:53:53Z,26.4,95,25.6,1007.9,0.8,0.2,103,9.4,0.0,7,0.0
2026-08-24T22:58:55Z,26.6,95,25.6,1007.9,0.5,0.3,142,9.4,0.0,11,0.0
2026-08-24T23:03:57Z,26.6,95,25.6,1008.1,0.0,0.2,136,9.4,0.0,11,0.0
2026-08-24T23:08:57Z,26.7,95,26.1,1008.3,0.4,0.2,117,9.4,0.0,7,0.0
2026-08-24T23:13:59Z,26.7,95,26.1,1008.1,0.2,0.2,117,9.4,0.0,7,0.0
2026-08-24T23:18:59Z,26.7,95,26.1,1008.1,0.4,0.1,117,9.4,0.0,5,0.0
2026-08-24T23:24:01Z,26.7,95,26.1,1008.3,0.4,0.1,116,9.4,0.0,7,0.0
2026-08-24T23:29:01Z,26.8,95,26.1,1008.3,0.5,0.1,115,9.4,0.0,0,0.0
2026-08-24T23:34:01Z,26.8,95,26.1,1008.1,0.8,0.3,140,9.4,0.0,9,0.0
2026-08-24T23:39:01Z,26.7,95,26.1,1008.1,0.5,0.3,148,9.4,0.0,11,0.0
2026-08-24T23:44:01Z,26.7,95,26.1,1008.2,0.7,0.2,73,9.4,0.0,11,0.0
2026-08-24T23:49:01Z,26.7,95,26.1,1008.3,0.4,0.2,76,9.4,0.0,12,0.0
2026-08-24T23:54:03Z,26.7,95,26.1,1008.3,0.3,0.1,75,9.4,0.0,14,0.0
2026-08-24T23:59:05Z,26.7,95,26.1,1008.4,0.6,0.2,130,9.4,0.0,16,0.0
2026-08-25T00:04:05Z,26.7,95,26.1,1008.4,0.6,0.2,189,9.4,0.0,18,0.0
2026-08-25T00:09:07Z,26.7,95,26.1,1008.5,0.4,0.2,171,9.4,0.0,21,0.0
2026-08-25T00:14:07Z,26.7,95,26.1,1008.6,0.7,0.2,150,9.4,0.0,21,0.0
2026-08-25T00:19:09Z,26.7,95,25.6,1008.6,0.7,0.1,144,9.4,0.0,18,0.0
2026-08-25T00:24:09Z,26.6,95,25.6,1008.7,0.5,0.1,136,9.4,0.0,19,0.0
2026-08-25T00:29:09Z,26.6,95,25.6,1008.6,0.5,0.2,151,9.4,0.0,25,0.0
2026-08-25T00:34:09Z,26.6,95,25.6,1008.8,0.6,0.2,152,9.4,0.0,23,0.0
2026-08-25T00:39:09Z,26.6,95,25.6,1008.8,0.3,0.2,152,9.4,0.0,18,0.0
2026-08-25T00:44:09Z,26.6,95,25.6,1008.8,0.4,0.1,153,9.4,0.0,18,0.0
2026-08-25T00:49:11Z,26.6,95,25.6,1008.8,0.4,0.1,153,9.4,0.0,14,0.0
2026-08-25T00:54:11Z,26.6,95,26.1,1008.8,0.3,0.1,154,9.4,0.0,21,0.0
2026-08-25T00:59:11Z,26.7,95,26.1,1008.7,0.4,0.1,155,9.4,0.0,19,0.0
2026-08-25T01:04:11Z,26.7,95,26.1,1008.6,0.2,0.1,155,9.4,0.0,19,0.0
2026-08-25T01:09:13Z,26.7,95,26.1,1008.7,0.1,0.1,155,9.4,0.0,18,0.0
2026-08-25T01:14:15Z,26.7,95,26.1,1008.8,0.2,0.1,155,9.4,0.0,18,0.0
2026-08-25T01:19:15Z,26.8,95,26.1,1008.7,0.3,0.1,155,9.4,0.0,19,0.0
2026-08-25T01:24:15Z,26.7,95,26.1,1008.8,0.3,0.1,155,9.4,0.0,14,0.0
2026-08-25T01:29:15Z,26.8,95,26.1,1008.8,0.7,0.2,156,9.4,0.0,26,0.0
2026-08-25T01:34:17Z,26.8,95,26.1,1008.9,0.2,0.2,153,9.4,0.0,26,0.0
2026-08-25T01:39:17Z,26.9,95,26.1,1008.8,0.4,0.2,142,9.4,0.0,30,0.0
2026-08-25T01:44:19Z,26.9,95,26.1,1008.8,0.0,0.2,142,9.4,0.0,37,0.0
2026-08-25T01:49:19Z,26.9,95,26.1,1008.8,0.1,0.1,142,9.4,0.0,37,0.0
2026-08-25T01:54:21Z,26.9,95,26.1,1008.9,0.2,0.1,142,9.4,0.0,32,0.0
2026-08-25T01:59:24Z,26.9,95,26.1,1008.9,0.2,0.1,142,9.4,0.0,35,0.0
2026-08-25T02:04:24Z,26.8,95,26.1,1009.0,0.2,0.1,142,9.4,0.0,35,0.0
2026-08-25T02:09:25Z,26.7,95,26.1,1009.0,0.2,0.1,143,9.4,0.0,46,0.0
2026-08-25T02:14:25Z,26.6,94,25.6,1009.1,0.2,0.1,147,9.4,0.0,65,0.7
2026-08-25T02:19:27Z,26.4,94,25.6,1009.0,0.5,0.1,150,9.4,0.0,63,0.6
2026-08-25T02:24:29Z,26.3,94,25.6,1008.9,0.2,0.1,150,9.4,0.0,44,0.0
2026-08-25T02:29:29Z,26.3,94,25.6,1008.8,0.2,0.1,150,9.4,0.0,100,1.0
2026-08-25T02:34:31Z,26.3,94,25.6,1008.7,0.2,0.1,150,9.4,0.0,137,1.4
2026-08-25T02:39:31Z,26.4,95,25.6,1008.7,0.0,0.1,150,9.4,0.0,134,1.3
2026-08-25T02:44:33Z,26.6,95,25.6,1008.7,0.2,0.1,150,9.4,0.0,51,0.7
2026-08-25T02:49:33Z,26.6,95,25.6,1008.7,0.0,0.1,200,9.4,0.0,32,0.0
2026-08-25T02:54:33Z,26.7,95,26.1,1008.7,0.3,0.2,134,9.6,0.0,51,0.0
2026-08-25T02:59:33Z,26.8,95,26.1,1008.8,0.4,0.2,128,10.0,5.8,56,0.6
2026-08-25T03:04:33Z,26.8,95,26.1,1008.8,0.2,0.2,129,10.0,1.6,69,0.8
2026-08-25T03:09:33Z,26.9,95,26.1,1008.6,0.3,0.1,129,10.0,1.0,118,1.4
2026-08-25T03:14:35Z,26.9,95,26.1,1008.5,0.1,0.1,129,10.0,0.0,176,2.0
2026-08-25T03:19:37Z,27.1,95,26.1,1008.6,0.1,0.1,129,10.0,0.0,114,1.5
2026-08-25T03:24:38Z,27.1,95,26.1,1008.8,0.2,0.1,129,10.0,0.0,118,1.3
2026-08-25T03:29:39Z,27.2,95,26.1,1008.9,0.9,0.2,127,10.0,0.0,118,1.4
2026-08-25T03:34:40Z,27.2,95,26.7,1008.8,0.3,0.2,127,10.0,0.0,149,1.7
2026-08-25T03:39:40Z,27.3,95,26.7,1008.7,0.4,0.1,127,10.0,0.0,139,1.6
2026-08-25T03:44:41Z,27.2,95,26.7,1008.7,0.1,0.1,127,10.0,0.0,53,0.0
2026-08-25T03:49:41Z,27.3,95,26.7,1008.6,0.4,0.1,131,10.0,0.0,54,0.0
2026-08-25T03:54:43Z,27.2,95,26.7,1008.7,0.2,0.1,175,10.0,0.0,98,1.3
2026-08-25T03:59:43Z,27.2,95,26.1,1008.7,0.5,0.2,186,10.0,0.0,128,1.5
2026-08-25T04:04:43Z,27.1,95,26.1,1008.7,0.7,0.2,194,10.0,0.0,123,1.5
2026-08-25T04:09:44Z,27.1,95,26.1,1008.7,0.3,0.1,194,10.0,0.0,107,1.4
2026-08-25T04:14:44Z,27.1,95,26.1,1008.5,0.4,0.2,231,10.0,0.0,186,2.2
2026-08-25T04:19:44Z,27.1,95,26.1,1008.6,0.7,0.2,231,10.0,0.0,93,1.1
2026-08-25T04:24:44Z,27.1,95,26.1,1008.5,0.6,0.1,231,10.0,0.0,97,1.2
2026-08-25T04:29:44Z,27.1,95,26.1,1008.5,0.7,0.1,231,10.0,0.0,102,1.2
2026-08-25T04:34:44Z,27.1,94,26.1,1008.4,0.5,0.1,232,10.0,0.0,141,1.6
2026-08-25T04:39:46Z,26.9,94,26.1,1008.3,0.3,0.2,232,10.0,0.0,190,2.0
2026-08-25T04:44:46Z,26.9,94,26.1,1008.3,0.3,0.1,232,10.0,0.0,162,1.8
2026-08-25T04:49:46Z,26.9,94,26.1,1008.3,0.1,0.1,232,10.0,0.0,105,1.1
2026-08-25T04:54:48Z,27.0,94,26.1,1008.3,0.4,0.2,233,10.0,0.0,116,1.3
2026-08-25T04:59:48Z,27.0,94,26.1,1008.2,0.4,0.2,233,10.0,0.0,91,1.1
2026-08-25T05:04:48Z,27.2,95,26.1,1008.2,0.2,0.1,233,10.0,0.0,111,1.2
2026-08-25T05:09:50Z,27.2,95,26.7,1008.3,0.6,0.1,233,10.0,0.0,58,0.6
2026-08-25T05:14:52Z,27.2,95,26.7,1008.3,0.8,0.1,295,10.0,0.0,42,0.0
2026-08-25T05:19:52Z,26.8,94,26.1,1008.3,1.1,0.3,295,10.0,0.0,30,0.0
2026-08-25T05:24:52Z,26.4,94,25.6,1008.4,1.1,0.2,292,10.8,23.4,11,0.0
2026-08-25T05:29:52Z,26.4,94,25.6,1008.4,1.1,0.2,288,11.0,3.8,56,0.7
2026-08-25T05:34:54Z,26.2,94,25.0,1008.5,0.5,0.2,288,11.0,1.4,49,0.0
2026-08-25T05:39:54Z,26.0,94,25.0,1008.3,0.8,0.2,262,11.2,1.0,76,0.9
2026-08-25T05:44:56Z,25.8,94,25.0,1008.4,0.6,0.2,262,11.2,1.0,40,0.0
2026-08-25T05:49:58Z,25.7,94,25.0,1008.3,0.2,0.1,262,11.4,1.4,63,0.7
2026-08-25T05:54:58Z,25.8,94,25.0,1008.3,0.0,0.1,262,11.6,1.8,69,0.7
2026-08-25T06:00:00Z,25.7,94,25.0,1008.3,0.0,0.0,262,11.6,1.8,58,0.6
2026-08-25T06:05:00Z,25.8,94,25.0,1008.1,0.0,0.0,262,11.6,1.0,30,0.0
2026-08-25T06:10:02Z,25.8,94,25.0,1008.2,0.0,0.0,262,11.8,1.0,39,0.0
2026-08-25T06:15:04Z,25.8,94,25.0,1008.2,0.0,0.0,262,11.8,1.0,56,0.6
2026-08-25T06:20:04Z,25.8,94,25.0,1008.1,0.8,0.1,261,11.8,0.8,97,1.0
2026-08-25T06:25:06Z,25.8,94,25.0,1008.1,0.8,0.1,261,11.8,0.0,74,0.8
2026-08-25T06:30:06Z,25.9,94,25.0,1008.1,0.4,0.1,261,11.8,0.0,65,0.6
2026-08-25T06:35:08Z,25.9,94,25.0,1008.0,0.4,0.1,261,11.8,0.0,83,0.7
2026-08-25T06:40:10Z,25.9,94,25.0,1008.0,0.0,0.1,261,11.8,0.0,72,0.7
2026-08-25T06:45:10Z,25.8,94,25.0,1008.0,0.0,0.1,261,11.8,0.0,53,0.0
2026-08-25T06:50:12Z,25.8,94,25.0,1007.9,0.0,0.0,261,11.8,0.0,37,0.0
2026-08-25T06:55:12Z,25.8,94,25.0,1007.9,0.0,0.0,261,11.8,0.0,49,0.0
2026-08-25T07:00:14Z,25.8,94,25.0,1007.9,0.0,0.0,261,11.8,0.0,46,0.0
2026-08-25T07:05:14Z,25.9,94,25.0,1007.9,0.0,0.0,261,11.8,0.0,30,0.0
2026-08-25T07:10:14Z,25.9,94,25.0,1008.0,0.0,0.0,261,11.8,0.0,81,0.6
2026-08-25T07:15:16Z,25.9,94,25.0,1007.8,0.5,0.1,261,11.8,0.0,77,0.8
2026-08-25T07:20:16Z,26.1,94,25.0,1007.8,0.4,0.1,261,11.8,0.0,67,0.5
2026-08-25T07:25:16Z,26.1,94,25.0,1007.8,0.0,0.1,261,11.8,0.0,63,0.5
2026-08-25T07:30:16Z,26.1,94,25.0,1007.7,0.2,0.1,261,11.8,0.0,105,0.9
2026-08-25T07:35:16Z,26.2,94,25.0,1007.7,0.1,0.1,261,11.8,0.0,172,1.3
2026-08-25T07:40:16Z,26.3,94,25.6,1007.6,0.0,0.1,261,11.8,0.0,142,1.0
2026-08-25T07:45:16Z,26.4,94,25.6,1007.7,0.0,0.1,261,11.8,0.0,49,0.0
2026-08-25T07:50:16Z,26.4,94,25.6,1007.5,0.1,0.1,261,11.8,0.0,53,0.0
2026-08-25T07:55:18Z,26.4,94,25.6,1007.5,0.1,0.1,261,11.8,0.0,39,0.0
2026-08-25T08:00:18Z,26.5,94,25.6,1007.5,0.1,0.1,261,11.8,0.0,11,0.0
2026-08-25T08:05:18Z,26.4,94,25.6,1007.7,0.7,0.3,293,15.6,43.2,12,0.0
2026-08-25T08:10:20Z,26.3,94,25.6,1007.6,1.6,0.3,301,21.8,69.4,14,0.0
2026-08-25T08:15:22Z,26.3,94,25.6,1007.8,0.9,0.3,244,27.4,73.4,14,0.0
2026-08-25T08:20:22Z,26.3,94,25.6,1007.7,0.8,0.2,308,33.6,98.4,12,0.0
2026-08-25T08:25:24Z,26.3,94,25.6,1007.8,1.5,0.3,314,41.2,114.0,11,0.0
2026-08-25T08:30:24Z,26.2,94,25.0,1007.8,2.6,0.5,294,49.6,160.0,11,0.0
2026-08-25T08:35:24Z,26.1,94,25.0,1007.8,2.1,0.5,304,57.6,48.4,7,0.0
2026-08-25T08:40:25Z,26.1,94,25.0,1007.7,2.1,0.4,315,63.6,38.0,11,0.0
2026-08-25T08:45:26Z,26.0,94,25.0,1007.7,1.3,0.4,311,67.6,26.4,9,0.0
2026-08-25T08:50:26Z,26.0,94,25.0,1007.7,0.8,0.4,300,69.6,11.2,9,0.0
2026-08-25T08:55:26Z,26.0,94,25.0,1007.8,0.7,0.2,245,70.0,4.0,9,0.0
2026-08-25T09:00:26Z,26.0,94,25.0,1007.8,1.3,0.3,292,71.4,22.2,11,0.0
2026-08-25T09:05:26Z,25.9,94,25.0,1007.9,0.6,0.3,296,73.8,7.8,7,0.0
2026-08-25T09:10:28Z,25.8,94,25.0,1007.7,0.9,0.2,298,74.0,2.6,7,0.0
2026-08-25T09:15:28Z,25.8,94,25.0,1007.9,0.9,0.2,298,74.2,2.4,7,0.0
2026-08-25T09:20:30Z,25.8,94,25.0,1007.9,1.3,0.2,300,74.2,1.2,5,0.0
2026-08-25T09:25:32Z,25.8,94,25.0,1008.0,0.8,0.2,300,74.2,0.8,5,0.0
2026-08-25T09:30:34Z,25.8,94,25.0,1008.0,0.2,0.2,300,74.8,8.2,5,0.0
2026-08-25T09:35:36Z,25.7,94,25.0,1008.1,0.2,0.1,300,75.0,3.0,0,0.0
2026-08-25T09:40:36Z,25.7,94,25.0,1008.2,0.0,0.1,300,75.0,1.4,0,0.0
2026-08-25T09:45:38Z,25.8,94,25.0,1008.1,0.3,0.1,300,75.0,0.8,0,0.0
2026-08-25T09:50:38Z,25.8,94,25.0,1008.2,0.6,0.1,300,75.0,0.0,0,0.0
2026-08-25T09:55:40Z,25.7,94,25.0,1008.2,0.6,0.1,300,75.0,0.0,0,0.0
2026-08-25T10:00:40Z,25.8,94,25.0,1008.4,1.0,0.2,300,75.0,0.0,0,0.0
2026-08-25T10:05:40Z,25.7,94,25.0,1008.5,1.6,0.3,292,75.0,0.0,0,0.0
2026-08-25T10:10:40Z,25.8,94,25.0,1008.7,1.0,0.3,292,76.4,78.4,0,0.0
2026-08-25T10:15:40Z,25.7,94,25.0,1008.9,1.0,0.2,290,82.6,32.0,0,0.0
2026-08-25T10:20:40Z,25.6,94,24.4,1008.9,1.3,0.4,294,87.2,64.0,0,0.0
2026-08-25T10:25:43Z,25.6,94,24.4,1008.8,2.2,0.4,306,90.4,19.2,0,0.0
2026-08-25T10:31:21Z,25.6,94,24.4,1008.7,1.2,0.4,306,91.8,14.8,0,0.0
2026-08-25T10:36:22Z,25.6,94,24.4,1008.6,0.7,0.3,306,93.2,5.4,0,0.0
2026-08-25T10:41:22Z,25.7,94,24.4,1008.6,1.0,0.2,304,93.2,2.2,0,0.0
2026-08-25T10:46:22Z,25.7,94,25.0,1008.6,1.3,0.2,294,93.4,1.8,0,0.0
2026-08-25T10:51:22Z,25.7,94,24.4,1008.7,1.4,0.2,298,93.6,1.6,0,0.0
2026-08-25T10:56:22Z,25.6,94,24.4,1008.8,1.3,0.3,280,94.4,17.8,0,0.0
2026-08-25T11:01:22Z,25.6,94,24.4,1008.8,0.1,0.3,281,95.0,7.0,0,0.0
2026-08-25T11:06:22Z,25.5,94,24.4,1008.9,0.1,0.1,281,95.8,7.6,0,0.0
2026-08-25T11:11:23Z,25.4,94,24.4,1008.8,0.1,0.1,281,96.2,4.8,0,0.0
2026-08-25T11:16:24Z,25.4,94,24.4,1008.8,0.1,0.1,281,97.2,11.4,0,0.0
2026-08-25T11:21:26Z,25.4,94,24.4,1008.8,0.3,0.0,281,97.8,8.4,0,0.0
2026-08-25T11:26:27Z,25.4,94,24.4,1008.8,0.0,0.1,281,98.2,4.2,0,0.0
2026-08-25T11:31:28Z,25.3,94,24.4,1008.7,0.0,0.0,281,98.4,2.6,0,0.0
2026-08-25T11:36:29Z,25.3,94,24.4,1008.6,0.0,0.0,281,98.4,1.2,0,0.0
2026-08-25T11:41:31Z,25.3,94,24.4,1008.9,0.0,0.0,281,98.6,1.0,0,0.0
2026-08-25T11:46:31Z,25.3,94,24.4,1008.9,0.0,0.0,281,98.6,1.0,0,0.0
2026-08-25T11:51:33Z,25.4,94,24.4,1008.9,0.1,0.1,281,98.6,0.8,0,0.0
2026-08-25T11:56:35Z,25.4,94,24.4,1009.0,0.0,0.1,281,98.6,0.0,0,0.0
2026-08-25T12:01:35Z,25.3,94,24.4,1009.2,0.0,0.0,281,98.6,0.0,0,0.0
2026-08-25T12:06:37Z,25.3,94,24.4,1009.1,0.0,0.0,281,98.6,0.0,0,0.0
2026-08-25T12:11:37Z,25.3,94,24.4,1009.1,0.0,0.0,281,98.6,0.0,0,0.0
2026-08-25T12:16:39Z,25.3,94,24.4,1009.0,0.1,0.0,281,98.6,0.0,0,0.0
2026-08-25T12:21:41Z,25.3,94,24.4,1009.0,0.1,0.0,281,98.6,0.0,0,0.0
2026-08-25T12:26:41Z,25.3,94,24.4,1009.2,0.0,0.0,281,98.6,0.0,0,0.0
2026-08-25T12:31:43Z,25.3,94,24.4,1009.3,0.4,0.1,281,98.6,0.0,0,0.0
2026-08-25T12:36:43Z,25.3,94,24.4,1009.5,0.0,0.1,281,98.6,0.0,0,0.0
2026-08-25T12:41:45Z,25.3,94,24.4,1009.6,0.0,0.1,281,98.6,0.0,0,0.0
2026-08-25T12:46:45Z,25.3,94,24.4,1009.5,0.1,0.0,281,98.6,0.0,0,0.0
2026-08-25T12:51:47Z,25.3,94,24.4,1009.6,0.0,0.0,281,98.6,0.0,0,0.0
2026-08-25T12:56:49Z,25.3,94,24.4,1009.6,0.0,0.1,281,98.6,0.0,0,0.0
2026-08-25T13:01:49Z,25.3,94,24.4,1009.8,0.4,0.1,281,98.6,0.0,0,0.0
2026-08-25T13:06:51Z,25.3,94,24.4,1009.8,0.0,0.1,281,98.6,0.0,0,0.0
2026-08-25T13:11:51Z,25.3,94,24.4,1009.8,0.0,0.0,281,98.6,0.0,0,0.0
2026-08-25T13:16:53Z,25.3,94,24.4,1009.9,0.0,0.0,281,98.6,0.0,0,0.0
2026-08-25T13:21:55Z,25.3,94,24.4,1010.0,0.0,0.0,281,98.6,0.0,0,0.0
2026-08-25T13:26:55Z,25.3,94,24.4,1010.2,0.0,0.0,281,98.6,0.0,0,0.0
2026-08-25T13:31:57Z,25.3,94,24.4,1010.3,0.0,0.0,281,98.6,0.0,0,0.0
2026-08-25T13:36:57Z,25.3,94,24.4,1010.4,0.0,0.0,281,98.6,0.0,0,0.0
2026-08-25T13:41:59Z,25.3,94,24.4,1010.4,0.0,0.0,281,98.6,0.0,0,0.0
2026-08-25T13:47:01Z,25.3,94,24.4,1010.5,0.0,0.0,281,98.6,0.0,0,0.0
2026-08-25T13:52:01Z,25.4,94,24.4,1010.4,0.0,0.0,281,98.6,0.0,0,0.0
2026-08-25T13:57:03Z,25.5,94,24.4,1010.3,0.4,0.1,279,98.6,0.0,0,0.0
2026-08-25T14:02:03Z,25.6,94,24.4,1010.3,0.2,0.1,279,98.6,0.0,0,0.0
2026-08-25T14:07:05Z,25.5,94,24.4,1010.3,0.4,0.1,279,98.6,0.0,0,0.0
2026-08-25T14:12:05Z,25.4,94,24.4,1010.2,0.4,0.1,279,98.6,0.0,0,0.0
2026-08-25T14:17:07Z,25.4,94,24.4,1010.2,0.2,0.1,279,98.6,0.0,0,0.0
2026-08-25T14:22:09Z,25.4,94,24.4,1010.2,0.0,0.1,279,98.6,0.0,0,0.0
2026-08-25T14:27:09Z,25.4,94,24.4,1010.2,0.1,0.0,279,98.6,0.0,0,0.0
2026-08-25T14:32:11Z,25.3,94,24.4,1010.1,0.0,0.0,279,98.6,0.0,0,0.0
2026-08-25T14:37:11Z,25.3,94,24.4,1010.1,0.0,0.0,279,98.6,0.0,0,0.0
2026-08-25T14:42:13Z,25.4,94,24.4,1010.1,0.0,0.0,279,98.6,0.0,0,0.0
2026-08-25T14:47:15Z,25.3,94,24.4,1010.0,0.2,0.1,279,98.6,0.0,0,0.0
2026-08-25T14:52:15Z,25.3,94,24.4,1009.9,0.0,0.1,279,98.8,0.0,0,0.0
2026-08-25T14:57:17Z,25.3,94,24.4,1009.8,0.0,0.0,279,98.8,0.0,0,0.0
2026-08-25T15:02:17Z,25.3,94,24.4,1009.7,0.0,0.0,279,99.0,1.6,0,0.0
2026-08-25T15:07:19Z,25.3,94,24.4,1009.8,0.0,0.0,279,99.2,1.8,0,0.0
2026-08-25T15:12:21Z,25.3,94,24.4,1009.8,0.0,0.0,279,99.2,1.8,0,0.0
2026-08-25T15:17:21Z,25.3,94,24.4,1009.8,0.0,0.0,279,99.4,1.4,0,0.0
2026-08-25T15:22:23Z,25.3,94,24.4,1009.9,0.0,0.0,279,99.4,1.4,0,0.0
2026-08-25T15:27:23Z,25.3,94,24.4,1009.9,0.0,0.0,279,99.6,1.4,0,0.0
2026-08-25T15:32:25Z,25.3,94,24.4,1009.9,0.0,0.0,279,99.6,1.2,0,0.0
2026-08-25T15:37:25Z,25.3,94,24.4,1010.0,0.0,0.0,279,99.6,0.8,0,0.0
2026-08-25T15:42:25Z,25.3,94,24.4,1010.1,0.0,0.0,279,99.6,0.0,0,0.0
2026-08-25T15:47:25Z,25.3,94,24.4,1010.1,0.0,0.0,279,99.6,0.0,0,0.0
2026-08-25T15:52:25Z,25.3,94,24.4,1010.0,0.0,0.0,279,99.6,0.0,0,0.0
2026-08-25T15:57:25Z,25.3,94,24.4,1010.1,0.0,0.0,279,99.6,0.0,0,0.0
2026-08-25T16:02:27Z,25.3,94,24.4,1010.0,0.0,0.0,279,99.6,0.0,0,0.0
2026-08-25T16:07:28Z,25.3,94,24.4,1010.0,0.0,0.0,279,0.0,0.0,0,0.0
2026-08-25T16:12:28Z,25.3,94,24.4,1010.0,0.0,0.0,279,0.4,4.8,0,0.0
2026-08-25T16:17:30Z,25.3,94,24.4,1009.9,0.0,0.0,279,1.0,4.8,0,0.0
2026-08-25T16:22:30Z,25.6,95,25.0,1009.9,0.9,0.2,278,1.0,2.4,0,0.0
2026-08-25T16:27:30Z,25.6,94,24.4,1009.8,0.6,0.2,278,1.2,1.6,0,0.0
2026-08-25T16:32:32Z,25.4,94,24.4,1009.9,0.7,0.2,277,1.6,4.8,0,0.0
2026-08-25T16:37:32Z,25.3,94,24.4,1009.8,0.5,0.1,277,2.0,5.6,0,0.0
2026-08-25T16:42:34Z,25.2,94,24.4,1010.1,0.2,0.1,278,2.6,7.4,0,0.0
2026-08-25T16:47:34Z,25.2,94,24.4,1009.9,0.4,0.1,277,3.2,5.8,0,0.0
2026-08-25T16:52:37Z,25.1,94,23.9,1009.8,0.0,0.1,277,3.6,6.0,0,0.0
2026-08-25T16:57:38Z,25.1,94,23.9,1009.9,0.4,0.1,277,4.2,7.2,0,0.0
2026-08-25T17:02:38Z,25.1,94,23.9,1009.9,0.0,0.1,277,4.8,7.2,0,0.0
2026-08-25T17:07:40Z,25.0,94,23.9,1010.0,0.0,0.1,277,5.2,6.4,0,0.0
2026-08-25T17:12:40Z,25.0,94,23.9,1010.1,0.0,0.0,277,5.8,6.2,0,0.0
2026-08-25T17:17:42Z,25.1,94,23.9,1010.2,0.3,0.1,277,6.4,9.2,0,0.0
2026-08-25T17:22:42Z,25.2,94,24.4,1010.1,0.6,0.2,276,7.2,7.8,0,0.0
2026-08-25T17:27:44Z,25.3,95,24.4,1010.0,0.4,0.2,277,7.8,8.8,0,0.0
2026-08-25T17:32:44Z,25.2,95,24.4,1009.7,0.4,0.2,265,8.2,6.0,0,0.0
2026-08-25T17:37:44Z,25.2,94,24.4,1009.6,0.4,0.1,265,9.0,8.6,0,0.0
2026-08-25T17:42:44Z,25.1,94,23.9,1009.4,0.3,0.1,265,9.4,4.0,0,0.0
2026-08-25T17:47:44Z,25.1,94,23.9,1009.3,0.2,0.1,265,10.0,11.6,0,0.0
2026-08-25T17:52:44Z,25.0,94,23.9,1009.1,0.1,0.1,265,10.6,7.0,0,0.0
2026-08-25T17:57:46Z,24.9,94,23.9,1008.9,0.1,0.0,265,11.0,3.4,0,0.0
2026-08-25T18:02:48Z,24.9,94,23.9,1009.0,0.5,0.1,265,11.2,3.2,0,0.0
2026-08-25T18:07:48Z,24.9,94,23.9,1008.8,0.4,0.1,265,11.2,1.8,0,0.0
2026-08-25T18:12:51Z,24.9,94,23.9,1008.8,0.3,0.1,265,11.2,1.0,0,0.0
2026-08-25T18:17:52Z,24.9,94,23.9,1008.8,0.0,0.0,265,11.4,1.0,0,0.0
2026-08-25T18:22:52Z,24.9,94,23.9,1008.7,0.1,0.0,265,11.4,1.0,0,0.0
2026-08-25T18:27:54Z,24.9,94,23.9,1008.7,0.1,0.0,265,11.4,0.8,0,0.0
2026-08-25T18:32:55Z,24.9,94,23.9,1008.8,0.0,0.1,265,11.4,0.0,0,0.0
2026-08-25T18:37:56Z,24.9,94,23.9,1008.7,0.0,0.1,265,11.4,0.0,0,0.0
2026-08-25T18:42:57Z,24.9,94,23.9,1008.6,0.0,0.0,265,11.4,0.0,0,0.0
2026-08-25T18:47:58Z,24.9,94,23.9,1008.5,0.0,0.0,265,11.6,0.0,0,0.0
2026-08-25T18:52:59Z,24.9,94,23.9,1008.5,0.0,0.0,265,11.6,0.0,0,0.0
2026-08-25T18:58:01Z,24.9,94,23.9,1008.7,0.0,0.0,265,11.6,0.0,0,0.0
2026-08-25T19:03:02Z,24.8,94,23.9,1008.7,0.0,0.0,265,11.6,0.0,0,0.0
2026-08-25T19:08:03Z,24.8,94,23.9,1008.7,0.0,0.0,265,11.6,0.0,0,0.0
2026-08-25T19:13:05Z,24.9,94,23.9,1008.9,0.3,0.1,264,12.4,11.8,0,0.0
2026-08-25T19:18:05Z,24.8,94,23.9,1008.7,0.0,0.1,265,13.6,14.4,0,0.0
2026-08-25T19:23:07Z,24.8,94,23.9,1008.8,0.1,0.0,265,14.6,20.6,0,0.0
2026-08-25T19:28:07Z,24.8,94,23.9,1008.7,0.1,0.1,265,16.0,11.8,0,0.0
2026-08-25T19:33:07Z,24.9,94,23.9,1008.8,1.0,0.2,267,16.6,9.4,0,0.0
2026-08-25T19:38:07Z,24.9,95,23.9,1008.7,0.7,0.2,309,17.4,8.8,0,0.0
2026-08-25T19:43:07Z,25.1,95,24.4,1008.6,0.1,0.2,309,17.6,2.4,0,0.0
2026-08-25T19:48:07Z,25.2,95,24.4,1008.6,0.1,0.1,309,17.6,2.0,0,0.0
2026-08-25T19:53:09Z,25.2,95,24.4,1008.5,0.0,0.1,309,17.8,1.2,0,0.0
2026-08-25T19:58:11Z,25.2,95,24.4,1008.4,0.0,0.0,309,18.0,2.6,0,0.0
2026-08-25T20:03:11Z,25.2,95,24.4,1008.4,0.2,0.1,309,18.2,3.0,0,0.0
2026-08-25T20:08:13Z,25.1,94,23.9,1008.5,0.0,0.1,309,18.2,1.8,0,0.0
2026-08-25T20:13:13Z,24.9,94,23.9,1008.4,0.5,0.1,309,18.4,1.4,0,0.0
2026-08-25T20:18:15Z,24.9,94,23.9,1008.3,0.0,0.1,309,18.4,1.4,0,0.0
2026-08-25T20:23:15Z,24.9,94,23.9,1008.4,0.0,0.0,309,18.4,1.0,0,0.0
2026-08-25T20:28:15Z,24.9,94,23.9,1008.4,0.4,0.1,309,18.6,0.8,0,0.0
2026-08-25T20:33:15Z,25.0,95,23.9,1008.5,0.4,0.1,309,18.6,0.8,0,0.0
2026-08-25T20:38:15Z,25.1,95,24.4,1008.4,0.6,0.1,309,18.6,0.8,0,0.0
2026-08-25T20:43:15Z,25.2,95,24.4,1008.4,0.8,0.2,306,18.6,0.0,0,0.0
2026-08-25T20:48:17Z,25.2,95,24.4,1008.3,0.9,0.2,307,18.6,0.0,0,0.0
2026-08-25T20:53:17Z,25.3,95,24.4,1008.3,0.9,0.2,298,18.6,0.0,0,0.0
2026-08-25T20:58:17Z,25.3,95,24.4,1008.3,0.8,0.2,298,18.6,0.0,0,0.0
2026-08-25T21:03:17Z,25.3,95,24.4,1008.1,0.8,0.2,298,18.6,0.0,0,0.0
2026-08-25T21:08:17Z,25.2,95,24.4,1008.2,0.7,0.2,315,18.6,0.0,0,0.0
2026-08-25T21:13:17Z,25.2,94,23.9,1008.2,0.8,0.2,315,18.6,0.0,0,0.0
2026-08-25T21:18:28Z,25.1,94,23.9,1008.1,0.9,0.2,315,18.6,0.0,0,0.0
2026-08-25T21:23:29Z,25.1,94,23.9,1008.1,1.1,0.2,290,18.6,0.0,0,0.0
2026-08-25T21:28:29Z,25.1,94,23.9,1008.2,1.1,0.3,294,18.6,0.0,0,0.0
2026-08-25T21:33:31Z,25.2,95,24.4,1008.2,0.8,0.2,294,18.6,0.0,0,0.0
2026-08-25T21:38:31Z,25.2,95,24.4,1008.0,1.3,0.2,300,18.6,0.0,0,0.0
2026-08-25T21:43:31Z,25.2,95,24.4,1008.1,1.3,0.2,300,18.6,0.0,9,0.0
2026-08-25T21:48:31Z,25.2,95,24.4,1008.0,1.0,0.2,302,18.6,0.0,16,0.0
2026-08-25T21:53:33Z,25.3,95,24.4,1008.1,0.6,0.2,303,18.6,0.0,18,0.0
2026-08-25T21:58:33Z,25.3,95,24.4,1008.1,0.8,0.2,305,18.6,0.0,18,0.0
2026-08-25T22:03:35Z,25.4,95,24.4,1008.2,1.1,0.2,306,18.6,0.0,28,0.0
2026-08-25T22:08:35Z,25.4,95,24.4,1008.3,0.7,0.2,306,18.6,0.0,37,0.0
2026-08-25T22:13:37Z,25.4,95,24.4,1008.3,0.8,0.1,305,18.6,0.0,51,0.0
2026-08-25T22:18:37Z,25.6,95,24.4,1008.4,0.3,0.1,305,18.6,0.0,76,0.0
2026-08-25T22:23:37Z,25.6,95,25.0,1008.5,0.7,0.2,304,18.6,0.0,33,0.0
2026-08-25T22:28:37Z,25.7,95,25.0,1008.6,0.4,0.2,304,18.6,0.0,23,0.0
2026-08-25T22:33:37Z,25.7,95,25.0,1008.7,0.3,0.1,304,18.6,0.0,44,0.0
2026-08-25T22:38:37Z,25.7,95,25.0,1008.6,0.4,0.1,304,18.6,0.0,58,0.0
2026-08-25T22:43:39Z,25.7,95,25.0,1008.7,1.1,0.2,303,18.8,0.0,49,0.0
2026-08-25T22:48:39Z,25.8,95,25.0,1008.6,0.8,0.2,303,18.8,0.0,54,0.0
2026-08-25T22:53:39Z,25.9,95,25.0,1008.7,0.6,0.1,303,18.8,0.0,60,0.0
2026-08-25T22:58:39Z,25.9,95,25.0,1008.7,0.2,0.1,303,18.8,0.0,65,0.0
2026-08-25T23:03:39Z,26.0,95,25.0,1008.8,0.6,0.1,303,18.8,0.0,72,0.0
2026-08-25T23:08:39Z,26.1,95,25.6,1008.9,0.6,0.1,303,18.8,0.0,81,0.0
2026-08-25T23:13:41Z,26.3,95,25.6,1009.0,0.8,0.1,303,18.8,0.0,109,0.5
2026-08-25T23:18:43Z,26.3,95,25.6,1008.9,0.8,0.1,303,18.8,0.0,128,0.6
2026-08-25T23:23:43Z,26.4,95,25.6,1009.0,0.7,0.1,303,18.8,0.0,104,0.5
2026-08-25T23:28:45Z,26.4,95,25.6,1009.1,1.7,0.3,295,18.8,0.0,40,0.0
2026-08-25T23:33:45Z,26.3,94,25.6,1009.1,1.3,0.4,282,18.8,0.0,90,0.6
2026-08-25T23:38:47Z,26.1,94,25.0,1009.1,1.6,0.4,300,18.8,0.0,100,0.7
2026-08-25T23:43:47Z,26.1,94,25.0,1009.3,1.4,0.4,317,18.8,0.0,127,0.8
2026-08-25T23:48:47Z,26.1,94,25.0,1009.3,1.3,0.4,292,18.8,0.0,135,0.8
2026-08-25T23:53:49Z,26.1,94,25.0,1009.2,1.4,0.4,297,18.8,0.0,132,0.8
2026-08-25T23:58:51Z,26.1,94,25.0,1009.2,1.3,0.4,300,18.8,0.0,114,0.9
2026-08-26T00:03:53Z,26.2,94,25.0,1009.2,1.3,0.2,306,18.8,0.0,153,1.3
2026-08-26T00:08:53Z,26.3,94,25.6,1009.2,1.3,0.3,311,18.8,0.0,220,1.6
2026-08-26T00:13:55Z,26.4,94,25.6,1009.3,1.3,0.3,296,18.8,0.0,278,1.9
2026-08-26T00:18:57Z,26.6,94,25.6,1009.3,1.1,0.3,307,18.8,0.0,332,2.2
2026-08-26T00:23:57Z,26.9,94,26.1,1009.3,1.0,0.2,317,18.8,0.0,353,2.2
2026-08-26T00:28:59Z,26.9,94,26.1,1009.1,1.3,0.2,311,18.8,0.0,260,2.1
2026-08-26T00:33:59Z,26.8,94,26.1,1009.2,1.3,0.3,298,18.8,0.0,223,2.2
2026-08-26T00:39:02Z,26.9,94,26.1,1009.2,1.6,0.3,294,18.8,0.0,455,2.9
2026-08-26T00:44:02Z,27.2,94,26.1,1009.2,1.6,0.3,311,18.8,0.0,577,3.7
2026-08-26T00:49:02Z,27.2,94,26.1,1009.2,1.7,0.3,299,18.8,0.0,408,2.9
2026-08-26T00:54:03Z,27.3,94,26.1,1009.2,1.5,0.3,297,18.8,0.0,617,4.0
2026-08-26T00:59:03Z,27.3,94,26.1,1009.1,1.4,0.4,294,18.8,0.0,438,3.5
2026-08-26T01:04:03Z,27.3,94,26.1,1009.2,1.0,0.4,296,18.8,0.0,589,4.2
2026-08-26T01:09:03Z,27.4,94,26.7,1009.3,1.9,0.4,301,18.8,0.0,492,3.9
2026-08-26T01:14:05Z,27.4,93,26.1,1009.3,1.5,0.4,292,18.8,0.0,584,4.5
2026-08-26T01:19:05Z,27.6,93,26.7,1009.1,1.7,0.4,312,18.8,0.0,584,4.8
2026-08-26T01:24:07Z,27.6,93,26.7,1009.1,1.3,0.4,292,18.8,0.0,652,5.0
2026-08-26T01:29:07Z,27.7,93,26.7,1009.2,1.6,0.3,313,18.8,0.0,691,5.3
2026-08-26T01:34:09Z,27.9,93,26.7,1009.2,1.2,0.3,294,18.8,0.0,737,5.6
2026-08-26T01:39:09Z,28.2,93,27.2,1009.3,1.4,0.4,313,18.8,0.0,737,5.8
2026-08-26T01:44:09Z,28.2,92,26.7,1009.3,1.9,0.4,318,18.8,0.0,740,5.9
2026-08-26T01:49:09Z,28.3,92,27.2,1009.2,1.7,0.4,291,18.8,0.0,775,6.1
2026-08-26T01:54:11Z,28.7,91,27.2,1009.1,1.6,0.4,298,18.8,0.0,798,6.4
2026-08-26T01:59:12Z,28.9,91,27.2,1009.2,1.6,0.4,298,18.8,0.0,791,6.6
2026-08-26T02:04:13Z,29.0,89,27.2,1009.3,2.0,0.4,296,18.8,0.0,805,6.9
2026-08-26T02:09:13Z,29.3,89,27.2,1009.3,1.7,0.4,282,18.8,0.0,754,6.6
2026-08-26T02:14:14Z,29.4,88,27.2,1009.3,1.4,0.4,288,18.8,0.0,782,6.9
2026-08-26T02:19:15Z,29.6,87,27.2,1009.1,1.3,0.4,307,18.8,0.0,861,7.5
2026-08-26T02:24:16Z,29.7,86,27.2,1009.0,1.3,0.4,313,18.8,0.0,763,7.2
2026-08-26T02:29:17Z,29.9,86,27.2,1008.8,1.9,0.3,302,18.8,0.0,872,7.9
2026-08-26T02:34:18Z,30.1,85,27.2,1008.8,1.6,0.4,284,18.8,0.0,888,8.1
2026-08-26T02:39:18Z,30.1,84,27.2,1008.8,1.8,0.4,304,18.8,0.0,868,8.1
2026-08-26T02:44:20Z,30.3,85,27.2,1008.7,1.5,0.4,292,18.8,0.0,896,8.4
2026-08-26T02:49:20Z,30.4,84,27.2,1008.7,1.5,0.4,297,18.8,0.0,896,8.5
2026-08-26T02:54:20Z,30.4,84,27.8,1008.7,2.2,0.4,309,18.8,0.0,912,8.7
2026-08-26T02:59:22Z,30.6,84,27.8,1008.8,2.0,0.4,297,18.8,0.0,912,8.7
2026-08-26T03:04:22Z,30.8,84,27.8,1008.9,1.6,0.4,315,18.8,0.0,926,6.3
2026-08-26T03:09:22Z,30.8,83,27.8,1008.8,1.9,0.4,292,18.8,0.0,911,8.6
2026-08-26T03:14:24Z,30.9,83,27.8,1008.9,1.9,0.4,299,18.8,0.0,912,7.2
2026-08-26T03:19:24Z,31.0,83,27.8,1008.9,1.5,0.4,302,18.8,0.0,485,6.3
2026-08-26T03:24:24Z,31.1,83,27.8,1008.9,1.6,0.4,293,18.8,0.0,571,7.0
2026-08-26T03:29:26Z,31.1,83,27.8,1008.9,2.0,0.4,307,18.8,0.0,969,9.6
2026-08-26T03:34:28Z,31.2,83,28.3,1008.9,1.8,0.5,294,18.8,0.0,1183,9.3
2026-08-26T03:39:30Z,31.5,82,28.3,1008.8,1.7,0.5,315,18.8,0.0,1069,10.3
2026-08-26T03:44:30Z,31.7,80,27.8,1008.8,2.0,0.5,277,18.8,0.0,874,7.4
2026-08-26T03:49:32Z,31.7,79,27.8,1008.8,2.1,0.5,310,18.8,0.0,1134,9.2
2026-08-26T03:54:32Z,31.7,80,27.8,1008.7,2.2,0.4,250,18.8,0.0,993,9.6
2026-08-26T03:59:34Z,31.8,79,27.8,1008.7,1.8,0.5,340,18.8,0.0,800,6.4
2026-08-26T04:04:36Z,31.8,79,27.8,1008.6,2.3,0.5,303,18.8,0.0,1051,9.4
2026-08-26T04:09:36Z,31.7,80,27.8,1008.6,1.9,0.5,312,18.8,0.0,821,10.0
2026-08-26T04:14:38Z,31.8,80,27.8,1008.5,2.1,0.5,280,18.8,0.0,821,9.9
2026-08-26T04:19:38Z,31.8,79,27.8,1008.5,1.7,0.4,288,18.8,0.0,617,6.7
2026-08-26T04:24:40Z,31.7,80,27.8,1008.4,1.7,0.4,294,18.8,0.0,445,5.4
2026-08-26T04:29:40Z,31.5,79,27.2,1008.4,2.3,0.4,273,18.8,0.0,443,5.2
2026-08-26T04:34:40Z,31.2,80,27.2,1008.4,2.4,0.4,258,18.8,0.0,381,4.5
2026-08-26T04:39:40Z,31.1,81,27.2,1008.4,2.2,0.4,312,18.8,0.0,353,4.2
2026-08-26T04:44:42Z,30.9,81,27.2,1008.3,2.0,0.4,280,18.8,0.0,359,4.2
2026-08-26T04:49:42Z,30.8,81,27.2,1008.3,2.3,0.4,306,18.8,0.0,350,4.2
2026-08-26T04:54:42Z,30.7,82,27.2,1008.2,2.0,0.4,286,18.8,0.0,325,4.0
2026-08-26T04:59:42Z,30.7,82,27.2,1008.2,1.7,0.4,303,18.8,0.0,345,4.1
2026-08-26T05:04:42Z,30.6,82,27.2,1008.1,2.5,0.4,300,18.8,0.0,373,4.3
2026-08-26T05:09:42Z,30.6,83,27.2,1008.0,1.3,0.4,300,18.8,0.0,554,6.1
2026-08-26T05:14:42Z,30.7,83,27.2,1007.9,2.2,0.4,293,18.8,0.0,582,9.1
2026-08-26T05:19:42Z,30.9,81,27.8,1008.0,2.7,0.5,299,18.8,0.0,907,8.4
2026-08-26T05:24:44Z,31.2,81,27.8,1007.8,2.8,0.5,281,18.8,0.0,786,8.7
2026-08-26T05:29:44Z,31.4,81,27.8,1007.9,2.1,0.4,317,18.8,0.0,786,8.4
2026-08-26T05:34:44Z,31.5,80,27.8,1007.8,2.5,0.4,292,18.8,0.0,1041,8.4
2026-08-26T05:39:44Z,31.6,80,27.8,1007.7,1.5,0.4,295,18.8,0.0,360,4.1
2026-08-26T05:44:44Z,31.5,79,27.2,1007.6,2.9,0.4,301,18.8,0.0,828,8.4
2026-08-26T05:49:44Z,31.7,80,27.8,1007.8,2.3,0.4,288,18.8,0.0,958,8.0
2026-08-26T05:54:46Z,31.6,79,27.8,1007.8,2.6,0.5,274,18.8,0.0,267,2.9
2026-08-26T05:59:48Z,31.2,80,27.2,1007.7,2.8,0.5,313,18.8,0.0,207,2.3
2026-08-26T06:04:48Z,30.8,81,27.2,1007.7,2.9,0.5,293,18.8,0.0,264,2.7
2026-08-26T06:09:50Z,30.6,81,27.2,1007.6,2.1,0.5,300,18.8,0.0,237,2.5
2026-08-26T06:14:50Z,30.5,82,27.2,1007.4,1.5,0.5,300,18.8,0.0,309,2.4
2026-08-26T06:19:52Z,30.3,83,27.2,1007.4,2.2,0.5,275,18.8,0.0,339,3.4
2026-08-26T06:24:52Z,30.3,85,27.2,1007.3,1.6,0.4,299,18.8,0.0,622,4.7
2026-08-26T06:29:52Z,30.2,83,27.2,1007.3,2.2,0.4,300,18.8,0.0,554,4.6
2026-08-26T06:34:52Z,30.3,83,26.7,1007.3,2.6,0.5,298,18.8,0.0,559,4.5
2026-08-26T06:39:52Z,30.5,83,27.2,1007.4,2.4,0.4,290,18.8,0.0,585,4.5
2026-08-26T06:44:52Z,30.7,82,27.2,1007.3,1.3,0.4,314,18.8,0.0,487,3.9
2026-08-26T06:49:54Z,30.9,82,27.8,1007.3,1.6,0.4,293,18.8,0.0,441,3.4
2026-08-26T06:54:54Z,30.9,82,27.8,1007.3,2.4,0.4,286,18.8,0.0,323,2.9
2026-08-26T06:59:54Z,30.8,82,27.2,1007.2,2.1,0.4,278,18.8,0.0,299,2.5
2026-08-26T07:04:54Z,30.6,82,27.2,1007.2,2.4,0.5,298,18.8,0.0,258,2.2
2026-08-26T07:09:54Z,30.5,82,27.2,1007.2,2.8,0.5,272,18.8,0.0,239,1.9
2026-08-26T07:14:54Z,30.4,83,27.2,1007.2,3.0,0.5,327,18.8,0.0,250,1.9
2026-08-26T07:19:56Z,30.3,83,27.2,1007.1,2.2,0.5,281,18.8,0.0,267,1.8
2026-08-26T07:24:56Z,30.3,83,27.2,1007.1,3.2,0.6,297,18.8,0.0,371,2.1
2026-08-26T07:29:56Z,30.3,83,27.2,1007.1,2.3,0.6,285,18.8,0.0,181,1.6
2026-08-26T07:34:56Z,30.3,83,27.2,1007.0,2.5,0.4,286,18.8,0.0,169,1.3
2026-08-26T07:39:56Z,30.1,83,27.2,1006.9,3.0,0.5,294,18.8,0.0,165,1.3
2026-08-26T07:44:56Z,30.0,83,26.7,1006.8,3.0,0.5,294,18.8,0.0,125,1.0
2026-08-26T07:49:58Z,29.8,84,26.7,1006.8,4.1,0.7,326,18.8,0.0,86,0.7
2026-08-26T07:55:00Z,29.2,84,26.1,1006.8,4.2,0.7,296,18.8,0.0,79,0.6
2026-08-26T08:00:00Z,28.6,84,25.6,1007.0,3.6,0.8,278,18.8,0.0,62,0.5
2026-08-26T08:05:02Z,28.2,85,25.6,1007.0,3.9,0.8,303,18.8,0.0,28,0.0
2026-08-26T08:10:26Z,27.9,86,25.0,1006.9,3.2,0.7,279,18.8,0.0,19,0.0
2026-08-26T08:15:26Z,27.8,87,25.6,1006.9,3.2,0.7,295,18.8,0.0,26,0.0
2026-08-26T08:19:54Z,27.6,87,25.2,1006.9,2.7,,275,18.8,0.0,25,0.0
2026-08-26T08:25:34Z,27.3,87,24.9,1006.9,1.3,,285,18.8,0.0,21,0.0
2026-08-26T08:30:34Z,27.2,88,25.0,1006.9,1.3,,307,19.0,0.0,18,0.0
2026-08-26T08:35:35Z,27.1,89,25.1,1006.9,3.6,,289,19.2,2.6,18,0.0
2026-08-26T08:40:35Z,26.9,89,24.9,1007.0,1.8,,311,19.4,2.6,19,0.0
2026-08-26T08:45:35Z,26.9,90,25.1,1007.0,1.8,,304,19.6,2.6,19,0.0
2026-08-26T08:50:36Z,26.9,90,25.0,1007.2,2.0,0.5,303,19.8,2.4,21,0.0
2026-08-26T08:55:36Z,26.8,90,25.0,1007.2,1.9,0.5,313,19.8,1.8,23,0.0
2026-08-26T09:00:38Z,26.7,90,25.0,1007.4,1.9,0.4,323,20.0,1.4,25,0.0
2026-08-26T09:05:34Z,26.7,91,25.1,1007.4,0.9,,300,20.0,1.4,32,0.0
2026-08-26T09:10:34Z,26.6,91,25.0,1007.4,1.5,0.4,296,20.0,1.0,33,0.0
2026-08-26T09:15:34Z,26.7,91,25.0,1007.6,1.7,0.4,336,20.0,0.0,32,0.0
2026-08-26T09:20:35Z,26.6,91,25.0,1007.6,1.9,0.4,307,20.0,0.0,30,0.0
2026-08-26T09:25:35Z,26.4,91,25.0,1007.6,2.2,0.4,290,20.0,0.0,26,0.0
2026-08-26T09:30:37Z,26.4,91,25.0,1007.6,1.7,0.4,360,20.0,0.0,25,0.0
2026-08-26T09:35:38Z,26.3,91,25.0,1007.5,1.6,0.4,282,20.0,0.0,14,0.0
2026-08-26T09:40:39Z,26.3,91,25.0,1007.5,1.7,0.4,298,20.0,0.0,9,0.0
2026-08-26T09:45:41Z,26.2,91,24.4,1007.5,2.0,0.4,315,20.0,0.0,7,0.0
2026-08-26T09:50:42Z,26.2,91,24.4,1007.6,1.7,0.4,300,20.0,0.0,0,0.0
2026-08-26T09:55:43Z,26.3,91,25.0,1007.7,1.4,0.4,300,20.0,0.0,0,0.0
2026-08-26T10:00:44Z,26.3,91,25.0,1007.7,1.3,0.4,296,20.0,0.0,0,0.0
2026-08-26T10:05:45Z,26.4,91,25.0,1007.7,1.3,0.4,283,20.0,0.0,0,0.0
2026-08-26T10:10:47Z,26.4,91,25.0,1007.7,1.6,0.4,305,20.0,0.0,0,0.0
2026-08-26T10:15:49Z,26.4,91,25.0,1007.9,1.7,0.4,286,20.0,0.0,0,0.0
2026-08-26T10:20:49Z,26.5,90,25.0,1007.8,1.3,0.4,308,20.0,0.0,0,0.0
2026-08-26T10:25:51Z,26.6,90,25.0,1007.8,1.3,0.2,301,20.0,0.0,0,0.0
2026-08-26T10:30:51Z,26.6,90,25.0,1007.9,0.9,0.4,292,20.0,0.0,0,0.0
2026-08-26T10:35:53Z,26.6,90,25.0,1007.9,1.3,0.3,308,20.0,0.0,0,0.0
2026-08-26T10:40:53Z,26.7,90,25.0,1007.9,1.1,0.3,302,20.0,0.0,0,0.0
2026-08-26T10:45:53Z,26.7,90,25.0,1008.1,0.8,0.3,305,20.0,0.0,0,0.0
2026-08-26T10:50:53Z,26.7,90,25.0,1008.1,1.0,0.2,314,20.0,0.0,0,0.0
2026-08-26T10:55:53Z,26.7,90,25.0,1008.1,1.2,0.3,300,20.0,0.0,0,0.0
2026-08-26T11:00:53Z,26.7,89,25.0,1008.1,1.4,0.3,318,20.0,0.0,0,0.0
2026-08-26T11:05:55Z,26.7,89,25.0,1008.0,1.1,0.3,316,20.0,0.0,0,0.0
2026-08-26T11:10:55Z,26.8,89,25.0,1008.1,0.4,0.2,316,20.0,0.0,0,0.0
2026-08-26T11:15:55Z,26.8,89,25.0,1008.1,1.0,0.2,309,20.0,0.0,0,0.0
2026-08-26T11:20:55Z,26.8,89,25.0,1008.2,0.7,0.2,306,20.0,0.0,0,0.0
2026-08-26T11:25:55Z,26.9,89,25.0,1008.3,1.0,0.2,298,20.0,0.0,0,0.0
2026-08-26T11:30:55Z,26.9,89,25.0,1008.3,0.9,0.2,312,20.0,0.0,0,0.0
2026-08-26T11:35:57Z,26.9,89,25.0,1008.3,0.8,0.2,312,20.0,0.0,0,0.0
2026-08-26T11:40:57Z,26.9,89,25.0,1008.6,0.9,0.2,296,20.2,0.0,0,0.0
2026-08-26T11:45:57Z,26.9,89,25.0,1008.6,0.8,0.3,296,20.2,0.0,0,0.0
2026-08-26T11:50:57Z,26.9,90,25.0,1008.5,0.9,0.3,294,20.4,1.6,0,0.0
2026-08-26T11:55:57Z,26.8,90,25.0,1008.6,1.1,0.3,279,20.4,1.6,0,0.0
2026-08-26T12:00:57Z,26.8,90,25.0,1008.7,1.1,0.3,286,20.4,1.0,0,0.0
2026-08-26T12:05:59Z,26.7,90,25.0,1008.7,0.9,0.2,288,20.4,0.0,0,0.0
2026-08-26T12:11:01Z,26.8,91,25.6,1008.7,0.8,0.2,291,20.4,0.0,0,0.0
2026-08-26T12:16:01Z,26.9,91,25.6,1008.9,1.1,0.3,278,20.4,0.0,0,0.0
2026-08-26T12:21:03Z,26.8,91,25.0,1008.9,1.3,0.2,291,20.4,0.0,0,0.0
2026-08-26T12:26:03Z,26.7,91,25.0,1008.9,1.0,0.2,296,20.4,0.0,0,0.0
2026-08-26T12:31:03Z,26.7,91,25.0,1009.0,0.9,0.2,294,20.4,0.0,0,0.0
2026-08-26T12:36:05Z,26.8,91,25.0,1009.0,0.4,0.2,294,20.4,0.0,0,0.0
2026-08-26T12:41:07Z,26.8,91,25.6,1008.9,0.0,0.1,294,20.4,0.0,0,0.0
2026-08-26T12:46:09Z,26.8,91,25.6,1008.9,0.1,0.1,295,20.4,0.0,0,0.0
2026-08-26T12:51:09Z,26.8,91,25.0,1009.1,0.6,0.1,295,20.4,0.0,0,0.0
2026-08-26T12:56:11Z,26.8,91,25.0,1009.2,0.4,0.1,295,20.4,0.0,0,0.0
2026-08-26T13:01:11Z,26.8,91,25.6,1009.3,0.0,0.1,295,20.4,0.0,0,0.0
2026-08-26T13:06:13Z,26.8,91,25.6,1009.3,0.0,0.0,295,20.4,0.0,0,0.0
2026-08-26T13:11:15Z,26.8,91,25.6,1009.3,0.4,0.1,295,20.4,0.0,0,0.0
2026-08-26T13:16:15Z,26.8,91,25.0,1009.2,0.8,0.2,296,20.4,0.0,0,0.0
2026-08-26T13:21:17Z,26.8,90,25.0,1009.4,0.8,0.2,296,20.4,0.0,0,0.0
2026-08-26T13:26:17Z,26.8,90,25.0,1009.3,1.0,0.2,297,20.4,0.0,0,0.0
2026-08-26T13:31:19Z,26.8,91,25.6,1009.2,0.8,0.2,296,20.4,0.0,0,0.0
2026-08-26T13:36:21Z,26.9,91,25.6,1009.3,0.6,0.2,295,20.4,0.0,0,0.0
2026-08-26T13:41:21Z,26.9,91,25.6,1009.1,0.8,0.2,296,20.4,0.0,0,0.0
2026-08-26T13:46:23Z,26.9,90,25.0,1009.1,0.6,0.2,296,20.4,0.0,0,0.0
2026-08-26T13:51:23Z,26.9,90,25.6,1009.1,0.3,0.2,296,20.4,0.0,0,0.0
2026-08-26T13:56:23Z,26.9,90,25.0,1009.1,0.0,0.1,295,20.4,0.0,0,0.0
2026-08-26T14:01:25Z,27.0,90,25.6,1009.1,0.5,0.1,296,20.4,0.0,0,0.0
2026-08-26T14:06:25Z,27.0,90,25.6,1009.1,0.0,0.1,295,20.4,0.0,0,0.0
2026-08-26T14:11:25Z,27.1,90,25.6,1009.1,0.0,0.1,295,20.4,0.0,0,0.0
2026-08-26T14:16:27Z,27.1,90,25.6,1009.1,0.0,0.0,295,20.4,0.0,0,0.0
2026-08-26T14:21:29Z,27.1,90,25.6,1009.1,0.0,0.0,295,20.4,0.0,0,0.0
2026-08-26T14:26:29Z,27.2,91,25.6,1009.1,0.0,0.0,295,20.4,0.0,0,0.0
2026-08-26T14:31:29Z,27.2,91,25.6,1009.0,0.0,0.0,295,20.4,0.0,0,0.0
2026-08-26T14:36:29Z,27.2,90,25.6,1009.1,0.3,0.1,296,20.4,0.0,0,0.0
2026-08-26T14:41:31Z,27.2,91,25.6,1009.2,0.5,0.1,296,20.4,0.0,0,0.0
2026-08-26T14:46:31Z,27.3,91,25.6,1009.2,0.6,0.1,296,20.4,0.0,0,0.0
2026-08-26T14:51:33Z,27.3,90,25.6,1009.3,0.7,0.2,300,20.4,0.0,0,0.0
2026-08-26T14:56:33Z,27.2,90,25.6,1009.3,0.5,0.2,300,20.4,0.0,0,0.0
2026-08-26T15:01:35Z,27.3,90,25.6,1009.2,0.5,0.2,292,20.4,0.0,0,0.0
2026-08-26T15:06:37Z,27.3,90,25.6,1009.2,0.4,0.2,292,20.4,0.0,0,0.0
2026-08-26T15:11:37Z,27.2,90,25.6,1009.0,0.8,0.2,294,20.4,0.0,0,0.0
2026-08-26T15:16:39Z,27.2,90,25.6,1008.9,0.8,0.2,294,20.4,0.0,0,0.0
2026-08-26T15:21:39Z,27.2,90,25.6,1008.8,1.1,0.2,276,20.4,0.0,0,0.0
2026-08-26T15:26:41Z,27.1,90,25.6,1008.6,1.3,0.3,293,20.4,0.0,0,0.0
2026-08-26T15:31:43Z,27.2,90,25.6,1008.5,1.4,0.3,294,20.4,0.0,0,0.0
2026-08-26T15:36:43Z,27.2,90,25.6,1008.5,1.7,0.3,293,20.4,0.0,0,0.0
2026-08-26T15:41:45Z,27.2,90,25.6,1008.6,1.7,0.3,290,20.4,0.0,0,0.0
2026-08-26T15:46:45Z,27.3,91,25.6,1008.6,1.8,0.3,298,20.4,0.0,0,0.0
2026-08-26T15:51:47Z,27.3,91,25.6,1008.5,1.5,0.3,294,20.4,0.0,0,0.0
2026-08-26T15:56:49Z,27.3,91,25.6,1008.4,1.7,0.4,296,20.4,0.0,0,0.0
2026-08-26T16:01:49Z,27.3,91,26.1,1008.4,1.0,0.4,296,20.4,0.0,0,0.0
2026-08-26T16:06:50Z,27.4,91,25.6,1008.3,1.6,0.3,296,0.0,0.0,0,0.0
2026-08-26T16:11:50Z,27.3,91,26.1,1008.4,1.3,0.3,297,0.0,0.0,0,0.0
2026-08-26T16:16:50Z,27.4,91,26.1,1008.3,1.2,0.2,289,0.0,0.0,0,0.0
2026-08-26T16:21:50Z,27.4,91,26.1,1008.4,0.9,0.2,295,0.0,0.0,0,0.0
2026-08-26T16:26:52Z,27.4,91,26.1,1008.4,1.1,0.3,297,0.0,0.0,0,0.0
2026-08-26T16:31:54Z,27.5,91,26.1,1008.4,1.2,0.3,315,0.0,0.0,0,0.0
2026-08-26T16:36:54Z,27.5,91,26.1,1008.3,1.5,0.2,296,0.0,0.0,0,0.0
2026-08-26T16:41:56Z,27.4,91,26.1,1008.2,1.5,0.4,306,0.0,0.0,0,0.0
2026-08-26T16:46:56Z,27.5,91,26.1,1008.2,1.7,0.4,304,0.0,0.0,0,0.0
2026-08-26T16:51:58Z,27.5,91,26.1,1008.2,1.6,0.4,300,0.0,0.0,0,0.0
2026-08-26T16:57:00Z,27.6,91,26.1,1008.2,1.0,0.3,288,0.0,0.0,0,0.0
2026-08-26T17:02:00Z,27.6,91,26.1,1008.2,1.0,0.3,322,0.0,0.0,0,0.0
2026-08-26T17:07:03Z,27.6,91,26.1,1008.1,0.8,0.3,317,0.0,0.0,0,0.0
2026-08-26T17:12:03Z,27.6,91,26.1,1008.2,0.9,0.2,311,0.0,0.0,0,0.0
2026-08-26T17:17:04Z,27.6,91,26.1,1008.2,0.7,0.2,291,0.0,0.0,0,0.0
2026-08-26T17:22:04Z,27.6,90,26.1,1008.2,1.3,0.2,279,0.0,0.0,0,0.0
2026-08-26T17:27:04Z,27.6,90,26.1,1008.1,1.8,0.5,282,0.0,0.0,0,0.0
2026-08-26T17:32:04Z,27.4,90,25.6,1008.1,1.0,0.5,244,0.0,0.0,0,0.0
2026-08-26T17:37:04Z,27.4,90,25.6,1008.0,0.8,0.3,279,0.0,0.0,0,0.0
2026-08-26T17:42:05Z,27.3,90,25.6,1008.0,0.8,0.3,277,0.0,0.0,0,0.0
2026-08-26T17:47:06Z,27.3,90,25.6,1007.9,0.9,0.4,268,0.0,0.0,0,0.0
2026-08-26T17:52:06Z,27.3,90,25.6,1007.9,1.2,0.4,279,0.0,0.0,0,0.0
2026-08-26T17:57:06Z,27.3,90,25.6,1007.8,1.0,0.3,244,0.0,0.0,0,0.0
2026-08-26T18:02:06Z,27.3,91,25.6,1007.9,0.9,0.4,274,0.0,0.0,0,0.0
2026-08-26T18:07:07Z,27.3,90,25.6,1007.8,1.5,0.4,236,0.0,0.0,0,0.0
2026-08-26T18:12:07Z,27.3,91,25.6,1007.8,1.0,0.5,257,0.0,0.0,0,0.0
2026-08-26T18:17:09Z,27.3,91,25.6,1007.6,0.9,0.5,254,0.0,0.0,0,0.0
2026-08-26T18:22:11Z,27.3,91,25.6,1007.6,1.1,0.3,277,0.0,0.0,0,0.0
2026-08-26T18:27:11Z,27.3,91,25.6,1007.4,0.8,0.2,275,0.8,4.8,0,0.0
2026-08-26T18:32:13Z,27.4,91,26.1,1007.3,1.5,0.4,267,0.8,1.6,0,0.0
2026-08-26T18:37:23Z,27.3,91,26.1,1007.2,2.1,0.4,285,0.8,1.0,0,0.0
2026-08-26T18:42:25Z,27.3,91,25.6,1007.2,1.5,0.4,269,0.8,0.0,0,0.0
2026-08-26T18:47:25Z,27.3,91,25.6,1007.1,1.5,0.3,290,0.8,0.0,0,0.0
2026-08-26T18:52:25Z,27.3,92,26.1,1007.2,1.3,0.3,297,1.0,0.0,0,0.0
2026-08-26T18:57:25Z,27.3,92,26.1,1007.3,0.9,0.3,302,1.0,0.0,0,0.0
2026-08-26T19:02:25Z,27.2,92,26.1,1007.3,1.2,0.3,293,1.0,0.0,0,0.0
2026-08-26T19:07:25Z,27.2,92,25.6,1007.4,1.7,0.3,255,1.0,0.0,0,0.0
2026-08-26T19:12:27Z,26.9,91,25.6,1007.1,2.1,0.4,279,1.0,0.0,0,0.0
2026-08-26T19:17:27Z,26.8,92,25.6,1007.1,2.5,0.5,267,1.2,0.0,0,0.0
2026-08-26T19:22:27Z,26.8,92,25.6,1007.2,2.9,0.5,282,1.2,0.0,0,0.0
2026-08-26T19:27:27Z,26.9,92,25.6,1007.2,2.3,0.5,277,1.2,0.0,0,0.0
2026-08-26T19:32:27Z,27.0,92,25.6,1007.4,2.5,0.4,313,1.2,0.0,0,0.0
2026-08-26T19:37:27Z,26.8,92,25.6,1007.5,2.7,0.4,273,2.8,71.6,0,0.0
2026-08-26T19:42:27Z,26.4,92,25.0,1007.6,2.8,0.6,251,5.6,37.8,0,0.0
2026-08-26T19:47:29Z,26.3,92,25.0,1007.6,2.2,0.6,272,8.4,19.8,0,0.0
2026-08-26T19:52:29Z,26.3,92,25.0,1007.6,3.2,0.6,268,14.8,90.8,0,0.0
2026-08-26T19:57:29Z,26.3,92,25.0,1007.7,2.3,0.6,270,18.8,20.8,0,0.0
2026-08-26T20:02:31Z,26.4,93,25.6,1007.6,1.8,0.4,304,20.8,22.0,0,0.0
2026-08-26T20:07:31Z,26.4,93,25.6,1007.6,1.4,0.5,274,22.2,19.2,0,0.0
2026-08-26T20:12:31Z,26.3,93,25.0,1007.5,1.9,0.5,297,24.0,16.6,0,0.0
2026-08-26T20:17:33Z,26.3,93,25.0,1007.4,1.8,0.5,275,25.4,22.0,0,0.0
2026-08-26T20:22:33Z,26.3,93,25.0,1007.2,1.5,0.5,289,25.8,3.2,0,0.0
2026-08-26T20:27:35Z,26.2,93,25.0,1007.2,0.7,0.3,295,25.8,1.4,0,0.0
2026-08-26T20:32:35Z,26.3,93,25.0,1007.1,1.1,0.2,329,25.8,0.8,0,0.0
2026-08-26T20:37:35Z,26.4,93,25.6,1007.0,0.7,0.2,297,26.0,0.8,0,0.0
2026-08-26T20:42:37Z,26.4,93,25.6,1007.0,0.9,0.2,298,26.0,0.8,0,0.0
2026-08-26T20:47:37Z,26.8,94,26.1,1007.1,1.5,0.4,305,26.0,0.8,0,0.0
2026-08-26T20:52:37Z,27.3,94,26.1,1007.1,1.9,0.4,292,26.0,0.0,0,0.0
2026-08-26T20:57:39Z,27.0,93,26.1,1007.1,1.4,0.4,298,26.0,0.0,0,0.0
2026-08-26T21:02:39Z,26.7,93,25.6,1007.0,1.2,0.3,298,26.0,0.0,0,0.0
2026-08-26T21:07:39Z,26.7,93,25.6,1007.0,1.5,0.3,289,26.0,0.0,0,0.0
2026-08-26T21:12:39Z,26.6,93,25.6,1007.0,1.6,0.3,286,26.0,0.0,0,0.0
2026-08-26T21:17:39Z,26.8,93,25.6,1007.2,1.1,0.3,307,26.0,0.0,0,0.0
2026-08-26T21:22:39Z,27.1,94,26.1,1007.2,2.2,0.4,288,26.2,0.0,0,0.0
2026-08-26T21:27:41Z,27.2,94,26.1,1007.1,1.7,0.4,297,26.2,0.0,0,0.0
2026-08-26T21:32:41Z,27.3,94,26.7,1007.2,2.2,0.4,303,26.2,0.0,0,0.0
2026-08-26T21:37:41Z,27.3,93,26.1,1007.2,1.6,0.4,322,26.4,0.8,0,0.0
2026-08-26T21:42:43Z,27.1,93,26.1,1007.3,1.1,0.4,289,26.4,0.8,0,0.0
2026-08-26T21:47:43Z,27.1,94,26.1,1007.2,0.9,0.2,288,26.4,0.8,0,0.0
2026-08-26T21:52:45Z,27.1,94,26.1,1007.2,0.8,0.2,289,26.4,0.0,0,0.0
2026-08-26T21:57:45Z,27.2,94,26.1,1007.2,1.3,0.3,303,26.4,0.0,0,0.0
2026-08-26T22:02:47Z,27.5,94,26.7,1007.3,1.5,0.4,294,26.4,0.0,0,0.0
2026-08-26T22:07:49Z,27.7,94,26.7,1007.4,1.9,0.4,284,26.4,0.0,0,0.0
2026-08-26T22:12:49Z,27.7,94,26.7,1007.5,1.6,0.4,314,26.4,0.0,0,0.0
2026-08-26T22:17:51Z,27.3,93,26.1,1007.6,2.5,0.5,280,26.4,0.0,0,0.0
2026-08-26T22:22:51Z,26.8,93,25.6,1007.7,2.0,0.5,317,26.6,0.0,0,0.0
2026-08-26T22:27:53Z,26.7,93,25.6,1007.6,2.1,0.4,327,26.6,0.0,0,0.0
2026-08-26T22:32:53Z,26.6,93,25.6,1007.6,2.0,0.4,288,26.6,0.0,0,0.0
2026-08-26T22:37:55Z,26.4,93,25.6,1007.7,2.4,0.4,280,26.8,0.0,5,0.0
2026-08-26T22:42:57Z,26.4,94,25.6,1007.6,1.5,0.4,311,26.8,0.0,14,0.0
2026-08-26T22:47:57Z,26.4,93,25.0,1007.6,1.3,0.3,292,27.0,1.4,11,0.0
2026-08-26T22:52:59Z,26.4,94,25.6,1007.7,1.5,0.4,311,27.0,1.4,14,0.0
2026-08-26T22:57:59Z,26.4,94,25.6,1007.7,1.6,0.4,324,27.2,1.2,26,0.0
2026-08-26T23:03:01Z,26.6,94,25.6,1007.7,1.2,0.3,297,27.6,4.6,56,0.0
2026-08-26T23:08:03Z,26.7,94,25.6,1007.7,1.3,0.3,273,28.0,3.8,51,0.0
2026-08-26T23:13:03Z,26.7,94,25.6,1007.6,1.7,0.4,304,28.2,2.6,65,0.0
2026-08-26T23:18:05Z,26.7,94,25.6,1007.5,1.3,0.4,303,28.2,1.8,42,0.0
2026-08-26T23:23:05Z,26.8,94,26.1,1007.7,1.6,0.2,300,28.2,1.0,19,0.0
2026-08-26T23:28:07Z,26.9,94,26.1,1007.8,1.6,0.3,293,28.4,1.0,16,0.0
2026-08-26T23:33:07Z,26.9,94,26.1,1007.8,1.6,0.3,293,28.4,1.0,19,0.0
2026-08-26T23:38:07Z,26.9,94,26.1,1007.9,1.3,0.3,292,28.4,0.8,23,0.0
2026-08-26T23:43:07Z,27.1,94,26.1,1007.9,2.5,0.4,277,28.6,0.0,19,0.0
2026-08-26T23:48:07Z,27.1,94,26.1,1007.9,2.4,0.4,275,28.6,0.0,35,0.0
2026-08-26T23:53:07Z,27.2,94,26.1,1007.9,2.0,0.4,279,28.6,0.0,26,0.0
2026-08-26T23:58:09Z,27.3,94,26.1,1008.0,2.4,0.4,291,28.6,0.0,25,0.0
2026-08-27T00:03:09Z,27.1,94,26.1,1008.0,2.2,0.5,306,29.0,4.4,19,0.0
2026-08-27T00:08:09Z,26.9,94,26.1,1007.9,2.0,0.6,296,29.2,3.2,26,0.0
2026-08-27T00:13:09Z,26.9,94,26.1,1007.9,1.9,0.6,302,29.6,6.4,32,0.0
2026-08-27T00:18:10Z,26.8,94,26.1,1007.9,1.8,0.4,280,29.8,4.0,37,0.0
2026-08-27T00:23:10Z,26.8,94,25.6,1007.9,1.9,0.4,291,29.8,1.6,35,0.0
2026-08-27T00:28:10Z,26.9,94,26.1,1007.9,1.8,0.4,294,29.8,1.0,51,0.0
2026-08-27T00:33:11Z,27.1,94,26.1,1007.9,2.1,0.5,291,29.8,0.0,65,0.5
2026-08-27T00:38:11Z,27.2,94,26.1,1007.8,2.5,0.5,310,29.8,0.0,76,0.6
2026-08-27T00:43:11Z,27.2,94,26.1,1008.0,1.7,0.4,306,29.8,0.0,84,0.7
2026-08-27T00:48:11Z,27.3,94,26.1,1008.1,2.4,0.5,292,29.8,0.0,53,0.0
2026-08-27T00:53:11Z,27.2,94,26.1,1008.1,2.4,0.5,285,29.8,0.0,33,0.0
2026-08-27T00:58:13Z,27.2,94,26.1,1008.0,3.0,0.5,319,30.0,0.0,77,0.8
2026-08-27T01:03:14Z,27.3,94,26.1,1007.8,2.9,0.5,288,30.0,0.0,74,0.7
2026-08-27T01:08:15Z,27.3,94,26.1,1007.8,3.0,0.5,289,30.0,0.0,83,0.6
2026-08-27T01:13:17Z,27.3,94,26.1,1007.9,2.0,0.5,307,30.0,0.0,125,1.2
2026-08-27T01:18:18Z,27.3,94,26.1,1007.9,3.1,0.5,292,30.0,0.0,98,0.9
2026-08-27T01:23:19Z,27.2,94,26.1,1007.9,3.1,0.5,298,30.0,0.0,111,1.1
2026-08-27T01:28:19Z,27.2,94,26.1,1007.7,2.4,0.5,283,30.0,0.0,91,1.0
2026-08-27T01:33:19Z,27.2,94,26.1,1007.7,2.9,0.5,268,30.0,0.0,79,0.8
2026-08-27T01:38:19Z,27.2,94,26.1,1007.7,3.0,0.6,293,30.0,0.0,69,0.8
2026-08-27T01:43:19Z,27.2,94,26.1,1007.8,3.4,0.8,299,30.0,0.0,54,0.6
2026-08-27T01:48:20Z,27.2,94,26.1,1007.6,3.1,0.8,308,30.0,0.0,77,1.1
2026-08-27T01:53:21Z,27.2,94,26.1,1007.6,3.7,0.8,287,30.0,0.0,105,1.1
2026-08-27T01:58:22Z,27.2,94,26.1,1007.6,3.1,0.8,303,30.0,0.0,153,1.8
2026-08-27T02:03:24Z,27.2,94,26.1,1007.5,3.8,0.8,297,30.0,0.0,97,1.0
2026-08-27T02:08:26Z,27.2,94,26.1,1007.5,3.8,0.6,326,30.0,0.0,137,1.5
2026-08-27T02:13:26Z,27.3,94,26.1,1007.7,2.6,0.6,283,30.2,0.0,214,2.5
2026-08-27T02:18:28Z,27.3,94,26.1,1007.4,4.0,0.7,287,30.2,0.0,172,2.3
2026-08-27T02:23:28Z,27.2,94,26.1,1007.3,3.4,0.7,281,30.2,0.0,304,3.3
2026-08-27T02:28:28Z,27.2,94,26.1,1007.2,3.0,0.7,292,31.2,5.6,274,3.3
2026-08-27T02:33:28Z,27.2,94,26.1,1007.1,2.7,0.7,311,31.2,2.2,204,2.7
2026-08-27T02:38:30Z,27.2,94,26.1,1007.0,2.0,0.5,302,31.2,1.2,193,2.8
2026-08-27T02:43:30Z,27.2,94,26.1,1007.0,2.9,0.5,292,31.2,0.8,274,3.2
2026-08-27T02:48:30Z,27.2,94,26.1,1007.0,3.2,0.6,307,31.2,0.0,315,4.2
2026-08-27T02:53:30Z,27.4,94,26.7,1007.0,3.4,0.7,286,31.2,0.0,682,3.4
2026-08-27T02:58:32Z,27.3,93,26.1,1007.0,3.4,0.9,317,31.2,0.0,413,4.6
2026-08-27T03:03:34Z,27.2,93,26.1,1007.1,4.6,0.9,293,31.8,11.8,144,1.6
2026-08-27T03:08:34Z,27.1,93,26.1,1007.2,3.8,0.8,289,32.2,5.6,214,2.9
2026-08-27T03:13:36Z,26.8,93,25.6,1007.2,3.4,0.8,286,32.8,11.4,218,2.8
2026-08-27T03:18:36Z,26.9,93,25.6,1007.1,3.0,0.8,294,33.4,4.6,232,3.0
2026-08-27T03:23:38Z,27.1,93,26.1,1007.1,3.3,0.5,313,33.4,1.8,176,2.4
2026-08-27T03:28:40Z,27.1,93,26.1,1007.1,2.9,0.7,292,33.6,1.4,237,3.2
2026-08-27T03:33:40Z,27.1,93,26.1,1007.1,3.0,0.7,279,33.6,1.4,267,3.4
2026-08-27T03:38:42Z,27.0,93,26.1,1006.9,2.6,0.5,323,33.6,1.0,223,2.9
2026-08-27T03:43:42Z,27.1,93,26.1,1006.8,2.4,0.5,286,33.6,0.0,287,3.7
2026-08-27T03:48:44Z,27.3,93,26.1,1006.8,2.6,0.7,291,33.6,0.0,320,4.1
2026-08-27T03:53:44Z,27.3,93,26.1,1006.8,2.9,0.5,300,33.6,0.0,257,3.1
2026-08-27T03:58:44Z,27.3,93,26.1,1006.7,3.0,0.6,302,33.6,0.0,246,3.4
2026-08-27T04:03:44Z,27.3,93,26.1,1006.6,3.4,0.6,299,33.6,0.0,308,3.9
2026-08-27T04:08:44Z,27.4,93,26.1,1006.4,3.2,0.6,288,33.6,0.0,251,3.1
2026-08-27T04:13:44Z,27.3,93,26.1,1006.1,3.3,0.6,301,33.6,0.0,262,3.2
2026-08-27T04:18:46Z,27.4,93,26.1,1006.1,3.0,0.5,259,33.6,0.0,323,3.8
2026-08-27T04:23:48Z,27.6,93,26.7,1006.0,2.9,0.5,284,33.6,0.0,327,4.0
2026-08-27T04:28:48Z,27.7,93,26.7,1005.9,3.5,0.6,294,33.6,0.0,367,4.2
2026-08-27T04:33:50Z,27.8,93,26.7,1005.9,3.6,0.6,273,33.6,0.0,229,2.7
2026-08-27T04:38:50Z,27.9,93,26.7,1005.8,4.0,0.6,289,33.6,0.0,227,2.5
2026-08-27T04:43:52Z,28.1,93,26.7,1005.7,3.4,0.6,313,33.6,0.0,167,2.0
2026-08-27T04:48:54Z,27.8,93,26.7,1005.8,3.4,0.6,290,33.6,0.0,179,2.2
2026-08-27T04:53:54Z,27.8,93,26.7,1005.7,4.0,0.6,312,33.6,0.0,178,2.1
2026-08-27T04:58:56Z,27.7,93,26.7,1005.6,4.6,0.8,296,33.6,0.0,274,3.1
2026-08-27T05:03:56Z,27.4,92,26.1,1005.5,3.8,0.8,309,33.6,0.0,288,3.3
2026-08-27T05:08:58Z,27.3,92,26.1,1005.6,4.3,0.9,253,33.6,0.0,262,2.9
2026-08-27T05:13:58Z,27.2,92,26.1,1005.5,3.8,0.7,292,33.6,0.0,209,2.3
2026-08-27T05:19:00Z,27.1,91,25.6,1005.4,3.7,0.8,306,33.6,0.0,388,4.2
2026-08-27T05:24:02Z,27.1,91,25.6,1005.3,2.9,0.8,304,33.6,0.0,432,4.5
2026-08-27T05:29:02Z,27.3,91,25.6,1005.1,3.5,0.7,277,33.6,0.0,504,5.1
2026-08-27T05:34:04Z,27.6,91,26.1,1005.1,4.3,0.8,297,33.6,0.0,557,5.2
2026-08-27T05:39:04Z,27.9,91,26.1,1005.1,3.1,0.8,304,33.6,0.0,763,6.2
2026-08-27T05:44:06Z,28.2,90,26.7,1005.1,3.4,0.8,331,33.6,0.0,626,5.6
2026-08-27T05:49:08Z,28.4,90,26.7,1005.1,2.9,0.8,317,33.6,0.0,529,5.0
2026-08-27T05:54:08Z,28.4,89,26.7,1005.1,4.1,0.7,282,33.6,0.0,276,2.5
2026-08-27T05:59:10Z,28.3,89,26.7,1005.1,3.2,0.7,291,33.6,0.0,452,4.1
2026-08-27T06:04:10Z,28.4,89,26.7,1005.0,2.7,0.7,275,33.6,0.0,439,4.0
2026-08-27T06:09:12Z,28.3,89,26.7,1005.0,3.5,0.7,306,33.6,0.0,350,3.3
2026-08-27T06:14:12Z,28.3,89,26.1,1004.9,4.3,0.7,326,33.6,0.0,302,2.9
2026-08-27T06:19:12Z,28.3,89,26.7,1004.8,3.5,0.7,284,33.6,0.0,251,2.4
2026-08-27T06:24:12Z,28.4,89,26.7,1004.8,3.7,0.7,319,33.6,0.0,237,2.2
2026-08-27T06:29:12Z,28.4,89,26.7,1004.7,3.1,0.7,315,33.6,0.0,239,2.1
2026-08-27T06:34:12Z,28.6,89,26.7,1004.7,3.3,0.7,288,33.6,0.0,260,2.2
2026-08-27T06:39:14Z,28.7,90,27.2,1004.7,3.6,0.7,302,33.6,0.0,276,2.3
2026-08-27T06:44:16Z,28.8,90,27.2,1004.6,3.9,0.6,327,33.6,0.0,290,2.4
2026-08-27T06:49:16Z,28.9,90,27.2,1004.6,3.5,0.7,288,33.6,0.0,279,2.3
2026-08-27T06:54:18Z,29.0,90,27.2,1004.6,3.6,0.7,293,33.6,0.0,251,2.0
2026-08-27T06:59:18Z,29.0,90,27.2,1004.5,3.8,0.8,288,33.6,0.0,255,2.0
2026-08-27T07:04:20Z,29.1,90,27.2,1004.6,3.4,0.8,275,33.6,0.0,269,2.0
2026-08-27T07:09:20Z,29.1,90,27.2,1004.6,3.8,0.7,290,33.6,0.0,269,1.9
2026-08-27T07:14:22Z,29.1,90,27.2,1004.4,3.4,0.7,277,33.6,0.0,274,1.9
2026-08-27T07:19:24Z,29.0,90,27.2,1004.6,3.5,0.7,299,33.6,0.0,279,1.9
2026-08-27T07:24:24Z,28.9,89,27.2,1004.7,3.9,0.7,292,33.6,0.0,294,1.9
2026-08-27T07:29:26Z,29.1,89,27.2,1004.7,3.8,0.7,288,33.6,0.0,283,1.8
2026-08-27T07:34:26Z,29.1,89,27.2,1004.8,4.8,0.8,288,33.6,0.0,246,1.5
2026-08-27T07:39:28Z,29.1,89,27.2,1004.8,4.4,0.8,289,33.6,0.0,272,1.5
2026-08-27T07:44:30Z,29.2,89,27.2,1004.8,3.4,0.7,277,33.6,0.0,311,1.7
2026-08-27T07:49:30Z,29.2,89,27.2,1004.7,4.1,0.7,291,33.6,0.0,248,1.3
2026-08-27T07:54:32Z,29.3,89,27.2,1004.8,4.0,0.6,271,33.6,0.0,272,1.3
2026-08-27T07:59:32Z,29.3,89,27.2,1004.6,3.9,0.6,293,33.6,0.0,330,1.7
2026-08-27T08:04:35Z,29.5,89,27.8,1004.5,3.5,0.7,311,33.6,0.0,346,1.4
2026-08-27T08:09:35Z,29.5,89,27.8,1004.5,3.6,0.8,257,33.6,0.0,424,1.4
2026-08-27T08:14:35Z,29.6,89,27.8,1004.4,3.5,0.8,297,33.6,0.0,216,0.9
2026-08-27T08:19:36Z,29.4,88,27.2,1004.4,3.8,0.6,304,33.6,0.0,158,0.7
2026-08-27T08:24:36Z,29.3,89,27.2,1004.4,4.1,0.6,294,33.6,0.0,121,0.5
2026-08-27T08:29:37Z,29.1,89,27.2,1004.4,3.3,0.7,302,33.6,0.0,104,0.5
2026-08-27T08:34:38Z,29.1,89,27.2,1004.3,3.4,0.7,253,33.6,0.0,98,0.0
2026-08-27T08:39:38Z,28.9,89,27.2,1004.3,3.8,0.6,315,33.6,0.0,97,0.0
2026-08-27T08:44:39Z,28.9,90,27.2,1004.2,3.4,0.7,294,33.6,0.0,95,0.0
2026-08-27T08:49:41Z,28.9,90,27.2,1004.2,3.2,0.7,307,33.6,0.0,91,0.0
2026-08-27T08:54:41Z,28.8,90,27.2,1004.3,3.0,0.6,355,33.6,0.0,91,0.0
2026-08-27T08:59:42Z,28.7,90,27.2,1004.3,3.5,0.7,262,33.6,0.0,93,0.0
2026-08-27T09:04:42Z,28.8,90,27.2,1004.4,2.9,0.7,299,33.6,0.0,134,0.0
2026-08-27T09:09:42Z,28.8,90,27.2,1004.4,4.0,0.6,259,33.6,0.0,127,0.0
2026-08-27T09:14:42Z,28.8,90,27.2,1004.4,3.6,0.7,281,33.6,0.0,185,0.0
2026-08-27T09:19:42Z,28.9,90,27.2,1004.3,3.8,0.7,296,33.6,0.0,174,0.0
2026-08-27T09:24:43Z,29.0,89,27.2,1004.3,4.2,0.8,319,33.6,0.0,90,0.0
2026-08-27T09:29:44Z,28.9,89,27.2,1004.3,4.2,0.8,275,33.6,0.0,54,0.0
2026-08-27T09:34:45Z,28.8,89,26.7,1004.3,4.7,0.8,293,33.6,0.0,39,0.0
2026-08-27T09:39:45Z,28.8,90,27.2,1004.3,4.1,0.7,294,33.6,0.0,32,0.0
2026-08-27T09:44:45Z,28.7,90,27.2,1004.3,3.9,0.7,274,33.6,0.0,25,0.0
2026-08-27T09:49:45Z,28.7,90,27.2,1004.3,4.1,0.8,304,33.6,0.0,19,0.0
2026-08-27T09:54:45Z,28.7,90,26.7,1004.4,4.0,0.8,279,33.6,0.0,14,0.0
2026-08-27T09:59:47Z,28.6,90,26.7,1004.4,3.9,0.8,290,33.6,0.0,11,0.0
2026-08-27T10:04:47Z,28.6,90,26.7,1004.5,3.5,0.7,298,33.6,0.0,7,0.0
2026-08-27T10:09:47Z,28.6,89,26.7,1004.5,3.9,0.7,265,33.6,0.0,0,0.0
2026-08-27T10:14:47Z,28.6,89,26.7,1004.5,4.3,0.7,282,33.6,0.0,0,0.0
2026-08-27T10:19:47Z,28.7,90,27.2,1004.5,4.6,0.7,298,33.6,0.0,0,0.0
2026-08-27T10:24:47Z,28.6,89,26.7,1004.5,3.9,0.7,275,33.6,0.0,0,0.0
2026-08-27T10:29:49Z,28.6,89,26.7,1004.6,3.6,0.7,282,33.6,0.0,0,0.0
2026-08-27T10:34:49Z,28.5,89,26.7,1004.7,3.2,0.6,298,33.6,0.0,0,0.0
2026-08-27T10:39:49Z,28.4,89,26.7,1004.9,3.5,0.7,304,33.6,0.0,0,0.0
2026-08-27T10:44:49Z,28.3,88,26.1,1004.9,3.8,0.7,275,33.6,0.0,0,0.0
2026-08-27T10:49:49Z,28.4,87,26.1,1004.9,3.6,0.7,279,33.6,0.0,0,0.0
2026-08-27T10:54:49Z,28.4,87,26.1,1004.9,3.1,0.7,286,33.6,0.0,0,0.0
2026-08-27T10:59:51Z,28.3,87,26.1,1004.9,2.8,0.6,341,33.6,0.0,0,0.0
2026-08-27T11:04:53Z,28.3,87,26.1,1005.0,3.1,0.6,256,33.6,0.0,0,0.0
2026-08-27T11:09:53Z,28.4,87,26.1,1005.2,3.2,0.6,300,33.6,0.0,0,0.0
2026-08-27T11:14:55Z,28.3,87,26.1,1005.2,2.8,0.6,286,33.6,0.0,0,0.0
2026-08-27T11:19:55Z,28.3,88,26.1,1005.2,3.5,0.6,266,33.6,0.0,0,0.0
2026-08-27T11:24:57Z,28.3,88,26.1,1005.2,3.4,0.6,296,33.6,0.0,0,0.0
2026-08-27T11:29:57Z,28.3,88,26.1,1005.3,3.6,0.7,291,33.6,0.0,0,0.0
2026-08-27T11:34:57Z,28.3,88,26.1,1005.3,3.5,0.7,288,33.6,0.0,0,0.0
2026-08-27T11:39:57Z,28.3,88,26.1,1005.4,3.3,0.7,279,33.6,0.0,0,0.0
2026-08-27T11:44:57Z,28.2,87,26.1,1005.5,3.7,0.6,279,33.6,0.0,0,0.0
2026-08-27T11:49:57Z,28.3,87,26.1,1005.3,3.6,0.7,280,33.6,0.0,0,0.0
2026-08-27T11:54:59Z,28.4,87,26.1,1005.3,3.8,0.7,291,33.6,0.0,0,0.0
2026-08-27T11:59:59Z,28.4,87,26.1,1005.4,4.2,0.7,308,33.6,0.0,0,0.0
2026-08-27T12:04:59Z,28.5,87,26.1,1005.3,4.1,0.7,313,33.6,0.0,0,0.0
2026-08-27T12:10:01Z,28.5,88,26.7,1005.4,4.2,0.7,288,33.6,0.0,0,0.0
2026-08-27T12:15:01Z,28.5,88,26.7,1005.4,3.7,0.8,271,33.6,0.0,0,0.0
2026-08-27T12:20:01Z,28.4,88,26.1,1005.5,3.8,0.8,309,33.6,0.0,0,0.0
2026-08-27T12:25:03Z,28.4,88,26.1,1005.5,3.8,0.8,280,33.6,0.0,0,0.0
2026-08-27T12:30:03Z,28.4,89,26.7,1005.7,4.4,0.8,297,33.6,0.0,0,0.0
2026-08-27T12:35:03Z,28.4,89,26.7,1005.7,4.2,0.8,311,33.6,0.0,0,0.0
2026-08-27T12:40:05Z,28.4,89,26.7,1005.9,4.3,0.7,325,33.6,0.0,0,0.0
2026-08-27T12:45:07Z,28.6,90,26.7,1005.9,4.2,0.8,283,33.6,0.0,0,0.0
2026-08-27T12:50:07Z,28.5,90,26.7,1006.0,4.1,0.8,305,33.6,0.0,0,0.0
2026-08-27T12:55:07Z,28.5,90,26.7,1006.0,3.9,0.7,313,33.6,0.0,0,0.0
2026-08-27T13:00:07Z,28.5,91,27.2,1006.0,3.8,0.7,291,33.6,0.0,0,0.0
2026-08-27T13:05:09Z,28.4,91,26.7,1006.1,3.5,0.8,286,33.6,0.0,0,0.0
2026-08-27T13:10:09Z,28.4,91,26.7,1006.1,4.1,0.8,295,33.6,0.0,0,0.0
2026-08-27T13:15:09Z,28.3,91,26.7,1006.1,4.0,0.6,293,33.6,0.0,0,0.0
2026-08-27T13:20:11Z,28.3,91,26.7,1006.1,3.3,0.6,287,33.6,0.0,0,0.0
2026-08-27T13:25:11Z,28.3,91,26.7,1006.1,3.4,0.7,315,33.6,0.0,0,0.0
2026-08-27T13:30:11Z,28.3,91,26.7,1006.0,2.8,0.7,305,33.6,0.0,0,0.0
2026-08-27T13:35:13Z,28.3,91,26.7,1006.1,2.6,0.6,311,33.6,0.0,0,0.0
2026-08-27T13:40:13Z,28.2,91,26.7,1006.1,2.9,0.7,308,33.6,0.0,0,0.0
2026-08-27T13:45:15Z,28.2,91,26.7,1006.1,2.2,0.7,319,33.6,0.0,0,0.0
2026-08-27T13:50:15Z,27.8,90,26.1,1006.1,3.3,0.7,262,33.6,0.0,0,0.0
2026-08-27T13:55:17Z,27.7,90,26.1,1006.0,3.0,0.7,295,33.6,0.0,0,0.0
2026-08-27T14:00:19Z,27.6,90,26.1,1006.1,3.0,0.6,291,33.6,0.0,0,0.0
2026-08-27T14:05:19Z,27.6,90,26.1,1006.0,3.1,0.5,302,33.6,0.0,0,0.0
2026-08-27T14:10:21Z,27.6,90,26.1,1006.0,2.6,0.5,300,33.6,0.0,0,0.0
2026-08-27T14:15:21Z,27.6,90,26.1,1006.0,3.4,0.6,288,33.6,0.0,0,0.0
2026-08-27T14:20:23Z,27.7,90,26.1,1006.0,3.0,0.6,321,33.6,0.0,0,0.0
2026-08-27T14:25:25Z,27.6,89,25.6,1006.1,3.3,0.6,266,33.6,0.0,0,0.0
2026-08-27T14:30:25Z,27.6,89,25.6,1006.0,3.9,0.7,276,33.6,0.0,0,0.0
2026-08-27T14:35:27Z,27.7,89,25.6,1006.0,3.3,0.7,309,33.6,0.0,0,0.0
2026-08-27T14:40:27Z,27.7,89,25.6,1006.0,4.4,0.8,243,33.6,0.0,0,0.0
2026-08-27T14:45:29Z,27.8,89,26.1,1006.0,4.2,0.8,293,33.6,0.0,0,0.0
2026-08-27T14:50:31Z,27.8,89,26.1,1006.1,3.8,0.7,284,33.6,0.0,0,0.0
2026-08-27T14:55:31Z,27.8,89,26.1,1006.0,3.9,0.7,306,33.6,0.0,0,0.0
2026-08-27T15:00:33Z,27.8,89,26.1,1006.0,3.6,0.7,268,33.6,0.0,0,0.0
2026-08-27T15:05:36Z,27.8,89,26.1,1005.9,4.0,0.7,279,33.6,0.0,0,0.0
2026-08-27T15:10:37Z,27.9,90,26.1,1005.9,3.6,0.7,280,33.6,0.0,0,0.0
2026-08-27T15:15:37Z,27.9,90,26.1,1005.9,3.5,0.6,281,33.6,0.0,0,0.0
2026-08-27T15:20:37Z,28.0,90,26.1,1005.9,3.5,0.5,319,33.6,0.0,0,0.0
2026-08-27T15:25:39Z,27.9,90,26.1,1005.9,3.1,0.6,274,33.6,0.0,0,0.0
2026-08-27T15:30:39Z,27.9,90,26.1,1005.9,3.4,0.6,270,33.6,0.0,0,0.0
2026-08-27T15:35:41Z,28.0,90,26.1,1005.8,3.2,0.6,289,33.6,0.0,0,0.0
2026-08-27T15:40:41Z,27.9,90,26.1,1005.8,3.4,0.6,306,33.6,0.0,0,0.0
2026-08-27T15:45:43Z,27.9,90,26.1,1005.8,3.8,0.6,283,33.6,0.0,0,0.0
2026-08-27T15:50:45Z,27.9,90,26.1,1005.7,3.3,0.7,279,33.6,0.0,0,0.0
2026-08-27T15:55:45Z,27.9,90,26.1,1005.7,3.5,0.7,272,33.6,0.0,0,0.0
2026-08-27T16:00:47Z,27.9,90,26.1,1005.6,3.5,0.6,304,33.6,0.0,0,0.0
2026-08-27T16:05:48Z,27.8,90,26.1,1005.5,3.6,0.6,302,0.0,0.0,0,0.0
2026-08-27T16:10:48Z,27.8,90,26.1,1005.4,3.8,0.7,294,0.0,0.0,0,0.0
2026-08-27T16:15:50Z,27.8,90,26.1,1005.4,3.9,0.7,299,0.0,0.0,0,0.0
2026-08-27T16:20:50Z,27.8,90,26.1,1005.3,3.7,0.6,284,0.0,0.0,0,0.0
2026-08-27T16:25:50Z,27.8,90,26.1,1005.3,3.8,0.7,281,0.0,0.0,0,0.0
2026-08-27T16:30:51Z,27.8,90,26.1,1005.2,3.4,0.7,286,0.0,0.0,0,0.0
2026-08-27T16:35:52Z,27.8,90,26.1,1005.1,3.8,0.7,306,0.0,0.0,0,0.0
2026-08-27T16:40:53Z,27.9,90,26.1,1005.0,4.0,0.7,296,0.0,0.0,0,0.0
2026-08-27T16:45:55Z,27.9,90,26.1,1005.0,3.8,0.8,288,0.0,0.0,0,0.0
2026-08-27T16:50:56Z,27.9,90,26.1,1005.0,3.9,0.8,288,0.0,0.0,0,0.0
2026-08-27T16:55:57Z,28.0,90,26.1,1004.8,4.1,0.7,302,0.0,0.0,0,0.0
2026-08-27T17:00:59Z,27.9,90,26.1,1004.7,4.6,0.7,277,0.0,0.0,0,0.0
2026-08-27T17:05:59Z,27.9,90,26.1,1004.6,4.1,0.7,290,0.0,0.0,0,0.0
2026-08-27T17:11:01Z,27.9,90,26.1,1004.6,4.1,0.7,277,0.0,0.0,0,0.0
2026-08-27T17:16:03Z,27.9,90,26.1,1004.4,3.5,0.6,286,0.0,0.0,0,0.0
2026-08-27T17:21:03Z,27.9,90,26.1,1004.4,3.2,0.8,293,0.0,0.0,0,0.0
2026-08-27T17:26:05Z,27.9,90,26.1,1004.3,4.1,0.8,287,0.0,0.0,0,0.0
2026-08-27T17:31:07Z,27.9,90,26.1,1004.2,4.6,0.7,296,0.0,0.0,0,0.0
2026-08-27T17:36:07Z,27.9,90,26.1,1004.2,3.8,0.7,250,0.0,0.0,0,0.0
2026-08-27T17:41:09Z,27.9,90,26.1,1004.3,3.6,0.7,297,0.0,0.0,0,0.0
2026-08-27T17:46:09Z,27.9,90,26.1,1004.2,3.9,0.6,277,0.0,0.0,0,0.0
2026-08-27T17:51:11Z,28.0,90,26.1,1004.2,3.6,0.6,288,0.0,0.0,0,0.0
2026-08-27T17:56:11Z,27.9,90,26.1,1004.2,3.8,0.7,277,0.0,0.0,0,0.0
2026-08-27T18:01:13Z,28.0,90,26.1,1004.1,3.6,0.7,284,0.0,0.0,0,0.0
2026-08-27T18:06:13Z,28.1,90,26.7,1004.0,4.2,0.7,271,0.0,0.0,0,0.0
2026-08-27T18:11:15Z,28.1,89,26.7,1003.9,3.7,0.7,291,0.0,0.0,0,0.0
2026-08-27T18:16:17Z,28.1,89,26.1,1004.0,3.6,0.7,276,0.0,0.0,0,0.0
2026-08-27T18:21:17Z,28.2,89,26.1,1003.8,3.3,0.6,304,0.0,0.0,0,0.0
2026-08-27T18:26:17Z,28.2,89,26.1,1003.9,3.4,0.8,273,0.0,0.0,0,0.0
2026-08-27T18:31:19Z,28.1,89,26.1,1004.0,4.1,0.8,291,0.0,0.0,0,0.0
2026-08-27T18:36:21Z,28.1,89,26.1,1003.9,3.6,0.7,277,0.0,0.0,0,0.0
2026-08-27T18:41:23Z,28.0,89,26.1,1003.9,3.4,0.7,296,0.0,0.0,0,0.0
2026-08-27T18:46:23Z,28.0,90,26.1,1003.9,3.5,0.6,317,0.0,0.0,0,0.0
2026-08-27T18:51:25Z,28.0,90,26.1,1003.9,3.4,0.6,294,0.0,0.0,0,0.0
2026-08-27T18:56:25Z,28.0,90,26.1,1004.0,3.5,0.5,285,0.2,0.0,0,0.0
2026-08-27T19:01:27Z,27.8,90,26.1,1004.0,3.1,0.6,305,0.2,0.0,0,0.0
2026-08-27T19:06:27Z,27.8,91,26.1,1004.0,3.6,0.6,291,1.0,14.8,0,0.0
2026-08-27T19:11:29Z,27.4,91,26.1,1004.0,4.9,1.0,300,1.0,2.0,0,0.0
2026-08-27T19:16:31Z,27.0,91,25.6,1004.2,3.6,1.0,287,1.4,9.0,0,0.0
2026-08-27T19:21:31Z,26.6,91,25.0,1004.2,3.8,0.8,279,1.6,3.2,0,0.0
2026-08-27T19:26:33Z,26.6,92,25.0,1004.1,4.0,0.8,319,1.6,1.6,0,0.0
2026-08-27T19:31:33Z,26.9,92,25.6,1004.0,3.7,0.7,310,1.6,1.0,0,0.0
2026-08-27T19:36:35Z,26.9,92,25.6,1004.1,3.6,0.7,289,1.6,0.8,0,0.0
2026-08-27T19:41:37Z,27.0,92,25.6,1004.3,2.6,0.7,322,1.6,0.0,0,0.0
2026-08-27T19:46:39Z,26.9,92,25.6,1004.3,2.5,0.6,288,1.6,0.0,0,0.0
2026-08-27T19:51:39Z,26.7,92,25.6,1004.3,2.6,0.5,300,1.8,0.0,0,0.0
2026-08-27T19:56:39Z,26.7,92,25.6,1004.3,2.2,0.5,257,1.8,0.0,0,0.0
2026-08-27T20:01:41Z,26.7,92,25.0,1004.1,2.1,0.5,298,1.8,0.0,0,0.0
2026-08-27T20:06:43Z,26.4,92,25.0,1004.2,2.5,0.6,279,1.8,0.0,0,0.0
2026-08-27T20:11:43Z,26.3,92,25.0,1003.9,1.7,0.6,292,2.2,7.4,0,0.0
2026-08-27T20:16:45Z,26.3,93,25.0,1004.0,2.9,0.7,304,2.4,2.2,0,0.0
2026-08-27T20:21:45Z,26.3,93,25.0,1003.8,2.2,0.6,313,2.6,3.8,0,0.0
2026-08-27T20:26:47Z,26.4,93,25.6,1003.8,2.5,0.5,281,2.6,1.4,0,0.0
2026-08-27T20:31:47Z,26.6,93,25.6,1003.8,2.6,0.5,294,2.6,1.0,0,0.0
2026-08-27T20:36:47Z,26.6,93,25.6,1003.8,2.2,0.5,308,2.6,0.0,0,0.0
2026-08-27T20:41:49Z,26.7,93,25.6,1003.8,3.0,0.6,296,2.6,0.0,0,0.0
2026-08-27T20:46:49Z,26.8,93,25.6,1003.8,3.4,0.7,300,2.6,0.0,0,0.0
2026-08-27T20:51:49Z,26.9,93,25.6,1003.7,3.0,0.7,317,2.6,0.0,0,0.0
2026-08-27T20:56:49Z,26.9,93,25.6,1003.6,2.9,0.6,267,2.6,0.0,0,0.0
2026-08-27T21:01:49Z,27.0,93,25.6,1003.7,3.0,0.7,279,2.6,0.0,0,0.0
2026-08-27T21:06:51Z,27.0,93,26.1,1003.9,3.0,0.7,308,3.2,52.4,0,0.0
2026-08-27T21:11:53Z,26.9,93,25.6,1003.8,3.6,0.7,301,4.4,14.8,0,0.0
2026-08-27T21:16:53Z,26.9,93,25.6,1004.1,2.2,0.7,270,6.0,53.4,0,0.0
2026-08-27T21:21:55Z,26.9,93,25.6,1004.0,3.0,0.8,269,13.0,70.6,0,0.0
2026-08-27T21:26:55Z,26.9,93,25.6,1004.1,2.7,0.8,261,13.8,3.6,0,0.0
2026-08-27T21:31:57Z,27.0,93,26.1,1004.1,2.5,0.8,278,14.2,10.0,0,0.0
2026-08-27T21:36:59Z,26.9,93,25.6,1004.1,2.8,0.8,290,15.6,7.0,0,0.0
2026-08-27T21:42:01Z,26.8,93,25.6,1004.1,3.2,0.6,291,15.8,3.8,0,0.0
2026-08-27T21:47:01Z,26.3,93,25.0,1004.3,5.1,0.8,276,15.8,1.4,0,0.0
2026-08-27T21:52:01Z,26.3,93,25.0,1004.3,2.7,0.8,264,15.8,1.0,0,0.0
2026-08-27T21:57:03Z,26.3,93,25.0,1004.4,2.3,0.6,292,16.6,34.6,0,0.0
2026-08-27T22:02:05Z,26.8,94,25.6,1004.3,2.8,0.6,263,19.8,41.2,0,0.0
2026-08-27T22:07:05Z,27.1,94,26.1,1004.3,1.7,0.6,297,19.8,2.4,9,0.0
2026-08-27T22:12:07Z,27.2,94,26.1,1004.2,1.7,0.5,273,20.0,2.2,16,0.0
2026-08-27T22:17:07Z,27.5,94,26.7,1004.2,1.7,0.4,290,20.0,1.2,14,0.0
2026-08-27T22:22:09Z,27.7,94,26.7,1004.0,1.3,0.5,288,20.0,0.8,30,0.0
2026-08-27T22:27:11Z,27.7,94,26.7,1004.0,2.3,0.5,298,20.0,0.0,35,0.0
2026-08-27T22:32:11Z,27.7,94,26.7,1004.1,2.2,0.5,276,20.0,0.0,42,0.0
2026-08-27T22:37:13Z,27.7,94,26.7,1004.0,2.1,0.5,298,20.0,0.0,35,0.0
2026-08-27T22:42:13Z,27.8,94,26.7,1004.1,2.2,0.6,293,20.0,0.0,54,0.0
2026-08-27T22:47:15Z,27.8,94,26.7,1004.3,2.2,0.6,298,20.0,0.0,46,0.0
2026-08-27T22:52:38Z,27.8,94,26.7,1004.3,2.6,0.6,275,20.0,0.0,37,0.0
2026-08-27T22:57:39Z,27.8,94,26.7,1004.2,2.6,0.5,295,20.0,0.0,39,0.0
2026-08-27T23:02:39Z,27.8,94,26.7,1004.3,2.4,0.7,294,20.0,0.0,42,0.0
2026-08-27T23:07:39Z,27.9,94,26.7,1004.4,2.0,0.5,270,20.0,0.0,91,0.0
2026-08-27T23:12:41Z,27.9,94,26.7,1004.6,2.7,0.6,271,20.0,0.0,67,0.0
2026-08-27T23:17:41Z,27.9,94,26.7,1004.6,2.3,0.6,290,20.0,0.0,72,0.0
2026-08-27T23:22:43Z,27.9,94,27.2,1004.6,2.1,0.5,319,20.0,0.0,72,0.0
2026-08-27T23:27:45Z,27.9,94,27.2,1004.7,1.8,0.5,283,20.0,0.0,67,0.0
2026-08-27T23:32:45Z,27.9,94,27.2,1004.5,2.1,0.5,271,20.0,0.0,90,0.0
2026-08-27T23:37:47Z,27.9,94,27.2,1004.5,2.2,0.6,263,20.0,0.0,74,0.0
2026-08-27T23:42:48Z,27.9,94,27.2,1004.6,1.6,0.6,307,20.0,0.0,76,0.0
2026-08-27T23:47:50Z,28.0,94,27.2,1004.6,1.8,0.5,289,20.0,0.0,62,0.0
2026-08-27T23:52:51Z,28.0,94,27.2,1004.6,2.0,0.5,263,20.0,0.0,74,0.0
2026-08-27T23:57:52Z,28.0,94,27.2,1004.6,1.7,0.5,288,20.0,0.0,60,0.0
2026-08-28T00:02:53Z,28.0,94,27.2,1004.6,1.5,0.5,308,20.0,0.0,60,0.0
2026-08-28T00:07:54Z,27.9,94,27.2,1004.7,2.0,0.4,312,20.0,0.0,47,0.0
2026-08-28T00:12:55Z,27.9,94,26.7,1004.7,1.8,0.5,269,20.0,0.0,54,0.0
2026-08-28T00:17:57Z,27.9,94,26.7,1004.8,2.1,0.4,293,20.0,0.0,49,0.0
2026-08-28T00:22:58Z,27.9,94,27.2,1004.8,2.9,0.5,287,20.0,0.0,47,0.0
2026-08-28T00:28:00Z,27.9,94,27.2,1004.9,2.5,0.5,298,20.0,0.0,47,0.0
2026-08-28T00:33:00Z,28.0,94,27.2,1004.8,2.8,0.5,277,20.0,0.0,54,0.0
2026-08-28T00:38:02Z,28.0,94,27.2,1004.8,2.5,0.5,299,20.0,0.0,74,0.5
2026-08-28T00:43:02Z,28.1,94,27.2,1004.6,2.1,0.5,265,20.0,0.0,98,0.7
2026-08-28T00:48:04Z,28.1,94,27.2,1004.6,2.0,0.5,294,20.0,0.0,90,0.6
2026-08-28T00:53:06Z,28.1,93,26.7,1004.5,1.9,0.5,302,20.0,0.0,93,0.7
2026-08-28T00:58:06Z,28.1,93,26.7,1004.4,2.1,0.4,311,20.0,0.0,134,0.9
2026-08-28T01:03:06Z,28.2,93,27.2,1004.3,1.5,0.4,275,20.0,0.0,144,1.1
2026-08-28T01:08:08Z,28.2,93,27.2,1004.4,2.0,0.5,302,20.0,0.0,153,1.2
2026-08-28T01:13:10Z,28.3,93,27.2,1004.5,1.9,0.5,288,20.0,0.0,116,0.9
2026-08-28T01:18:12Z,28.3,93,27.2,1004.6,1.8,0.5,298,20.0,0.0,132,1.1
2026-08-28T01:23:12Z,28.3,93,27.2,1004.6,2.5,0.5,273,20.0,0.0,118,1.0
2026-08-28T01:28:14Z,28.3,93,27.2,1004.8,1.7,0.5,290,20.0,0.0,121,1.1
2026-08-28T01:33:14Z,28.3,93,27.2,1005.0,2.0,0.5,297,20.0,0.0,83,0.7
2026-08-28T01:38:16Z,28.3,93,27.2,1005.2,2.2,0.5,304,20.0,0.0,56,0.5
2026-08-28T01:43:16Z,28.3,93,27.2,1005.2,2.4,0.5,258,20.0,0.0,63,0.6
2026-08-28T01:48:16Z,28.3,92,27.2,1005.4,2.3,0.5,268,20.0,0.0,49,0.0
2026-08-28T01:53:18Z,28.4,92,27.2,1005.2,2.1,0.5,266,20.0,0.0,144,1.5
2026-08-28T01:58:18Z,28.4,92,27.2,1005.1,1.7,0.4,326,20.0,0.0,197,2.0
2026-08-28T02:03:18Z,28.6,92,27.2,1005.2,1.8,0.4,267,20.0,0.0,120,1.2
2026-08-28T02:08:18Z,28.6,92,27.2,1005.1,1.7,0.4,298,20.0,0.0,120,1.3
2026-08-28T02:13:20Z,28.6,92,27.2,1005.2,1.9,0.4,275,20.0,0.0,91,0.9
2026-08-28T02:18:20Z,28.6,92,27.2,1005.1,1.9,0.4,265,20.0,0.0,160,1.5
2026-08-28T02:23:22Z,28.7,92,27.2,1005.2,1.4,0.4,294,20.0,0.0,176,1.8
2026-08-28T02:28:22Z,28.7,92,27.2,1005.1,1.7,0.5,289,20.0,0.0,158,1.6
2026-08-28T02:33:24Z,28.8,92,27.2,1004.9,1.8,0.5,273,20.0,0.0,406,4.0
2026-08-28T02:38:24Z,28.9,91,27.2,1004.9,2.9,0.5,286,20.0,0.0,95,1.1
2026-08-28T02:43:24Z,28.0,89,26.1,1004.8,5.4,0.9,313,20.4,4.2,225,2.6
2026-08-28T02:48:26Z,27.4,90,25.6,1004.9,5.3,0.9,288,20.4,1.6,364,3.6
2026-08-28T02:53:26Z,27.3,90,25.6,1004.8,5.5,0.9,275,20.4,1.0,318,3.4
2026-08-28T02:58:26Z,27.2,90,25.6,1004.8,4.9,0.9,292,20.4,0.0,192,2.2
2026-08-28T03:03:28Z,27.3,90,25.6,1004.9,4.3,0.8,284,20.4,0.0,181,2.1
2026-08-28T03:08:28Z,27.6,91,26.1,1004.8,3.1,0.7,309,20.4,0.0,186,2.1
2026-08-28T03:13:28Z,27.9,91,26.7,1004.8,2.8,0.7,290,20.4,0.0,236,2.5
2026-08-28T03:18:30Z,28.3,91,26.7,1004.8,1.9,0.6,284,20.4,0.0,214,2.3
2026-08-28T03:23:30Z,28.6,91,27.2,1004.5,2.0,0.5,302,20.4,0.0,135,1.5
2026-08-28T03:28:32Z,28.6,91,27.2,1004.6,3.2,0.6,306,20.4,0.0,32,0.0
2026-08-28T03:33:32Z,27.8,90,26.1,1004.5,3.0,0.8,273,21.4,3.6,130,1.5
2026-08-28T03:38:32Z,27.6,91,26.1,1004.3,2.9,0.6,273,21.8,7.2,192,2.2
2026-08-28T03:43:34Z,27.5,91,26.1,1004.3,3.0,0.7,284,23.8,19.2,169,2.1
2026-08-28T03:48:34Z,27.4,92,26.1,1004.7,2.9,0.7,273,25.8,46.8,40,0.0
2026-08-28T03:53:34Z,26.9,91,25.6,1004.7,3.5,0.8,299,26.0,2.8,127,1.5
2026-08-28T03:58:36Z,26.9,92,25.6,1004.6,3.9,0.8,292,26.4,3.8,169,1.9
2026-08-28T04:03:36Z,26.7,92,25.6,1004.6,2.3,0.8,289,27.6,9.4,167,1.8
2026-08-28T04:08:36Z,26.6,92,25.0,1004.6,2.0,0.6,293,28.0,3.4,178,2.0
2026-08-28T04:13:38Z,26.5,92,25.0,1004.6,2.1,0.6,293,28.0,1.8,141,1.7
2026-08-28T04:18:38Z,26.4,92,25.0,1004.6,1.5,0.5,291,28.0,1.0,155,1.7
2026-08-28T04:23:40Z,26.6,92,25.6,1004.4,3.1,0.5,275,28.0,0.8,192,2.1
2026-08-28T04:28:40Z,26.6,92,25.0,1004.3,3.0,0.5,271,28.0,0.0,236,2.5
2026-08-28T04:33:40Z,26.7,93,25.6,1004.1,2.8,0.5,306,28.0,0.0,253,2.7
2026-08-28T04:38:42Z,26.8,93,25.6,1004.0,3.2,0.5,286,28.0,0.0,223,2.5
2026-08-28T04:43:42Z,26.9,93,25.6,1003.9,2.6,0.5,301,28.0,0.0,299,3.4
2026-08-28T04:48:42Z,27.2,93,26.1,1003.8,3.0,0.6,281,28.0,0.0,353,3.7
2026-08-28T04:53:44Z,27.3,93,26.1,1003.6,3.6,0.6,299,28.0,0.0,396,4.1
2026-08-28T04:58:44Z,27.6,92,26.1,1003.6,3.0,0.6,320,28.0,0.0,366,3.7
2026-08-28T05:03:44Z,27.7,92,26.1,1003.3,3.3,0.8,296,28.0,0.0,227,2.3
2026-08-28T05:08:46Z,27.7,92,26.7,1003.4,2.7,0.8,295,28.0,0.0,162,1.7
2026-08-28T05:13:46Z,27.8,92,26.1,1003.4,3.5,0.6,298,28.0,0.0,200,2.1
2026-08-28T05:18:48Z,27.8,92,26.7,1003.4,3.1,0.6,298,28.0,0.0,264,2.8
2026-08-28T05:23:48Z,27.9,92,26.7,1003.4,3.2,0.5,294,28.0,0.0,199,2.3
2026-08-28T05:28:50Z,28.0,91,26.7,1003.3,2.8,0.5,279,28.0,0.0,179,1.9
2026-08-28T05:33:52Z,28.1,91,26.7,1003.4,2.6,0.5,279,28.0,0.0,253,2.6
2026-08-28T05:38:52Z,28.1,91,26.7,1003.4,3.3,0.5,306,28.0,0.0,230,2.4
2026-08-28T05:43:54Z,28.2,91,26.7,1003.4,3.3,0.6,283,28.0,0.0,183,1.7
2026-08-28T05:48:54Z,28.2,91,26.7,1003.3,1.9,0.6,281,28.0,0.0,193,1.9
2026-08-28T05:53:56Z,28.2,91,26.7,1003.4,2.7,0.5,290,28.0,0.0,227,2.3
2026-08-28T05:58:56Z,28.3,91,26.7,1003.3,2.8,0.6,296,28.0,0.0,162,1.5
2026-08-28T06:03:58Z,28.3,91,26.7,1003.3,2.8,0.6,317,28.0,0.0,146,1.4
2026-08-28T06:09:00Z,28.2,91,26.7,1003.2,2.9,0.6,279,28.0,0.0,153,1.3
2026-08-28T06:14:00Z,28.3,91,26.7,1003.1,1.6,0.6,300,28.0,0.0,109,0.9
2026-08-28T06:19:02Z,28.3,91,26.7,1003.0,2.1,0.4,300,28.0,0.0,135,1.2
2026-08-28T06:24:02Z,28.3,91,26.7,1003.0,2.4,0.4,286,28.0,0.0,218,1.9
2026-08-28T06:29:04Z,28.4,91,26.7,1003.0,2.6,0.5,319,28.0,0.0,185,1.6
2026-08-28T06:34:07Z,28.5,91,27.2,1003.0,2.7,0.6,283,28.0,0.0,229,1.8
2026-08-28T06:39:08Z,28.6,91,27.2,1002.9,3.4,0.6,321,28.0,0.0,367,2.9
2026-08-28T06:44:08Z,28.8,91,27.2,1002.8,2.7,0.6,292,28.0,0.0,411,3.0
2026-08-28T06:49:08Z,28.9,90,27.2,1002.8,2.3,0.6,277,28.0,0.0,480,2.9
2026-08-28T06:54:10Z,29.2,90,27.2,1002.7,2.1,0.6,284,28.0,0.0,497,3.8
2026-08-28T06:59:10Z,29.3,90,27.8,1002.8,2.4,0.5,309,28.0,0.0,468,3.4
2026-08-28T07:04:13Z,29.5,89,27.8,1002.8,2.9,0.5,297,28.0,0.0,513,3.4
2026-08-28T07:09:14Z,29.6,89,27.8,1002.8,3.1,0.7,281,28.0,0.0,587,3.5
2026-08-28T07:14:15Z,29.8,89,27.8,1002.7,2.9,0.7,281,28.0,0.0,482,3.0
2026-08-28T07:19:16Z,29.8,88,27.8,1002.8,2.9,0.6,321,28.0,0.0,483,2.9
2026-08-28T07:24:17Z,30.0,88,27.8,1003.0,3.4,0.6,272,28.0,0.0,506,2.3
2026-08-28T07:29:39Z,30.1,88,27.8,1002.9,3.3,0.6,277,28.0,0.0,330,1.6
2026-08-28T07:34:40Z,30.0,88,27.8,1002.8,2.7,0.5,311,28.0,0.0,381,2.0
2026-08-28T07:39:41Z,30.1,88,27.8,1002.7,3.4,0.5,275,28.0,0.0,482,2.1
2026-08-28T07:44:42Z,30.2,88,28.3,1002.6,3.1,0.5,261,28.0,0.0,633,2.3
2026-08-28T07:49:43Z,30.3,88,28.3,1002.6,3.1,0.6,289,28.0,0.0,462,2.0
2026-08-28T07:54:43Z,30.2,88,28.3,1002.6,3.6,0.6,290,28.0,0.0,318,1.4
2026-08-28T07:59:43Z,30.1,88,27.8,1002.5,3.5,0.6,290,28.0,0.0,260,1.2
2026-08-28T08:04:43Z,29.9,88,27.8,1002.5,3.8,0.6,288,28.0,0.0,193,0.9
2026-08-28T08:09:45Z,29.7,89,27.8,1002.5,3.2,0.6,304,28.0,0.0,148,0.8
2026-08-28T08:14:45Z,29.6,89,27.8,1002.4,3.5,0.6,292,28.0,0.0,123,0.7
2026-08-28T08:19:45Z,29.4,89,27.2,1002.4,2.8,0.5,292,28.0,0.0,107,0.6
2026-08-28T08:24:47Z,29.3,90,27.8,1002.5,2.3,0.6,303,28.0,0.0,67,0.0
2026-08-28T08:29:49Z,29.2,90,27.8,1002.5,2.9,0.5,289,28.0,0.0,56,0.0
2026-08-28T08:34:49Z,29.2,90,27.2,1002.6,1.9,0.5,310,28.0,0.0,53,0.0
2026-08-28T08:39:51Z,29.1,90,27.2,1002.5,1.6,0.5,276,28.0,0.0,47,0.0
2026-08-28T08:44:51Z,29.1,90,27.2,1002.4,1.8,0.5,322,28.0,0.0,47,0.0
2026-08-28T08:49:53Z,29.0,91,27.2,1002.4,2.1,0.5,279,28.0,0.0,49,0.0
2026-08-28T08:54:55Z,28.9,91,27.2,1002.4,2.3,0.5,292,28.0,0.0,56,0.0
2026-08-28T08:59:55Z,28.9,91,27.2,1002.6,2.4,0.5,300,28.0,0.0,58,0.0
2026-08-28T09:04:57Z,28.9,91,27.2,1002.7,2.4,0.5,288,28.0,0.0,40,0.0
2026-08-28T09:09:57Z,28.9,91,27.2,1002.7,1.7,0.5,299,28.0,0.0,49,0.0
2026-08-28T09:14:59Z,28.9,91,27.2,1002.6,2.6,0.5,306,28.0,0.0,37,0.0
2026-08-28T09:19:59Z,28.8,91,27.2,1002.4,2.6,0.5,280,28.0,0.0,35,0.0
2026-08-28T09:24:59Z,28.8,91,27.2,1002.6,1.9,0.6,307,28.0,0.0,37,0.0
2026-08-28T09:30:01Z,28.7,90,27.2,1002.7,2.7,0.6,311,28.0,0.0,37,0.0
2026-08-28T09:35:01Z,28.7,90,27.2,1002.7,2.9,0.6,321,28.0,0.0,19,0.0
2026-08-28T09:40:01Z,28.7,90,27.2,1002.7,2.1,0.5,286,28.0,0.0,21,0.0
2026-08-28T09:45:03Z,28.7,90,27.2,1002.8,2.6,0.5,287,28.0,0.0,19,0.0
2026-08-28T09:50:03Z,28.7,90,27.2,1002.9,1.5,0.5,277,28.0,0.0,26,0.0
2026-08-28T09:55:03Z,28.7,90,27.2,1002.9,2.0,0.4,284,28.0,0.0,18,0.0
2026-08-28T10:00:05Z,28.7,90,27.2,1002.9,2.7,0.4,290,28.0,0.0,7,0.0
2026-08-28T10:05:05Z,28.7,90,27.2,1002.9,1.5,0.4,290,28.0,0.0,5,0.0
2026-08-28T10:10:07Z,28.7,90,27.2,1003.0,1.9,0.4,289,28.0,0.0,0,0.0
2026-08-28T10:15:07Z,28.7,90,27.2,1003.1,1.7,0.4,290,28.0,0.0,0,0.0
2026-08-28T10:20:07Z,28.7,90,27.2,1002.9,2.0,0.4,267,28.0,0.0,0,0.0
2026-08-28T10:25:09Z,28.7,90,27.2,1003.0,1.7,0.4,275,28.0,0.0,0,0.0
2026-08-28T10:30:09Z,28.7,90,27.2,1003.0,1.4,0.4,281,28.0,0.0,0,0.0
2026-08-28T10:35:09Z,28.7,90,27.2,1003.3,2.1,0.4,294,28.0,0.0,0,0.0
2026-08-28T10:40:11Z,28.7,90,27.2,1003.4,1.7,0.4,274,28.0,0.0,0,0.0
2026-08-28T10:45:11Z,28.7,91,27.2,1003.4,1.3,0.4,297,28.0,0.0,0,0.0
2026-08-28T10:50:11Z,28.7,91,27.2,1003.2,1.5,0.4,288,28.0,0.0,0,0.0
2026-08-28T10:55:13Z,28.7,91,27.2,1003.2,1.7,0.4,294,28.0,0.0,0,0.0
2026-08-28T11:00:14Z,28.7,91,27.2,1003.3,1.8,0.4,290,28.0,0.0,0,0.0
2026-08-28T11:05:15Z,28.7,91,27.2,1003.3,2.0,0.4,301,28.0,0.0,0,0.0
2026-08-28T11:10:15Z,28.7,91,27.2,1003.3,1.8,0.4,300,28.0,0.0,0,0.0
2026-08-28T11:15:17Z,28.6,91,27.2,1003.3,1.4,0.3,290,28.0,0.0,0,0.0
2026-08-28T11:20:19Z,28.6,91,27.2,1003.4,1.4,0.3,292,28.0,0.0,0,0.0
2026-08-28T11:25:19Z,28.6,91,27.2,1003.3,1.3,0.3,286,28.0,0.0,0,0.0
2026-08-28T11:30:21Z,28.6,91,27.2,1003.5,1.3,0.3,290,28.0,0.0,0,0.0
2026-08-28T11:35:21Z,28.6,91,27.2,1003.5,0.8,0.3,280,28.0,0.0,0,0.0
2026-08-28T11:40:23Z,28.7,91,27.2,1003.5,1.0,0.2,298,28.0,0.0,0,0.0
2026-08-28T11:45:25Z,28.6,91,27.2,1003.7,0.9,0.2,284,28.0,0.0,0,0.0
2026-08-28T11:50:25Z,28.6,91,27.2,1003.8,0.6,0.2,302,28.0,0.0,0,0.0
2026-08-28T11:55:27Z,28.6,91,27.2,1003.8,1.1,0.2,290,28.0,0.0,0,0.0
2026-08-28T12:00:27Z,28.5,91,27.2,1003.9,1.1,0.2,289,28.0,0.0,0,0.0
2026-08-28T12:05:29Z,28.4,91,26.7,1004.0,0.8,0.2,318,28.0,0.0,0,0.0
2026-08-28T12:10:29Z,28.4,91,26.7,1004.2,0.8,0.4,308,28.0,0.0,0,0.0
2026-08-28T12:15:29Z,28.4,91,26.7,1004.3,0.5,0.4,285,28.0,0.0,0,0.0
2026-08-28T12:20:29Z,28.3,91,26.7,1004.5,0.5,0.2,302,28.0,0.0,0,0.0
2026-08-28T12:25:29Z,28.4,90,26.7,1004.6,0.5,0.2,298,28.0,0.0,0,0.0
2026-08-28T12:30:29Z,28.4,90,26.7,1004.8,0.7,0.2,300,28.0,0.0,0,0.0
2026-08-28T12:35:31Z,28.4,90,26.7,1004.8,0.5,0.2,302,28.0,0.0,0,0.0
2026-08-28T12:40:31Z,28.6,91,27.2,1005.0,0.2,0.2,292,28.0,0.0,0,0.0
2026-08-28T12:45:31Z,28.6,91,27.2,1005.0,0.7,0.2,295,28.0,0.0,0,0.0
2026-08-28T12:50:31Z,28.7,91,27.2,1005.1,0.0,0.1,295,28.0,0.0,0,0.0
2026-08-28T12:55:31Z,28.7,91,27.2,1005.1,0.0,0.0,295,28.0,0.0,0,0.0
2026-08-28T13:00:31Z,28.7,91,27.2,1005.2,0.0,0.0,294,28.0,0.0,0,0.0
2026-08-28T13:05:33Z,28.7,91,27.2,1005.3,0.0,0.1,296,28.0,0.0,0,0.0
2026-08-28T13:10:33Z,28.7,91,27.2,1005.4,0.0,0.1,296,28.0,0.0,0,0.0
2026-08-28T13:15:33Z,28.6,91,27.2,1005.4,0.0,0.0,296,28.0,0.0,0,0.0
2026-08-28T13:20:33Z,28.6,91,27.2,1005.3,0.0,0.0,296,28.0,0.0,0,0.0
2026-08-28T13:25:35Z,28.6,91,27.2,1005.2,0.0,0.0,296,28.0,0.0,0,0.0
2026-08-28T13:30:35Z,28.6,91,27.2,1005.3,0.0,0.0,296,28.0,0.0,0,0.0
2026-08-28T13:35:35Z,28.6,91,27.2,1005.4,0.0,0.0,296,28.0,0.0,0,0.0
2026-08-28T13:40:37Z,28.6,91,27.2,1005.5,0.0,0.0,296,28.0,0.0,0,0.0
2026-08-28T13:45:37Z,28.6,92,27.2,1005.6,0.0,0.0,296,28.0,0.0,0,0.0
2026-08-28T13:50:39Z,28.6,92,27.2,1005.8,0.0,0.0,296,28.0,0.0,0,0.0
2026-08-28T13:55:39Z,28.6,92,27.2,1005.9,0.0,0.0,297,28.0,0.0,0,0.0
2026-08-28T14:00:41Z,28.5,92,27.2,1005.8,0.0,0.0,297,28.0,0.0,0,0.0
2026-08-28T14:05:41Z,28.3,92,27.2,1005.9,0.0,0.0,297,28.0,0.0,0,0.0
2026-08-28T14:10:41Z,28.3,92,26.7,1005.9,0.0,0.0,298,28.0,0.0,0,0.0
2026-08-28T14:15:41Z,28.2,91,26.7,1005.9,0.0,0.0,297,28.0,0.0,0,0.0
2026-08-28T14:20:41Z,28.2,92,26.7,1005.8,0.0,0.0,297,28.0,0.0,0,0.0
2026-08-28T14:25:41Z,28.1,92,26.7,1005.8,0.0,0.0,297,28.0,0.0,0,0.0
2026-08-28T14:30:44Z,28.1,92,26.7,1005.9,0.0,0.0,297,28.0,0.0,0,0.0
2026-08-28T14:35:44Z,28.1,92,26.7,1005.7,0.0,0.0,297,28.0,0.0,0,0.0
2026-08-28T14:40:46Z,28.1,92,26.7,1005.7,0.0,0.0,297,28.0,0.0,0,0.0
2026-08-28T14:45:46Z,28.1,92,26.7,1005.9,0.8,0.5,300,28.0,0.0,0,0.0
2026-08-28T14:50:48Z,27.3,91,25.6,1005.8,1.8,0.5,263,28.0,0.0,0,0.0
2026-08-28T14:55:49Z,26.9,90,25.0,1005.7,2.5,0.4,294,28.0,0.0,0,0.0
2026-08-28T15:00:50Z,26.8,90,25.0,1005.8,1.7,0.4,296,28.0,0.0,0,0.0
2026-08-28T15:05:52Z,26.9,90,25.0,1005.9,1.8,0.5,306,28.0,0.0,0,0.0
2026-08-28T15:10:53Z,27.2,90,25.6,1005.7,1.8,0.5,302,28.0,0.0,0,0.0
2026-08-28T15:15:54Z,27.3,90,25.6,1005.7,1.3,0.3,327,28.0,0.0,0,0.0
2026-08-28T15:20:56Z,27.5,89,25.6,1005.7,1.1,0.3,289,28.0,0.0,0,0.0
2026-08-28T15:25:56Z,27.6,89,25.6,1005.7,0.9,0.2,298,28.0,0.0,0,0.0
2026-08-28T15:30:58Z,27.7,89,25.6,1005.8,0.5,0.2,289,28.0,0.0,0,0.0
2026-08-28T15:35:58Z,27.8,89,26.1,1005.8,0.7,0.2,301,28.0,0.0,0,0.0
2026-08-28T15:40:58Z,27.8,89,26.1,1005.7,0.3,0.2,301,28.0,0.0,0,0.0
2026-08-28T15:45:58Z,27.9,89,26.1,1005.7,0.9,0.2,302,28.0,0.0,0,0.0
2026-08-28T15:51:00Z,27.9,89,26.1,1005.7,0.2,0.2,302,28.0,0.0,0,0.0
2026-08-28T15:56:00Z,28.0,89,26.1,1005.6,0.4,0.1,302,28.0,0.0,0,0.0
2026-08-28T16:01:00Z,28.1,89,26.1,1005.5,0.4,0.1,302,28.0,0.0,0,0.0
2026-08-28T16:06:01Z,28.1,89,26.1,1005.6,0.0,0.1,309,0.0,0.0,0,0.0
2026-08-28T16:11:01Z,28.1,89,26.1,1005.4,0.0,0.0,309,0.0,0.0,0,0.0
2026-08-28T16:16:01Z,28.1,89,26.1,1005.5,0.0,0.0,309,0.0,0.0,0,0.0
2026-08-28T16:21:01Z,28.2,89,26.1,1005.4,0.0,0.0,309,0.0,0.0,0,0.0
2026-08-28T16:26:03Z,28.1,89,26.1,1005.3,0.0,0.0,309,0.0,0.0,0,0.0
2026-08-28T16:31:03Z,28.1,90,26.7,1005.2,0.0,0.0,309,0.0,0.0,0,0.0
2026-08-28T16:36:03Z,28.1,90,26.7,1005.2,0.0,0.0,309,0.0,0.0,0,0.0
2026-08-28T16:41:03Z,28.1,90,26.1,1005.1,0.0,0.0,309,0.0,0.0,0,0.0
2026-08-28T16:46:03Z,28.1,90,26.1,1005.1,0.0,0.0,309,0.0,0.0,0,0.0
2026-08-28T16:51:03Z,28.0,90,26.1,1005.0,0.0,0.0,309,0.0,0.0,0,0.0
2026-08-28T16:56:05Z,28.0,90,26.1,1004.8,0.0,0.0,309,0.0,0.0,0,0.0
2026-08-28T17:01:07Z,27.9,90,26.1,1004.8,0.0,0.0,310,0.0,0.0,0,0.0
2026-08-28T17:06:07Z,27.9,91,26.7,1004.7,0.0,0.0,309,0.4,5.4,0,0.0
2026-08-28T17:11:09Z,27.9,91,26.7,1004.7,0.0,0.0,310,0.4,1.6,0,0.0
2026-08-28T17:16:09Z,27.9,91,26.1,1004.5,0.0,0.0,311,0.4,1.0,0,0.0
2026-08-28T17:21:11Z,27.8,91,26.1,1004.3,0.0,0.0,306,0.4,0.0,0,0.0
2026-08-28T17:26:11Z,27.8,91,26.1,1004.2,0.0,0.0,306,0.4,0.0,0,0.0
2026-08-28T17:31:11Z,27.8,91,26.1,1004.1,0.0,0.0,306,0.4,0.0,0,0.0
2026-08-28T17:36:11Z,27.8,91,26.1,1004.1,0.0,0.0,306,0.4,0.0,0,0.0
2026-08-28T17:41:11Z,27.8,91,26.1,1004.0,0.0,0.0,305,0.4,0.0,0,0.0
2026-08-28T17:46:11Z,27.8,92,26.7,1004.0,0.0,0.0,305,0.4,0.0,0,0.0
2026-08-28T17:51:13Z,27.8,92,26.7,1004.0,0.0,0.0,306,0.4,0.0,0,0.0
2026-08-28T17:56:13Z,27.8,92,26.7,1003.9,0.0,0.0,307,0.4,0.0,0,0.0
2026-08-28T18:01:13Z,27.8,92,26.7,1003.8,0.0,0.0,307,0.4,0.0,0,0.0
2026-08-28T18:06:13Z,27.8,92,26.7,1003.8,0.0,0.0,307,0.4,0.0,0,0.0
2026-08-28T18:11:15Z,27.7,92,26.7,1003.8,0.0,0.0,307,0.4,0.0,0,0.0
2026-08-28T18:16:17Z,27.7,92,26.1,1003.7,0.0,0.0,307,0.4,0.0,0,0.0
2026-08-28T18:21:17Z,27.7,92,26.1,1003.7,0.0,0.0,307,0.4,0.0,0,0.0
2026-08-28T18:26:17Z,27.7,92,26.7,1003.8,0.0,0.0,307,0.4,0.0,0,0.0
2026-08-28T18:31:17Z,27.7,92,26.1,1003.8,0.0,0.0,308,0.4,0.0,0,0.0
2026-08-28T18:36:19Z,27.7,92,26.7,1003.7,0.0,0.0,292,0.4,0.0,0,0.0
2026-08-28T18:41:19Z,27.8,92,26.7,1003.6,0.7,0.4,252,0.6,0.0,0,0.0
2026-08-28T18:46:21Z,27.5,92,26.1,1003.6,0.5,0.5,271,1.0,3.4,0,0.0
2026-08-28T18:51:23Z,27.4,92,26.1,1003.6,0.6,0.3,264,1.2,2.6,0,0.0
2026-08-28T18:56:23Z,27.4,92,26.1,1003.8,0.0,0.3,265,1.2,1.2,0,0.0
2026-08-28T19:01:25Z,27.3,92,26.1,1003.7,0.0,0.0,276,1.2,0.8,0,0.0
2026-08-28T19:06:25Z,27.3,92,26.1,1003.7,0.0,0.0,275,1.2,0.0,0,0.0
2026-08-28T19:11:25Z,27.3,92,26.1,1003.8,0.4,0.2,249,1.2,0.0,0,0.0
2026-08-28T19:16:25Z,27.3,92,26.1,1003.7,0.0,0.2,249,1.2,0.0,0,0.0
2026-08-28T19:21:25Z,27.3,92,26.1,1003.7,0.0,0.0,249,1.2,0.0,0,0.0
2026-08-28T19:26:27Z,27.4,92,26.1,1003.7,0.0,0.0,249,1.2,0.0,0,0.0
2026-08-28T19:31:27Z,27.4,92,26.1,1003.7,0.0,0.0,249,1.2,0.0,0,0.0
2026-08-28T19:36:27Z,27.4,92,26.1,1003.7,0.0,0.0,249,1.2,0.0,0,0.0
2026-08-28T19:41:29Z,27.5,93,26.1,1003.7,0.0,0.0,249,1.2,0.0,0,0.0
2026-08-28T19:46:29Z,27.6,93,26.7,1003.7,0.0,0.0,249,1.2,0.0,0,0.0
2026-08-28T19:51:31Z,27.6,93,26.7,1003.6,0.0,0.0,249,1.2,0.0,0,0.0
2026-08-28T19:56:31Z,27.7,93,26.7,1003.5,0.0,0.0,249,1.2,0.0,0,0.0
2026-08-28T20:01:31Z,27.7,93,26.7,1003.6,0.0,0.0,249,1.2,0.0,0,0.0
2026-08-28T20:06:31Z,27.7,93,26.7,1003.5,0.0,0.0,250,1.2,0.0,0,0.0
2026-08-28T20:11:32Z,27.7,93,26.7,1003.6,0.0,0.0,250,1.2,0.0,0,0.0
2026-08-28T20:16:33Z,27.7,93,26.7,1003.6,0.0,0.0,250,1.2,0.0,0,0.0
2026-08-28T20:21:33Z,27.7,93,26.7,1003.7,0.0,0.0,250,1.2,0.0,0,0.0
2026-08-28T20:26:35Z,27.7,93,26.7,1003.7,0.0,0.0,250,1.2,0.0,0,0.0
2026-08-28T20:31:35Z,27.7,93,26.7,1003.8,0.0,0.0,249,1.2,0.0,0,0.0
2026-08-28T20:36:37Z,27.8,93,26.7,1003.9,0.0,0.0,249,1.2,0.0,0,0.0
2026-08-28T20:41:37Z,27.8,93,26.7,1004.0,0.0,0.0,249,1.2,0.0,0,0.0
2026-08-28T20:46:39Z,27.8,93,26.7,1004.0,0.0,0.0,249,1.2,0.0,0,0.0
2026-08-28T20:51:41Z,27.8,93,26.7,1003.9,0.0,0.0,250,1.2,0.0,0,0.0
2026-08-28T20:56:41Z,27.8,93,26.7,1003.9,0.0,0.0,250,1.2,0.0,0,0.0
2026-08-28T21:01:43Z,27.7,93,26.7,1003.9,0.0,0.0,250,1.2,0.0,0,0.0
2026-08-28T21:06:43Z,27.7,93,26.7,1004.0,0.0,0.0,250,1.2,0.0,0,0.0
2026-08-28T21:11:45Z,27.7,93,26.7,1004.1,0.0,0.0,250,1.2,0.0,0,0.0
2026-08-28T21:16:45Z,27.7,93,26.7,1004.1,0.0,0.0,250,1.2,0.0,0,0.0
2026-08-28T21:21:45Z,27.7,93,26.7,1004.1,0.0,0.0,250,1.2,0.0,0,0.0
2026-08-28T21:26:45Z,27.8,93,26.7,1004.1,0.0,0.0,249,1.2,0.0,0,0.0
2026-08-28T21:31:45Z,27.8,93,26.7,1004.1,0.0,0.0,250,1.2,0.0,0,0.0
2026-08-28T21:36:45Z,27.8,93,26.7,1004.2,0.0,0.0,250,1.2,0.0,0,0.0
2026-08-28T21:41:47Z,27.8,93,26.7,1004.1,0.0,0.0,250,1.2,0.0,0,0.0
2026-08-28T21:46:47Z,27.8,93,26.7,1004.1,0.0,0.0,250,1.2,0.0,0,0.0
2026-08-28T21:51:47Z,27.8,93,26.7,1003.9,0.0,0.0,250,1.2,0.0,7,0.0
2026-08-28T21:56:47Z,27.8,93,26.7,1004.1,0.2,0.2,270,1.2,0.0,11,0.0
2026-08-28T22:01:47Z,27.8,93,26.7,1004.1,0.0,0.2,271,1.2,0.0,14,0.0
2026-08-28T22:06:48Z,27.9,93,26.7,1004.0,0.0,0.0,271,1.2,0.0,19,0.0
2026-08-28T22:11:50Z,27.8,93,26.7,1004.0,0.4,0.2,258,1.2,0.0,32,0.0
2026-08-28T22:16:51Z,27.9,93,26.7,1004.1,0.0,0.2,257,1.2,0.0,32,0.0
2026-08-28T22:21:52Z,27.9,93,26.7,1004.1,0.0,0.0,258,1.2,0.0,53,0.0
2026-08-28T22:26:53Z,27.9,93,26.7,1004.1,0.0,0.0,254,1.2,0.0,65,0.0
2026-08-28T22:31:54Z,28.0,93,26.7,1004.2,0.0,0.0,254,1.2,0.0,72,0.0
2026-08-28T22:36:55Z,28.0,93,26.7,1004.4,0.0,0.0,254,1.2,0.0,83,0.0
2026-08-28T22:41:56Z,28.1,93,26.7,1004.5,0.0,0.0,256,1.2,0.0,83,0.0
2026-08-28T22:46:56Z,28.1,93,26.7,1004.5,0.0,0.0,261,1.2,0.0,120,0.0
2026-08-28T22:51:56Z,28.2,93,27.2,1004.7,0.0,0.0,263,1.2,0.0,113,0.0
2026-08-28T22:56:56Z,28.3,93,27.2,1004.6,0.0,0.0,263,1.2,0.0,125,0.0
2026-08-28T23:01:56Z,28.3,93,27.2,1004.7,0.0,0.0,264,1.2,0.0,128,0.0
2026-08-28T23:06:58Z,28.3,93,27.2,1004.8,0.0,0.0,264,1.2,0.0,111,0.0
2026-08-28T23:11:58Z,28.3,93,27.2,1004.7,0.0,0.0,269,1.2,0.0,139,0.5
2026-08-28T23:16:58Z,28.3,93,27.2,1004.8,0.0,0.0,269,1.2,0.0,144,0.5
2026-08-28T23:21:58Z,28.4,93,27.2,1004.8,0.0,0.0,269,1.2,0.0,163,0.6
2026-08-28T23:26:58Z,28.5,93,27.2,1004.7,0.0,0.0,269,1.2,0.0,171,0.6
2026-08-28T23:31:58Z,28.6,93,27.2,1004.7,0.0,0.0,269,1.2,0.0,179,0.6
2026-08-28T23:37:00Z,28.6,93,27.2,1004.7,0.0,0.0,269,1.2,0.0,127,0.5
2026-08-28T23:42:00Z,28.5,93,27.2,1004.7,0.0,0.0,269,1.2,0.0,163,0.7
2026-08-28T23:47:00Z,28.6,93,27.2,1004.8,0.0,0.0,269,1.2,0.0,202,0.9
2026-08-28T23:52:00Z,28.5,93,27.2,1004.9,0.0,0.0,273,1.2,0.0,227,0.9
2026-08-28T23:57:00Z,28.6,93,27.2,1005.0,0.0,0.0,275,1.2,0.0,257,1.2
2026-08-29T00:02:00Z,28.8,93,27.8,1004.9,0.0,0.0,277,1.2,0.0,327,1.3
2026-08-29T00:07:03Z,28.8,93,27.8,1004.9,1.7,0.3,297,1.2,0.0,439,1.7
2026-08-29T00:12:04Z,29.1,93,27.8,1005.1,0.0,0.3,295,1.2,0.0,244,1.2
2026-08-29T00:17:04Z,28.8,92,27.2,1005.2,0.0,0.2,284,1.2,0.0,255,1.5
2026-08-29T00:22:06Z,28.7,92,27.2,1005.3,1.0,0.3,259,1.2,0.0,438,2.1
2026-08-29T00:27:26Z,28.7,92,27.2,1005.4,0.8,0.3,265,1.2,0.0,264,1.5
2026-08-29T00:32:28Z,28.8,91,27.2,1005.6,0.4,0.3,278,1.2,0.0,264,1.5
2026-08-29T00:37:28Z,28.9,91,27.2,1005.6,0.0,0.2,277,1.2,0.0,239,1.4
2026-08-29T00:42:28Z,28.9,91,27.2,1005.7,0.0,0.0,254,1.2,0.0,251,1.6
2026-08-29T00:47:28Z,28.8,90,27.2,1005.7,0.0,0.0,282,1.2,0.0,251,1.6
2026-08-29T00:52:28Z,28.8,90,27.2,1005.7,0.0,0.1,293,1.2,0.0,276,1.9
2026-08-29T00:57:28Z,28.9,90,27.2,1005.6,0.0,0.1,293,1.2,0.0,360,2.6
2026-08-29T01:02:30Z,29.1,90,27.2,1005.4,0.0,0.0,290,1.2,0.0,497,3.4
2026-08-29T01:07:32Z,29.2,90,27.8,1005.5,0.0,0.0,270,1.2,0.0,471,3.7
2026-08-29T01:12:32Z,29.4,89,27.2,1005.4,0.0,0.0,280,1.2,0.0,485,4.3
2026-08-29T01:17:34Z,29.6,89,27.8,1005.5,0.0,0.0,281,1.2,0.0,529,4.2
2026-08-29T01:22:34Z,29.9,88,27.8,1005.5,0.0,0.0,277,1.2,0.0,721,5.2
2026-08-29T01:27:36Z,30.1,88,27.8,1005.6,0.0,0.0,277,1.2,0.0,422,4.3
2026-08-29T01:32:36Z,30.3,88,28.3,1005.7,0.0,0.0,277,1.2,0.0,504,6.0
2026-08-29T01:37:36Z,30.3,87,27.8,1005.7,0.6,0.2,284,1.2,0.0,763,5.3
2026-08-29T01:42:36Z,30.4,87,28.3,1005.6,0.5,0.2,274,1.2,0.0,418,3.6
2026-08-29T01:47:36Z,30.5,87,28.3,1005.6,1.0,0.3,291,1.2,0.0,410,5.1
2026-08-29T01:52:36Z,30.6,87,28.3,1005.7,0.7,0.3,271,1.2,0.0,432,6.6
2026-08-29T01:57:38Z,30.5,87,27.8,1005.8,1.7,0.3,292,1.2,0.0,541,5.1
2026-08-29T02:02:38Z,30.6,87,28.3,1005.8,0.5,0.2,275,1.2,0.0,601,5.5
2026-08-29T02:07:38Z,30.8,87,28.3,1005.7,0.8,0.2,306,1.2,0.0,483,3.3
2026-08-29T02:12:38Z,30.8,86,28.3,1005.8,1.3,0.3,304,1.2,0.0,292,2.9
2026-08-29T02:17:38Z,30.6,86,28.3,1005.6,1.6,0.3,290,1.2,0.0,364,3.7
2026-08-29T02:22:38Z,30.7,87,28.3,1005.6,0.9,0.3,289,1.2,0.0,357,7.9
2026-08-29T02:27:40Z,30.9,87,28.3,1005.3,1.5,0.2,254,1.2,0.0,997,6.1
2026-08-29T02:32:40Z,30.9,85,28.3,1005.5,1.5,0.4,235,1.2,0.0,445,8.5
2026-08-29T02:37:40Z,30.9,85,28.3,1005.4,1.7,0.5,281,1.2,0.0,1088,5.7
2026-08-29T02:42:40Z,30.7,84,27.8,1005.4,2.1,0.5,335,1.2,0.0,464,6.9
2026-08-29T02:47:40Z,30.7,84,27.8,1005.4,2.2,0.5,248,1.2,0.0,603,7.3
2026-08-29T02:52:40Z,30.7,84,27.8,1005.5,2.1,0.5,257,1.2,0.0,854,7.3
2026-08-29T02:57:42Z,30.6,85,27.8,1005.3,1.3,0.4,237,1.2,0.0,329,3.9
2026-08-29T03:02:44Z,30.3,86,27.8,1005.2,2.3,0.4,224,1.2,0.0,279,3.7
2026-08-29T03:07:44Z,30.1,87,27.8,1005.1,2.2,0.4,241,1.2,0.0,329,4.4
2026-08-29T03:12:46Z,30.2,89,28.3,1005.0,0.3,0.4,277,1.4,0.0,371,4.9
2026-08-29T03:17:46Z,30.1,89,28.3,1005.1,0.4,0.2,316,1.4,0.0,380,5.1
2026-08-29T03:22:48Z,30.2,89,28.3,1005.2,0.6,0.4,255,1.4,0.0,719,8.8
2026-08-29T03:27:50Z,30.4,90,28.9,1004.9,0.6,0.4,294,1.4,0.0,995,9.5
2026-08-29T03:32:50Z,30.6,89,28.9,1004.9,0.8,0.3,300,1.4,0.0,1020,9.6
2026-08-29T03:37:52Z,30.8,89,28.9,1005.0,0.7,0.3,259,1.4,0.0,969,8.0
2026-08-29T03:42:52Z,30.9,88,28.9,1005.1,1.5,0.4,279,1.4,0.0,671,7.9
2026-08-29T03:47:54Z,31.2,88,28.9,1005.1,0.9,0.4,288,1.4,0.0,1162,10.2
2026-08-29T03:52:54Z,31.4,86,28.9,1005.1,1.3,0.3,284,1.4,0.0,812,9.4
2026-08-29T03:57:54Z,31.6,86,28.9,1005.1,1.3,0.4,290,1.4,0.0,1218,10.8
2026-08-29T04:02:56Z,31.9,85,28.9,1005.1,1.4,0.4,283,1.4,0.0,932,6.7
2026-08-29T04:07:56Z,31.8,83,28.9,1005.2,1.5,0.4,238,1.4,0.0,638,6.7
2026-08-29T04:12:56Z,31.7,83,28.3,1005.2,1.6,0.4,248,1.4,0.0,656,7.9
2026-08-29T04:17:56Z,31.7,82,28.3,1005.0,2.3,0.4,232,1.4,0.0,598,9.1
2026-08-29T04:22:56Z,31.3,83,28.3,1004.9,2.1,0.5,261,1.4,0.0,353,5.1
2026-08-29T04:27:58Z,31.1,83,27.8,1004.9,2.0,0.4,311,1.4,0.0,1236,10.8
2026-08-29T04:33:00Z,31.2,83,27.8,1004.8,2.3,0.6,258,1.4,0.0,1178,6.7
2026-08-29T04:38:01Z,31.1,82,27.8,1004.9,1.9,0.6,229,1.4,0.0,650,6.7
2026-08-29T04:43:02Z,31.1,82,27.8,1004.8,2.4,0.5,232,1.4,0.0,650,5.3
2026-08-29T04:48:02Z,31.0,82,27.8,1004.7,1.5,0.5,225,1.4,0.0,788,5.0
2026-08-29T04:53:03Z,30.9,82,27.8,1004.8,1.1,0.4,221,1.4,0.0,325,4.2
2026-08-29T04:58:04Z,30.8,83,27.8,1004.9,0.7,0.4,260,1.4,0.0,197,2.4
2026-08-29T05:03:04Z,30.6,83,27.2,1004.8,1.3,0.3,221,1.4,0.0,160,2.0
2026-08-29T05:08:05Z,30.4,83,27.2,1004.7,1.0,0.4,241,1.4,0.0,257,2.9
2026-08-29T05:13:07Z,30.2,83,27.2,1004.5,1.4,0.4,166,1.4,0.0,118,1.5
2026-08-29T05:18:08Z,30.0,84,27.2,1004.6,0.8,0.4,134,1.4,0.0,163,2.1
2026-08-29T05:23:08Z,29.9,84,27.2,1004.4,0.8,0.3,214,1.4,0.0,323,3.0
2026-08-29T05:28:08Z,29.8,85,27.2,1004.4,0.6,0.3,254,1.4,0.0,338,2.9
2026-08-29T05:33:09Z,29.9,85,27.2,1004.4,0.8,0.3,280,1.4,0.0,334,3.4
2026-08-29T05:38:10Z,30.0,85,27.2,1004.4,0.7,0.2,273,1.4,0.0,234,2.8
2026-08-29T05:43:11Z,30.0,85,27.2,1004.4,1.3,0.3,284,1.4,0.0,246,2.8
2026-08-29T05:48:11Z,29.9,85,27.2,1004.3,0.7,0.3,240,1.4,0.0,285,3.1
2026-08-29T05:53:12Z,29.9,85,27.2,1004.3,1.8,0.4,241,1.4,0.0,287,2.8
2026-08-29T05:58:13Z,29.8,85,27.2,1004.2,1.1,0.4,216,1.4,0.0,278,2.9
2026-08-29T06:03:13Z,29.8,85,27.2,1004.2,1.8,0.4,236,1.4,0.0,165,1.8
2026-08-29T06:08:15Z,29.7,86,27.2,1004.1,0.8,0.4,236,1.4,0.0,142,1.7
2026-08-29T06:13:15Z,29.7,87,27.2,1004.0,0.4,0.3,246,1.4,0.0,120,1.4
2026-08-29T06:18:15Z,29.7,86,27.2,1004.0,1.4,0.4,239,1.4,0.0,77,0.9
2026-08-29T06:23:17Z,29.6,87,27.2,1004.0,0.5,0.4,236,1.4,0.0,49,0.0
2026-08-29T06:28:17Z,29.5,86,27.2,1003.9,2.1,0.4,238,1.4,0.0,33,0.0
2026-08-29T06:33:19Z,29.3,87,27.2,1003.8,1.7,0.4,246,1.4,0.0,107,1.1
2026-08-29T06:38:19Z,29.3,87,27.2,1003.7,1.3,0.4,258,1.4,0.0,149,1.5
2026-08-29T06:43:21Z,29.3,87,27.2,1003.7,1.0,0.4,238,1.4,0.0,137,1.5
2026-08-29T06:48:21Z,29.3,86,26.7,1003.7,0.9,0.3,178,1.4,0.0,151,1.7
2026-08-29T06:53:21Z,29.3,87,27.2,1003.7,0.5,0.3,254,1.4,0.0,163,1.6
2026-08-29T06:58:21Z,29.3,87,27.2,1003.7,0.3,0.3,248,1.4,0.0,176,1.7
2026-08-29T07:03:21Z,29.3,86,26.7,1003.5,1.2,0.4,260,1.4,0.0,174,1.7
2026-08-29T07:08:21Z,29.3,87,27.2,1003.5,0.4,0.4,239,1.4,0.0,171,1.6
2026-08-29T07:13:23Z,29.3,87,27.2,1003.6,0.1,0.2,251,1.4,0.0,165,1.4
2026-08-29T07:18:23Z,29.4,87,27.2,1003.8,0.0,0.3,242,1.4,0.0,178,1.4
2026-08-29T07:23:23Z,29.4,87,27.2,1003.8,1.0,0.3,256,1.4,0.0,162,1.3
2026-08-29T07:28:23Z,29.4,87,27.2,1003.9,0.4,0.3,292,1.4,0.0,165,1.3
2026-08-29T07:33:23Z,29.4,87,27.2,1004.0,0.8,0.3,254,1.4,0.0,167,1.3
2026-08-29T07:38:23Z,29.4,87,27.2,1004.0,0.2,0.3,192,1.4,0.0,171,1.3
2026-08-29T07:43:25Z,29.4,87,27.2,1004.1,0.7,0.4,269,1.4,0.0,169,1.2
2026-08-29T07:48:25Z,29.4,87,27.2,1004.1,0.6,0.4,254,1.4,0.0,165,1.1
2026-08-29T07:53:27Z,29.4,87,27.2,1004.1,0.7,0.4,265,1.4,0.0,153,1.0
2026-08-29T07:58:29Z,29.4,86,26.7,1004.1,0.8,0.3,242,1.4,0.0,144,1.0
2026-08-29T08:03:29Z,29.5,86,27.2,1004.1,0.8,0.3,134,1.4,0.0,118,0.9
2026-08-29T08:08:31Z,29.5,86,27.2,1004.1,1.4,0.4,240,1.4,0.0,118,0.8
2026-08-29T08:13:33Z,29.4,86,26.7,1004.1,1.3,0.4,263,1.4,0.0,114,0.7
2026-08-29T08:18:33Z,29.4,86,26.7,1004.0,1.1,0.3,265,1.4,0.0,113,0.7
2026-08-29T08:23:35Z,29.4,86,26.7,1003.9,0.3,0.3,261,1.4,0.0,123,0.7
2026-08-29T08:28:35Z,29.4,87,27.2,1003.9,0.6,0.3,237,1.4,0.0,113,0.6
2026-08-29T08:33:37Z,29.4,86,26.7,1004.0,1.3,0.4,246,1.4,0.0,102,0.5
2026-08-29T08:38:37Z,29.4,86,26.7,1004.0,1.3,0.5,229,1.4,0.0,102,0.5
2026-08-29T08:43:39Z,29.3,86,26.7,1004.0,1.6,0.5,240,1.4,0.0,100,0.5
2026-08-29T08:48:41Z,29.3,86,26.7,1004.0,1.3,0.4,238,1.4,0.0,98,0.0
2026-08-29T08:53:41Z,29.3,86,26.7,1004.0,0.3,0.4,247,1.4,0.0,97,0.0
2026-08-29T08:58:43Z,29.3,86,26.7,1004.1,0.0,0.2,244,1.4,0.0,95,0.0
2026-08-29T09:03:43Z,29.3,86,26.7,1004.1,0.0,0.1,171,1.4,0.0,86,0.0
2026-08-29T09:08:45Z,29.3,86,26.7,1004.2,0.0,0.1,173,1.4,0.0,69,0.0
2026-08-29T09:13:45Z,29.3,86,26.7,1004.2,0.0,0.0,240,1.4,0.0,70,0.0
2026-08-29T09:18:47Z,29.2,86,26.7,1004.2,0.0,0.0,240,1.4,0.0,56,0.0
2026-08-29T09:23:49Z,29.2,86,26.7,1004.3,0.0,0.0,209,1.4,0.0,40,0.0
2026-08-29T09:28:49Z,29.2,86,26.7,1004.3,0.0,0.0,209,1.4,0.0,44,0.0
2026-08-29T09:33:49Z,29.2,86,26.7,1004.3,0.0,0.0,209,1.4,0.0,33,0.0
2026-08-29T09:38:51Z,29.2,86,26.7,1004.3,0.0,0.0,210,1.4,0.0,25,0.0
2026-08-29T09:43:53Z,29.2,86,26.7,1004.4,0.0,0.0,210,1.4,0.0,16,0.0
2026-08-29T09:48:55Z,29.2,86,26.7,1004.4,0.0,0.0,210,1.4,0.0,16,0.0
2026-08-29T09:53:55Z,29.1,86,26.7,1004.3,0.0,0.0,210,1.4,0.0,18,0.0
2026-08-29T09:58:55Z,29.1,86,26.7,1004.3,0.3,0.2,222,1.4,0.0,11,0.0
2026-08-29T10:03:57Z,29.2,86,26.7,1004.4,0.1,0.2,228,1.4,0.0,5,0.0
2026-08-29T10:08:59Z,29.1,87,26.7,1004.4,0.2,0.2,229,1.4,0.0,0,0.0
2026-08-29T10:14:01Z,29.1,87,26.7,1004.5,0.8,0.2,240,1.4,0.0,0,0.0
2026-08-29T10:19:01Z,29.1,87,26.7,1004.5,0.8,0.3,247,1.4,0.0,0,0.0
2026-08-29T10:24:03Z,28.9,86,26.7,1004.5,0.6,0.3,267,1.4,0.0,0,0.0
2026-08-29T10:29:03Z,28.9,87,26.7,1004.5,0.2,0.3,253,1.4,0.0,0,0.0
2026-08-29T10:34:05Z,28.9,87,26.7,1004.6,0.1,0.3,153,1.4,0.0,0,0.0
2026-08-29T10:39:05Z,28.9,87,26.7,1004.5,0.0,0.1,264,1.4,0.0,0,0.0
2026-08-29T10:44:05Z,28.9,87,26.7,1004.6,0.0,0.1,263,1.4,0.0,0,0.0
2026-08-29T10:49:05Z,28.8,87,26.7,1004.6,0.0,0.0,263,1.4,0.0,0,0.0
2026-08-29T10:54:05Z,28.9,87,26.7,1004.6,0.0,0.0,265,1.4,0.0,0,0.0
2026-08-29T10:59:05Z,28.9,87,26.7,1004.7,0.0,0.0,266,1.4,0.0,0,0.0
2026-08-29T11:04:07Z,28.8,87,26.7,1004.8,0.0,0.0,265,1.4,0.0,0,0.0
2026-08-29T11:09:09Z,28.8,87,26.7,1004.7,0.0,0.0,265,1.4,0.0,0,0.0
2026-08-29T11:14:09Z,28.8,87,26.7,1004.8,0.0,0.0,265,1.4,0.0,0,0.0
2026-08-29T11:19:11Z,28.7,87,26.7,1004.8,0.0,0.0,265,1.4,0.0,0,0.0
2026-08-29T11:24:11Z,28.7,87,26.1,1004.8,0.0,0.0,265,1.4,0.0,0,0.0
2026-08-29T11:29:13Z,28.7,88,26.7,1004.8,0.0,0.0,265,1.4,0.0,0,0.0
2026-08-29T11:34:13Z,28.7,88,26.1,1004.7,0.0,0.0,265,1.4,0.0,0,0.0
2026-08-29T11:39:13Z,28.7,88,26.7,1004.7,0.0,0.0,265,1.4,0.0,0,0.0
2026-08-29T11:44:13Z,28.6,88,26.7,1004.9,0.0,0.0,265,1.4,0.0,0,0.0
2026-08-29T11:49:13Z,28.6,87,26.1,1004.9,0.0,0.0,265,1.4,0.0,0,0.0
2026-08-29T11:54:13Z,28.6,88,26.7,1005.0,0.0,0.0,265,1.4,0.0,0,0.0
2026-08-29T11:59:15Z,28.6,88,26.7,1005.1,0.0,0.0,266,1.4,0.0,0,0.0
2026-08-29T12:04:15Z,28.6,88,26.7,1005.1,0.0,0.0,207,1.4,0.0,0,0.0
2026-08-29T12:09:15Z,28.6,88,26.7,1005.1,0.0,0.0,207,1.4,0.0,0,0.0
2026-08-29T12:14:17Z,28.6,88,26.7,1005.1,0.0,0.0,207,1.4,0.0,0,0.0
2026-08-29T12:19:17Z,28.6,88,26.7,1005.1,0.0,0.0,207,1.4,0.0,0,0.0
2026-08-29T12:24:17Z,28.6,88,26.7,1005.2,0.0,0.0,207,1.4,0.0,0,0.0
2026-08-29T12:29:17Z,28.5,88,26.7,1005.3,0.0,0.0,207,1.4,0.0,0,0.0
2026-08-29T12:34:17Z,28.4,88,26.1,1005.4,0.0,0.0,207,1.4,0.0,0,0.0
2026-08-29T12:39:17Z,28.4,89,26.7,1005.5,0.0,0.0,207,1.4,0.0,0,0.0
2026-08-29T12:44:17Z,28.3,89,26.7,1005.5,0.0,0.0,207,1.4,0.0,0,0.0
2026-08-29T12:49:17Z,28.2,89,26.1,1005.6,0.0,0.0,207,1.4,0.0,0,0.0
2026-08-29T12:54:18Z,28.2,89,26.1,1005.6,0.0,0.0,207,1.4,0.0,0,0.0
2026-08-29T12:59:20Z,28.1,89,26.1,1005.8,0.0,0.0,207,1.4,0.0,0,0.0
2026-08-29T13:04:21Z,28.1,90,26.1,1005.9,0.0,0.0,207,1.4,0.0,0,0.0
2026-08-29T13:09:22Z,28.0,90,26.1,1006.0,0.0,0.0,207,1.4,0.0,0,0.0
2026-08-29T13:14:23Z,28.0,90,26.1,1006.0,0.0,0.0,207,1.4,0.0,0,0.0
2026-08-29T13:19:24Z,28.0,90,26.1,1006.0,0.0,0.0,207,1.4,0.0,0,0.0
2026-08-29T13:24:26Z,27.9,90,26.1,1005.9,0.0,0.0,207,1.4,0.0,0,0.0
2026-08-29T13:29:26Z,27.9,90,26.1,1006.0,0.0,0.0,207,1.4,0.0,0,0.0
2026-08-29T13:34:26Z,27.8,90,26.1,1006.1,0.0,0.0,207,1.4,0.0,0,0.0
2026-08-29T13:39:26Z,27.8,90,26.1,1006.1,0.0,0.0,207,1.4,0.0,0,0.0
2026-08-29T13:44:26Z,27.8,91,26.1,1006.1,0.0,0.0,207,1.4,0.0,0,0.0
2026-08-29T13:49:26Z,27.7,91,26.1,1006.3,0.0,0.0,207,1.4,0.0,0,0.0
2026-08-29T13:54:28Z,27.7,91,26.1,1006.2,0.0,0.0,207,1.4,0.0,0,0.0
2026-08-29T13:59:28Z,27.7,91,26.1,1006.2,0.0,0.0,207,1.4,0.0,0,0.0
2026-08-29T14:04:28Z,27.6,91,26.1,1006.3,0.0,0.0,206,1.4,0.0,0,0.0
2026-08-29T14:09:28Z,27.6,91,26.1,1006.3,0.0,0.0,206,1.4,0.0,0,0.0
2026-08-29T14:14:28Z,27.6,91,26.1,1006.4,0.0,0.0,205,1.4,0.0,0,0.0
2026-08-29T14:19:28Z,27.6,91,26.1,1006.4,0.0,0.0,203,1.4,0.0,0,0.0
2026-08-29T14:24:30Z,27.6,91,26.1,1006.5,0.0,0.0,203,1.4,0.0,0,0.0
2026-08-29T14:29:30Z,27.6,91,26.1,1006.4,0.0,0.0,203,1.4,0.0,0,0.0
2026-08-29T14:34:30Z,27.6,91,26.1,1006.4,0.0,0.0,203,1.4,0.0,0,0.0
2026-08-29T14:39:30Z,27.6,91,26.1,1006.4,0.0,0.0,202,1.4,0.0,0,0.0
2026-08-29T14:44:30Z,27.5,91,26.1,1006.4,0.0,0.0,202,1.4,0.0,0,0.0
2026-08-29T14:49:30Z,27.5,91,26.1,1006.5,0.0,0.0,202,1.4,0.0,0,0.0
2026-08-29T14:54:32Z,27.5,91,26.1,1006.5,0.0,0.0,202,1.4,0.0,0,0.0
2026-08-29T14:59:34Z,27.4,91,26.1,1006.6,0.0,0.0,199,1.4,0.0,0,0.0
2026-08-29T15:04:34Z,27.4,91,26.1,1006.7,0.0,0.0,199,1.4,0.0,0,0.0
2026-08-29T15:09:36Z,27.4,91,26.1,1006.6,0.0,0.0,196,1.4,0.0,0,0.0
2026-08-29T15:14:36Z,27.4,91,26.1,1006.4,0.0,0.0,195,1.4,0.0,0,0.0
2026-08-29T15:19:38Z,27.3,91,25.6,1006.4,0.0,0.0,194,1.4,0.0,0,0.0
2026-08-29T15:24:38Z,27.3,91,25.6,1006.4,0.0,0.0,194,1.4,0.0,0,0.0
2026-08-29T15:29:38Z,27.3,91,25.6,1006.2,0.0,0.0,194,1.4,0.0,0,0.0
2026-08-29T15:34:38Z,27.2,91,25.6,1006.1,0.0,0.0,194,1.4,0.0,0,0.0
2026-08-29T15:39:38Z,27.2,91,25.6,1006.0,0.0,0.0,194,1.4,0.0,0,0.0
2026-08-29T15:44:38Z,27.2,91,25.6,1006.0,0.0,0.0,194,1.4,0.0,0,0.0
2026-08-29T15:49:40Z,27.2,91,25.6,1005.9,0.0,0.0,194,1.4,0.0,0,0.0
2026-08-29T15:54:40Z,27.1,91,25.6,1005.9,0.0,0.0,194,1.4,0.0,0,0.0
2026-08-29T15:59:40Z,27.2,91,25.6,1005.9,0.0,0.0,192,1.4,0.0,0,0.0
2026-08-29T16:04:41Z,27.1,91,25.6,1005.8,0.0,0.0,192,0.0,0.0,0,0.0
2026-08-29T16:09:41Z,27.1,91,25.6,1005.8,0.0,0.0,188,0.0,0.0,0,0.0
2026-08-29T16:14:43Z,27.1,91,25.6,1005.7,0.0,0.0,188,0.0,0.0,0,0.0
2026-08-29T16:19:43Z,27.1,91,25.6,1005.8,0.6,0.1,186,0.0,0.0,0,0.0
2026-08-29T16:24:45Z,27.1,91,25.6,1005.8,0.0,0.1,184,0.0,0.0,0,0.0
2026-08-29T16:29:47Z,27.1,91,25.6,1005.7,0.0,0.2,81,0.0,0.0,0,0.0
2026-08-29T16:34:47Z,27.1,91,25.6,1005.7,0.3,0.2,92,0.0,0.0,0,0.0
2026-08-29T16:39:49Z,27.0,91,25.6,1005.7,0.4,0.2,98,0.0,0.0,0,0.0
2026-08-29T16:44:49Z,27.0,91,25.6,1005.6,0.1,0.3,90,0.0,0.0,0,0.0
2026-08-29T16:49:51Z,27.0,91,25.6,1005.5,0.2,0.3,93,0.0,0.0,0,0.0
2026-08-29T16:54:53Z,27.0,91,25.6,1005.5,0.4,0.3,103,0.0,0.0,0,0.0
2026-08-29T16:59:53Z,27.0,90,25.6,1005.5,0.3,0.3,95,0.0,0.0,0,0.0
2026-08-29T17:04:55Z,27.0,90,25.6,1005.6,0.1,0.1,105,0.0,0.0,0,0.0
2026-08-29T17:09:55Z,27.0,90,25.6,1005.7,0.4,0.2,114,0.0,0.0,0,0.0
2026-08-29T17:14:55Z,27.0,90,25.6,1005.7,0.4,0.2,121,0.0,0.0,0,0.0
2026-08-29T17:19:57Z,27.0,90,25.6,1005.6,0.7,0.2,126,0.0,0.0,0,0.0
2026-08-29T17:24:59Z,27.0,90,25.6,1005.6,1.0,0.2,128,0.0,0.0,0,0.0
2026-08-29T17:30:01Z,27.1,90,25.6,1005.8,0.4,0.2,129,0.0,0.0,0,0.0
2026-08-29T17:35:01Z,27.1,90,25.6,1005.8,0.2,0.1,129,0.0,0.0,0,0.0
2026-08-29T17:40:03Z,27.1,90,25.6,1005.8,0.3,0.1,129,0.0,0.0,0,0.0
2026-08-29T17:45:03Z,27.1,90,25.6,1005.8,0.3,0.1,130,0.0,0.0,0,0.0
2026-08-29T17:50:05Z,27.1,90,25.6,1006.1,0.2,0.1,130,0.0,0.0,0,0.0
2026-08-29T17:55:07Z,26.9,90,25.6,1006.1,1.5,0.5,250,0.0,0.0,0,0.0
2026-08-29T18:00:07Z,26.8,89,25.0,1006.0,1.7,0.5,275,0.0,0.0,0,0.0
2026-08-29T18:05:09Z,26.5,89,24.4,1006.0,1.9,0.4,258,0.0,0.0,0,0.0
2026-08-29T18:10:09Z,26.3,90,24.4,1005.8,1.5,0.5,242,2.8,78.4,0,0.0
2026-08-29T18:15:11Z,26.1,90,24.4,1005.7,0.0,0.5,243,4.4,4.2,0,0.0
2026-08-29T18:20:13Z,25.9,91,24.4,1005.7,0.0,0.1,243,4.6,2.8,0,0.0
2026-08-29T18:25:13Z,25.8,91,24.4,1005.8,0.4,0.1,135,5.2,5.6,0,0.0
2026-08-29T18:30:15Z,25.5,91,23.9,1005.7,0.8,0.2,84,6.4,11.8,0,0.0
2026-08-29T18:35:15Z,25.4,91,23.9,1005.7,0.1,0.2,84,8.0,6.6,0,0.0
2026-08-29T18:40:17Z,25.2,91,23.9,1005.6,0.9,0.2,94,8.0,1.8,0,0.0
2026-08-29T18:45:17Z,25.1,91,23.9,1005.6,0.0,0.2,94,8.2,1.6,0,0.0
2026-08-29T18:50:19Z,24.9,91,23.3,1005.4,0.0,0.0,95,8.2,1.2,0,0.0
2026-08-29T18:55:21Z,24.9,92,23.9,1005.2,0.0,0.1,95,8.2,0.8,0,0.0
2026-08-29T19:00:21Z,24.9,92,23.9,1005.1,1.1,0.2,135,8.2,0.0,0,0.0
2026-08-29T19:05:23Z,24.9,92,23.9,1005.1,0.5,0.2,143,8.2,0.0,0,0.0
2026-08-29T19:10:23Z,24.9,92,23.9,1005.0,0.2,0.2,143,8.2,0.0,0,0.0
2026-08-29T19:15:25Z,24.9,92,23.3,1004.9,0.0,0.1,143,8.2,0.0,0,0.0
2026-08-29T19:20:27Z,24.9,92,23.9,1004.9,0.0,0.0,140,8.2,0.0,0,0.0
2026-08-29T19:25:27Z,24.9,92,23.9,1004.9,0.0,0.0,140,8.2,0.0,0,0.0
2026-08-29T19:30:29Z,24.9,92,23.9,1004.8,0.0,0.0,144,8.2,0.0,0,0.0
2026-08-29T19:35:29Z,24.9,92,23.9,1004.7,0.0,0.0,144,8.2,0.0,0,0.0
2026-08-29T19:40:31Z,24.9,92,23.9,1004.7,0.0,0.0,143,8.2,0.0,0,0.0
2026-08-29T19:45:33Z,24.9,93,23.9,1004.6,0.0,0.0,148,8.2,0.0,0,0.0
2026-08-29T19:50:33Z,24.9,93,23.9,1004.7,0.0,0.0,133,8.2,0.0,0,0.0
2026-08-29T19:55:35Z,24.9,93,23.9,1004.7,0.0,0.0,138,8.2,0.0,0,0.0
2026-08-29T20:00:35Z,25.0,93,23.9,1004.7,0.0,0.0,140,8.2,0.0,0,0.0
2026-08-29T20:05:37Z,25.0,93,23.9,1004.7,0.0,0.0,155,8.2,0.0,0,0.0
2026-08-29T20:10:37Z,25.1,93,23.9,1005.1,0.0,0.0,154,8.2,0.0,0,0.0
2026-08-29T20:15:37Z,25.1,93,23.9,1004.6,0.0,0.0,155,8.2,0.0,0,0.0
2026-08-29T20:20:37Z,25.1,92,23.9,1004.6,0.0,0.0,153,8.2,0.0,0,0.0
2026-08-29T20:25:37Z,25.2,92,23.9,1004.5,1.2,0.3,159,8.2,0.0,0,0.0
2026-08-29T20:30:38Z,25.2,92,23.9,1004.4,1.0,0.3,161,8.2,0.0,0,0.0
2026-08-29T20:35:39Z,25.2,92,23.9,1004.3,1.1,0.3,161,8.2,0.0,0,0.0
2026-08-29T20:40:39Z,25.2,92,23.9,1004.4,1.4,0.4,159,8.2,0.0,0,0.0
2026-08-29T20:45:40Z,25.3,92,23.9,1004.5,1.3,0.4,159,8.2,0.0,0,0.0
2026-08-29T20:50:40Z,25.4,92,23.9,1004.6,0.5,0.3,158,8.2,0.0,0,0.0
2026-08-29T20:55:40Z,25.4,92,23.9,1004.7,0.2,0.3,158,8.2,0.0,0,0.0
2026-08-29T21:00:40Z,25.4,92,23.9,1004.8,0.3,0.3,158,8.2,0.0,0,0.0
2026-08-29T21:05:42Z,25.4,92,23.9,1004.8,0.0,0.1,158,8.2,0.0,0,0.0
2026-08-29T21:10:44Z,25.4,92,23.9,1004.8,0.0,0.0,158,8.2,0.0,0,0.0
2026-08-29T21:15:44Z,25.4,92,23.9,1004.9,0.0,0.0,158,8.2,0.0,0,0.0
2026-08-29T21:20:46Z,25.4,92,23.9,1005.0,0.0,0.0,158,8.2,0.0,0,0.0
2026-08-29T21:25:46Z,25.5,92,24.4,1005.1,0.0,0.0,158,8.2,0.0,0,0.0
2026-08-29T21:30:48Z,25.5,92,24.4,1005.1,0.0,0.0,158,8.2,0.0,0,0.0
2026-08-29T21:35:48Z,25.4,92,24.4,1005.2,0.0,0.0,158,8.2,0.0,0,0.0
2026-08-29T21:40:48Z,25.5,92,23.9,1005.3,0.0,0.0,158,8.2,0.0,0,0.0
2026-08-29T21:45:48Z,25.5,92,24.4,1005.3,0.0,0.0,158,8.2,0.0,0,0.0
2026-08-29T21:50:48Z,25.5,92,24.4,1005.4,0.0,0.0,158,8.4,0.0,5,0.0
2026-08-29T21:55:48Z,25.5,92,23.9,1005.3,0.0,0.0,158,8.4,0.0,18,0.0
2026-08-29T22:00:50Z,25.5,92,24.4,1005.4,0.0,0.0,158,8.4,0.0,16,0.0
2026-08-29T22:05:50Z,25.6,92,24.4,1005.4,0.0,0.0,158,8.4,0.0,14,0.0
2026-08-29T22:10:50Z,25.6,92,24.4,1005.4,0.0,0.0,158,8.4,0.0,18,0.0
2026-08-29T22:15:50Z,25.6,92,24.4,1005.5,0.0,0.0,158,8.4,0.0,19,0.0
2026-08-29T22:20:50Z,25.6,93,24.4,1005.5,0.0,0.0,158,8.4,0.0,23,0.0
2026-08-29T22:25:50Z,25.7,92,24.4,1005.4,0.0,0.0,158,8.4,0.0,28,0.0
2026-08-29T22:30:52Z,25.7,93,24.4,1005.5,0.0,0.0,158,8.4,0.0,26,0.0
2026-08-29T22:35:52Z,25.7,93,24.4,1005.6,0.0,0.0,158,8.4,0.0,19,0.0
2026-08-29T22:40:52Z,25.7,93,24.4,1005.6,0.0,0.0,158,8.4,0.0,14,0.0
2026-08-29T22:45:54Z,25.7,93,24.4,1005.6,0.0,0.0,158,8.4,0.0,12,0.0
2026-08-29T22:50:54Z,25.7,93,24.4,1005.8,0.0,0.0,158,8.8,3.4,12,0.0
2026-08-29T22:55:54Z,25.7,93,24.4,1005.8,0.0,0.1,180,9.0,3.8,12,0.0
2026-08-29T23:00:56Z,25.7,93,24.4,1005.9,0.0,0.1,180,9.6,8.0,7,0.0
2026-08-29T23:05:56Z,25.7,93,24.4,1005.9,0.0,0.0,180,10.2,6.6,7,0.0
2026-08-29T23:10:56Z,25.7,93,24.4,1006.0,0.0,0.0,180,10.4,3.6,9,0.0
2026-08-29T23:15:58Z,25.7,93,24.4,1006.0,0.0,0.0,180,10.4,1.6,11,0.0
2026-08-29T23:21:00Z,25.7,93,24.4,1006.0,0.0,0.0,180,10.6,1.0,18,0.0
2026-08-29T23:26:00Z,25.7,93,24.4,1006.0,0.0,0.0,180,10.6,1.0,25,0.0
2026-08-29T23:31:00Z,25.7,93,24.4,1005.9,0.3,0.1,180,10.6,1.0,30,0.0
2026-08-29T23:36:00Z,25.6,93,24.4,1005.9,0.4,0.1,123,10.6,0.8,37,0.0
2026-08-29T23:41:00Z,25.6,93,24.4,1006.0,0.0,0.1,122,10.6,0.0,40,0.0
2026-08-29T23:46:00Z,25.6,93,24.4,1006.0,0.0,0.0,123,10.6,0.0,25,0.0
2026-08-29T23:51:00Z,25.7,93,24.4,1006.0,0.0,0.0,132,10.8,0.0,30,0.0
2026-08-29T23:56:02Z,25.7,93,24.4,1006.0,0.0,0.0,131,10.8,0.0,32,0.0
2026-08-30T00:01:02Z,25.7,93,24.4,1006.4,0.0,0.0,209,10.8,0.0,19,0.0
2026-08-30T00:06:02Z,25.8,93,24.4,1006.6,1.8,0.4,232,12.2,68.2,23,0.0
2026-08-30T00:11:02Z,25.7,93,24.4,1006.5,0.2,0.4,5,14.2,12.2,53,0.0
2026-08-30T00:16:02Z,25.6,93,24.4,1006.6,0.4,0.1,5,14.8,10.4,39,0.0
2026-08-30T00:21:02Z,25.6,93,24.4,1006.7,0.0,0.1,5,15.6,15.2,46,0.0
2026-08-30T00:26:04Z,25.7,93,24.4,1006.8,0.0,0.2,12,17.0,9.8,40,0.0
2026-08-30T00:31:04Z,25.6,93,24.4,1006.8,0.0,0.0,98,17.0,2.0,58,0.5
2026-08-30T00:36:04Z,25.6,93,24.4,1006.8,0.0,0.0,111,17.2,1.2,63,0.5
2026-08-30T00:41:06Z,25.6,93,24.4,1006.9,0.0,0.0,112,17.2,1.2,79,0.7
2026-08-30T00:46:06Z,25.6,93,24.4,1006.9,0.0,0.0,112,17.2,1.0,79,0.6
2026-08-30T00:51:06Z,25.7,93,24.4,1006.8,0.0,0.0,112,17.2,0.8,86,0.7
2026-08-30T00:56:06Z,25.7,93,24.4,1006.9,0.0,0.0,112,17.2,0.0,123,1.1
2026-08-30T01:01:08Z,25.8,93,24.4,1006.9,0.0,0.0,114,17.2,0.0,120,1.0
2026-08-30T01:06:08Z,25.8,93,24.4,1006.9,0.0,0.0,115,17.2,0.0,114,1.0
2026-08-30T01:11:10Z,25.8,93,24.4,1006.9,0.0,0.0,109,17.2,0.0,105,0.9
2026-08-30T01:16:10Z,25.8,93,24.4,1006.9,0.0,0.0,108,17.2,0.0,120,1.2
2026-08-30T01:21:12Z,25.9,93,24.4,1007.0,0.0,0.0,110,17.2,0.0,148,1.4
2026-08-30T01:26:12Z,25.8,93,24.4,1007.0,0.0,0.0,113,17.2,0.0,160,1.5
2026-08-30T01:31:12Z,25.9,93,25.0,1007.0,0.2,0.1,113,17.2,0.0,216,2.1
2026-08-30T01:36:12Z,25.9,93,25.0,1007.1,0.1,0.1,113,17.2,0.0,281,2.8
2026-08-30T01:41:12Z,26.2,94,25.0,1007.1,0.2,0.2,77,17.2,0.0,272,2.6
2026-08-30T01:46:12Z,26.2,93,25.0,1007.0,0.0,0.2,78,17.2,0.0,172,1.8
2026-08-30T01:51:14Z,26.2,93,25.0,1007.0,0.0,0.0,81,17.2,0.0,130,1.5
2026-08-30T01:56:14Z,26.0,93,25.0,1007.1,1.1,0.3,123,18.2,31.4,91,1.0
2026-08-30T02:01:14Z,26.1,93,25.0,1007.2,0.0,0.3,126,18.8,20.8,49,0.0
2026-08-30T02:06:14Z,26.0,93,25.0,1007.2,0.2,0.2,128,21.4,11.0,47,0.0
2026-08-30T02:11:14Z,26.0,93,25.0,1007.4,0.0,0.1,129,23.6,42.0,46,0.0
2026-08-30T02:16:14Z,26.1,93,25.0,1007.4,0.3,0.1,219,25.2,51.2,104,1.3
2026-08-30T02:21:16Z,26.0,93,25.0,1007.3,0.0,0.2,231,27.0,7.4,118,1.4
2026-08-30T02:26:16Z,25.8,93,24.4,1007.5,0.0,0.2,231,27.2,3.0,79,1.0
2026-08-30T02:31:16Z,25.7,93,24.4,1007.4,0.1,0.1,229,27.4,1.4,76,0.9
2026-08-30T02:36:16Z,25.7,93,24.4,1007.4,0.0,0.1,229,27.8,7.6,93,1.1
2026-08-30T02:41:16Z,25.7,93,24.4,1007.2,0.0,0.0,229,28.2,5.8,118,1.4
2026-08-30T02:46:16Z,25.6,93,24.4,1007.3,0.0,0.0,143,28.6,8.4,91,1.1
2026-08-30T02:51:18Z,25.5,93,24.4,1007.2,0.0,0.2,143,29.6,23.8,83,1.1
2026-08-30T02:56:20Z,25.5,93,24.4,1007.2,0.0,0.2,143,31.6,14.6,90,1.2
2026-08-30T03:01:21Z,25.5,93,24.4,1006.9,0.0,0.0,143,34.4,11.2,127,1.6
2026-08-30T03:06:22Z,25.4,93,24.4,1006.9,0.0,0.0,142,34.6,3.2,121,1.6
2026-08-30T03:11:22Z,25.5,93,24.4,1006.9,0.0,0.0,142,34.6,1.4,209,2.7
2026-08-30T03:16:24Z,25.6,93,24.4,1006.7,0.0,0.0,138,34.6,0.8,251,3.1
2026-08-30T03:21:24Z,25.7,93,24.4,1006.7,0.0,0.0,138,34.6,0.0,151,1.9
2026-08-30T03:26:24Z,25.7,93,24.4,1006.7,0.3,0.1,128,34.6,0.0,250,3.2
2026-08-30T03:31:26Z,25.8,93,24.4,1006.5,0.4,0.2,111,34.6,0.0,179,2.3
2026-08-30T03:36:26Z,25.9,93,25.0,1006.4,0.3,0.3,101,34.8,0.0,230,3.1
2026-08-30T03:41:26Z,26.1,94,25.0,1006.4,0.0,0.3,117,34.8,0.0,267,4.3
2026-08-30T03:46:26Z,26.2,94,25.0,1006.3,0.0,0.0,124,34.8,0.0,313,4.2
2026-08-30T03:51:26Z,26.3,94,25.6,1006.3,0.0,0.0,120,34.8,0.0,281,4.0
2026-08-30T03:56:26Z,26.6,94,25.6,1006.2,0.0,0.0,117,34.8,0.0,371,4.8
2026-08-30T04:01:26Z,26.7,94,25.6,1006.2,0.8,0.3,150,34.8,0.0,338,4.7
2026-08-30T04:06:26Z,26.8,94,25.6,1006.1,0.3,0.3,148,34.8,0.0,313,3.9
2026-08-30T04:11:27Z,27.0,94,26.1,1006.1,0.3,0.2,63,34.8,0.0,253,3.4
2026-08-30T04:16:29Z,27.1,94,26.1,1005.9,0.4,0.2,95,34.8,0.0,357,5.0
2026-08-30T04:21:29Z,27.2,94,26.1,1005.9,0.8,0.2,140,34.8,0.0,380,4.6
2026-08-30T04:26:29Z,27.3,94,26.1,1005.9,0.4,0.3,148,34.8,0.0,250,3.4
2026-08-30T04:31:29Z,27.4,94,26.7,1005.9,0.4,0.3,148,34.8,0.0,302,3.5
2026-08-30T04:36:29Z,27.7,94,26.7,1005.8,0.2,0.3,132,34.8,0.0,204,2.4
2026-08-30T04:41:29Z,27.6,93,26.7,1005.8,0.0,0.2,153,34.8,0.0,105,1.2
2026-08-30T04:46:31Z,27.3,93,26.1,1005.8,0.0,0.1,223,34.8,0.0,146,1.6
2026-08-30T04:51:33Z,27.1,92,25.6,1005.8,0.4,0.2,232,34.8,0.0,134,1.6
2026-08-30T04:56:33Z,27.2,92,25.6,1005.7,0.0,0.2,232,34.8,0.0,241,2.9
2026-08-30T05:01:35Z,27.2,92,25.6,1005.6,0.0,0.2,234,35.8,6.4,125,1.4
2026-08-30T05:06:35Z,27.2,92,26.1,1005.6,0.0,0.2,234,35.8,1.8,111,1.4
2026-08-30T05:11:37Z,27.2,92,26.1,1005.6,0.0,0.0,234,35.8,1.0,134,1.6
2026-08-30T05:16:37Z,27.3,92,26.1,1005.5,0.0,0.0,234,35.8,0.8,134,1.6
2026-08-30T05:21:37Z,27.2,92,26.1,1005.6,0.0,0.0,234,35.8,0.0,237,2.8
2026-08-30T05:26:37Z,27.2,92,25.6,1005.4,0.0,0.0,234,36.0,0.0,160,1.8
2026-08-30T05:31:37Z,27.2,92,25.6,1005.3,0.0,0.0,234,36.6,4.8,156,1.2
2026-08-30T05:36:37Z,27.2,92,26.1,1005.2,0.0,0.0,234,36.6,1.6,114,1.2
2026-08-30T05:41:39Z,27.2,92,26.1,1005.4,0.6,0.3,128,38.6,76.2,54,0.0
2026-08-30T05:46:39Z,27.1,92,25.6,1005.3,0.4,0.3,261,42.4,11.0,39,0.0
2026-08-30T05:51:39Z,26.9,92,25.6,1005.5,0.4,0.2,226,42.8,9.2,39,0.0
2026-08-30T05:56:39Z,26.4,91,25.0,1005.6,2.1,0.8,247,47.0,31.4,47,0.0
2026-08-30T06:01:39Z,26.3,92,25.0,1005.5,1.3,0.8,272,48.0,13.8,102,1.2
2026-08-30T06:06:39Z,26.1,92,25.0,1005.5,1.1,0.4,315,48.2,3.2,97,1.4
2026-08-30T06:11:41Z,26.0,92,24.4,1005.5,0.1,0.3,284,48.6,6.4,149,1.6
2026-08-30T06:16:43Z,26.0,92,25.0,1005.5,0.0,0.3,200,48.8,2.4,153,1.6
2026-08-30T06:21:43Z,26.1,93,25.0,1005.5,0.0,0.1,188,48.8,1.2,167,1.7
2026-08-30T06:26:45Z,26.3,93,25.0,1005.4,0.0,0.1,187,48.8,0.8,102,1.1
2026-08-30T06:31:45Z,26.2,92,25.0,1005.3,0.4,0.2,187,48.8,0.0,130,1.3
2026-08-30T06:36:47Z,26.2,93,25.0,1005.2,0.0,0.2,187,48.8,0.0,100,1.0
2026-08-30T06:41:47Z,26.3,93,25.0,1005.2,0.0,0.0,186,48.8,0.0,81,0.8
2026-08-30T06:46:47Z,26.3,93,25.0,1005.0,0.0,0.0,187,48.8,0.0,93,0.9
2026-08-30T06:51:47Z,26.4,93,25.0,1004.9,0.3,0.2,180,48.8,0.0,120,1.0
2026-08-30T06:56:47Z,26.4,93,25.6,1004.9,0.0,0.2,173,48.8,0.0,207,1.6
2026-08-30T07:01:47Z,26.7,93,25.6,1004.8,0.0,0.1,171,48.8,0.0,195,1.5
2026-08-30T07:06:47Z,26.8,93,25.6,1004.7,0.0,0.0,175,48.8,0.0,109,0.9
2026-08-30T07:11:49Z,26.8,93,25.6,1004.8,0.0,0.0,174,48.8,0.0,148,1.2
2026-08-30T07:16:51Z,26.8,93,25.6,1004.8,0.0,0.0,160,48.8,0.0,162,1.4
2026-08-30T07:21:53Z,26.8,93,25.6,1004.9,0.3,0.3,173,48.8,0.0,155,1.4
2026-08-30T07:26:53Z,26.8,93,25.6,1004.9,0.0,0.2,175,48.8,0.0,84,0.7
2026-08-30T07:31:55Z,26.9,93,25.6,1004.8,0.0,0.0,175,48.8,0.0,83,0.6
2026-08-30T07:36:55Z,26.9,93,25.6,1004.9,0.2,0.2,173,48.8,0.0,148,0.9
2026-08-30T07:41:57Z,27.0,93,26.1,1004.9,0.0,0.2,173,48.8,0.0,165,1.0
2026-08-30T07:46:59Z,27.1,93,26.1,1004.9,0.0,0.1,172,48.8,0.0,93,0.5
2026-08-30T07:51:59Z,27.1,93,26.1,1005.0,0.0,0.1,51,48.8,0.0,113,0.7
2026-08-30T07:57:01Z,27.1,93,26.1,1005.1,0.2,0.1,97,48.8,0.0,144,0.8
2026-08-30T08:02:01Z,26.9,93,25.6,1005.0,0.1,0.2,5,48.8,0.0,135,0.7
2026-08-30T08:07:03Z,26.8,93,25.6,1005.0,0.0,0.2,58,48.8,0.0,165,0.8
2026-08-30T08:12:05Z,26.9,93,25.6,1005.0,0.0,0.0,60,48.8,0.0,172,0.8
2026-08-30T08:17:05Z,26.9,93,25.6,1005.0,0.0,0.0,73,48.8,0.0,155,0.7
2026-08-30T08:22:07Z,27.1,93,26.1,1005.0,0.0,0.0,73,48.8,0.0,139,0.6
2026-08-30T08:27:07Z,27.1,93,26.1,1005.0,0.0,0.0,73,48.8,0.0,84,0.0
2026-08-30T08:32:09Z,27.1,93,26.1,1004.9,0.0,0.0,73,48.8,0.0,35,0.0
2026-08-30T08:37:11Z,27.1,93,26.1,1004.9,0.0,0.0,73,48.8,0.0,14,0.0
2026-08-30T08:42:11Z,26.7,92,25.6,1005.2,2.1,0.6,250,53.8,198.6,0,0.0
2026-08-30T08:47:13Z,26.1,92,25.0,1005.5,1.6,0.6,236,61.8,76.2,9,0.0
2026-08-30T08:52:15Z,25.8,91,24.4,1005.7,2.1,0.5,248,66.4,120.0,11,0.0
2026-08-30T08:57:15Z,25.4,92,23.9,1005.6,0.2,0.4,263,68.8,12.0,11,0.0
2026-08-30T09:02:15Z,25.4,92,23.9,1005.6,0.1,0.2,175,70.8,41.2,11,0.0
2026-08-30T09:07:17Z,25.4,92,23.9,1005.6,0.0,0.1,175,73.0,23.0,14,0.0
2026-08-30T09:12:19Z,25.4,92,23.9,1005.5,0.0,0.0,175,73.4,4.0,12,0.0
2026-08-30T09:17:19Z,25.4,92,23.9,1005.5,0.1,0.1,175,73.4,1.6,12,0.0
2026-08-30T09:22:21Z,25.4,92,23.9,1005.4,0.1,0.1,175,73.6,1.2,12,0.0
2026-08-30T09:27:21Z,25.4,93,24.4,1005.5,0.0,0.1,175,73.6,1.2,9,0.0
2026-08-30T09:32:23Z,25.4,93,24.4,1005.5,0.0,0.0,175,73.6,0.8,7,0.0
2026-08-30T09:37:25Z,25.4,93,24.4,1005.6,0.0,0.0,175,73.6,0.0,11,0.0
2026-08-30T09:42:25Z,25.5,93,24.4,1005.5,0.0,0.0,175,73.6,0.0,12,0.0
2026-08-30T09:47:27Z,25.4,93,24.4,1005.5,0.0,0.0,175,73.6,0.0,11,0.0
2026-08-30T09:52:27Z,25.5,93,24.4,1005.5,0.0,0.0,175,73.6,0.0,12,0.0
2026-08-30T09:57:29Z,25.5,93,24.4,1005.4,0.0,0.0,175,73.6,0.0,9,0.0
2026-08-30T10:02:29Z,25.4,93,24.4,1005.5,0.0,0.0,175,73.6,0.0,5,0.0
2026-08-30T10:07:29Z,25.4,93,24.4,1005.5,0.0,0.0,175,73.6,0.0,0,0.0
2026-08-30T10:12:31Z,25.4,93,24.4,1005.5,0.0,0.0,175,73.6,0.0,0,0.0
2026-08-30T10:17:32Z,25.4,93,24.4,1005.6,0.0,0.0,174,73.6,0.0,0,0.0
2026-08-30T10:22:32Z,25.4,93,24.4,1005.7,0.0,0.0,169,73.6,0.0,0,0.0
2026-08-30T10:27:32Z,25.5,93,24.4,1005.7,0.0,0.0,144,73.6,0.0,0,0.0
2026-08-30T10:32:32Z,25.6,93,24.4,1005.9,0.0,0.0,148,73.6,0.0,0,0.0
2026-08-30T10:37:32Z,25.6,93,24.4,1005.8,0.0,0.0,150,73.6,0.0,0,0.0
2026-08-30T10:42:33Z,25.7,93,24.4,1005.9,0.0,0.0,150,73.6,0.0,0,0.0
2026-08-30T10:47:33Z,25.7,93,24.4,1005.9,0.0,0.0,150,73.6,0.0,0,0.0
2026-08-30T10:52:33Z,25.7,93,24.4,1006.0,0.0,0.0,150,73.6,0.0,0,0.0
2026-08-30T10:57:33Z,25.8,93,24.4,1006.1,0.0,0.0,150,73.6,0.0,0,0.0
2026-08-30T11:02:33Z,25.7,93,24.4,1006.0,0.0,0.0,150,73.6,0.0,0,0.0
2026-08-30T11:07:33Z,25.7,93,24.4,1006.0,0.0,0.0,150,73.6,0.0,0,0.0
2026-08-30T11:12:33Z,25.6,93,24.4,1005.9,0.0,0.0,150,73.6,0.0,0,0.0
2026-08-30T11:17:33Z,25.5,93,24.4,1005.9,0.0,0.0,150,73.6,0.0,0,0.0
2026-08-30T11:22:34Z,25.4,93,24.4,1005.9,0.0,0.0,150,73.6,0.0,0,0.0
2026-08-30T11:27:36Z,25.3,93,24.4,1005.8,0.0,0.0,150,73.6,0.0,0,0.0
2026-08-30T11:32:40Z,25.3,93,24.4,1005.8,0.0,0.0,150,73.6,0.0,0,0.0
2026-08-30T11:37:41Z,25.2,93,23.9,1005.7,0.0,0.0,150,73.6,0.0,0,0.0
2026-08-30T11:42:41Z,25.3,93,23.9,1005.7,0.0,0.0,150,73.6,0.0,0,0.0
2026-08-30T11:47:42Z,25.3,94,24.4,1005.7,0.0,0.0,150,73.6,0.0,0,0.0
2026-08-30T11:52:42Z,25.3,93,24.4,1005.8,0.0,0.0,149,73.6,0.0,0,0.0
2026-08-30T11:57:44Z,25.3,94,24.4,1006.0,0.2,0.2,145,73.6,0.0,0,0.0
2026-08-30T12:02:44Z,25.3,94,24.4,1006.0,0.2,0.2,125,73.6,0.0,0,0.0
2026-08-30T12:07:46Z,25.3,94,24.4,1006.0,0.3,0.3,151,73.6,0.0,0,0.0
2026-08-30T12:12:46Z,25.4,93,24.4,1005.9,0.8,0.3,151,73.6,0.0,0,0.0
2026-08-30T12:17:48Z,25.3,93,24.4,1005.9,0.8,0.3,148,73.6,0.0,0,0.0
2026-08-30T12:22:48Z,25.3,94,24.4,1005.9,0.5,0.3,150,73.6,0.0,0,0.0
2026-08-30T12:27:50Z,25.3,93,24.4,1006.0,0.8,0.2,150,73.6,0.0,0,0.0
2026-08-30T12:32:52Z,25.4,93,24.4,1005.9,0.7,0.3,153,73.6,0.0,0,0.0
2026-08-30T12:37:52Z,25.4,93,24.4,1005.9,1.2,0.3,152,73.6,0.0,0,0.0
2026-08-30T12:42:54Z,25.5,93,24.4,1005.9,0.3,0.3,146,73.6,0.0,0,0.0
2026-08-30T12:47:54Z,25.5,93,24.4,1005.9,0.4,0.2,111,73.6,0.0,0,0.0
2026-08-30T12:52:56Z,25.6,93,24.4,1005.9,1.7,0.4,150,73.6,0.0,0,0.0
2026-08-30T12:57:58Z,25.6,93,24.4,1006.0,1.0,0.4,153,73.6,0.0,0,0.0
2026-08-30T13:02:58Z,25.6,93,24.4,1006.1,0.8,0.3,153,73.6,0.0,0,0.0
2026-08-30T13:08:00Z,25.7,93,24.4,1006.2,0.9,0.3,113,73.6,0.0,0,0.0
2026-08-30T13:13:00Z,25.7,93,24.4,1006.2,0.7,0.2,138,73.6,0.0,0,0.0
2026-08-30T13:18:02Z,25.9,93,25.0,1006.2,0.8,0.3,140,73.6,0.0,0,0.0
2026-08-30T13:23:02Z,25.9,93,25.0,1006.2,0.9,0.3,118,73.6,0.0,0,0.0
2026-08-30T13:28:02Z,26.0,93,25.0,1006.3,0.8,0.3,146,73.6,0.0,0,0.0
2026-08-30T13:33:04Z,26.1,93,25.0,1006.3,0.2,0.3,157,73.6,0.0,0,0.0
2026-08-30T13:38:04Z,26.2,93,25.0,1006.6,1.1,0.4,147,75.2,40.4,0,0.0
2026-08-30T13:43:04Z,26.2,93,25.0,1006.5,0.1,0.4,142,81.8,104.8,0,0.0
2026-08-30T13:48:04Z,26.2,93,25.0,1006.4,0.6,0.1,143,83.0,15.2,0,0.0
2026-08-30T13:53:04Z,26.2,93,25.0,1006.4,0.3,0.1,142,83.2,3.4,0,0.0
2026-08-30T13:58:04Z,26.1,93,25.0,1006.4,0.2,0.1,128,83.2,1.4,0,0.0
2026-08-30T14:03:04Z,26.1,93,25.0,1006.4,0.9,0.4,55,83.2,0.8,0,0.0
2026-08-30T14:08:04Z,26.1,93,25.0,1006.4,0.9,0.4,134,83.2,0.0,0,0.0
2026-08-30T14:13:04Z,26.1,93,25.0,1006.4,0.8,0.4,142,83.2,0.0,0,0.0
2026-08-30T14:18:06Z,26.1,93,25.0,1006.4,0.5,0.4,79,83.2,0.0,0,0.0
2026-08-30T14:23:06Z,26.1,93,25.0,1006.4,1.1,0.2,135,83.2,0.0,0,0.0
2026-08-30T14:28:06Z,26.1,93,25.0,1006.3,1.0,0.4,141,83.2,0.0,0,0.0
2026-08-30T14:33:06Z,26.1,93,25.0,1006.3,1.5,0.4,113,83.2,0.0,0,0.0
2026-08-30T14:38:06Z,26.1,93,25.0,1006.3,1.2,0.4,148,83.2,0.0,0,0.0
2026-08-30T14:43:06Z,26.1,93,25.0,1006.3,1.1,0.4,138,83.2,0.0,0,0.0
2026-08-30T14:48:08Z,26.1,93,25.0,1006.2,1.1,0.4,143,83.2,0.0,0,0.0
2026-08-30T14:53:10Z,26.1,93,25.0,1006.2,0.7,0.5,156,83.2,0.0,0,0.0
2026-08-30T14:58:10Z,26.2,93,25.0,1006.1,1.0,0.4,109,83.2,0.0,0,0.0
2026-08-30T15:03:12Z,26.3,93,25.0,1006.1,1.7,0.4,135,83.2,0.0,0,0.0
2026-08-30T15:08:12Z,26.3,92,25.0,1006.1,0.7,0.4,151,83.2,0.0,0,0.0
2026-08-30T15:13:14Z,26.3,92,25.0,1006.1,0.4,0.2,143,83.2,0.0,0,0.0
2026-08-30T15:18:14Z,26.3,92,25.0,1006.0,0.4,0.2,143,83.2,0.0,0,0.0
2026-08-30T15:23:14Z,26.3,92,25.0,1006.0,0.1,0.2,312,83.2,0.0,0,0.0
2026-08-30T15:28:14Z,26.3,92,25.0,1006.1,0.5,0.2,75,83.2,0.0,0,0.0
2026-08-30T15:33:14Z,26.3,92,25.0,1006.0,1.3,0.4,132,83.2,0.0,0,0.0
2026-08-30T15:38:14Z,26.4,92,25.0,1005.9,1.1,0.4,130,83.2,0.0,0,0.0
2026-08-30T15:43:16Z,26.4,92,25.0,1006.0,1.4,0.4,131,83.2,0.0,0,0.0
2026-08-30T15:48:16Z,26.4,92,25.0,1005.9,1.2,0.3,144,83.2,0.0,0,0.0
2026-08-30T15:53:18Z,26.4,92,25.0,1005.8,0.9,0.3,116,83.2,0.0,0,0.0
2026-08-30T15:58:20Z,26.4,92,25.0,1005.6,1.1,0.4,116,83.2,0.0,0,0.0
2026-08-30T16:03:21Z,26.3,92,25.0,1005.6,0.7,0.4,132,0.0,0.0,0,0.0
2026-08-30T16:08:21Z,26.3,92,25.0,1005.6,1.2,0.4,153,0.0,0.0,0,0.0
2026-08-30T16:13:21Z,26.3,92,25.0,1005.5,0.7,0.4,150,0.0,0.0,0,0.0
2026-08-30T16:18:21Z,26.4,92,25.0,1005.5,1.3,0.4,154,0.0,0.0,0,0.0
2026-08-30T16:23:23Z,26.4,92,25.0,1005.5,0.2,0.4,147,0.0,0.0,0,0.0
2026-08-30T16:28:23Z,26.4,92,25.0,1005.4,0.8,0.4,105,0.0,0.0,0,0.0
2026-08-30T16:33:25Z,26.4,91,25.0,1005.3,0.7,0.4,145,0.0,0.0,0,0.0
2026-08-30T16:38:27Z,26.3,91,25.0,1005.2,1.0,0.3,142,0.0,0.0,0,0.0
2026-08-30T16:43:27Z,26.3,91,25.0,1005.1,0.9,0.4,117,0.0,0.0,0,0.0
2026-08-30T16:48:29Z,26.2,91,24.4,1005.2,1.1,0.4,139,0.0,0.0,0,0.0
2026-08-30T16:53:29Z,26.2,91,24.4,1005.1,0.8,0.4,144,0.0,0.0,0,0.0
2026-08-30T16:58:31Z,26.2,91,24.4,1005.1,0.9,0.4,118,0.0,0.0,0,0.0
2026-08-30T17:03:31Z,26.2,91,24.4,1005.0,1.0,0.4,127,0.0,0.0,0,0.0
2026-08-30T17:08:33Z,26.2,91,24.4,1004.9,0.9,0.3,141,0.0,0.0,0,0.0
2026-08-30T17:13:33Z,26.3,91,25.0,1004.8,1.8,0.4,150,0.0,0.0,0,0.0
2026-08-30T17:18:33Z,26.4,91,25.0,1005.1,0.7,0.4,169,0.0,0.0,0,0.0
2026-08-30T17:23:33Z,26.4,91,25.0,1004.7,0.5,0.2,129,0.0,0.0,0,0.0
2026-08-30T17:28:33Z,26.4,91,25.0,1004.6,0.8,0.2,130,0.0,0.0,0,0.0
2026-08-30T17:33:33Z,26.4,91,25.0,1004.7,0.3,0.3,152,0.0,0.0,0,0.0
2026-08-30T17:38:35Z,26.5,91,25.0,1004.6,0.2,0.4,122,0.2,0.0,0,0.0
2026-08-30T17:43:37Z,26.5,91,25.0,1004.6,0.0,0.3,113,0.2,0.0,0,0.0
2026-08-30T17:48:37Z,26.4,91,25.0,1004.6,1.3,0.4,86,0.4,1.0,0,0.0
2026-08-30T17:53:39Z,26.3,91,25.0,1004.5,1.7,0.4,137,0.4,1.0,0,0.0
2026-08-30T17:58:39Z,26.2,91,24.4,1004.5,1.4,0.4,136,0.4,1.0,0,0.0
2026-08-30T18:03:41Z,26.1,91,24.4,1004.3,1.2,0.4,150,0.6,0.8,0,0.0
2026-08-30T18:08:41Z,26.1,91,24.4,1004.4,1.2,0.4,135,0.6,0.8,0,0.0
2026-08-30T18:13:41Z,26.1,91,24.4,1004.4,0.5,0.4,159,0.6,0.8,0,0.0
2026-08-30T18:18:41Z,26.1,91,24.4,1004.3,0.0,0.2,159,0.8,0.8,0,0.0
2026-08-30T18:23:41Z,26.1,91,24.4,1004.3,0.0,0.0,159,0.8,0.8,0,0.0
2026-08-30T18:28:41Z,26.1,91,24.4,1004.2,0.8,0.4,153,0.8,0.8,0,0.0
2026-08-30T18:33:43Z,26.1,91,24.4,1004.2,0.0,0.4,150,0.8,0.8,0,0.0
2026-08-30T18:38:43Z,26.1,92,25.0,1004.3,1.2,0.4,141,0.8,0.0,0,0.0
2026-08-30T18:43:43Z,26.0,92,25.0,1004.2,1.1,0.4,136,0.8,0.0,0,0.0
2026-08-30T18:48:43Z,26.0,91,24.4,1004.1,0.6,0.4,128,0.8,0.0,0,0.0
2026-08-30T18:53:43Z,25.9,91,24.4,1004.2,0.6,0.4,50,0.8,0.0,0,0.0
2026-08-30T18:58:44Z,25.9,91,24.4,1004.3,0.0,0.2,186,0.8,0.0,0,0.0
2026-08-30T19:03:45Z,25.9,91,24.4,1004.2,0.6,0.3,118,0.8,0.0,0,0.0
2026-08-30T19:08:46Z,26.0,91,24.4,1004.3,0.6,0.3,129,0.8,0.0,0,0.0
2026-08-30T19:13:48Z,26.0,91,24.4,1004.2,0.3,0.2,128,0.8,0.0,0,0.0
2026-08-30T19:18:50Z,25.8,91,24.4,1004.3,0.7,0.3,121,0.8,0.0,0,0.0
2026-08-30T19:23:50Z,25.8,91,24.4,1004.2,0.1,0.3,117,0.8,0.0,0,0.0
2026-08-30T19:28:52Z,25.7,91,24.4,1004.3,0.6,0.2,149,1.0,0.0,0,0.0
2026-08-30T19:33:52Z,25.8,91,24.4,1004.1,0.4,0.2,148,1.4,3.0,0,0.0
2026-08-30T19:38:54Z,25.8,91,24.4,1004.3,0.3,0.3,150,1.6,2.8,0,0.0
2026-08-30T19:43:56Z,25.9,92,24.4,1004.3,0.4,0.4,146,1.8,2.0,0,0.0
2026-08-30T19:48:56Z,25.9,92,24.4,1004.3,0.0,0.4,143,1.8,2.0,0,0.0
2026-08-30T19:53:58Z,25.9,92,24.4,1004.4,0.0,0.2,148,1.8,1.2,0,0.0
2026-08-30T19:58:58Z,26.0,92,24.4,1004.4,0.4,0.2,130,2.2,6.0,0,0.0
2026-08-30T20:04:00Z,26.0,92,24.4,1004.4,0.2,0.2,135,2.2,1.6,0,0.0
2026-08-30T20:09:02Z,25.9,92,24.4,1004.4,1.1,0.2,115,2.2,1.0,0,0.0
2026-08-30T20:14:02Z,25.9,92,24.4,1004.3,1.0,0.4,143,2.2,0.0,0,0.0
2026-08-30T20:19:04Z,25.9,92,24.4,1004.4,0.0,0.4,138,2.2,0.0,0,0.0
2026-08-30T20:24:04Z,25.9,92,24.4,1004.3,0.0,0.0,138,2.6,7.0,0,0.0
2026-08-30T20:29:06Z,26.0,92,24.4,1004.3,0.0,0.3,128,2.6,1.8,0,0.0
2026-08-30T20:34:06Z,26.0,92,24.4,1004.2,0.0,0.3,126,2.8,1.2,0,0.0
2026-08-30T20:39:08Z,26.1,92,25.0,1004.3,0.0,0.0,126,2.8,1.2,0,0.0
2026-08-30T20:44:08Z,26.0,92,24.4,1004.3,0.0,0.0,128,2.8,1.0,0,0.0
2026-08-30T20:49:08Z,26.1,92,25.0,1004.4,0.0,0.0,90,3.0,0.8,0,0.0
2026-08-30T20:54:08Z,26.1,92,25.0,1004.4,0.0,0.0,94,3.0,0.8,0,0.0
2026-08-30T20:59:08Z,26.1,92,25.0,1004.4,0.0,0.0,98,3.0,0.8,0,0.0
2026-08-30T21:04:08Z,26.1,92,25.0,1004.5,0.0,0.0,99,3.0,0.8,0,0.0
2026-08-30T21:09:08Z,26.1,92,25.0,1004.5,0.0,0.0,122,3.0,0.0,0,0.0
2026-08-30T21:14:08Z,26.1,93,25.0,1004.4,0.0,0.0,138,3.0,0.0,0,0.0
2026-08-30T21:19:10Z,26.1,93,25.0,1004.5,0.0,0.0,138,3.0,0.0,0,0.0
2026-08-30T21:24:10Z,26.2,93,25.0,1004.4,0.0,0.0,138,3.2,0.0,0,0.0
2026-08-30T21:29:10Z,26.2,93,25.0,1004.4,0.0,0.0,175,3.2,0.0,0,0.0
2026-08-30T21:34:12Z,26.2,93,25.0,1004.5,0.0,0.0,98,3.4,2.8,0,0.0
2026-08-30T21:39:12Z,26.1,93,25.0,1004.4,0.0,0.0,180,3.8,3.6,0,0.0
2026-08-30T21:44:14Z,26.1,93,25.0,1004.4,0.0,0.0,180,4.0,3.0,0,0.0
2026-08-30T21:49:14Z,26.0,93,25.0,1004.4,0.0,0.0,147,4.2,1.6,0,0.0
2026-08-30T21:54:16Z,26.0,93,25.0,1004.4,0.0,0.0,147,4.2,1.6,0,0.0
2026-08-30T21:59:16Z,25.9,93,25.0,1004.5,0.0,0.0,148,4.4,2.0,0,0.0
2026-08-30T22:04:16Z,25.8,93,25.0,1004.5,0.0,0.0,148,4.6,1.8,7,0.0
2026-08-30T22:09:16Z,25.8,93,24.4,1004.7,0.0,0.0,148,4.6,1.4,12,0.0
2026-08-30T22:14:16Z,25.8,93,24.4,1004.7,0.0,0.0,150,4.6,1.0,19,0.0
2026-08-30T22:19:16Z,25.8,93,24.4,1004.7,0.0,0.0,133,4.8,0.8,32,0.0
2026-08-30T22:24:18Z,25.8,93,24.4,1004.7,0.0,0.0,134,4.8,0.8,39,0.0
2026-08-30T22:29:18Z,25.8,93,24.4,1004.7,0.0,0.0,122,4.8,0.8,63,0.0
2026-08-30T22:34:18Z,25.7,93,24.4,1004.7,0.0,0.0,137,4.8,0.0,84,0.0
2026-08-30T22:39:18Z,25.8,93,24.4,1004.7,0.0,0.0,115,4.8,0.0,65,0.0
2026-08-30T22:44:18Z,25.8,93,24.4,1004.7,0.0,0.0,142,4.8,0.0,54,0.0
2026-08-30T22:49:18Z,25.8,93,24.4,1004.9,0.0,0.0,134,5.6,36.4,21,0.0
2026-08-30T22:54:20Z,25.9,93,24.4,1004.9,0.0,0.0,340,6.4,3.6,44,0.0
2026-08-30T22:59:20Z,25.9,93,25.0,1005.1,0.0,0.0,40,6.6,2.4,44,0.0
2026-08-30T23:04:20Z,25.7,93,24.4,1005.0,0.0,0.0,193,6.8,2.2,37,0.0
2026-08-30T23:09:22Z,25.5,93,24.4,1005.1,0.0,0.0,192,7.4,8.0,25,0.0
2026-08-30T23:14:22Z,25.4,93,24.4,1005.2,0.0,0.0,192,8.2,9.2,19,0.0
2026-08-30T23:19:22Z,25.4,93,24.4,1005.2,0.0,0.0,192,9.0,11.0,14,0.0
2026-08-30T23:24:22Z,25.4,93,24.4,1005.1,0.0,0.0,192,10.2,8.6,26,0.0
2026-08-30T23:29:24Z,25.4,93,24.4,1005.2,0.0,0.0,192,10.6,4.8,39,0.0
2026-08-30T23:34:24Z,25.4,93,24.4,1005.1,0.0,0.0,192,10.8,3.0,53,0.0
2026-08-30T23:39:26Z,25.6,93,24.4,1005.2,0.0,0.0,192,10.8,1.4,49,0.0
2026-08-30T23:44:28Z,25.6,93,24.4,1005.2,0.0,0.0,192,11.0,1.2,63,0.0
2026-08-30T23:49:28Z,25.6,93,24.4,1005.3,0.0,0.0,186,11.2,1.4,58,0.0
2026-08-30T23:54:28Z,25.6,93,24.4,1005.4,0.0,0.0,133,11.2,1.4,51,0.0
2026-08-30T23:59:30Z,25.6,93,24.4,1005.3,0.0,0.0,143,11.2,1.2,44,0.0
2026-08-31T00:04:32Z,25.7,93,24.4,1005.4,0.0,0.0,128,11.4,1.0,14,0.0
2026-08-31T00:09:32Z,25.6,93,24.4,1005.5,0.0,0.0,139,15.4,71.6,12,0.0
2026-08-31T00:14:34Z,25.7,93,24.4,1005.6,0.8,0.3,147,19.4,31.4,18,0.0
2026-08-31T00:19:34Z,25.6,93,24.4,1005.5,2.1,0.4,154,21.0,13.4,25,0.0
2026-08-31T00:24:36Z,25.4,93,24.4,1005.6,1.7,0.4,115,21.4,4.8,25,0.0
2026-08-31T00:29:38Z,25.3,93,23.9,1005.5,0.6,0.4,119,21.6,3.0,23,0.0
2026-08-31T00:34:38Z,25.3,93,23.9,1005.4,0.4,0.3,135,22.0,4.0,18,0.0
2026-08-31T00:39:40Z,25.2,93,23.9,1005.4,1.5,0.4,153,22.4,4.6,14,0.0
2026-08-31T00:44:40Z,25.2,93,23.9,1005.5,0.6,0.4,79,22.8,5.2,12,0.0
2026-08-31T00:49:42Z,25.2,93,23.9,1005.5,0.4,0.4,179,23.4,8.0,12,0.0
2026-08-31T00:54:44Z,25.2,93,23.9,1005.6,0.4,0.3,161,24.0,6.4,12,0.0
2026-08-31T00:59:44Z,25.2,93,23.9,1005.6,0.0,0.3,160,24.6,8.4,14,0.0
2026-08-31T01:04:46Z,25.2,93,23.9,1005.5,0.1,0.3,145,25.0,5.0,14,0.0
2026-08-31T01:09:46Z,25.3,93,23.9,1005.5,0.7,0.3,161,25.6,7.8,16,0.0
2026-08-31T01:14:48Z,25.3,93,24.4,1005.4,0.0,0.3,160,26.4,8.4,18,0.0
2026-08-31T01:19:50Z,25.3,93,24.4,1005.5,0.0,0.2,160,27.0,6.0,18,0.0
2026-08-31T01:24:50Z,25.4,93,24.4,1005.3,0.9,0.3,159,27.4,6.4,18,0.0
2026-08-31T01:29:52Z,25.4,93,24.4,1005.4,0.0,0.3,158,28.2,8.0,19,0.0
2026-08-31T01:34:52Z,25.4,93,24.4,1005.4,0.0,0.0,158,28.6,6.0,21,0.0
2026-08-31T01:39:54Z,25.4,93,24.4,1005.5,0.0,0.0,158,29.2,6.6,18,0.0
2026-08-31T01:44:54Z,25.4,93,24.4,1005.6,0.0,0.0,158,29.8,7.8,7,0.0
2026-08-31T01:49:56Z,25.4,93,24.4,1005.6,0.0,0.0,158,30.6,10.4,12,0.0
2026-08-31T01:54:58Z,25.4,93,24.4,1005.4,0.0,0.0,158,32.0,10.6,19,0.0
2026-08-31T01:59:59Z,25.4,93,24.4,1005.2,0.0,0.0,155,32.6,6.6,25,0.0
2026-08-31T02:05:00Z,25.4,93,24.4,1005.0,0.0,0.0,144,33.0,8.4,30,0.0
2026-08-31T02:10:01Z,25.3,93,24.4,1005.0,0.0,0.0,144,33.4,3.8,33,0.0
2026-08-31T02:15:03Z,25.4,93,24.4,1005.0,0.0,0.0,144,33.6,2.8,39,0.0
2026-08-31T02:20:05Z,25.3,93,24.4,1005.1,0.0,0.0,144,34.0,3.4,42,0.0
2026-08-31T02:25:06Z,25.4,93,24.4,1005.2,0.0,0.0,145,34.2,3.4,39,0.0
2026-08-31T02:30:06Z,25.3,93,23.9,1005.2,0.0,0.0,145,34.6,4.2,47,0.0
2026-08-31T02:35:07Z,25.2,93,23.9,1005.2,0.0,0.0,145,34.8,2.6,56,0.6
2026-08-31T02:40:08Z,25.2,93,23.9,1005.3,0.0,0.0,149,34.8,1.6,56,0.6
2026-08-31T02:45:09Z,25.2,93,23.9,1005.2,0.0,0.0,150,35.0,1.6,58,0.7
2026-08-31T02:50:09Z,25.3,93,24.4,1005.3,0.0,0.0,150,35.2,1.8,47,0.0
2026-08-31T02:55:09Z,25.3,93,24.4,1005.4,0.0,0.0,150,35.6,3.0,47,0.0
2026-08-31T03:00:09Z,25.3,93,24.4,1005.4,0.1,0.1,152,36.2,6.8,42,0.0
2026-08-31T03:05:09Z,25.3,93,24.4,1005.4,0.0,0.1,152,36.6,6.6,33,0.0
2026-08-31T03:10:11Z,25.3,93,24.4,1005.6,0.1,0.2,151,37.4,9.2,25,0.0
2026-08-31T03:15:11Z,25.3,93,24.4,1005.6,0.2,0.2,151,39.0,37.0,25,0.0
2026-08-31T03:20:11Z,25.3,93,23.9,1005.6,0.0,0.1,149,40.2,12.4,25,0.0
2026-08-31T03:25:11Z,25.2,93,23.9,1005.5,0.0,0.1,148,41.4,10.2,26,0.0
2026-08-31T03:30:11Z,25.2,93,23.9,1005.5,0.0,0.0,148,42.4,11.0,30,0.0
2026-08-31T03:35:11Z,25.2,93,23.9,1005.5,0.0,0.0,147,43.2,8.4,25,0.0
2026-08-31T03:40:13Z,25.1,93,23.9,1005.4,0.0,0.0,133,44.2,20.8,16,0.0
2026-08-31T03:45:13Z,25.0,93,23.9,1005.4,0.0,0.0,94,46.0,15.8,12,0.0
2026-08-31T03:50:13Z,24.9,93,23.9,1005.3,0.0,0.0,100,47.8,20.2,5,0.0
2026-08-31T03:55:13Z,24.9,93,23.9,1005.3,0.0,0.0,100,49.4,12.0,5,0.0
2026-08-31T04:00:13Z,24.9,93,23.9,1005.0,0.0,0.0,100,50.2,10.8,9,0.0
2026-08-31T04:05:13Z,24.8,93,23.9,1005.0,0.0,0.0,100,51.0,7.2,12,0.0
