observed_at_utc,temp_c,humidity_pct,dew_point_c,pressure_hpa,wind_speed_ms,wind_gust_ms,wind_dir_deg,rain_mm,rain_rate_mmhr,solar_wm2,uv_index
2026-08-31T16:01:42Z,25.4,94,24.4,1005.6,0.4,0.2,136,242.6,0.0,0,0.0
2026-08-31T16:06:44Z,25.4,94,24.4,1005.5,0.7,0.2,136,0.0,0.0,0,0.0
2026-08-31T16:11:44Z,25.4,94,24.4,1005.5,0.4,0.2,136,0.0,0.0,0,0.0
2026-08-31T16:16:44Z,25.3,94,24.4,1005.5,0.0,0.1,136,0.0,0.0,0,0.0
2026-08-31T16:21:44Z,25.3,94,24.4,1005.4,0.1,0.1,136,0.0,0.0,0,0.0
2026-08-31T16:26:44Z,25.3,94,24.4,1005.2,0.0,0.1,136,0.2,0.0,0,0.0
2026-08-31T16:31:45Z,25.3,94,24.4,1005.4,0.3,0.1,136,0.6,5.4,0,0.0
2026-08-31T16:36:45Z,25.4,94,24.4,1005.3,0.3,0.1,136,0.6,1.6,0,0.0
2026-08-31T16:42:22Z,25.4,94,24.4,1005.2,0.6,0.2,248,0.8,1.2,0,0.0
2026-08-31T16:47:23Z,25.6,95,25.0,1005.2,0.2,0.2,248,0.8,1.2,0,0.0
2026-08-31T16:52:23Z,25.7,95,25.0,1005.2,0.0,0.1,250,1.0,1.0,0,0.0
2026-08-31T16:57:23Z,25.9,95,25.0,1005.1,0.2,0.1,149,1.0,1.0,0,0.0
2026-08-31T17:02:23Z,26.0,95,25.0,1005.2,0.2,0.1,200,1.0,1.0,0,0.0
2026-08-31T17:07:25Z,26.1,95,25.6,1005.1,0.4,0.3,263,1.0,0.8,0,0.0
2026-08-31T17:12:27Z,26.2,95,25.6,1005.2,0.8,0.3,208,1.0,0.0,0,0.0
2026-08-31T17:17:27Z,26.3,95,25.6,1005.1,0.6,0.3,168,1.0,0.0,0,0.0
2026-08-31T17:22:29Z,26.3,95,25.6,1005.1,0.3,0.3,287,1.0,0.0,0,0.0
2026-08-31T17:27:29Z,26.3,94,25.6,1005.2,0.7,0.2,43,1.0,0.0,0,0.0
2026-08-31T17:32:32Z,26.2,94,25.0,1005.2,0.3,0.2,39,1.0,0.0,0,0.0
2026-08-31T17:37:34Z,26.2,94,25.0,1005.2,1.2,0.4,194,1.0,0.0,0,0.0
2026-08-31T17:42:35Z,26.2,94,25.0,1005.2,0.8,0.4,272,1.0,0.0,0,0.0
2026-08-31T17:47:35Z,26.1,94,25.0,1004.9,0.6,0.3,17,1.0,0.0,0,0.0
2026-08-31T17:52:36Z,26.0,94,25.0,1004.8,0.5,0.3,24,1.0,0.0,0,0.0
2026-08-31T17:57:37Z,26.0,94,25.0,1004.9,0.9,0.2,288,1.4,48.4,0,0.0
2026-08-31T18:02:37Z,25.7,94,25.0,1005.3,2.6,0.7,250,1.8,4.2,0,0.0
2026-08-31T18:07:38Z,25.7,94,24.4,1005.4,2.6,0.7,260,2.0,2.8,0,0.0
2026-08-31T18:12:39Z,25.4,94,24.4,1005.5,0.9,0.7,260,2.4,3.8,0,0.0
2026-08-31T18:17:40Z,25.3,94,24.4,1005.4,1.0,0.4,241,2.6,2.4,0,0.0
2026-08-31T18:22:42Z,25.3,94,24.4,1005.5,0.3,0.4,261,2.6,1.6,0,0.0
2026-08-31T18:27:42Z,25.2,94,24.4,1005.4,0.3,0.3,276,2.8,1.0,0,0.0
2026-08-31T18:32:42Z,25.2,94,24.4,1005.4,0.7,0.2,268,3.0,2.2,0,0.0
2026-08-31T18:37:42Z,25.1,94,23.9,1005.3,1.1,0.2,250,3.0,2.2,0,0.0
2026-08-31T18:42:44Z,25.1,94,23.9,1005.3,0.4,0.2,261,3.2,1.4,0,0.0
2026-08-31T18:47:44Z,25.1,94,23.9,1005.2,0.1,0.2,252,3.2,1.4,0,0.0
2026-08-31T18:52:46Z,25.1,94,23.9,1005.2,0.2,0.2,274,3.2,1.0,0,0.0
2026-08-31T18:57:46Z,25.2,94,24.4,1005.1,0.7,0.3,225,3.2,0.8,0,0.0
2026-08-31T19:02:46Z,25.3,94,24.4,1005.1,0.7,0.4,248,3.2,0.0,0,0.0
2026-08-31T19:07:48Z,25.4,94,24.4,1004.9,0.2,0.4,243,3.2,0.0,0,0.0
2026-08-31T19:12:48Z,25.6,94,24.4,1004.8,0.5,0.3,217,3.2,0.0,0,0.0
2026-08-31T19:17:48Z,25.6,94,24.4,1004.8,0.3,0.3,235,3.2,0.0,0,0.0
2026-08-31T19:22:48Z,25.7,94,24.4,1004.9,0.8,0.2,262,3.2,0.0,0,0.0
2026-08-31T19:27:48Z,25.7,94,24.4,1004.9,0.2,0.3,266,3.2,0.0,0,0.0
2026-08-31T19:32:48Z,25.7,94,25.0,1004.9,0.3,0.1,265,3.2,0.0,0,0.0
2026-08-31T19:37:48Z,25.8,94,25.0,1004.9,0.2,0.1,331,3.2,0.0,0,0.0
2026-08-31T19:42:48Z,25.8,94,25.0,1004.9,0.4,0.2,34,3.2,0.0,0,0.0
2026-08-31T19:47:48Z,25.8,94,25.0,1004.9,0.2,0.2,17,3.2,0.0,0,0.0
2026-08-31T19:52:50Z,25.8,94,25.0,1004.8,0.1,0.1,17,3.2,0.0,0,0.0
2026-08-31T19:57:50Z,25.8,94,25.0,1004.8,0.2,0.1,18,3.4,0.0,0,0.0
2026-08-31T20:02:50Z,25.8,94,25.0,1004.7,0.1,0.1,17,3.4,0.0,0,0.0
2026-08-31T20:07:52Z,25.8,94,25.0,1004.7,0.5,0.1,315,3.4,0.0,0,0.0
2026-08-31T20:12:52Z,25.8,94,25.0,1004.7,0.1,0.1,315,3.4,0.0,0,0.0
2026-08-31T20:17:52Z,25.9,94,25.0,1004.6,0.3,0.1,309,3.4,0.0,0,0.0
2026-08-31T20:22:52Z,25.9,94,25.0,1004.7,0.1,0.1,309,3.4,0.0,0,0.0
2026-08-31T20:27:52Z,25.9,94,25.0,1004.7,0.4,0.3,263,3.4,0.0,0,0.0
2026-08-31T20:32:52Z,25.9,94,25.0,1004.7,0.4,0.3,279,3.4,0.0,0,0.0
2026-08-31T20:37:52Z,25.8,94,25.0,1004.8,0.9,0.2,163,3.4,0.0,0,0.0
2026-08-31T20:42:52Z,25.8,94,25.0,1004.8,0.2,0.2,246,3.4,0.0,0,0.0
2026-08-31T20:47:52Z,25.8,94,25.0,1004.9,0.4,0.2,245,3.4,0.0,0,0.0
2026-08-31T20:52:54Z,25.7,94,25.0,1004.9,0.7,0.2,146,3.4,0.0,0,0.0
2026-08-31T20:57:56Z,25.7,94,24.4,1005.0,0.3,0.2,119,3.4,0.0,0,0.0
2026-08-31T21:02:58Z,25.7,94,24.4,1005.1,0.2,0.1,126,3.4,0.0,0,0.0
2026-08-31T21:07:58Z,25.6,94,24.4,1005.1,0.4,0.1,234,3.4,0.0,0,0.0
2026-08-31T21:12:58Z,25.6,94,24.4,1005.0,0.3,0.1,234,3.4,0.0,0,0.0
2026-08-31T21:18:00Z,25.6,94,24.4,1005.1,0.2,0.1,234,3.4,0.0,0,0.0
2026-08-31T21:23:00Z,25.6,94,24.4,1005.0,0.1,0.1,234,3.4,0.0,0,0.0
2026-08-31T21:28:00Z,25.6,94,24.4,1005.1,0.2,0.1,234,3.4,0.0,0,0.0
2026-08-31T21:33:00Z,25.7,94,25.0,1005.2,0.4,0.2,234,3.4,0.0,0,0.0
2026-08-31T21:38:02Z,25.8,94,25.0,1005.2,0.1,0.2,235,3.4,0.0,0,0.0
2026-08-31T21:43:02Z,25.8,94,25.0,1005.1,0.1,0.1,235,3.4,0.0,0,0.0
2026-08-31T21:48:02Z,25.8,94,25.0,1005.2,0.5,0.1,236,3.4,0.0,0,0.0
2026-08-31T21:53:04Z,25.9,94,25.0,1005.2,0.5,0.2,240,3.4,0.0,0,0.0
2026-08-31T21:58:04Z,25.9,94,25.0,1005.2,0.4,0.2,241,3.4,0.0,0,0.0
2026-08-31T22:03:06Z,26.1,94,25.0,1005.3,0.7,0.2,240,3.4,0.0,5,0.0
2026-08-31T22:08:06Z,26.1,94,25.0,1005.2,0.3,0.2,240,3.4,0.0,7,0.0
2026-08-31T22:13:08Z,26.1,94,25.0,1005.3,0.5,0.1,235,3.4,0.0,0,0.0
2026-08-31T22:18:08Z,26.2,94,25.0,1005.5,1.8,0.5,265,3.8,0.0,5,0.0
2026-08-31T22:23:10Z,25.7,94,25.0,1005.4,1.1,0.7,229,7.8,12.4,9,0.0
2026-08-31T22:28:12Z,25.7,94,24.4,1005.4,0.8,0.4,238,7.8,2.0,14,0.0
2026-08-31T22:33:12Z,25.8,94,25.0,1005.5,0.7,0.2,178,7.8,1.0,33,0.0
2026-08-31T22:38:14Z,26.0,94,25.0,1005.5,0.5,0.2,240,7.8,0.8,30,0.0
2026-08-31T22:43:14Z,26.1,94,25.0,1005.5,0.3,0.1,240,7.8,0.0,26,0.0
2026-08-31T22:48:14Z,26.2,94,25.0,1005.5,0.4,0.2,241,7.8,0.0,28,0.0
2026-08-31T22:53:16Z,26.3,94,25.6,1005.5,1.2,0.4,259,7.8,0.0,53,0.0
2026-08-31T22:58:16Z,26.3,94,25.6,1005.5,1.2,0.4,252,7.8,0.0,53,0.0
2026-08-31T23:03:16Z,26.3,94,25.6,1005.5,1.1,0.3,237,7.8,0.0,70,0.0
2026-08-31T23:08:16Z,26.4,94,25.6,1005.6,0.8,0.3,239,8.0,0.0,104,0.0
2026-08-31T23:13:16Z,26.4,94,25.6,1005.7,0.4,0.2,241,8.0,0.0,116,0.5
2026-08-31T23:18:18Z,26.5,94,25.6,1005.9,0.4,0.1,232,8.0,0.0,81,0.0
2026-08-31T23:23:20Z,26.6,94,25.6,1005.9,0.5,0.1,217,8.0,0.0,93,0.5
2026-08-31T23:28:20Z,26.5,94,25.6,1005.9,0.9,0.2,267,8.0,0.0,109,0.6
2026-08-31T23:33:22Z,26.4,94,25.6,1005.9,1.2,0.3,262,8.0,0.0,90,0.5
2026-08-31T23:38:22Z,26.4,94,25.6,1005.8,1.4,0.4,283,8.0,0.0,121,0.7
2026-08-31T23:43:24Z,26.4,94,25.6,1006.1,1.8,0.4,236,8.0,0.0,35,0.0
2026-08-31T23:48:24Z,26.0,94,25.0,1006.1,1.8,0.6,265,8.0,0.0,135,0.5
2026-08-31T23:53:24Z,25.9,94,25.0,1006.1,3.0,0.7,306,8.0,0.0,104,0.6
2026-08-31T23:58:24Z,26.0,94,25.0,1006.2,3.0,0.7,250,8.2,0.0,63,0.0
2026-09-01T00:03:24Z,26.1,94,25.0,1006.3,2.7,0.6,249,9.2,10.2,81,0.6
2026-09-01T00:08:24Z,26.1,94,25.0,1006.4,1.2,0.6,255,9.6,2.8,84,0.6
2026-09-01T00:13:26Z,26.2,94,25.0,1006.5,0.4,0.4,265,9.6,2.2,105,0.8
2026-09-01T00:18:28Z,26.2,94,25.0,1006.5,0.5,0.3,262,9.6,1.2,97,0.8
2026-09-01T00:23:28Z,26.3,94,25.6,1006.5,0.4,0.2,262,9.6,0.8,102,0.7
2026-09-01T00:28:30Z,26.4,94,25.6,1006.5,0.5,0.2,284,9.6,0.0,162,1.3
2026-09-01T00:33:30Z,26.6,94,25.6,1006.5,1.1,0.3,249,9.6,0.0,109,0.9
2026-09-01T00:38:32Z,26.6,94,25.6,1006.5,0.4,0.3,246,9.6,0.0,120,1.0
2026-09-01T00:43:32Z,26.7,94,25.6,1006.4,0.6,0.2,246,9.6,0.0,76,0.6
2026-09-01T00:48:32Z,26.7,94,25.6,1006.5,0.4,0.2,269,9.6,0.0,56,0.5
2026-09-01T00:53:32Z,26.7,94,25.6,1006.5,0.4,0.1,269,9.6,0.0,63,0.6
2026-09-01T00:58:32Z,26.7,94,25.6,1006.6,0.6,0.1,268,9.6,0.0,70,0.6
2026-09-01T01:03:32Z,26.7,94,25.6,1006.5,0.8,0.2,271,9.6,0.0,69,0.6
2026-09-01T01:08:34Z,26.7,93,25.6,1006.5,1.3,0.3,277,9.6,0.0,44,0.0
2026-09-01T01:13:34Z,26.4,93,25.0,1006.5,0.9,0.2,287,9.6,0.0,76,0.7
2026-09-01T01:18:34Z,26.3,93,25.0,1006.3,1.1,0.2,313,9.6,0.0,114,1.0
2026-09-01T01:23:34Z,26.1,93,25.0,1006.3,1.1,0.3,307,9.6,0.0,58,0.6
2026-09-01T01:28:34Z,25.9,93,25.0,1006.4,0.9,0.3,301,9.6,0.0,33,0.0
2026-09-01T01:33:35Z,25.7,93,24.4,1006.5,2.2,0.4,306,9.6,0.0,21,0.0
2026-09-01T01:38:36Z,25.7,93,24.4,1006.7,1.8,0.4,257,9.8,0.0,23,0.0
2026-09-01T01:43:36Z,25.7,93,24.4,1006.8,0.8,0.4,273,9.8,0.0,49,0.0
2026-09-01T01:48:36Z,25.7,93,24.4,1006.6,0.9,0.4,211,12.6,20.2,60,0.6
2026-09-01T01:53:37Z,25.7,93,24.4,1006.7,1.1,0.4,254,12.8,2.6,37,0.0
2026-09-01T01:58:39Z,25.7,93,24.4,1006.5,1.2,0.3,281,13.8,23.6,25,0.0
2026-09-01T02:03:39Z,25.7,93,24.4,1006.5,0.6,0.3,290,14.8,4.8,23,0.0
2026-09-01T02:08:39Z,25.7,93,24.4,1006.6,1.7,0.4,297,15.6,6.6,148,1.7
2026-09-01T02:13:41Z,25.8,93,24.4,1006.5,2.1,0.5,292,16.2,11.0,81,0.8
2026-09-01T02:18:41Z,25.8,93,24.4,1006.3,2.6,0.5,284,17.0,8.0,77,0.8
2026-09-01T02:23:43Z,25.7,93,24.4,1006.4,2.0,0.4,281,17.4,3.8,169,1.9
2026-09-01T02:28:43Z,25.7,93,24.4,1006.5,1.7,0.4,330,17.6,3.2,142,1.6
2026-09-01T02:33:45Z,25.6,93,24.4,1006.2,3.0,0.4,296,17.8,2.2,130,1.5
2026-09-01T02:38:45Z,25.6,93,24.4,1006.0,1.3,0.4,294,17.8,1.8,77,0.9
2026-09-01T02:43:45Z,25.7,93,24.4,1006.0,0.8,0.3,294,18.4,6.2,39,0.0
2026-09-01T02:48:45Z,25.7,93,24.4,1006.2,1.1,0.4,266,18.8,19.0,14,0.0
2026-09-01T02:53:47Z,25.4,93,24.4,1007.0,3.7,0.7,284,23.0,20.2,42,0.0
2026-09-01T02:58:47Z,25.2,93,23.9,1007.2,4.0,0.7,267,25.0,29.0,39,0.0
2026-09-01T03:03:47Z,25.0,93,23.9,1007.4,4.5,0.8,269,27.6,41.6,47,0.0
2026-09-01T03:08:49Z,25.0,93,23.9,1007.4,2.4,0.8,279,30.0,30.2,42,0.0
2026-09-01T03:13:49Z,25.0,93,23.9,1007.3,2.1,0.6,279,31.6,16.4,30,0.0
2026-09-01T03:18:49Z,25.1,93,23.9,1007.3,1.8,0.4,292,32.8,12.2,26,0.0
2026-09-01T03:23:51Z,25.1,93,23.9,1007.2,1.8,0.4,305,33.6,9.4,25,0.0
2026-09-01T03:28:53Z,25.2,93,23.9,1007.1,1.2,0.4,267,34.2,6.0,23,0.0
2026-09-01T03:33:53Z,25.3,94,24.4,1007.0,1.0,0.2,287,34.6,4.6,42,0.0
2026-09-01T03:38:55Z,25.5,94,24.4,1007.0,0.8,0.2,286,35.4,9.4,40,0.0
2026-09-01T03:43:57Z,25.5,94,24.4,1006.9,0.7,0.2,281,36.0,7.8,53,0.0
2026-09-01T03:48:59Z,25.5,93,24.4,1006.8,0.9,0.2,281,36.6,6.6,37,0.0
2026-09-01T03:53:59Z,25.5,94,24.4,1006.7,0.8,0.2,281,37.0,4.8,23,0.0
2026-09-01T03:58:59Z,25.6,94,24.4,1006.6,1.0,0.4,294,37.4,4.8,30,0.0
2026-09-01T04:04:01Z,25.6,94,24.4,1006.5,1.1,0.4,307,37.8,3.2,60,0.8
2026-09-01T04:09:03Z,25.6,94,24.4,1006.3,1.0,0.3,296,38.0,3.0,60,0.8
2026-09-01T04:14:03Z,25.7,94,25.0,1006.4,1.4,0.3,305,38.2,3.4,53,0.0
2026-09-01T04:19:05Z,25.8,94,25.0,1006.4,1.4,0.4,290,39.0,7.6,42,0.0
2026-09-01T04:24:05Z,25.8,94,25.0,1006.3,1.5,0.5,290,39.4,6.2,44,0.0
2026-09-01T04:29:07Z,25.8,94,25.0,1006.3,1.3,0.4,296,40.0,6.2,21,0.0
2026-09-01T04:34:07Z,25.8,94,25.0,1006.3,1.2,0.4,296,40.6,7.4,44,0.0
2026-09-01T04:39:07Z,25.6,94,24.4,1006.3,1.2,0.2,275,41.6,28.4,11,0.0
2026-09-01T04:44:07Z,25.6,94,24.4,1006.4,1.1,0.4,259,42.2,5.4,33,0.0
2026-09-01T04:49:09Z,25.4,93,24.4,1006.3,1.0,0.4,292,42.4,4.0,63,0.7
2026-09-01T04:54:09Z,25.2,93,23.9,1006.2,0.8,0.2,282,42.6,3.0,58,0.7
2026-09-01T04:59:09Z,25.1,93,23.9,1006.2,1.3,0.3,283,42.8,2.6,51,0.0
2026-09-01T05:04:09Z,24.9,93,23.9,1006.3,1.7,0.3,288,43.2,4.0,51,0.0
2026-09-01T05:09:09Z,24.9,93,23.9,1006.2,1.3,0.4,273,43.4,3.0,54,0.0
2026-09-01T05:14:09Z,24.9,94,23.9,1006.1,1.8,0.4,291,43.8,2.8,44,0.0
2026-09-01T05:19:09Z,24.9,94,23.9,1006.2,0.8,0.3,259,43.8,2.2,77,0.9
2026-09-01T05:24:09Z,25.1,94,23.9,1006.0,1.0,0.2,294,44.0,1.6,74,0.8
2026-09-01T05:29:11Z,25.2,94,24.4,1006.0,0.9,0.2,294,44.0,1.4,69,0.8
2026-09-01T05:34:13Z,25.2,94,24.4,1006.0,0.4,0.2,294,44.2,1.0,77,0.8
2026-09-01T05:39:13Z,25.3,94,24.4,1006.0,0.4,0.1,294,44.2,1.0,84,0.9
2026-09-01T05:44:15Z,25.4,94,24.4,1005.9,0.5,0.1,294,44.2,1.0,81,0.9
2026-09-01T05:49:15Z,25.5,94,24.4,1005.8,0.7,0.2,294,44.4,1.0,86,0.9
2026-09-01T05:54:17Z,25.6,94,24.4,1005.7,1.1,0.2,300,44.4,1.0,98,1.0
2026-09-01T05:59:17Z,25.6,94,24.4,1005.6,0.9,0.2,300,44.4,0.8,100,1.0
2026-09-01T06:04:19Z,25.4,94,24.4,1005.4,1.2,0.2,303,44.4,0.0,104,1.0
2026-09-01T06:09:21Z,25.3,94,24.4,1005.3,1.6,0.4,279,44.4,0.0,109,1.1
2026-09-01T06:14:21Z,25.2,94,24.4,1005.2,1.2,0.4,309,44.4,0.0,111,1.1
2026-09-01T06:19:23Z,25.1,93,23.9,1005.1,1.9,0.4,298,44.4,0.0,111,1.1
2026-09-01T06:24:23Z,25.1,94,23.9,1005.0,1.4,0.4,311,44.4,0.0,88,0.9
2026-09-01T06:29:25Z,25.1,94,23.9,1004.9,1.4,0.4,311,44.4,0.0,97,0.9
2026-09-01T06:34:27Z,25.1,94,23.9,1004.8,1.3,0.4,292,44.4,0.0,107,1.0
2026-09-01T06:39:28Z,25.1,94,23.9,1004.8,1.3,0.4,314,44.4,0.0,88,0.8
2026-09-01T06:44:29Z,25.2,94,24.4,1004.8,1.5,0.4,304,44.4,0.0,81,0.8
2026-09-01T06:49:29Z,25.2,94,24.4,1004.6,1.3,0.4,285,44.4,0.0,100,0.9
2026-09-01T06:54:31Z,25.2,94,24.4,1004.6,1.6,0.4,282,44.4,0.0,97,0.8
2026-09-01T06:59:33Z,25.3,94,24.4,1004.6,0.8,0.4,302,44.4,0.0,84,0.8
2026-09-01T07:04:33Z,25.4,94,24.4,1004.5,1.1,0.2,306,44.4,0.0,83,0.7
2026-09-01T07:09:35Z,25.5,94,24.4,1004.4,1.2,0.2,301,44.4,0.0,98,0.8
2026-09-01T07:14:35Z,25.7,94,24.4,1004.3,1.1,0.2,306,44.4,0.0,114,0.9
2026-09-01T07:19:37Z,25.8,94,25.0,1004.1,0.7,0.2,306,44.4,0.0,142,1.1
2026-09-01T07:24:37Z,25.8,94,25.0,1004.2,1.0,0.2,313,44.4,0.0,127,1.0
2026-09-01T07:29:37Z,26.0,94,25.0,1004.2,0.9,0.3,290,44.4,0.0,134,0.9
2026-09-01T07:34:37Z,26.0,94,25.0,1004.3,1.0,0.4,306,44.4,0.0,141,1.0
2026-09-01T07:39:37Z,26.1,93,25.0,1004.3,1.3,0.2,299,44.4,0.0,137,0.9
2026-09-01T07:44:37Z,26.1,93,25.0,1004.4,0.9,0.3,303,44.4,0.0,127,0.8
2026-09-01T07:49:38Z,26.2,93,25.0,1004.4,1.1,0.3,311,44.4,0.0,109,0.7
2026-09-01T07:54:39Z,26.3,93,25.0,1004.4,0.7,0.2,309,44.4,0.0,88,0.5
2026-09-01T07:59:39Z,26.3,93,25.0,1004.3,1.6,0.4,306,44.4,0.0,76,0.0
2026-09-01T08:04:40Z,26.3,93,25.0,1004.5,1.3,0.4,303,44.4,0.0,67,0.0
2026-09-01T08:09:41Z,26.4,93,25.6,1004.6,1.2,0.3,300,44.4,0.0,86,0.5
2026-09-01T08:14:41Z,26.4,93,25.6,1004.6,1.1,0.3,298,44.4,0.0,67,0.0
2026-09-01T08:19:41Z,26.5,93,25.6,1004.5,0.4,0.2,298,44.4,0.0,67,0.0
2026-09-01T08:24:41Z,26.6,93,25.6,1004.6,0.4,0.2,304,44.4,0.0,53,0.0
2026-09-01T08:29:41Z,26.6,92,25.0,1004.6,0.0,0.2,304,44.4,0.0,56,0.0
2026-09-01T08:34:41Z,26.6,92,25.0,1004.7,0.7,0.1,304,44.4,0.0,18,0.0
2026-09-01T08:39:41Z,26.6,92,25.0,1004.8,1.1,0.1,304,44.4,0.0,32,0.0
2026-09-01T08:44:41Z,26.7,92,25.0,1004.8,1.3,0.3,302,44.4,0.0,39,0.0
2026-09-01T08:49:44Z,26.6,92,25.0,1004.8,0.9,0.3,299,44.4,0.0,28,0.0
2026-09-01T08:54:45Z,26.6,92,25.0,1004.8,0.9,0.2,292,44.6,0.0,28,0.0
2026-09-01T08:59:46Z,26.6,92,25.0,1005.0,1.7,0.3,292,44.6,0.0,23,0.0
2026-09-01T09:04:47Z,26.7,92,25.6,1005.0,0.8,0.3,309,44.6,0.0,19,0.0
2026-09-01T09:09:48Z,26.6,92,25.0,1005.1,1.0,0.2,302,44.6,0.0,16,0.0
2026-09-01T09:14:49Z,26.6,92,25.0,1005.1,1.1,0.2,306,44.6,0.0,16,0.0
2026-09-01T09:19:49Z,26.6,92,25.0,1005.1,0.7,0.2,308,44.6,0.0,14,0.0
2026-09-01T09:24:49Z,26.6,92,25.0,1005.1,1.1,0.2,313,44.8,0.0,12,0.0
2026-09-01T09:29:49Z,26.6,92,25.0,1005.1,0.7,0.2,313,44.8,0.0,9,0.0
2026-09-01T09:34:50Z,26.6,92,25.0,1005.1,0.1,0.2,310,44.8,0.0,9,0.0
2026-09-01T09:39:50Z,26.6,92,25.0,1005.2,0.7,0.2,310,44.8,0.0,5,0.0
2026-09-01T09:44:52Z,26.6,92,25.0,1005.3,0.0,0.1,310,44.8,0.0,0,0.0
2026-09-01T09:49:52Z,26.6,92,25.0,1005.3,0.0,0.1,310,44.8,0.0,0,0.0
2026-09-01T09:54:52Z,26.6,92,25.0,1005.2,0.1,0.0,310,44.8,0.0,0,0.0
2026-09-01T09:59:54Z,26.5,92,25.0,1005.2,0.1,0.0,310,45.0,0.0,0,0.0
2026-09-01T10:04:54Z,26.4,92,25.0,1005.2,0.0,0.1,310,45.0,0.0,0,0.0
2026-09-01T10:09:54Z,26.4,92,25.0,1005.2,0.0,0.1,310,45.0,0.0,0,0.0
2026-09-01T10:14:56Z,26.4,92,25.0,1005.2,0.3,0.1,310,45.0,0.0,0,0.0
2026-09-01T10:19:56Z,26.4,92,25.0,1005.2,0.2,0.1,310,45.0,0.0,0,0.0
2026-09-01T10:24:56Z,26.4,92,25.0,1005.4,0.8,0.2,69,45.0,0.0,0,0.0
2026-09-01T10:29:58Z,26.4,92,25.0,1005.4,0.0,0.2,69,45.0,0.0,0,0.0
2026-09-01T10:34:58Z,26.3,92,25.0,1005.3,0.3,0.1,68,45.2,0.0,0,0.0
2026-09-01T10:40:00Z,26.3,92,25.0,1005.4,0.3,0.1,69,45.2,0.0,0,0.0
2026-09-01T10:45:00Z,26.3,92,25.0,1005.4,0.5,0.1,68,45.2,0.0,0,0.0
2026-09-01T10:50:00Z,26.4,92,25.0,1005.5,1.3,0.2,296,45.2,0.0,0,0.0
2026-09-01T10:55:00Z,26.3,92,25.0,1005.3,0.9,0.2,282,45.2,0.0,0,0.0
2026-09-01T11:00:00Z,26.2,92,25.0,1005.4,1.1,0.5,281,45.2,0.0,0,0.0
2026-09-01T11:05:00Z,26.0,92,24.4,1005.4,1.3,0.4,296,45.2,0.0,0,0.0
2026-09-01T11:10:02Z,25.9,92,24.4,1005.3,0.7,0.3,286,45.4,0.0,0,0.0
2026-09-01T11:15:02Z,25.9,92,24.4,1005.6,0.7,0.2,285,45.8,28.0,0,0.0
2026-09-01T11:20:04Z,25.9,92,24.4,1005.6,0.4,0.1,285,50.2,16.0,0,0.0
2026-09-01T11:25:06Z,25.9,92,24.4,1005.8,1.0,0.2,205,51.4,15.4,0,0.0
2026-09-01T11:30:06Z,25.9,92,24.4,1005.7,0.0,0.2,205,54.6,9.4,0,0.0
2026-09-01T11:35:08Z,25.9,92,24.4,1005.8,0.1,0.1,205,55.2,4.6,0,0.0
2026-09-01T11:40:08Z,26.0,92,24.4,1005.5,0.4,0.2,191,55.2,2.2,0,0.0
2026-09-01T11:45:10Z,25.9,92,24.4,1005.8,0.5,0.2,191,55.2,1.2,0,0.0
2026-09-01T11:50:12Z,26.0,92,24.4,1006.6,1.1,0.3,286,56.4,4.6,0,0.0
2026-09-01T11:55:12Z,25.8,92,24.4,1006.8,1.7,0.5,240,56.6,2.6,0,0.0
2026-09-01T12:00:14Z,25.7,92,24.4,1006.8,2.1,0.5,237,56.8,1.4,0,0.0
2026-09-01T12:05:14Z,25.7,92,24.4,1006.7,2.0,0.5,355,57.2,3.8,0,0.0
2026-09-01T12:10:16Z,25.8,93,24.4,1006.9,3.7,0.8,284,57.8,10.2,0,0.0
2026-09-01T12:15:16Z,25.8,92,24.4,1006.9,4.5,0.8,340,58.8,9.4,0,0.0
2026-09-01T12:20:18Z,25.0,92,23.9,1007.0,3.4,0.7,309,59.4,7.2,0,0.0
2026-09-01T12:25:20Z,24.9,92,23.9,1007.1,1.9,0.6,314,60.0,6.4,0,0.0
2026-09-01T12:30:20Z,24.9,92,23.3,1007.1,2.1,0.4,282,60.6,8.6,0,0.0
2026-09-01T12:35:22Z,24.8,92,23.3,1007.0,2.7,0.4,298,61.4,8.4,0,0.0
2026-09-01T12:40:22Z,24.8,93,23.9,1007.1,3.0,0.5,294,62.0,6.6,0,0.0
2026-09-01T12:45:22Z,24.6,92,23.3,1007.0,2.1,0.5,317,62.8,9.6,0,0.0
2026-09-01T12:50:22Z,24.5,92,23.3,1007.0,1.7,0.4,304,63.2,5.0,0,0.0
2026-09-01T12:55:22Z,24.4,92,23.3,1007.3,1.8,0.4,290,63.8,7.6,0,0.0
2026-09-01T13:00:22Z,24.4,93,23.3,1007.4,1.2,0.4,301,64.8,16.6,0,0.0
2026-09-01T13:05:24Z,24.3,93,23.3,1007.6,0.6,0.3,300,66.4,17.4,0,0.0
2026-09-01T13:10:24Z,24.3,93,23.3,1007.6,0.6,0.3,300,68.0,17.6,0,0.0
2026-09-01T13:15:26Z,24.3,93,23.3,1007.7,0.3,0.1,301,69.4,26.8,0,0.0
2026-09-01T13:20:28Z,24.3,93,23.3,1007.3,1.0,0.2,300,72.8,29.0,0,0.0
2026-09-01T13:25:28Z,24.3,93,23.3,1007.5,1.2,0.2,300,74.0,11.0,0,0.0
2026-09-01T13:30:30Z,24.2,93,23.3,1007.6,0.8,0.2,304,75.0,16.2,0,0.0
2026-09-01T13:35:30Z,24.2,93,22.8,1007.7,0.6,0.2,304,76.4,15.6,0,0.0
2026-09-01T13:40:32Z,24.2,93,23.3,1007.6,0.9,0.1,302,78.6,39.4,0,0.0
2026-09-01T13:45:34Z,24.2,93,23.3,1007.6,0.9,0.2,156,80.8,13.6,0,0.0
2026-09-01T13:50:34Z,24.2,93,23.3,1007.5,0.4,0.2,157,82.4,15.0,0,0.0
2026-09-01T13:55:36Z,24.2,93,23.3,1007.6,0.3,0.1,158,83.0,6.0,0,0.0
2026-09-01T14:00:36Z,24.3,93,23.3,1007.5,0.4,0.1,158,83.6,6.8,0,0.0
2026-09-01T14:05:38Z,24.3,93,23.3,1007.3,0.5,0.1,158,84.2,7.2,0,0.0
2026-09-01T14:10:40Z,24.3,93,23.3,1007.2,0.2,0.1,158,84.8,7.0,0,0.0
2026-09-01T14:15:40Z,24.3,93,23.3,1007.3,0.3,0.1,157,85.2,5.8,0,0.0
2026-09-01T14:20:42Z,24.3,93,23.3,1007.3,0.3,0.1,157,85.8,5.4,0,0.0
2026-09-01T14:25:42Z,24.3,93,23.3,1007.1,0.2,0.1,157,86.4,8.2,0,0.0
2026-09-01T14:30:44Z,24.3,93,23.3,1006.9,0.3,0.1,157,87.2,9.4,0,0.0
2026-09-01T14:35:44Z,24.3,93,23.3,1006.7,0.3,0.1,157,87.6,5.8,0,0.0
2026-09-01T14:40:44Z,24.3,93,23.3,1006.8,0.5,0.1,157,88.0,3.6,0,0.0
2026-09-01T14:45:44Z,24.3,93,23.3,1006.7,0.0,0.1,157,88.2,2.6,0,0.0
2026-09-01T14:50:44Z,24.4,93,23.3,1006.6,0.4,0.1,157,88.4,3.0,0,0.0
2026-09-01T14:55:44Z,24.4,93,23.3,1006.6,0.7,0.1,157,88.8,5.2,0,0.0
2026-09-01T15:00:46Z,24.3,93,23.3,1006.7,0.8,0.3,157,89.0,2.8,0,0.0
2026-09-01T15:05:46Z,24.4,93,23.3,1006.6,0.5,0.3,157,89.0,1.6,0,0.0
2026-09-01T15:10:46Z,24.3,93,23.3,1006.5,0.3,0.1,157,89.0,1.0,0,0.0
2026-09-01T15:15:46Z,24.3,93,23.3,1006.5,0.0,0.1,157,89.2,1.0,0,0.0
2026-09-01T15:20:46Z,24.3,93,23.3,1006.5,0.6,0.1,157,89.2,1.0,0,0.0
2026-09-01T15:25:46Z,24.3,93,23.3,1006.5,0.2,0.1,157,89.2,0.8,0,0.0
2026-09-01T15:30:49Z,24.3,93,23.3,1006.5,0.4,0.1,157,89.2,0.0,0,0.0
2026-09-01T15:35:50Z,24.3,93,23.3,1006.4,0.2,0.1,157,89.4,0.0,0,0.0
2026-09-01T15:40:50Z,24.4,93,23.3,1006.5,0.4,0.1,157,89.6,1.8,0,0.0
2026-09-01T15:45:52Z,24.4,94,23.3,1006.4,0.6,0.1,157,89.8,3.4,0,0.0
2026-09-01T15:50:52Z,24.4,93,23.3,1006.2,0.4,0.1,157,89.8,1.4,0,0.0
2026-09-01T15:55:54Z,24.4,93,23.3,1006.2,0.6,0.2,155,90.0,1.4,0,0.0
2026-09-01T16:00:54Z,24.4,93,23.3,1006.2,0.8,0.2,155,90.0,1.2,0,0.0
2026-09-01T16:05:55Z,24.4,93,23.3,1006.1,1.0,0.2,155,0.0,1.0,0,0.0
2026-09-01T16:10:55Z,24.4,93,23.3,1005.9,0.7,0.2,155,0.2,0.8,0,0.0
2026-09-01T16:15:56Z,24.4,93,23.3,1005.8,0.6,0.2,44,0.2,0.8,0,0.0
2026-09-01T16:20:58Z,24.5,93,23.3,1005.7,0.7,0.2,135,0.2,0.8,0,0.0
2026-09-01T16:25:59Z,24.6,94,23.9,1005.7,0.6,0.2,140,0.4,0.8,0,0.0
2026-09-01T16:31:00Z,24.6,93,23.3,1005.6,1.0,0.3,142,0.4,0.8,0,0.0
2026-09-01T16:36:01Z,24.6,94,23.9,1005.4,1.1,0.3,158,0.6,1.0,0,0.0
2026-09-01T16:41:02Z,24.7,94,23.9,1005.3,1.2,0.3,141,0.6,1.0,0,0.0
2026-09-01T16:46:03Z,24.7,94,23.9,1005.2,0.8,0.3,115,0.6,1.0,0,0.0
2026-09-01T16:51:04Z,24.8,94,23.9,1005.1,0.4,0.3,111,0.8,0.8,0,0.0
2026-09-01T16:56:06Z,24.7,94,23.9,1005.0,1.4,0.2,144,0.8,0.8,0,0.0
2026-09-01T17:01:07Z,24.7,94,23.9,1004.9,1.6,0.4,156,0.8,0.8,0,0.0
2026-09-01T17:06:08Z,24.8,94,23.9,1005.0,1.7,0.4,157,1.0,0.8,0,0.0
2026-09-01T17:11:10Z,24.8,94,23.9,1005.0,2.4,0.6,113,1.6,6.6,0,0.0
2026-09-01T17:16:10Z,25.2,94,24.4,1004.9,1.4,0.6,136,2.0,5.0,0,0.0
2026-09-01T17:21:12Z,25.4,94,24.4,1004.9,0.7,0.3,136,2.0,1.8,0,0.0
2026-09-01T17:26:14Z,25.4,94,24.4,1004.7,0.5,0.2,136,2.2,1.4,0,0.0
2026-09-01T17:31:14Z,25.4,94,24.4,1004.7,0.2,0.2,136,2.2,1.4,0,0.0
2026-09-01T17:36:16Z,25.5,94,24.4,1004.6,0.5,0.1,136,2.2,1.0,0,0.0
2026-09-01T17:41:16Z,25.5,94,24.4,1004.6,0.3,0.1,136,2.2,0.0,0,0.0
2026-09-01T17:46:18Z,25.5,94,24.4,1004.7,0.4,0.1,136,2.4,0.0,0,0.0
2026-09-01T17:51:20Z,25.4,94,24.4,1004.6,0.2,0.1,136,2.4,0.0,0,0.0
2026-09-01T17:56:20Z,25.4,94,24.4,1004.5,0.3,0.1,136,2.4,0.0,0,0.0
2026-09-01T18:01:20Z,25.5,94,24.4,1004.4,0.5,0.1,136,2.4,0.0,0,0.0
2026-09-01T18:06:22Z,25.6,94,24.4,1004.4,0.1,0.1,136,2.4,0.0,0,0.0
2026-09-01T18:11:24Z,25.7,94,24.4,1004.3,0.5,0.2,138,2.4,0.0,0,0.0
2026-09-01T18:16:24Z,25.8,94,25.0,1004.2,0.3,0.2,138,2.4,0.0,0,0.0
2026-09-01T18:21:26Z,25.8,94,25.0,1004.0,0.2,0.1,138,2.4,0.0,0,0.0
2026-09-01T18:26:28Z,25.8,94,25.0,1004.0,1.2,0.2,360,4.4,56.8,0,0.0
2026-09-01T18:31:30Z,26.0,94,25.0,1004.2,2.4,0.4,144,5.0,4.0,0,0.0
2026-09-01T18:36:30Z,26.0,94,25.0,1004.3,1.5,0.4,157,5.0,2.0,0,0.0
2026-09-01T18:41:30Z,26.0,94,25.0,1004.2,1.5,0.5,105,5.0,1.0,0,0.0
2026-09-01T18:46:32Z,26.0,94,25.0,1004.2,1.1,0.5,128,5.0,0.8,0,0.0
2026-09-01T18:51:32Z,26.0,94,25.0,1004.1,0.7,0.2,122,5.0,0.0,0,0.0
2026-09-01T18:56:34Z,26.1,94,25.0,1004.1,0.6,0.3,122,5.0,0.0,0,0.0
2026-09-01T19:01:36Z,26.1,94,25.0,1004.0,1.0,0.2,121,5.0,0.0,0,0.0
2026-09-01T19:06:36Z,26.1,94,25.0,1004.0,0.7,0.3,156,5.0,0.0,0,0.0
2026-09-01T19:11:38Z,26.1,94,25.0,1003.9,1.2,0.3,124,5.0,0.0,0,0.0
2026-09-01T19:16:38Z,26.1,94,25.0,1004.0,0.5,0.3,103,5.0,0.0,0,0.0
2026-09-01T19:21:40Z,26.2,94,25.0,1003.9,1.1,0.2,143,5.0,0.0,0,0.0
2026-09-01T19:26:40Z,26.2,94,25.0,1003.9,0.8,0.2,143,5.0,0.0,0,0.0
2026-09-01T19:31:42Z,26.2,94,25.0,1003.8,0.8,0.2,143,5.0,0.0,0,0.0
2026-09-01T19:36:44Z,26.2,94,25.0,1003.8,0.6,0.2,142,5.0,0.0,0,0.0
2026-09-01T19:41:44Z,26.3,94,25.0,1003.7,1.0,0.3,133,5.0,0.0,0,0.0
2026-09-01T19:46:46Z,26.3,94,25.6,1003.7,1.3,0.3,134,5.0,0.0,0,0.0
2026-09-01T19:51:46Z,26.3,94,25.6,1003.7,1.1,0.4,132,5.0,0.0,0,0.0
2026-09-01T19:56:46Z,26.3,94,25.6,1003.7,0.8,0.4,134,5.0,0.0,0,0.0
2026-09-01T20:01:46Z,26.4,94,25.6,1003.7,1.1,0.4,143,5.0,0.0,0,0.0
2026-09-01T20:06:46Z,26.4,94,25.6,1003.6,0.7,0.4,114,5.0,0.0,0,0.0
2026-09-01T20:11:46Z,26.4,94,25.6,1003.5,0.8,0.2,115,5.0,0.0,0,0.0
2026-09-01T20:16:46Z,26.4,94,25.6,1003.5,0.9,0.4,129,5.0,0.0,0,0.0
2026-09-01T20:21:46Z,26.5,94,25.6,1003.5,0.6,0.4,151,5.0,0.0,0,0.0
2026-09-01T20:26:46Z,26.5,94,25.6,1003.5,1.3,0.3,144,5.0,0.0,0,0.0
2026-09-01T20:31:46Z,26.6,94,25.6,1003.4,1.3,0.4,107,5.0,0.0,0,0.0
2026-09-01T20:36:48Z,26.6,93,25.6,1003.3,1.7,0.4,125,5.0,0.0,0,0.0
2026-09-01T20:41:48Z,26.6,93,25.6,1003.3,1.1,0.4,157,5.0,0.0,0,0.0
2026-09-01T20:46:50Z,26.6,93,25.6,1003.2,0.9,0.4,128,5.0,0.0,0,0.0
2026-09-01T20:51:52Z,26.6,93,25.6,1003.3,0.8,0.2,138,5.0,0.0,0,0.0
2026-09-01T20:56:52Z,26.6,93,25.6,1003.1,1.1,0.3,146,5.0,0.0,0,0.0
2026-09-01T21:01:54Z,26.6,93,25.6,1003.2,1.3,0.3,144,5.0,0.0,0,0.0
2026-09-01T21:06:54Z,26.6,93,25.6,1003.2,1.2,0.3,146,5.0,0.0,0,0.0
2026-09-01T21:11:56Z,26.7,93,25.6,1003.2,1.2,0.3,147,5.0,0.0,0,0.0
2026-09-01T21:16:56Z,26.7,93,25.6,1003.2,1.3,0.3,165,5.0,0.0,0,0.0
2026-09-01T21:21:56Z,26.7,93,25.6,1003.2,1.0,0.3,149,5.0,0.0,0,0.0
2026-09-01T21:26:56Z,26.8,93,25.6,1003.2,0.9,0.3,145,5.0,0.0,0,0.0
2026-09-01T21:31:56Z,26.8,93,25.6,1003.2,1.1,0.4,138,5.0,0.0,0,0.0
2026-09-01T21:36:56Z,26.8,93,25.6,1003.0,1.8,0.4,148,5.0,0.0,0,0.0
2026-09-01T21:41:58Z,26.8,93,25.6,1002.9,0.9,0.4,107,5.2,0.0,0,0.0
2026-09-01T21:47:00Z,26.8,92,25.6,1003.0,1.6,0.5,146,5.2,0.0,0,0.0
2026-09-01T21:52:00Z,26.8,92,25.6,1003.0,0.9,0.5,146,5.2,0.0,5,0.0
2026-09-01T21:57:02Z,26.8,92,25.6,1003.0,1.2,0.3,150,5.2,0.0,5,0.0
2026-09-01T22:02:02Z,26.8,92,25.6,1003.2,1.1,0.3,135,5.2,0.0,9,0.0
2026-09-01T22:07:04Z,26.8,92,25.6,1003.1,0.9,0.3,142,5.2,0.0,18,0.0
2026-09-01T22:12:04Z,26.8,92,25.6,1003.2,1.2,0.3,116,5.2,0.0,19,0.0
2026-09-01T22:17:04Z,26.8,92,25.6,1003.0,1.3,0.3,316,5.2,0.0,35,0.0
2026-09-01T22:22:06Z,26.8,92,25.6,1003.0,1.0,0.4,147,5.2,0.0,44,0.0
2026-09-01T22:27:06Z,26.9,92,25.6,1003.0,1.2,0.4,144,5.2,0.0,44,0.0
2026-09-01T22:32:06Z,26.9,92,25.6,1003.1,1.5,0.4,230,5.2,0.0,69,0.0
2026-09-01T22:37:06Z,27.1,92,25.6,1003.0,1.5,0.4,129,5.4,0.0,79,0.0
2026-09-01T22:42:06Z,27.1,92,25.6,1003.1,0.7,0.3,129,5.4,0.0,86,0.0
2026-09-01T22:47:06Z,27.2,92,25.6,1002.9,0.6,0.2,130,5.4,0.0,70,0.0
2026-09-01T22:52:06Z,27.2,92,25.6,1003.0,0.6,0.1,130,5.4,0.0,90,0.0
2026-09-01T22:57:06Z,27.2,92,26.1,1003.0,0.7,0.2,128,5.4,0.0,51,0.0
2026-09-01T23:02:06Z,27.2,92,26.1,1003.1,1.1,0.3,153,5.4,0.0,123,0.0
2026-09-01T23:07:08Z,27.4,92,26.1,1002.9,0.3,0.3,153,5.4,0.0,104,0.0
2026-09-01T23:12:08Z,27.4,92,26.1,1003.2,1.2,0.3,173,6.2,10.4,40,0.0
2026-09-01T23:17:08Z,27.1,92,25.6,1003.4,1.9,0.5,109,6.2,2.0,139,0.5
2026-09-01T23:22:10Z,26.9,92,25.6,1003.5,1.8,0.5,141,6.2,1.0,130,0.7
2026-09-01T23:27:10Z,27.1,92,25.6,1003.6,0.7,0.4,147,6.2,0.8,174,1.0
2026-09-01T23:32:10Z,27.1,92,25.6,1003.5,1.3,0.4,59,6.2,0.0,272,0.8
2026-09-01T23:37:10Z,27.1,92,25.6,1003.5,1.4,0.4,123,6.2,0.0,167,0.9
2026-09-01T23:42:12Z,27.2,92,25.6,1003.6,1.0,0.4,123,6.2,0.0,172,1.0
2026-09-01T23:47:12Z,27.3,92,26.1,1003.6,0.6,0.2,126,6.2,0.0,132,1.0
2026-09-01T23:52:14Z,27.3,92,26.1,1003.6,0.4,0.2,125,6.2,0.0,120,0.6
2026-09-01T23:57:15Z,27.3,92,26.1,1003.7,0.3,0.2,125,6.2,0.0,54,0.0
2026-09-02T00:02:16Z,27.3,92,26.1,1003.7,0.4,0.2,125,6.2,0.0,44,0.0
2026-09-02T00:07:16Z,27.3,92,26.1,1003.7,0.7,0.2,124,6.2,0.0,63,0.8
2026-09-02T00:12:16Z,27.3,92,26.1,1003.8,0.6,0.3,140,6.2,0.0,28,0.0
2026-09-02T00:17:16Z,27.4,92,26.1,1003.7,0.4,0.3,140,6.2,0.0,39,0.0
2026-09-02T00:22:16Z,27.3,92,26.1,1003.7,1.1,0.2,130,7.8,31.8,28,0.0
2026-09-02T00:27:17Z,27.2,92,26.1,1003.7,1.0,0.3,133,8.0,2.6,53,0.0
2026-09-02T00:32:17Z,27.2,92,25.6,1003.8,0.9,0.3,114,8.0,1.2,79,0.7
2026-09-02T00:37:19Z,27.3,92,26.1,1003.6,0.5,0.3,115,8.0,0.8,186,1.5
2026-09-02T00:42:19Z,27.4,92,26.1,1003.6,0.7,0.1,118,8.0,0.0,44,0.0
2026-09-02T00:47:21Z,27.2,92,26.1,1003.9,1.8,0.6,190,9.2,79.4,40,0.0
2026-09-02T00:52:21Z,26.8,91,25.6,1003.8,1.2,0.6,62,10.4,8.8,70,0.8
2026-09-02T00:57:21Z,26.6,91,25.0,1003.7,0.9,0.5,148,10.8,3.0,67,0.8
2026-09-02T01:02:23Z,26.5,91,25.0,1003.7,1.7,0.4,140,11.0,3.4,62,0.9
2026-09-02T01:07:23Z,26.3,91,25.0,1003.6,0.9,0.4,156,11.0,1.6,37,0.0
2026-09-02T01:12:23Z,26.2,92,25.0,1003.7,0.9,0.3,156,11.0,1.0,26,0.0
2026-09-02T01:17:25Z,26.2,92,25.0,1003.8,0.8,0.2,150,11.0,0.0,39,0.0
2026-09-02T01:22:25Z,26.2,92,25.0,1003.7,1.2,0.3,142,11.4,4.8,76,1.3
2026-09-02T01:27:25Z,26.2,92,25.0,1003.5,0.8,0.4,132,11.4,1.6,79,1.1
2026-09-02T01:32:27Z,26.3,92,25.0,1003.5,1.1,0.3,97,11.4,1.0,135,1.7
2026-09-02T01:37:27Z,26.3,92,25.0,1003.6,1.2,0.3,103,11.4,0.0,151,1.9
2026-09-02T01:42:27Z,26.4,92,25.0,1003.8,0.9,0.3,107,11.4,0.0,139,1.7
2026-09-02T01:47:29Z,26.6,92,25.0,1003.6,0.9,0.3,123,11.4,0.0,146,1.8
2026-09-02T01:52:29Z,26.7,93,25.6,1003.6,0.9,0.2,127,11.4,0.0,141,1.7
2026-09-02T01:57:31Z,26.8,93,25.6,1003.6,0.4,0.2,131,11.4,0.0,121,1.6
2026-09-02T02:02:31Z,26.9,93,25.6,1003.6,1.1,0.4,146,11.4,0.0,111,1.3
2026-09-02T02:07:31Z,27.0,93,26.1,1003.5,0.5,0.4,143,11.4,0.0,114,1.4
2026-09-02T02:12:33Z,27.1,93,26.1,1003.4,0.8,0.2,142,11.4,0.0,76,0.9
2026-09-02T02:17:33Z,27.1,93,26.1,1003.4,1.1,0.2,142,11.4,0.0,54,0.0
2026-09-02T02:22:33Z,27.1,93,26.1,1003.4,1.3,0.2,144,11.4,0.0,74,0.9
2026-09-02T02:27:35Z,26.9,93,25.6,1003.4,1.2,0.5,140,11.4,0.0,118,1.4
2026-09-02T02:32:37Z,26.9,93,25.6,1003.4,0.9,0.4,107,11.4,0.0,160,1.9
2026-09-02T02:37:37Z,26.9,93,25.6,1003.4,1.6,0.4,173,11.4,0.0,181,2.2
2026-09-02T02:42:37Z,26.9,93,25.6,1003.4,1.3,0.4,111,11.4,0.0,186,2.2
2026-09-02T02:47:37Z,27.1,93,26.1,1003.3,1.2,0.4,146,11.4,0.0,216,2.5
2026-09-02T02:52:37Z,27.2,93,26.1,1003.2,0.6,0.4,236,11.4,0.0,213,2.4
2026-09-02T02:57:37Z,27.3,93,26.1,1003.1,0.7,0.2,175,11.4,0.0,162,1.8
2026-09-02T03:02:39Z,27.3,93,26.1,1002.9,1.0,0.2,130,11.4,0.0,195,2.2
2026-09-02T03:07:41Z,27.4,93,26.1,1002.9,0.8,0.3,333,11.4,0.0,251,2.3
2026-09-02T03:12:41Z,27.4,93,26.1,1002.8,1.1,0.3,144,11.4,0.0,237,2.3
2026-09-02T03:17:41Z,27.6,93,26.1,1002.6,1.2,0.4,128,11.4,0.0,295,3.1
2026-09-02T03:22:43Z,27.6,93,26.7,1002.6,1.3,0.4,154,11.4,0.0,290,3.0
2026-09-02T03:27:45Z,27.7,93,26.7,1002.5,0.7,0.4,57,11.4,0.0,236,2.5
2026-09-02T03:32:47Z,27.7,92,26.1,1002.5,0.8,0.3,135,11.4,0.0,183,1.9
2026-09-02T03:37:47Z,27.7,92,26.1,1002.4,1.1,0.3,192,11.4,0.0,162,1.8
2026-09-02T03:42:47Z,27.7,92,26.1,1002.4,0.9,0.3,136,11.4,0.0,139,1.5
2026-09-02T03:47:49Z,27.6,92,26.1,1002.3,1.0,0.4,64,11.4,0.0,165,1.4
2026-09-02T03:52:51Z,27.7,92,26.1,1002.4,1.0,0.4,36,11.4,0.0,156,1.9
2026-09-02T03:57:51Z,27.6,91,26.1,1002.3,0.9,0.4,152,11.4,0.0,141,1.5
2026-09-02T04:02:51Z,27.6,91,26.1,1002.2,2.1,0.4,151,11.4,0.0,188,2.1
2026-09-02T04:07:51Z,27.6,91,26.1,1002.2,1.5,0.4,139,11.4,0.0,100,1.1
2026-09-02T04:12:51Z,27.7,91,26.1,1002.0,1.2,0.4,150,11.4,0.0,67,0.7
2026-09-02T04:17:51Z,27.7,91,26.1,1002.1,1.3,0.4,122,11.4,0.0,139,1.5
2026-09-02T04:22:53Z,27.8,91,26.1,1002.0,1.0,0.3,153,11.4,0.0,262,3.0
2026-09-02T04:27:53Z,28.0,91,26.7,1001.9,0.9,0.3,124,11.4,0.0,272,2.9
2026-09-02T04:32:53Z,28.1,91,26.7,1001.7,0.8,0.2,110,11.4,0.0,339,3.4
2026-09-02T04:37:53Z,28.2,91,26.7,1001.6,1.0,0.4,157,11.4,0.0,265,2.7
2026-09-02T04:42:53Z,28.3,91,26.7,1001.5,1.2,0.4,130,11.4,0.0,276,2.9
2026-09-02T04:47:55Z,28.5,90,26.7,1001.5,0.9,0.4,122,11.4,0.0,418,4.4
2026-09-02T04:52:55Z,28.6,90,26.7,1001.3,1.1,0.3,147,11.4,0.0,436,1.7
2026-09-02T04:57:55Z,28.6,90,26.7,1001.2,1.7,0.4,121,11.8,8.8,32,0.0
2026-09-02T05:02:57Z,28.4,90,26.7,1001.3,0.9,0.4,88,12.0,3.8,90,1.3
2026-09-02T05:07:59Z,28.2,90,26.7,1001.3,0.9,0.3,75,12.0,1.4,49,0.7
2026-09-02T05:12:59Z,28.1,90,26.7,1001.3,0.6,0.2,106,13.8,23.4,39,0.0
2026-09-02T05:18:01Z,28.0,90,26.1,1001.5,0.8,0.2,19,17.8,48.6,39,0.0
2026-09-02T05:23:01Z,27.4,90,25.6,1001.4,1.0,0.5,282,20.4,24.8,40,0.0
2026-09-02T05:28:01Z,27.2,90,25.6,1001.1,0.8,0.5,146,21.6,7.0,44,0.0
2026-09-02T05:33:01Z,27.1,91,25.6,1000.9,0.4,0.2,145,22.0,4.4,40,0.0
2026-09-02T05:38:01Z,27.1,91,25.6,1000.9,0.1,0.1,145,22.0,1.6,69,0.7
2026-09-02T05:43:03Z,27.1,91,25.6,1001.0,0.7,0.2,141,22.0,1.0,81,0.7
2026-09-02T05:48:03Z,27.1,91,25.6,1000.9,0.5,0.2,140,22.0,0.0,49,0.0
2026-09-02T05:53:03Z,27.2,91,25.6,1001.0,0.8,0.2,114,22.0,0.0,86,0.8
2026-09-02T05:58:05Z,27.2,92,25.6,1000.9,0.8,0.2,141,22.0,0.0,69,0.6
2026-09-02T06:03:07Z,27.2,92,25.6,1001.0,0.4,0.2,141,22.0,0.0,62,0.5
2026-09-02T06:08:07Z,27.2,92,26.1,1001.0,0.4,0.2,142,22.0,0.0,37,0.0
2026-09-02T06:13:09Z,27.2,92,25.6,1000.9,0.4,0.2,142,22.0,0.0,25,0.0
2026-09-02T06:18:09Z,27.2,92,25.6,1000.8,0.4,0.2,142,22.0,0.0,32,0.0
2026-09-02T06:23:11Z,27.2,92,26.1,1000.6,0.3,0.1,142,22.0,0.0,37,0.0
2026-09-02T06:28:13Z,27.2,92,25.6,1000.6,0.2,0.1,142,22.0,0.0,23,0.0
2026-09-02T06:33:13Z,27.2,92,26.1,1000.6,0.4,0.1,142,22.0,0.0,30,0.0
2026-09-02T06:38:15Z,27.3,92,26.1,1000.6,0.4,0.2,142,22.0,0.0,28,0.0
2026-09-02T06:43:15Z,27.3,92,26.1,1000.5,0.7,0.2,141,22.0,0.0,23,0.0
2026-09-02T06:48:17Z,27.3,92,26.1,1000.5,0.5,0.1,142,22.0,0.0,39,0.0
2026-09-02T06:53:19Z,27.3,92,26.1,1000.4,0.4,0.2,280,22.0,0.0,65,0.5
2026-09-02T06:58:19Z,27.3,93,26.1,1000.3,0.5,0.2,298,22.0,0.0,67,0.5
2026-09-02T07:03:21Z,27.3,93,26.1,1000.3,0.8,0.2,121,22.0,0.0,77,0.6
2026-09-02T07:08:21Z,27.3,93,26.1,1000.3,0.6,0.2,130,22.0,0.0,81,0.6
2026-09-02T07:13:23Z,27.3,93,26.1,1000.2,0.4,0.2,119,22.0,0.0,76,0.5
2026-09-02T07:18:23Z,27.3,93,26.1,1000.2,1.0,0.3,123,22.0,0.0,49,0.0
2026-09-02T07:23:26Z,27.3,93,26.1,1000.3,0.7,0.3,125,22.0,0.0,49,0.0
2026-09-02T07:28:27Z,27.3,93,26.1,1000.4,0.2,0.2,124,22.0,0.0,49,0.0
2026-09-02T07:33:28Z,27.3,93,26.1,1000.3,0.7,0.2,125,22.0,0.0,44,0.0
2026-09-02T07:38:29Z,27.3,93,26.1,1000.4,0.4,0.3,132,22.0,0.0,16,0.0
2026-09-02T07:43:30Z,27.2,93,26.1,1000.5,0.7,0.3,100,22.0,0.0,25,0.0
2026-09-02T07:48:32Z,27.2,92,26.1,1000.5,0.4,0.3,135,22.0,0.0,19,0.0
2026-09-02T07:53:33Z,27.3,93,26.1,1000.5,0.4,0.3,135,22.0,0.0,28,0.0
2026-09-02T07:58:34Z,27.3,93,26.1,1000.5,0.4,0.1,135,22.0,0.0,62,0.0
2026-09-02T08:03:35Z,27.3,93,26.1,1000.4,0.6,0.1,136,22.0,0.0,47,0.0
2026-09-02T08:08:36Z,27.3,92,26.1,1000.3,0.6,0.1,136,22.0,0.0,39,0.0
2026-09-02T08:13:38Z,27.3,93,26.1,1000.4,0.4,0.1,136,22.0,0.0,46,0.0
2026-09-02T08:18:40Z,27.2,92,26.1,1000.2,0.7,0.1,167,22.0,0.0,46,0.0
2026-09-02T08:23:40Z,27.2,93,26.1,1000.2,0.8,0.2,134,22.0,0.0,63,0.0
2026-09-02T08:28:42Z,27.3,93,26.1,1000.1,1.4,0.4,135,22.0,0.0,67,0.0
2026-09-02T08:33:42Z,27.3,93,26.1,1000.1,0.5,0.4,136,22.0,0.0,69,0.0
2026-09-02T08:38:42Z,27.3,92,26.1,1000.1,1.2,0.2,128,22.0,0.0,56,0.0
2026-09-02T08:43:42Z,27.4,92,26.1,1000.1,1.4,0.4,109,22.0,0.0,26,0.0
2026-09-02T08:48:44Z,27.4,92,26.1,1000.1,1.1,0.4,117,22.0,0.0,25,0.0
2026-09-02T08:53:44Z,27.4,92,26.1,1000.2,0.5,0.2,117,22.0,0.0,30,0.0
2026-09-02T08:58:44Z,27.4,92,26.1,1000.2,1.4,0.3,134,22.0,0.0,30,0.0
2026-09-02T09:03:44Z,27.4,92,26.1,1000.1,0.6,0.3,133,22.0,0.0,58,0.0
2026-09-02T09:08:46Z,27.4,92,26.1,1000.1,0.8,0.2,159,22.0,0.0,26,0.0
2026-09-02T09:13:46Z,27.5,92,26.1,1000.3,0.6,0.2,158,22.0,0.0,19,0.0
2026-09-02T09:18:46Z,27.5,92,26.1,1000.4,0.4,0.3,123,22.0,0.0,16,0.0
2026-09-02T09:23:46Z,27.4,92,26.1,1000.3,0.8,0.3,127,22.0,0.0,23,0.0
2026-09-02T09:28:48Z,27.4,92,26.1,1000.3,1.0,0.3,144,22.0,0.0,11,0.0
2026-09-02T09:33:48Z,27.4,92,26.1,1000.5,0.4,0.3,227,23.6,72.0,0,0.0
2026-09-02T09:38:48Z,27.4,92,26.1,1000.5,0.6,0.2,242,27.0,23.8,0,0.0
2026-09-02T09:43:50Z,27.1,91,25.6,1000.5,0.2,0.2,230,29.4,21.0,0,0.0
2026-09-02T09:48:50Z,26.9,91,25.6,1000.6,0.4,0.2,146,30.0,4.8,0,0.0
2026-09-02T09:53:50Z,26.8,91,25.0,1000.6,0.4,0.1,146,30.4,4.6,0,0.0
2026-09-02T09:58:50Z,26.7,91,25.0,1000.6,0.8,0.2,74,30.6,3.2,0,0.0
2026-09-02T10:03:50Z,26.6,92,25.0,1000.6,0.6,0.3,59,30.6,1.4,0,0.0
2026-09-02T10:08:50Z,26.5,92,25.0,1000.7,1.0,0.3,146,30.6,1.0,0,0.0
2026-09-02T10:13:52Z,26.5,92,25.0,1000.7,0.5,0.3,237,30.6,0.0,0,0.0
2026-09-02T10:18:52Z,26.6,92,25.0,1000.7,0.8,0.2,42,30.6,0.0,0,0.0
2026-09-02T10:23:54Z,26.7,92,25.6,1000.9,0.8,0.3,264,30.6,0.0,0,0.0
2026-09-02T10:28:54Z,26.8,92,25.6,1000.9,0.6,0.3,244,30.6,0.0,0,0.0
2026-09-02T10:33:56Z,26.9,93,25.6,1000.9,0.4,0.2,70,30.6,0.0,0,0.0
2026-09-02T10:38:56Z,26.9,93,26.1,1000.9,0.9,0.2,136,30.8,0.0,0,0.0
2026-09-02T10:43:56Z,26.9,93,26.1,1000.9,0.8,0.2,61,31.0,3.0,0,0.0
2026-09-02T10:48:56Z,27.0,93,26.1,1000.8,1.0,0.2,69,31.0,1.4,0,0.0
2026-09-02T10:53:58Z,27.0,93,26.1,1000.7,0.7,0.2,78,31.0,1.0,0,0.0
2026-09-02T10:58:58Z,26.9,93,25.6,1000.7,0.7,0.2,232,31.0,0.0,0,0.0
2026-09-02T11:03:58Z,26.9,93,25.6,1000.7,0.3,0.2,219,31.0,0.0,0,0.0
2026-09-02T11:09:00Z,26.9,93,25.6,1000.6,0.5,0.1,219,31.2,0.0,0,0.0
2026-09-02T11:14:02Z,27.0,93,26.1,1000.6,0.4,0.1,219,31.2,0.0,0,0.0
2026-09-02T11:19:02Z,27.0,93,26.1,1000.8,0.3,0.1,219,31.2,0.0,0,0.0
2026-09-02T11:24:02Z,27.1,93,26.1,1000.8,0.3,0.1,219,31.2,0.0,0,0.0
2026-09-02T11:29:04Z,27.1,93,26.1,1001.0,0.6,0.2,234,31.2,0.0,0,0.0
2026-09-02T11:34:04Z,27.2,93,26.1,1001.0,0.5,0.2,193,31.2,0.0,0,0.0
2026-09-02T11:39:04Z,27.2,93,26.1,1001.0,0.6,0.2,196,31.2,0.0,0,0.0
2026-09-02T11:44:04Z,27.2,93,26.1,1001.0,0.8,0.2,184,31.2,0.0,0,0.0
2026-09-02T11:49:04Z,27.2,93,26.1,1000.9,1.3,0.4,282,31.2,0.0,0,0.0
2026-09-02T11:54:06Z,27.1,93,26.1,1000.8,1.6,0.5,332,31.2,0.0,0,0.0
2026-09-02T11:59:06Z,26.9,93,25.6,1000.9,1.3,0.5,244,31.4,0.0,0,0.0
2026-09-02T12:04:08Z,26.9,93,25.6,1001.1,0.5,0.5,313,31.4,0.0,0,0.0
2026-09-02T12:09:08Z,26.9,93,25.6,1001.4,0.6,0.4,213,31.4,0.0,0,0.0
2026-09-02T12:14:10Z,26.9,93,25.6,1001.5,1.7,0.4,261,31.4,0.0,0,0.0
2026-09-02T12:19:10Z,26.7,93,25.6,1001.9,1.3,0.5,240,31.4,0.0,0,0.0
2026-09-02T12:24:12Z,26.6,93,25.6,1001.7,0.8,0.5,157,31.6,0.0,0,0.0
2026-09-02T12:29:12Z,26.4,93,25.6,1001.8,0.6,0.3,147,31.6,0.0,0,0.0
2026-09-02T12:34:14Z,26.4,93,25.0,1001.8,0.7,0.4,146,31.6,0.0,0,0.0
2026-09-02T12:39:16Z,26.4,93,25.0,1001.8,0.4,0.1,146,31.6,0.0,0,0.0
2026-09-02T12:44:16Z,26.4,93,25.6,1001.8,0.0,0.1,146,31.6,0.0,0,0.0
2026-09-02T12:49:18Z,26.4,93,25.0,1001.9,0.0,0.0,146,31.8,0.0,0,0.0
2026-09-02T12:54:18Z,26.4,93,25.0,1001.9,0.0,0.1,146,31.8,0.0,0,0.0
2026-09-02T12:59:20Z,26.4,93,25.0,1001.9,0.2,0.1,146,31.8,1.0,0,0.0
2026-09-02T13:04:22Z,26.4,93,25.6,1001.9,0.4,0.1,146,32.0,1.0,0,0.0
2026-09-02T13:09:22Z,26.4,93,25.6,1001.8,0.0,0.1,146,32.0,1.0,0,0.0
2026-09-02T13:14:24Z,26.4,93,25.6,1001.8,0.1,0.1,146,32.6,5.6,0,0.0
2026-09-02T13:19:24Z,26.5,93,25.6,1002.0,0.6,0.1,140,34.6,21.0,0,0.0
2026-09-02T13:24:51Z,26.6,93,25.6,1002.0,0.5,0.2,208,36.6,6.4,0,0.0
2026-09-02T13:29:52Z,26.6,93,25.6,1002.0,0.4,0.2,248,37.0,3.6,0,0.0
2026-09-02T13:34:54Z,26.6,93,25.6,1002.0,0.3,0.1,249,37.8,9.8,0,0.0
2026-09-02T13:39:54Z,26.6,93,25.6,1002.0,0.4,0.1,249,38.4,12.8,0,0.0
2026-09-02T13:44:56Z,26.7,93,25.6,1002.0,0.6,0.1,250,39.0,3.8,0,0.0
2026-09-02T13:49:56Z,26.7,93,25.6,1002.1,0.2,0.1,250,39.0,1.4,0,0.0
2026-09-02T13:54:58Z,26.7,93,25.6,1002.0,0.5,0.1,303,39.2,1.0,0,0.0
2026-09-02T14:00:00Z,26.7,93,25.6,1001.9,0.2,0.1,303,39.2,1.0,0,0.0
2026-09-02T14:05:00Z,26.7,93,25.6,1001.9,0.2,0.1,26,39.2,1.0,0,0.0
2026-09-02T14:10:02Z,26.7,93,25.6,1001.9,0.2,0.1,26,39.2,0.8,0,0.0
2026-09-02T14:15:02Z,26.7,93,25.6,1002.0,0.2,0.1,26,39.2,0.0,0,0.0
2026-09-02T14:20:04Z,26.6,93,25.6,1001.9,0.6,0.1,27,39.2,0.0,0,0.0
2026-09-02T14:25:04Z,26.5,93,25.6,1001.9,0.0,0.1,27,39.2,0.0,0,0.0
2026-09-02T14:30:04Z,26.4,93,25.6,1001.9,0.1,0.1,27,39.2,0.0,0,0.0
2026-09-02T14:35:06Z,26.4,93,25.0,1001.9,0.0,0.1,27,39.2,0.0,0,0.0
2026-09-02T14:40:08Z,26.4,93,25.6,1002.0,0.0,0.0,27,39.2,0.0,0,0.0
2026-09-02T14:45:10Z,26.4,93,25.6,1002.0,0.0,0.1,27,39.2,0.0,0,0.0
2026-09-02T14:50:11Z,26.4,93,25.6,1001.9,0.1,0.1,27,39.2,0.0,0,0.0
2026-09-02T14:55:13Z,26.5,93,25.6,1001.8,0.3,0.1,27,39.2,0.0,0,0.0
2026-09-02T15:00:13Z,26.6,93,25.6,1001.8,0.1,0.1,27,39.2,0.0,0,0.0
2026-09-02T15:05:51Z,26.6,93,25.6,1001.8,0.1,0.0,27,39.2,0.0,0,0.0
2026-09-02T15:10:52Z,26.7,93,25.6,1001.8,0.4,0.1,27,39.2,0.0,0,0.0
2026-09-02T15:15:53Z,26.8,94,25.6,1001.7,0.3,0.1,28,39.2,0.0,0,0.0
2026-09-02T15:20:54Z,26.8,93,25.6,1001.7,0.6,0.1,124,39.2,0.0,0,0.0
2026-09-02T15:25:55Z,26.9,93,25.6,1001.7,0.0,0.1,123,39.2,0.0,0,0.0
2026-09-02T15:30:56Z,26.8,93,25.6,1001.7,0.5,0.1,122,39.2,0.0,0,0.0
2026-09-02T15:35:57Z,26.8,93,25.6,1001.7,0.4,0.1,123,39.2,0.0,0,0.0
2026-09-02T15:40:59Z,26.9,93,25.6,1001.7,0.4,0.1,123,39.2,0.0,0,0.0
2026-09-02T15:45:59Z,26.8,93,25.6,1001.8,0.3,0.2,123,39.2,0.0,0,0.0
2026-09-02T15:50:59Z,26.8,93,25.6,1001.7,0.2,0.2,123,39.2,0.0,0,0.0
2026-09-02T15:55:59Z,26.8,93,25.6,1001.6,0.1,0.1,123,39.2,0.0,0,0.0
2026-09-02T16:00:59Z,26.9,93,25.6,1001.7,0.1,0.2,123,39.2,0.0,0,0.0
2026-09-02T16:06:00Z,26.8,93,25.6,1001.6,0.4,0.1,123,0.0,0.0,0,0.0
2026-09-02T16:11:00Z,26.8,93,25.6,1001.7,0.0,0.1,123,0.0,0.0,0,0.0
2026-09-02T16:16:00Z,26.8,93,25.6,1001.6,0.3,0.1,124,0.0,0.0,0,0.0
2026-09-02T16:21:00Z,26.8,94,26.1,1001.7,0.0,0.2,176,0.2,0.0,0,0.0
2026-09-02T16:26:02Z,26.8,94,26.1,1001.7,0.6,0.2,180,0.2,0.0,0,0.0
2026-09-02T16:31:02Z,26.9,94,26.1,1001.7,0.4,0.1,181,0.2,0.0,0,0.0
2026-09-02T16:36:04Z,26.9,94,26.1,1001.6,0.3,0.2,232,0.2,0.0,0,0.0
2026-09-02T16:41:04Z,26.9,94,26.1,1001.5,0.4,0.2,232,0.2,0.0,0,0.0
2026-09-02T16:46:06Z,26.9,94,26.1,1001.5,0.2,0.1,231,0.2,0.0,0,0.0
2026-09-02T16:51:08Z,26.9,94,26.1,1001.5,0.4,0.1,178,0.2,0.0,0,0.0
2026-09-02T16:56:08Z,26.9,94,26.1,1001.5,0.4,0.2,180,0.2,0.0,0,0.0
2026-09-02T17:01:10Z,26.9,93,25.6,1001.5,0.9,0.2,191,0.2,0.0,0,0.0
2026-09-02T17:06:10Z,26.9,93,25.6,1001.4,0.7,0.2,87,0.2,0.0,0,0.0
2026-09-02T17:11:12Z,26.9,93,25.6,1001.6,0.7,0.1,159,0.6,7.8,0,0.0
2026-09-02T17:16:14Z,26.8,93,25.6,1001.5,0.6,0.2,272,0.6,2.0,0,0.0
2026-09-02T17:21:14Z,26.6,93,25.6,1001.6,0.5,0.2,248,0.6,1.2,0,0.0
2026-09-02T17:26:16Z,26.5,93,25.6,1001.6,1.1,0.2,236,0.6,0.8,0,0.0
2026-09-02T17:31:16Z,26.4,93,25.0,1001.5,0.6,0.3,234,0.6,0.0,0,0.0
2026-09-02T17:36:18Z,26.3,93,25.0,1001.5,1.0,0.2,251,0.6,0.0,0,0.0
2026-09-02T17:41:18Z,26.3,93,25.0,1001.5,0.6,0.2,250,0.6,0.0,0,0.0
2026-09-02T17:46:18Z,26.3,93,25.0,1001.4,0.4,0.2,250,0.6,0.0,0,0.0
2026-09-02T17:51:20Z,26.4,93,25.0,1001.4,0.6,0.2,253,0.6,0.0,0,0.0
2026-09-02T17:56:20Z,26.4,93,25.6,1001.4,1.0,0.4,169,0.6,0.0,0,0.0
2026-09-02T18:01:22Z,26.4,93,25.6,1001.6,1.4,0.4,270,0.6,0.0,0,0.0
2026-09-02T18:06:22Z,26.4,93,25.6,1001.5,0.7,0.4,288,0.8,0.0,0,0.0
2026-09-02T18:11:22Z,26.4,93,25.0,1001.5,0.3,0.2,313,0.8,0.0,0,0.0
2026-09-02T18:16:22Z,26.4,93,25.0,1001.4,0.2,0.2,313,0.8,0.0,0,0.0
2026-09-02T18:21:24Z,26.3,93,25.0,1001.4,0.0,0.1,314,0.8,0.0,0,0.0
2026-09-02T18:26:24Z,26.3,93,25.0,1001.3,0.2,0.1,314,0.8,0.0,0,0.0
2026-09-02T18:31:26Z,26.3,93,25.0,1001.3,0.1,0.1,314,0.8,0.0,0,0.0
2026-09-02T18:36:26Z,26.3,93,25.0,1001.2,0.0,0.0,314,0.8,0.0,0,0.0
2026-09-02T18:41:26Z,26.3,93,25.0,1001.2,0.3,0.1,314,0.8,0.0,0,0.0
2026-09-02T18:46:26Z,26.4,93,25.0,1001.1,0.4,0.2,313,0.8,0.0,0,0.0
2026-09-02T18:51:26Z,26.4,93,25.6,1001.2,0.1,0.2,313,0.8,0.0,0,0.0
2026-09-02T18:56:26Z,26.4,93,25.6,1001.2,0.3,0.1,315,0.8,0.0,0,0.0
2026-09-02T19:01:28Z,26.5,93,25.6,1001.1,0.4,0.2,338,0.8,0.0,0,0.0
2026-09-02T19:06:28Z,26.5,93,25.6,1001.1,0.4,0.2,335,0.8,0.0,0,0.0
2026-09-02T19:11:28Z,26.4,93,25.6,1001.1,0.3,0.2,286,0.8,0.0,0,0.0
2026-09-02T19:16:28Z,26.4,93,25.6,1000.9,0.2,0.1,286,0.8,0.0,0,0.0
2026-09-02T19:21:28Z,26.5,93,25.6,1001.0,0.0,0.1,286,0.8,0.0,0,0.0
2026-09-02T19:26:28Z,26.4,93,25.6,1001.1,0.0,0.0,286,0.8,0.0,0,0.0
2026-09-02T19:31:30Z,26.4,93,25.6,1001.1,0.0,0.0,286,0.8,0.0,0,0.0
2026-09-02T19:36:30Z,26.4,93,25.6,1001.1,0.5,0.1,286,0.8,0.0,0,0.0
2026-09-02T19:41:30Z,26.4,93,25.6,1001.1,0.1,0.1,286,0.8,0.0,0,0.0
2026-09-02T19:46:30Z,26.6,93,25.6,1001.1,0.2,0.1,286,0.8,0.0,0,0.0
2026-09-02T19:51:32Z,26.6,93,25.6,1001.2,0.0,0.1,286,0.8,0.0,0,0.0
2026-09-02T19:56:34Z,26.6,93,25.6,1001.3,0.0,0.1,286,0.8,0.0,0,0.0
2026-09-02T20:01:34Z,26.6,93,25.6,1001.2,0.6,0.3,256,0.8,0.0,0,0.0
2026-09-02T20:06:34Z,26.7,93,25.6,1001.3,0.2,0.3,256,0.8,0.0,0,0.0
2026-09-02T20:11:34Z,26.7,93,25.6,1001.3,0.0,0.0,256,0.8,0.0,0,0.0
2026-09-02T20:16:36Z,26.6,93,25.6,1001.2,0.5,0.2,234,0.8,0.0,0,0.0
2026-09-02T20:21:36Z,26.6,93,25.6,1001.1,0.1,0.2,238,0.8,0.0,0,0.0
2026-09-02T20:26:38Z,26.6,93,25.6,1001.2,0.4,0.1,238,0.8,0.0,0,0.0
2026-09-02T20:31:38Z,26.6,93,25.6,1001.2,0.0,0.1,238,0.8,0.0,0,0.0
2026-09-02T20:36:38Z,26.6,93,25.6,1001.3,0.0,0.0,238,0.8,0.0,0,0.0
2026-09-02T20:41:40Z,26.6,93,25.6,1001.2,0.0,0.1,238,0.8,0.0,0,0.0
2026-09-02T20:46:40Z,26.5,93,25.6,1001.1,0.0,0.0,238,0.8,0.0,0,0.0
2026-09-02T20:51:40Z,26.6,93,25.6,1001.1,0.0,0.0,238,0.8,0.0,0,0.0
2026-09-02T20:56:40Z,26.5,93,25.6,1001.2,0.0,0.0,238,0.8,0.0,0,0.0
2026-09-02T21:01:40Z,26.6,93,25.6,1001.4,0.0,0.0,238,0.8,0.0,0,0.0
2026-09-02T21:06:40Z,26.5,93,25.6,1001.5,0.1,0.1,238,0.8,0.0,0,0.0
2026-09-02T21:11:40Z,26.5,93,25.6,1001.4,0.0,0.1,237,0.8,0.0,0,0.0
2026-09-02T21:16:40Z,26.6,93,25.6,1001.5,0.2,0.1,238,0.8,0.0,0,0.0
2026-09-02T21:21:40Z,26.5,93,25.6,1001.5,0.1,0.1,237,0.8,0.0,0,0.0
2026-09-02T21:26:42Z,26.4,93,25.6,1001.5,0.1,0.1,238,0.8,0.0,0,0.0
2026-09-02T21:31:42Z,26.4,92,25.0,1001.4,0.0,0.0,238,0.8,0.0,0,0.0
2026-09-02T21:36:42Z,26.3,92,25.0,1001.4,0.1,0.0,238,0.8,0.0,0,0.0
2026-09-02T21:41:42Z,26.3,93,25.0,1001.3,0.3,0.1,238,0.8,0.0,0,0.0
2026-09-02T21:46:42Z,26.3,93,25.0,1001.5,0.0,0.1,237,0.8,0.0,0,0.0
2026-09-02T21:51:42Z,26.3,93,25.0,1001.6,0.0,0.1,237,0.8,0.0,0,0.0
2026-09-02T21:56:44Z,26.3,93,25.0,1001.6,0.0,0.1,237,0.8,0.0,5,0.0
2026-09-02T22:01:44Z,26.3,93,25.0,1001.6,0.0,0.0,237,0.8,0.0,5,0.0
2026-09-02T22:06:44Z,26.3,93,25.0,1001.6,0.1,0.1,237,0.8,0.0,5,0.0
2026-09-02T22:11:46Z,26.3,93,25.0,1001.7,0.2,0.1,237,0.8,0.0,9,0.0
2026-09-02T22:16:46Z,26.3,93,25.0,1001.7,0.0,0.0,237,0.8,0.0,0,0.0
2026-09-02T22:21:46Z,26.3,93,25.0,1001.7,0.0,0.0,237,0.8,0.0,5,0.0
2026-09-02T22:26:47Z,26.2,93,25.0,1001.9,0.3,0.1,237,1.0,0.0,0,0.0
2026-09-02T22:31:48Z,26.3,93,25.0,1001.7,0.5,0.1,237,3.6,12.4,7,0.0
2026-09-02T22:36:49Z,26.3,93,25.0,1001.9,0.0,0.1,237,3.6,2.0,11,0.0
2026-09-02T22:41:50Z,26.2,93,25.0,1001.8,0.3,0.1,237,3.6,1.0,32,0.0
2026-09-02T22:46:51Z,26.3,93,25.0,1002.0,0.0,0.1,237,3.6,0.8,19,0.0
2026-09-02T22:51:52Z,26.3,93,25.0,1002.0,0.1,0.1,237,3.8,0.0,19,0.0
2026-09-02T22:56:52Z,26.3,93,25.0,1002.0,0.4,0.1,237,3.8,0.0,33,0.0
2026-09-02T23:01:52Z,26.3,93,25.0,1002.0,0.2,0.1,237,3.8,0.0,19,0.0
2026-09-02T23:06:53Z,26.3,93,25.0,1002.0,0.0,0.1,237,3.8,0.0,39,0.0
2026-09-02T23:11:53Z,26.3,93,25.0,1002.0,0.0,0.0,237,3.8,0.0,53,0.0
2026-09-02T23:16:53Z,26.4,93,25.0,1002.1,0.1,0.0,237,3.8,0.0,39,0.0
2026-09-02T23:21:55Z,26.4,93,25.6,1002.1,0.2,0.1,237,3.8,0.0,28,0.0
2026-09-02T23:26:55Z,26.4,93,25.6,1002.2,0.1,0.1,237,3.8,0.0,37,0.0
2026-09-02T23:31:55Z,26.4,93,25.6,1002.2,0.4,0.1,237,3.8,0.0,95,0.5
2026-09-02T23:36:57Z,26.5,93,25.6,1002.2,0.0,0.1,237,3.8,0.0,60,0.0
2026-09-02T23:41:57Z,26.5,93,25.6,1002.1,0.1,0.1,237,3.8,0.0,51,0.0
2026-09-02T23:46:57Z,26.6,93,25.6,1002.2,0.5,0.1,237,3.8,0.0,67,0.0
2026-09-02T23:51:59Z,26.7,93,25.6,1002.3,0.1,0.1,237,3.8,0.0,123,0.8
2026-09-02T23:56:59Z,26.7,93,25.6,1002.3,0.1,0.0,238,3.8,0.0,76,0.5
2026-09-03T00:01:59Z,26.9,93,25.6,1002.4,1.1,0.2,254,3.8,0.0,185,1.2
2026-09-03T00:07:01Z,27.1,93,26.1,1002.4,1.2,0.3,258,3.8,0.0,216,1.5
2026-09-03T00:12:01Z,27.1,93,26.1,1002.6,0.8,0.2,245,3.8,0.0,221,1.5
2026-09-03T00:17:03Z,27.0,93,26.1,1002.7,1.0,0.4,282,3.8,0.0,199,1.4
2026-09-03T00:22:03Z,27.1,93,26.1,1002.8,0.9,0.3,187,3.8,0.0,241,1.6
2026-09-03T00:27:03Z,27.1,93,26.1,1002.9,0.6,0.3,261,3.8,0.0,295,1.9
2026-09-03T00:32:05Z,27.3,93,26.1,1002.9,0.6,0.3,29,3.8,0.0,301,2.0
2026-09-03T00:37:05Z,27.4,93,26.1,1002.9,0.7,0.2,355,3.8,0.0,290,2.1
2026-09-03T00:42:05Z,27.4,93,26.1,1002.9,1.2,0.2,223,3.8,0.0,239,1.9
2026-09-03T00:47:05Z,27.6,93,26.7,1002.9,0.8,0.2,225,3.8,0.0,383,2.8
2026-09-03T00:52:05Z,27.8,93,26.7,1002.9,0.8,0.1,301,3.8,0.0,533,3.2
2026-09-03T00:57:05Z,28.0,93,26.7,1002.9,0.6,0.2,289,3.8,0.0,429,3.4
2026-09-03T01:02:05Z,28.0,92,26.7,1003.0,0.9,0.3,277,3.8,0.0,183,1.6
2026-09-03T01:07:07Z,27.9,92,26.7,1003.0,1.0,0.4,252,3.8,0.0,134,1.4
2026-09-03T01:12:07Z,28.0,92,26.7,1003.1,0.5,0.4,252,4.0,0.0,77,0.6
2026-09-03T01:17:07Z,28.0,92,26.7,1003.2,0.6,0.1,254,4.4,2.6,76,0.5
2026-09-03T01:22:07Z,28.0,92,26.7,1003.3,0.3,0.1,254,4.4,1.2,178,1.9
2026-09-03T01:27:07Z,28.1,92,26.7,1003.3,0.8,0.2,254,4.4,0.8,279,5.2
2026-09-03T01:32:07Z,28.2,92,26.7,1003.4,1.1,0.4,267,4.6,0.8,786,4.8
2026-09-03T01:37:07Z,28.3,92,26.7,1003.4,1.3,0.4,247,4.6,0.8,798,5.4
2026-09-03T01:42:07Z,28.4,92,27.2,1003.5,0.7,0.4,219,4.6,0.8,591,5.1
2026-09-03T01:47:09Z,28.7,92,27.2,1003.5,0.9,0.3,264,4.6,0.0,680,4.9
2026-09-03T01:52:09Z,28.7,91,27.2,1003.6,0.5,0.3,236,4.6,0.0,378,4.1
2026-09-03T01:57:09Z,28.8,91,27.2,1003.7,0.2,0.2,242,4.6,0.0,503,4.3
2026-09-03T02:02:09Z,28.8,91,27.2,1003.6,0.9,0.3,268,4.6,0.0,471,4.3
2026-09-03T02:07:09Z,28.9,90,27.2,1003.6,0.6,0.3,247,4.6,0.0,165,2.5
2026-09-03T02:12:09Z,28.8,90,27.2,1003.5,1.0,0.3,252,4.6,0.0,153,1.1
2026-09-03T02:17:11Z,28.7,89,27.2,1003.4,0.9,0.3,250,4.6,0.0,290,2.8
2026-09-03T02:22:13Z,28.7,90,26.7,1003.3,0.7,0.3,219,4.6,0.0,271,5.6
2026-09-03T02:27:13Z,28.8,90,27.2,1003.3,0.5,0.2,238,4.6,0.0,211,2.3
2026-09-03T02:32:15Z,28.8,90,27.2,1003.2,0.4,0.2,275,4.6,0.0,158,1.9
2026-09-03T02:37:15Z,28.7,90,27.2,1003.3,0.4,0.3,272,4.6,0.0,255,3.2
2026-09-03T02:42:17Z,28.8,90,27.2,1003.2,0.0,0.3,272,4.6,0.0,355,4.6
2026-09-03T02:47:17Z,28.8,90,27.2,1003.2,0.6,0.2,304,4.6,0.0,468,5.4
2026-09-03T02:52:17Z,28.9,90,27.2,1003.4,0.8,0.3,244,4.6,0.0,577,5.6
2026-09-03T02:57:17Z,29.0,90,27.2,1003.3,0.4,0.3,246,4.6,0.0,497,4.5
2026-09-03T03:02:17Z,29.0,90,27.2,1003.2,0.6,0.2,234,4.6,0.0,348,3.7
2026-09-03T03:07:17Z,28.9,89,27.2,1003.0,1.0,0.4,14,4.6,0.0,367,5.8
2026-09-03T03:12:19Z,28.9,89,27.2,1003.2,0.8,0.4,247,4.6,0.0,369,5.1
2026-09-03T03:17:21Z,28.9,89,27.2,1003.2,1.0,0.4,235,4.6,0.0,42,0.0
2026-09-03T03:22:21Z,28.8,89,26.7,1003.2,1.3,0.4,247,6.6,28.4,84,1.1
2026-09-03T03:27:23Z,28.2,88,26.1,1003.3,0.9,0.4,248,6.6,2.4,188,2.4
2026-09-03T03:32:23Z,27.9,89,26.1,1003.2,0.4,0.3,214,6.6,1.2,206,2.6
2026-09-03T03:37:25Z,27.8,89,26.1,1003.1,0.2,0.2,221,6.8,1.2,186,2.2
2026-09-03T03:42:25Z,27.8,90,26.1,1003.0,0.0,0.2,247,6.8,1.2,374,4.3
2026-09-03T03:47:27Z,28.1,90,26.1,1003.0,0.0,0.0,247,6.8,0.8,197,2.3
2026-09-03T03:52:29Z,28.1,90,26.1,1003.0,0.0,0.1,248,6.8,0.0,98,1.1
2026-09-03T03:57:29Z,28.0,90,26.1,1003.0,1.4,0.4,235,6.8,0.0,123,1.5
2026-09-03T04:02:31Z,28.0,90,26.1,1002.9,1.8,0.4,233,6.8,0.0,151,1.9
2026-09-03T04:07:31Z,28.0,90,26.1,1002.9,1.2,0.4,253,6.8,0.0,185,2.2
2026-09-03T04:12:33Z,28.1,90,26.1,1002.8,1.7,0.4,246,6.8,0.0,190,2.2
2026-09-03T04:17:35Z,28.1,90,26.1,1002.8,1.1,0.4,240,6.8,0.0,195,2.3
2026-09-03T04:22:35Z,28.1,90,26.7,1002.9,1.0,0.3,263,6.8,0.0,114,1.3
2026-09-03T04:27:37Z,28.2,90,26.7,1002.9,0.4,0.4,246,6.8,0.0,102,1.2
2026-09-03T04:32:37Z,28.3,90,26.7,1002.8,0.7,0.2,258,6.8,0.0,162,1.7
2026-09-03T04:37:39Z,28.3,90,26.7,1002.8,0.9,0.2,257,6.8,0.0,267,3.1
2026-09-03T04:42:41Z,28.2,89,26.1,1002.9,1.2,0.2,252,6.8,0.0,137,1.5
2026-09-03T04:47:41Z,28.2,90,26.7,1002.7,0.4,0.2,251,6.8,0.0,118,1.3
2026-09-03T04:52:42Z,28.3,90,26.7,1002.6,0.7,0.2,251,6.8,0.0,248,2.5
2026-09-03T04:57:43Z,28.4,90,26.7,1002.6,0.4,0.2,252,6.8,0.0,301,3.2
2026-09-03T05:02:45Z,28.7,90,26.7,1002.6,0.4,0.1,252,6.8,0.0,244,2.5
2026-09-03T05:07:45Z,28.7,90,27.2,1002.5,0.1,0.1,257,6.8,0.0,202,2.1
2026-09-03T05:12:47Z,28.7,90,27.2,1002.5,0.4,0.2,257,6.8,0.0,241,2.4
2026-09-03T05:17:50Z,28.8,90,27.2,1002.5,0.2,0.2,317,6.8,0.0,278,2.8
2026-09-03T05:22:50Z,28.7,90,27.2,1002.4,0.7,0.3,295,6.8,0.0,283,2.8
2026-09-03T05:27:50Z,28.7,90,27.2,1002.4,0.6,0.3,285,6.8,0.0,272,2.7
2026-09-03T05:32:51Z,28.7,89,26.7,1002.5,0.3,0.2,281,6.8,0.0,281,2.7
2026-09-03T05:37:53Z,28.8,89,26.7,1002.5,0.3,0.2,272,6.8,0.0,287,2.8
2026-09-03T05:42:55Z,28.9,89,27.2,1002.5,0.3,0.3,243,6.8,0.0,288,2.7
2026-09-03T05:47:56Z,28.9,89,27.2,1002.4,0.6,0.4,267,6.8,0.0,260,2.5
2026-09-03T05:52:57Z,28.9,88,26.7,1002.4,0.7,0.3,240,6.8,0.0,262,2.5
2026-09-03T05:57:58Z,29.1,89,27.2,1002.3,0.6,0.3,270,6.8,0.0,271,2.5
2026-09-03T06:02:59Z,29.2,89,27.2,1002.3,0.5,0.2,294,6.8,0.0,195,1.9
2026-09-03T06:07:59Z,29.2,88,27.2,1002.2,0.1,0.2,294,6.8,0.0,176,1.6
2026-09-03T06:12:59Z,29.2,89,27.2,1002.2,0.4,0.2,297,6.8,0.0,234,2.2
2026-09-03T06:18:01Z,29.2,88,27.2,1002.2,0.3,0.2,254,6.8,0.0,279,2.5
2026-09-03T06:23:01Z,29.2,88,27.2,1002.1,0.0,0.2,292,6.8,0.0,302,2.7
2026-09-03T06:28:01Z,29.3,88,27.2,1002.1,0.3,0.1,292,6.8,0.0,301,2.6
2026-09-03T06:33:02Z,29.3,88,27.2,1002.2,0.7,0.2,290,6.8,0.0,248,2.2
2026-09-03T06:38:02Z,29.3,88,27.2,1002.1,0.6,0.2,292,6.8,0.0,200,1.7
2026-09-03T06:43:02Z,29.4,88,27.2,1002.1,0.6,0.2,273,6.8,0.0,218,1.8
2026-09-03T06:48:02Z,29.4,88,27.2,1002.1,0.0,0.2,274,6.8,0.0,197,1.7
2026-09-03T06:53:02Z,29.4,88,27.2,1002.1,0.6,0.2,287,6.8,0.0,218,1.8
2026-09-03T06:58:02Z,29.4,88,27.2,1002.1,0.5,0.2,290,6.8,0.0,258,1.9
2026-09-03T07:03:04Z,29.4,88,27.2,1002.1,0.8,0.2,281,6.8,0.0,257,1.9
2026-09-03T07:08:06Z,29.4,88,27.2,1002.1,0.5,0.2,284,6.8,0.0,236,1.8
2026-09-03T07:13:06Z,29.4,88,27.2,1002.0,0.6,0.3,273,6.8,0.0,258,2.0
2026-09-03T07:18:08Z,29.4,88,27.2,1002.2,0.6,0.3,273,6.8,0.0,47,0.0
2026-09-03T07:23:08Z,28.9,85,26.1,1002.4,2.0,0.4,240,6.8,0.0,14,0.0
2026-09-03T07:28:10Z,28.5,87,26.1,1002.6,1.3,0.4,287,7.8,8.0,30,0.0
2026-09-03T07:33:10Z,28.0,88,26.1,1002.6,0.5,0.4,276,8.4,5.8,60,0.5
2026-09-03T07:38:10Z,27.5,88,25.6,1002.5,1.7,0.4,269,8.4,2.2,60,0.5
2026-09-03T07:43:10Z,27.2,89,25.6,1002.5,1.8,0.4,267,8.4,1.2,76,0.5
2026-09-03T07:48:10Z,27.2,90,25.6,1002.5,0.6,0.4,280,8.4,0.8,102,0.7
2026-09-03T07:53:10Z,27.2,90,25.6,1002.5,0.5,0.3,281,8.4,0.0,121,0.8
2026-09-03T07:58:12Z,27.2,90,25.6,1002.5,0.7,0.2,283,8.4,0.0,123,0.7
2026-09-03T08:03:12Z,27.3,91,25.6,1002.4,0.0,0.2,286,8.4,0.0,125,0.6
2026-09-03T08:08:12Z,27.4,91,26.1,1002.6,0.2,0.2,289,8.4,0.0,144,0.6
2026-09-03T08:13:12Z,27.6,91,26.1,1002.5,0.6,0.2,307,8.4,0.0,220,0.7
2026-09-03T08:18:12Z,27.7,91,26.1,1002.6,0.8,0.2,314,8.4,0.0,90,0.0
2026-09-03T08:23:12Z,27.6,91,26.1,1002.4,0.8,0.2,314,8.4,0.0,93,0.0
2026-09-03T08:28:14Z,27.3,91,26.1,1002.4,0.7,0.2,306,8.4,0.0,76,0.0
2026-09-03T08:33:14Z,27.2,91,25.6,1002.4,0.0,0.2,287,8.4,0.0,58,0.0
2026-09-03T08:38:16Z,27.1,91,25.6,1002.4,1.3,0.2,284,8.4,0.0,35,0.0
2026-09-03T08:43:18Z,27.1,91,25.6,1002.4,1.1,0.2,303,8.4,0.0,47,0.0
2026-09-03T08:48:18Z,27.1,91,25.6,1002.4,1.3,0.3,292,8.4,0.0,26,0.0
2026-09-03T08:53:20Z,26.9,91,25.6,1002.5,1.4,0.4,292,9.6,7.8,26,0.0
2026-09-03T08:58:20Z,26.9,91,25.6,1002.5,1.3,0.4,299,9.6,1.8,12,0.0
2026-09-03T09:03:20Z,26.9,92,25.6,1002.5,1.0,0.4,288,11.6,17.0,7,0.0
2026-09-03T09:08:20Z,26.8,92,25.6,1002.6,1.6,0.4,280,12.0,3.8,12,0.0
2026-09-03T09:13:22Z,26.7,92,25.6,1002.5,1.4,0.4,307,12.0,2.2,5,0.0
2026-09-03T09:18:22Z,26.6,92,25.0,1002.7,1.4,0.4,294,12.0,1.2,0,0.0
2026-09-03T09:23:24Z,26.5,92,25.0,1002.7,2.4,0.4,297,12.0,0.8,0,0.0
2026-09-03T09:28:24Z,26.5,92,25.0,1002.6,2.1,0.4,266,12.0,0.0,0,0.0
2026-09-03T09:33:24Z,26.6,92,25.0,1002.8,1.3,0.4,292,12.0,0.0,0,0.0
2026-09-03T09:38:26Z,26.6,92,25.0,1002.8,2.4,0.4,290,13.6,18.4,0,0.0
2026-09-03T09:43:26Z,26.6,92,25.0,1002.9,1.7,0.4,304,14.4,8.2,0,0.0
2026-09-03T09:48:28Z,26.6,92,25.0,1003.0,1.1,0.4,283,14.6,2.0,0,0.0
2026-09-03T09:53:28Z,26.5,92,25.0,1003.1,1.5,0.4,335,15.0,7.6,0,0.0
2026-09-03T09:58:30Z,26.4,92,25.0,1003.2,0.8,0.4,300,15.2,2.8,0,0.0
2026-09-03T10:03:32Z,26.4,92,25.0,1003.3,1.3,0.4,288,15.4,2.6,0,0.0
2026-09-03T10:08:32Z,26.5,93,25.6,1003.4,1.3,0.2,295,16.0,12.2,0,0.0
2026-09-03T10:13:34Z,26.4,93,25.0,1003.3,1.1,0.3,305,16.8,4.8,0,0.0
2026-09-03T10:18:34Z,26.4,92,25.0,1003.2,1.3,0.3,301,17.0,2.4,0,0.0
2026-09-03T10:23:36Z,26.3,92,25.0,1003.3,1.2,0.3,290,17.2,1.2,0,0.0
2026-09-03T10:28:38Z,26.2,92,25.0,1003.3,1.1,0.3,309,17.2,1.2,0,0.0
2026-09-03T10:33:38Z,26.2,93,25.0,1003.3,0.7,0.3,304,17.2,1.2,0,0.0
2026-09-03T10:38:40Z,26.2,93,25.0,1003.3,1.0,0.2,302,17.2,0.8,0,0.0
2026-09-03T10:43:40Z,26.2,93,25.0,1003.4,0.4,0.2,302,17.2,0.0,0,0.0
2026-09-03T10:48:42Z,26.3,93,25.0,1003.5,1.0,0.2,294,17.2,0.0,0,0.0
2026-09-03T10:53:42Z,26.3,93,25.0,1003.5,0.4,0.2,294,17.2,0.0,0,0.0
2026-09-03T10:58:42Z,26.3,93,25.0,1003.7,0.7,0.2,294,17.2,0.0,0,0.0
2026-09-03T11:03:42Z,26.3,93,25.0,1003.6,0.4,0.2,295,17.2,0.0,0,0.0
2026-09-03T11:08:42Z,26.3,93,25.0,1003.6,0.5,0.2,294,17.2,0.0,0,0.0
2026-09-03T11:13:42Z,26.2,93,25.0,1003.6,0.3,0.1,294,17.2,0.0,0,0.0
2026-09-03T11:18:44Z,26.2,93,25.0,1003.6,0.2,0.1,294,17.2,0.0,0,0.0
2026-09-03T11:23:44Z,26.2,93,25.0,1003.7,0.4,0.1,294,17.2,0.0,0,0.0
2026-09-03T11:28:44Z,26.2,93,25.0,1003.7,0.6,0.1,294,17.2,0.0,0,0.0
2026-09-03T11:33:44Z,26.1,93,25.0,1003.7,0.0,0.1,294,17.2,0.0,0,0.0
2026-09-03T11:38:44Z,26.1,93,25.0,1003.8,0.0,0.0,294,17.2,0.0,0,0.0
2026-09-03T11:43:44Z,26.1,93,25.0,1003.8,0.0,0.0,294,17.2,0.0,0,0.0
2026-09-03T11:48:46Z,26.2,93,25.0,1003.9,0.0,0.0,294,17.2,0.0,0,0.0
2026-09-03T11:53:46Z,26.2,93,25.0,1004.0,0.0,0.0,294,17.2,0.0,0,0.0
2026-09-03T11:58:46Z,26.2,93,25.0,1004.1,0.0,0.0,294,17.2,0.0,0,0.0
2026-09-03T12:03:46Z,26.2,93,25.0,1004.1,0.0,0.0,294,17.2,0.0,0,0.0
2026-09-03T12:08:46Z,26.3,93,25.0,1004.3,0.0,0.0,294,17.2,0.0,0,0.0
2026-09-03T12:13:46Z,26.3,93,25.0,1004.4,0.0,0.0,294,17.2,0.0,0,0.0
2026-09-03T12:18:48Z,26.3,93,25.0,1004.4,0.0,0.0,294,17.2,0.0,0,0.0
2026-09-03T12:23:50Z,26.3,93,25.0,1004.5,0.0,0.0,294,17.2,0.0,0,0.0
2026-09-03T12:28:50Z,26.3,93,25.0,1004.6,0.0,0.0,294,17.2,0.0,0,0.0
2026-09-03T12:33:52Z,26.3,93,25.0,1004.7,0.0,0.0,294,17.2,0.0,0,0.0
2026-09-03T12:38:52Z,26.3,93,25.0,1004.6,0.0,0.0,294,17.2,0.0,0,0.0
2026-09-03T12:43:54Z,26.3,93,25.0,1004.7,0.0,0.0,294,17.2,0.0,0,0.0
2026-09-03T12:48:54Z,26.4,93,25.0,1004.8,0.0,0.0,294,17.2,0.0,0,0.0
2026-09-03T12:53:54Z,26.3,93,25.0,1004.8,0.0,0.0,294,17.2,0.0,0,0.0
2026-09-03T12:58:54Z,26.3,93,25.0,1004.9,0.0,0.0,294,17.2,0.0,0,0.0
2026-09-03T13:03:54Z,26.4,93,25.0,1004.9,0.0,0.0,294,17.2,0.0,0,0.0
2026-09-03T13:08:54Z,26.4,93,25.0,1004.9,0.0,0.0,294,17.2,0.0,0,0.0
2026-09-03T13:13:55Z,26.4,93,25.0,1004.9,0.0,0.0,294,17.2,0.0,0,0.0
2026-09-03T13:18:56Z,26.4,93,25.0,1005.0,0.0,0.0,294,17.2,0.0,0,0.0
2026-09-03T13:23:56Z,26.4,93,25.6,1004.9,0.0,0.0,294,17.2,0.0,0,0.0
2026-09-03T13:28:56Z,26.4,93,25.6,1005.0,0.0,0.0,294,17.2,0.0,0,0.0
2026-09-03T13:33:56Z,26.4,93,25.6,1004.9,0.0,0.0,294,17.2,0.0,0,0.0
2026-09-03T13:38:57Z,26.4,93,25.6,1004.9,0.0,0.0,294,17.2,0.0,0,0.0
2026-09-03T13:43:58Z,26.4,93,25.6,1004.9,0.0,0.0,294,17.2,0.0,0,0.0
2026-09-03T13:48:58Z,26.4,93,25.6,1004.9,0.0,0.0,294,17.2,0.0,0,0.0
2026-09-03T13:53:58Z,26.4,93,25.6,1005.0,0.0,0.0,294,17.2,0.0,0,0.0
2026-09-03T13:58:58Z,26.4,93,25.6,1005.1,0.0,0.0,294,17.2,0.0,0,0.0
2026-09-03T14:03:58Z,26.6,93,25.6,1005.0,1.1,0.4,307,17.2,0.0,0,0.0
2026-09-03T14:08:59Z,26.4,93,25.6,1005.0,1.2,0.4,308,17.2,0.0,0,0.0
2026-09-03T14:14:01Z,26.4,93,25.6,1005.1,1.3,0.4,294,17.2,0.0,0,0.0
2026-09-03T14:19:03Z,26.3,93,25.0,1005.2,0.1,0.4,301,17.2,0.0,0,0.0
2026-09-03T14:24:03Z,26.3,93,25.0,1005.1,0.0,0.1,300,17.2,0.0,0,0.0
2026-09-03T14:29:05Z,26.4,93,25.0,1005.1,0.0,0.0,301,17.2,0.0,0,0.0
2026-09-03T14:34:05Z,26.4,93,25.0,1005.1,0.0,0.0,301,17.2,0.0,0,0.0
2026-09-03T14:39:07Z,26.4,93,25.0,1005.1,0.0,0.0,301,17.2,0.0,0,0.0
2026-09-03T14:44:07Z,26.3,93,25.0,1005.1,0.0,0.0,301,17.2,0.0,0,0.0
2026-09-03T14:49:07Z,26.3,93,25.0,1005.1,0.0,0.0,301,17.2,0.0,0,0.0
2026-09-03T14:54:07Z,26.3,93,25.0,1005.2,0.0,0.0,301,17.2,0.0,0,0.0
2026-09-03T14:59:07Z,26.3,93,25.0,1005.2,0.0,0.0,301,17.2,0.0,0,0.0
2026-09-03T15:04:07Z,26.3,93,25.0,1005.1,0.0,0.0,301,17.2,0.0,0,0.0
2026-09-03T15:09:09Z,26.3,93,25.0,1005.2,0.0,0.0,301,17.2,0.0,0,0.0
2026-09-03T15:14:09Z,26.3,93,25.0,1005.1,0.0,0.0,301,17.2,0.0,0,0.0
2026-09-03T15:19:11Z,26.3,93,25.0,1005.0,0.0,0.0,301,17.2,0.0,0,0.0
2026-09-03T15:24:13Z,26.3,93,25.0,1005.1,0.0,0.0,301,17.2,0.0,0,0.0
2026-09-03T15:29:13Z,26.3,93,25.0,1005.1,0.0,0.0,301,17.2,0.0,0,0.0
2026-09-03T15:34:15Z,26.4,93,25.0,1005.1,0.0,0.0,301,17.2,0.0,0,0.0
2026-09-03T15:39:15Z,26.4,93,25.0,1005.0,0.0,0.0,301,17.2,0.0,0,0.0
2026-09-03T15:44:17Z,26.4,93,25.0,1005.1,0.0,0.0,301,17.2,0.0,0,0.0
2026-09-03T15:49:19Z,26.3,93,25.0,1005.0,0.0,0.0,301,17.2,0.0,0,0.0
2026-09-03T15:54:19Z,26.3,93,25.0,1005.0,0.0,0.0,301,17.2,0.0,0,0.0
2026-09-03T15:59:21Z,26.3,93,25.0,1004.9,0.0,0.0,301,17.2,0.0,0,0.0
2026-09-03T16:04:22Z,26.3,93,25.0,1005.0,0.0,0.0,301,0.0,0.0,0,0.0
2026-09-03T16:09:24Z,26.3,93,25.0,1004.9,0.0,0.0,301,0.0,0.0,0,0.0
2026-09-03T16:14:24Z,26.3,93,25.0,1005.0,0.0,0.0,301,0.0,0.0,0,0.0
2026-09-03T16:19:24Z,26.4,93,25.0,1005.0,0.0,0.0,301,0.0,0.0,0,0.0
2026-09-03T16:24:24Z,26.3,93,25.0,1005.1,0.0,0.0,301,0.0,0.0,0,0.0
2026-09-03T16:29:24Z,26.3,93,25.0,1005.1,0.0,0.0,301,0.0,0.0,0,0.0
2026-09-03T16:34:26Z,26.3,93,25.0,1005.2,0.0,0.0,301,0.0,0.0,0,0.0
2026-09-03T16:39:26Z,26.3,93,25.0,1005.1,0.0,0.0,301,0.0,0.0,0,0.0
2026-09-03T16:44:26Z,26.3,93,25.0,1005.2,0.0,0.0,301,0.0,0.0,0,0.0
2026-09-03T16:49:26Z,26.2,93,25.0,1005.2,0.0,0.0,301,0.0,0.0,0,0.0
2026-09-03T16:54:26Z,26.2,93,25.0,1005.1,0.0,0.0,301,0.0,0.0,0,0.0
2026-09-03T16:59:26Z,26.1,93,25.0,1005.1,0.0,0.0,301,0.0,0.0,0,0.0
2026-09-03T17:04:28Z,26.1,93,25.0,1005.2,0.0,0.0,301,0.0,0.0,0,0.0
2026-09-03T17:09:28Z,26.1,93,25.0,1005.2,0.0,0.0,301,0.0,0.0,0,0.0
2026-09-03T17:14:28Z,26.1,93,25.0,1005.3,0.0,0.0,301,0.0,0.0,0,0.0
2026-09-03T17:19:28Z,26.2,93,25.0,1005.4,0.0,0.0,301,0.0,0.0,0,0.0
2026-09-03T17:24:28Z,26.2,93,25.0,1005.4,0.0,0.0,301,0.0,0.0,0,0.0
2026-09-03T17:29:28Z,26.2,93,25.0,1005.4,0.0,0.0,301,0.0,0.0,0,0.0
2026-09-03T17:34:30Z,26.2,93,25.0,1005.5,0.0,0.0,301,0.0,0.0,0,0.0
2026-09-03T17:39:32Z,26.2,93,25.0,1005.5,0.0,0.0,301,0.0,0.0,0,0.0
2026-09-03T17:44:32Z,26.2,93,25.0,1005.4,0.0,0.0,301,0.0,0.0,0,0.0
2026-09-03T17:49:34Z,26.1,93,25.0,1005.3,0.0,0.0,301,0.0,0.0,0,0.0
2026-09-03T17:54:34Z,26.1,93,25.0,1005.3,0.0,0.0,301,0.0,0.0,0,0.0
2026-09-03T17:59:36Z,26.1,93,25.0,1005.2,0.0,0.0,301,0.0,0.0,0,0.0
2026-09-03T18:04:36Z,26.1,93,25.0,1005.2,0.0,0.0,301,0.0,0.0,0,0.0
2026-09-03T18:09:36Z,26.0,93,25.0,1005.1,0.0,0.0,301,0.0,0.0,0,0.0
2026-09-03T18:14:36Z,26.0,93,25.0,1005.1,0.0,0.0,301,0.0,0.0,0,0.0
2026-09-03T18:19:38Z,26.0,93,25.0,1005.1,0.0,0.0,301,0.0,0.0,0,0.0
2026-09-03T18:24:38Z,25.9,93,25.0,1005.1,0.0,0.0,301,0.2,0.0,0,0.0
2026-09-03T18:29:38Z,26.0,93,25.0,1005.0,0.0,0.0,301,0.2,0.0,0,0.0
2026-09-03T18:34:38Z,26.0,93,25.0,1005.0,0.0,0.0,301,0.2,0.0,0,0.0
2026-09-03T18:39:38Z,25.9,93,25.0,1005.0,0.0,0.0,301,0.2,0.0,0,0.0
2026-09-03T18:44:38Z,25.9,93,25.0,1005.0,0.0,0.0,301,0.2,0.0,0,0.0
2026-09-03T18:49:40Z,25.9,93,25.0,1005.0,0.0,0.0,301,0.2,0.0,0,0.0
2026-09-03T18:54:42Z,25.9,93,25.0,1005.0,0.0,0.0,301,0.2,0.0,0,0.0
2026-09-03T18:59:42Z,25.9,93,25.0,1005.0,0.0,0.0,301,0.2,0.0,0,0.0
2026-09-03T19:04:42Z,25.8,93,24.4,1005.0,0.0,0.0,301,0.2,0.0,0,0.0
2026-09-03T19:09:42Z,25.8,93,24.4,1005.0,0.0,0.0,301,0.2,0.0,0,0.0
2026-09-03T19:14:44Z,25.8,93,24.4,1005.0,0.0,0.0,301,0.2,0.0,0,0.0
2026-09-03T19:19:44Z,25.8,93,24.4,1005.0,0.0,0.0,301,0.2,0.0,0,0.0
2026-09-03T19:24:46Z,25.8,93,24.4,1004.9,0.0,0.0,301,0.2,0.0,0,0.0
2026-09-03T19:29:46Z,25.8,93,24.4,1004.9,0.0,0.0,301,0.2,0.0,0,0.0
2026-09-03T19:34:46Z,25.8,93,24.4,1004.9,0.0,0.0,301,0.2,0.0,0,0.0
2026-09-03T19:39:46Z,25.8,93,24.4,1004.9,0.0,0.0,301,0.2,0.0,0,0.0
2026-09-03T19:44:48Z,25.7,93,24.4,1005.0,0.0,0.0,301,0.2,0.0,0,0.0
2026-09-03T19:49:48Z,25.7,93,24.4,1005.0,0.0,0.0,301,0.2,0.0,0,0.0
2026-09-03T19:54:48Z,25.7,93,24.4,1004.9,0.0,0.0,301,0.2,0.0,0,0.0
2026-09-03T19:59:48Z,25.7,93,24.4,1004.8,0.0,0.0,301,0.2,0.0,0,0.0
2026-09-03T20:04:48Z,25.7,93,24.4,1004.8,0.0,0.0,301,0.2,0.0,0,0.0
2026-09-03T20:09:48Z,25.7,93,24.4,1004.9,0.0,0.0,301,0.2,0.0,0,0.0
2026-09-03T20:14:48Z,25.7,93,24.4,1004.9,0.0,0.0,301,0.2,0.0,0,0.0
2026-09-03T20:19:48Z,25.7,93,24.4,1004.9,0.0,0.0,301,0.2,0.0,0,0.0
2026-09-03T20:24:50Z,25.7,93,24.4,1005.0,0.0,0.0,301,0.2,0.0,0,0.0
2026-09-03T20:29:50Z,25.7,93,24.4,1005.0,0.0,0.0,301,0.2,0.0,0,0.0
2026-09-03T20:34:50Z,25.7,93,24.4,1005.1,0.0,0.0,301,0.2,0.0,0,0.0
2026-09-03T20:39:50Z,25.7,93,24.4,1005.2,0.0,0.0,301,0.2,0.0,0,0.0
2026-09-03T20:44:50Z,25.8,93,24.4,1005.2,0.0,0.0,301,0.2,0.0,0,0.0
2026-09-03T20:49:50Z,25.8,94,25.0,1005.2,0.0,0.0,301,0.2,0.0,0,0.0
2026-09-03T20:54:53Z,25.8,93,24.4,1005.2,0.0,0.0,301,0.2,0.0,0,0.0
2026-09-03T20:59:54Z,25.8,94,25.0,1005.2,0.0,0.0,301,0.2,0.0,0,0.0
2026-09-03T21:04:55Z,25.8,94,25.0,1005.2,0.0,0.0,301,0.2,0.0,0,0.0
2026-09-03T21:09:56Z,25.8,94,25.0,1005.2,0.0,0.0,301,0.2,0.0,0,0.0
2026-09-03T21:14:57Z,25.8,94,25.0,1005.2,0.0,0.0,301,0.2,0.0,0,0.0
2026-09-03T21:19:58Z,25.8,94,25.0,1005.2,0.0,0.0,301,0.2,0.0,0,0.0
2026-09-03T21:24:58Z,25.8,93,24.4,1005.2,0.0,0.0,301,0.2,0.0,0,0.0
2026-09-03T21:29:58Z,25.8,94,25.0,1005.3,0.0,0.0,301,0.2,0.0,0,0.0
2026-09-03T21:34:59Z,25.9,94,25.0,1005.3,0.0,0.0,301,0.2,0.0,0,0.0
2026-09-03T21:40:01Z,25.9,94,25.0,1005.2,0.0,0.0,301,0.2,0.0,0,0.0
2026-09-03T21:45:03Z,25.9,94,25.0,1005.4,0.0,0.0,301,0.2,0.0,0,0.0
2026-09-03T21:50:03Z,26.0,94,25.0,1005.4,0.0,0.0,301,0.2,0.0,5,0.0
2026-09-03T21:55:03Z,26.1,94,25.0,1005.5,0.0,0.0,301,0.2,0.0,7,0.0
2026-09-03T22:00:03Z,26.1,94,25.0,1005.4,0.0,0.0,301,0.2,0.0,9,0.0
2026-09-03T22:05:05Z,26.2,94,25.0,1005.5,0.0,0.0,301,0.2,0.0,16,0.0
2026-09-03T22:10:05Z,26.3,94,25.6,1005.5,0.0,0.0,301,0.2,0.0,21,0.0
2026-09-03T22:15:07Z,26.4,94,25.6,1005.7,0.0,0.0,301,0.2,0.0,28,0.0
2026-09-03T22:20:07Z,26.4,94,25.6,1005.6,0.0,0.0,301,0.2,0.0,32,0.0
2026-09-03T22:25:09Z,26.5,94,25.6,1005.8,0.0,0.0,301,0.2,0.0,37,0.0
2026-09-03T22:30:11Z,26.6,94,25.6,1005.8,0.0,0.0,301,0.2,0.0,47,0.0
2026-09-03T22:35:11Z,26.7,94,25.6,1005.9,0.0,0.0,301,0.2,0.0,58,0.0
2026-09-03T22:40:13Z,26.7,94,25.6,1006.1,0.0,0.0,301,0.2,0.0,63,0.0
2026-09-03T22:45:13Z,26.8,94,26.1,1006.1,0.0,0.0,300,0.2,0.0,91,0.0
2026-09-03T22:50:15Z,26.9,94,26.1,1006.2,0.5,0.1,300,0.2,0.0,114,0.0
2026-09-03T22:55:17Z,27.0,94,26.1,1006.3,0.9,0.2,300,0.2,0.0,132,0.0
2026-09-03T23:00:17Z,27.1,94,26.1,1006.4,0.9,0.2,299,0.2,0.0,128,0.0
2026-09-03T23:05:19Z,27.1,94,26.1,1006.4,0.6,0.2,299,0.2,0.0,86,0.0
2026-09-03T23:10:19Z,27.2,94,26.1,1006.6,0.9,0.2,300,0.2,0.0,120,0.5
2026-09-03T23:15:21Z,27.1,94,26.1,1006.6,1.2,0.2,300,0.2,0.0,120,0.0
2026-09-03T23:20:23Z,27.1,94,26.1,1006.6,0.8,0.2,302,0.2,0.0,113,0.5
2026-09-03T23:25:23Z,27.1,94,26.1,1006.6,1.2,0.3,309,0.2,0.0,102,0.6
2026-09-03T23:30:25Z,27.1,94,26.1,1006.7,0.9,0.3,300,0.2,0.0,172,0.9
2026-09-03T23:35:25Z,27.2,94,26.1,1006.7,1.1,0.3,284,0.2,0.0,234,0.9
2026-09-03T23:40:27Z,27.3,94,26.1,1006.7,1.1,0.2,306,0.2,0.0,202,0.9
2026-09-03T23:45:27Z,27.3,94,26.1,1006.7,1.5,0.3,289,0.2,0.0,183,0.9
2026-09-03T23:50:29Z,27.3,94,26.1,1006.8,1.0,0.3,290,0.2,0.0,183,0.9
2026-09-03T23:55:29Z,27.3,94,26.1,1006.8,0.4,0.2,307,0.2,0.0,244,1.1
2026-09-04T00:00:31Z,27.4,94,26.7,1006.9,0.3,0.2,308,0.2,0.0,213,1.1
2026-09-04T00:05:33Z,27.4,94,26.7,1007.0,0.8,0.2,302,0.2,0.0,232,1.2
2026-09-04T00:10:33Z,27.4,93,26.1,1007.0,1.0,0.3,312,0.2,0.0,278,1.5
2026-09-04T00:15:35Z,27.5,93,26.1,1007.1,1.0,0.3,313,0.2,0.0,234,1.4
2026-09-04T00:20:37Z,27.5,93,26.1,1007.0,1.3,0.2,313,0.2,0.0,258,1.6
2026-09-04T00:25:37Z,27.5,93,26.1,1007.1,0.9,0.3,303,0.2,0.0,315,1.8
2026-09-04T00:30:39Z,27.6,93,26.7,1007.0,1.4,0.4,307,0.2,0.0,336,2.2
2026-09-04T00:35:39Z,27.7,93,26.7,1007.1,1.3,0.4,316,0.2,0.0,496,2.6
2026-09-04T00:40:39Z,27.8,93,26.7,1007.1,1.3,0.4,306,0.2,0.0,327,2.1
2026-09-04T00:45:41Z,27.8,93,26.7,1007.1,1.1,0.4,307,0.2,0.0,230,1.5
2026-09-04T00:50:41Z,27.8,93,26.7,1007.2,0.6,0.3,301,0.2,0.0,153,1.1
2026-09-04T00:55:41Z,27.8,92,26.7,1007.3,1.2,0.2,292,0.2,0.0,213,1.6
2026-09-04T01:00:43Z,27.9,92,26.7,1007.2,0.9,0.3,302,0.2,0.0,162,1.2
2026-09-04T01:05:43Z,27.9,92,26.7,1007.2,0.0,0.3,302,0.2,0.0,148,1.2
2026-09-04T01:10:43Z,27.9,92,26.7,1007.3,0.9,0.3,309,0.2,0.0,202,1.8
2026-09-04T01:15:45Z,27.9,91,26.1,1007.3,1.0,0.3,303,0.2,0.0,229,4.1
2026-09-04T01:20:45Z,28.1,92,26.7,1007.3,1.7,0.3,300,0.2,0.0,540,2.8
2026-09-04T01:25:47Z,28.1,91,26.7,1007.3,1.9,0.4,283,0.2,0.0,202,1.7
2026-09-04T01:30:47Z,28.1,91,26.7,1007.4,1.3,0.4,304,0.2,0.0,144,1.3
2026-09-04T01:36:20Z,28.1,91,26.7,1007.4,0.7,0.2,292,0.2,0.0,149,1.4
2026-09-04T01:41:21Z,28.1,90,26.1,1007.5,0.1,0.2,313,0.2,0.0,156,1.5
2026-09-04T01:46:21Z,28.0,90,26.1,1007.4,0.6,0.2,293,0.2,0.0,156,1.6
2026-09-04T01:51:23Z,28.0,90,26.1,1007.3,0.0,0.2,293,0.2,0.0,295,3.0
2026-09-04T01:56:23Z,28.2,91,26.7,1007.3,0.0,0.0,299,0.2,0.0,279,2.7
2026-09-04T02:01:25Z,28.1,90,26.7,1007.3,1.3,0.2,289,0.2,0.0,162,1.7
2026-09-04T02:06:25Z,28.2,90,26.7,1007.4,1.4,0.2,295,0.2,0.0,241,2.4
2026-09-04T02:11:27Z,28.2,90,26.7,1007.5,1.2,0.2,291,0.2,0.0,283,2.8
2026-09-04T02:16:29Z,28.3,90,26.7,1007.4,1.3,0.3,293,0.2,0.0,301,3.0
2026-09-04T02:21:31Z,28.4,90,26.7,1007.2,1.1,0.3,303,0.2,0.0,353,3.6
2026-09-04T02:26:31Z,28.5,89,26.7,1007.1,2.0,0.3,304,0.2,0.0,295,3.0
2026-09-04T02:31:31Z,28.6,89,26.7,1007.2,1.6,0.4,298,0.2,0.0,255,2.5
2026-09-04T02:36:33Z,28.6,89,26.7,1007.2,1.7,0.4,289,0.2,0.0,193,1.9
2026-09-04T02:41:36Z,28.7,89,26.7,1007.3,1.2,0.4,289,0.2,0.0,169,1.7
2026-09-04T02:46:36Z,28.6,89,26.7,1007.3,1.4,0.4,314,0.2,0.0,153,1.6
2026-09-04T02:51:37Z,28.6,89,26.7,1007.6,0.8,0.4,303,0.2,0.0,132,1.5
2026-09-04T02:56:37Z,28.6,89,26.7,1007.6,0.7,0.3,310,0.2,0.0,118,1.3
2026-09-04T03:01:39Z,28.5,89,26.7,1007.6,0.5,0.3,303,0.2,0.0,153,1.8
2026-09-04T03:06:39Z,28.4,89,26.7,1007.6,1.7,0.4,288,0.2,0.0,169,1.9
2026-09-04T03:11:39Z,28.5,89,26.7,1007.6,0.3,0.4,290,0.2,0.0,151,1.8
2026-09-04T03:16:39Z,28.6,89,26.7,1007.6,0.8,0.3,299,0.2,0.0,190,2.2
2026-09-04T03:21:39Z,28.4,89,26.7,1007.6,1.3,0.4,289,0.2,0.0,86,1.2
2026-09-04T03:26:40Z,27.8,88,25.6,1007.7,1.6,0.4,274,0.4,0.0,151,1.9
2026-09-04T03:31:41Z,27.5,88,25.6,1007.6,0.7,0.4,271,0.4,0.0,137,1.9
2026-09-04T03:36:41Z,27.3,89,25.6,1007.5,0.0,0.3,265,0.4,0.0,158,2.2
2026-09-04T03:41:41Z,27.3,89,25.6,1007.4,0.7,0.2,263,0.4,0.0,181,2.5
2026-09-04T03:46:41Z,27.1,90,25.0,1007.3,0.5,0.2,265,0.4,0.0,202,2.8
2026-09-04T03:51:41Z,27.2,90,25.6,1007.1,0.4,0.2,265,0.4,0.0,250,3.4
2026-09-04T03:56:41Z,27.2,90,25.6,1007.0,0.6,0.2,284,0.4,0.0,244,3.3
2026-09-04T04:01:43Z,27.2,90,25.6,1006.9,0.5,0.2,284,0.4,0.0,244,3.4
2026-09-04T04:06:45Z,27.3,90,25.6,1006.9,0.7,0.1,288,0.4,0.0,258,3.5
2026-09-04T04:11:45Z,27.4,90,25.6,1006.8,0.2,0.2,292,0.4,0.0,330,4.3
2026-09-04T04:16:47Z,27.5,90,25.6,1006.7,0.4,0.2,304,0.4,0.0,390,4.8
2026-09-04T04:21:48Z,27.7,90,26.1,1006.7,1.0,0.3,279,0.4,0.0,450,5.2
2026-09-04T04:26:49Z,27.8,90,26.1,1006.7,1.2,0.4,303,0.4,0.0,341,4.1
2026-09-04T04:31:49Z,27.9,89,26.1,1006.6,0.8,0.4,298,0.4,0.0,294,3.5
2026-09-04T04:36:50Z,28.2,89,26.1,1006.6,0.6,0.2,290,0.4,0.0,471,5.0
2026-09-04T04:41:51Z,28.4,89,26.7,1006.5,0.8,0.2,298,0.4,0.0,898,8.2
2026-09-04T04:46:51Z,28.9,88,27.2,1006.5,1.2,0.3,267,0.4,0.0,788,6.8
2026-09-04T04:51:51Z,29.2,88,27.2,1006.4,0.7,0.4,309,0.4,0.0,735,7.2
2026-09-04T04:56:51Z,29.5,88,27.2,1006.4,0.4,0.4,309,0.4,0.0,1116,8.7
2026-09-04T05:01:54Z,29.8,88,27.8,1006.5,0.4,0.3,294,0.4,0.0,1107,9.4
2026-09-04T05:06:54Z,30.1,88,27.8,1006.4,0.6,0.3,270,0.4,0.0,1078,8.5
2026-09-04T05:11:54Z,30.1,86,27.8,1006.4,1.7,0.4,267,0.4,0.0,647,7.8
2026-09-04T05:16:54Z,30.1,87,27.8,1006.3,0.8,0.4,289,0.4,0.0,990,7.4
2026-09-04T05:21:56Z,30.4,86,28.3,1006.3,0.8,0.3,277,0.4,0.0,1018,8.5
2026-09-04T05:26:56Z,30.4,86,27.8,1006.2,1.3,0.4,294,0.4,0.0,844,7.3
2026-09-04T05:31:56Z,30.6,85,28.3,1006.1,1.3,0.4,290,0.4,0.0,761,7.3
2026-09-04T05:36:56Z,30.7,85,28.3,1006.1,2.3,0.4,271,0.4,0.0,485,5.3
2026-09-04T05:41:58Z,30.7,86,28.3,1006.0,1.6,0.4,295,0.4,0.0,1002,7.6
2026-09-04T05:46:58Z,30.8,85,28.3,1006.1,1.3,0.4,302,0.4,0.0,659,6.6
2026-09-04T05:52:00Z,30.8,85,28.3,1006.1,2.3,0.4,299,0.4,0.0,448,4.5
2026-09-04T05:57:00Z,30.7,85,27.8,1006.1,1.1,0.4,299,0.4,0.0,642,6.3
2026-09-04T06:02:00Z,30.8,84,27.8,1006.1,1.8,0.4,259,0.4,0.0,823,7.1
2026-09-04T06:07:00Z,31.0,84,28.3,1006.1,2.3,0.4,284,0.4,0.0,912,6.7
2026-09-04T06:12:00Z,31.2,83,28.3,1006.0,2.4,0.5,282,0.4,0.0,886,6.6
2026-09-04T06:17:00Z,31.4,83,28.3,1006.0,2.1,0.4,298,0.4,0.0,886,6.3
2026-09-04T06:22:00Z,31.4,82,28.3,1006.0,1.5,0.4,290,0.4,0.0,636,6.5
2026-09-04T06:27:39Z,31.5,83,28.3,1005.9,1.2,0.4,283,0.4,0.0,476,4.6
2026-09-04T06:32:40Z,31.4,82,28.3,1005.9,1.3,0.4,268,0.4,0.0,807,5.5
2026-09-04T06:37:40Z,31.6,81,27.8,1005.9,1.6,0.5,310,0.4,0.0,782,5.3
2026-09-04T06:42:42Z,31.7,81,28.3,1005.8,1.9,0.5,296,0.4,0.0,773,5.0
2026-09-04T06:47:42Z,31.8,81,28.3,1005.8,1.7,0.4,269,0.4,0.0,693,4.0
2026-09-04T06:52:44Z,31.5,82,28.3,1005.9,1.8,0.4,263,0.4,0.0,703,4.5
2026-09-04T06:57:46Z,31.3,81,27.8,1005.6,2.0,0.4,302,0.4,0.0,721,4.2
2026-09-04T07:02:46Z,31.3,83,28.3,1005.5,1.6,0.6,298,0.4,0.0,707,4.1
2026-09-04T07:07:48Z,31.3,81,27.8,1005.6,2.0,0.6,295,0.4,0.0,701,3.9
2026-09-04T07:12:50Z,31.4,82,27.8,1005.7,1.5,0.4,284,0.4,0.0,707,3.4
2026-09-04T07:17:50Z,31.5,83,28.3,1005.7,1.1,0.4,298,0.4,0.0,686,3.5
2026-09-04T07:22:50Z,31.6,81,28.3,1005.8,2.5,0.5,304,0.4,0.0,635,2.7
2026-09-04T07:27:52Z,31.4,80,27.8,1005.8,2.4,0.5,306,0.4,0.0,290,2.2
2026-09-04T07:32:54Z,31.1,81,27.8,1005.9,1.5,0.5,290,0.4,0.0,309,2.1
2026-09-04T07:37:54Z,31.0,82,27.8,1006.0,1.0,0.4,306,0.4,0.0,679,2.7
2026-09-04T07:42:56Z,31.2,82,27.8,1006.1,1.5,0.3,288,0.4,0.0,578,2.4
2026-09-04T07:47:56Z,31.2,82,27.8,1006.0,1.4,0.5,288,0.4,0.0,438,2.1
2026-09-04T07:52:56Z,31.1,81,27.8,1006.0,2.5,0.5,301,0.4,0.0,257,1.5
2026-09-04T07:57:56Z,30.8,81,27.2,1006.1,2.7,0.4,283,0.4,0.0,272,1.4
2026-09-04T08:02:56Z,30.6,82,27.2,1006.2,1.8,0.4,288,0.4,0.0,197,1.2
2026-09-04T08:07:58Z,30.3,83,27.2,1006.3,1.5,0.4,290,0.4,0.0,211,1.1
2026-09-04T08:12:58Z,30.2,83,27.2,1006.3,2.1,0.4,271,0.4,0.0,206,1.0
2026-09-04T08:17:58Z,29.9,84,27.2,1006.3,2.5,0.4,281,0.4,0.0,292,1.0
2026-09-04T08:23:00Z,29.9,84,27.2,1006.4,1.8,0.4,294,0.4,0.0,142,0.8
2026-09-04T08:28:02Z,29.8,84,26.7,1006.4,2.2,0.4,294,0.4,0.0,142,0.7
2026-09-04T08:33:02Z,29.8,85,27.2,1006.3,3.0,0.4,292,0.4,0.0,190,0.6
2026-09-04T08:38:04Z,29.8,85,27.2,1006.3,2.6,0.5,305,0.4,0.0,255,0.6
2026-09-04T08:43:04Z,30.0,85,27.2,1006.3,3.1,0.5,284,0.4,0.0,452,0.7
2026-09-04T08:48:06Z,30.2,85,27.2,1006.5,2.6,0.5,294,0.4,0.0,401,0.6
2026-09-04T08:53:08Z,30.3,84,27.2,1006.5,2.4,0.5,320,0.4,0.0,373,0.5
2026-09-04T08:58:08Z,30.4,84,27.2,1006.5,1.3,0.5,291,0.4,0.0,234,0.0
2026-09-04T09:03:10Z,30.3,83,27.2,1006.6,1.8,0.4,289,0.4,0.0,120,0.0
2026-09-04T09:08:10Z,30.1,83,27.2,1006.7,1.8,0.4,288,0.4,0.0,109,0.0
2026-09-04T09:13:12Z,30.0,84,27.2,1006.8,1.9,0.4,302,0.4,0.0,295,0.0
2026-09-04T09:18:14Z,30.1,84,27.2,1006.8,1.3,0.4,286,0.4,0.0,248,0.0
2026-09-04T09:23:14Z,30.2,84,27.2,1007.0,1.2,0.4,310,0.4,0.0,213,0.0
2026-09-04T09:28:16Z,30.0,83,26.7,1007.2,1.3,0.4,292,0.4,0.0,149,0.0
2026-09-04T09:33:16Z,29.8,83,26.7,1007.3,1.7,0.4,288,0.4,0.0,93,0.0
2026-09-04T09:38:18Z,29.7,84,26.7,1007.4,1.3,0.3,287,0.4,0.0,47,0.0
2026-09-04T09:43:18Z,29.6,84,26.7,1007.4,1.2,0.3,293,0.4,0.0,26,0.0
2026-09-04T09:48:18Z,29.4,85,26.7,1007.5,1.2,0.2,299,0.4,0.0,18,0.0
2026-09-04T09:53:18Z,29.4,86,26.7,1007.5,0.8,0.2,303,0.4,0.0,11,0.0
2026-09-04T09:58:18Z,29.3,86,26.7,1007.6,0.8,0.2,311,0.4,0.0,7,0.0
2026-09-04T10:03:18Z,29.1,86,26.7,1007.6,0.8,0.3,293,0.4,0.0,0,0.0
2026-09-04T10:08:20Z,29.1,86,26.7,1007.6,0.6,0.3,301,0.4,0.0,0,0.0
2026-09-04T10:13:22Z,28.9,86,26.7,1007.8,0.7,0.2,299,0.4,0.0,0,0.0
2026-09-04T10:18:22Z,28.9,86,26.7,1007.9,0.3,0.1,300,0.4,0.0,0,0.0
2026-09-04T10:23:25Z,28.8,86,26.1,1008.0,0.2,0.2,307,0.4,0.0,0,0.0
2026-09-04T10:28:25Z,28.8,87,26.7,1008.1,0.1,0.2,306,0.4,0.0,0,0.0
2026-09-04T10:33:25Z,28.8,87,26.7,1008.0,0.2,0.1,304,0.4,0.0,0,0.0
2026-09-04T10:38:25Z,28.8,87,26.7,1008.1,0.1,0.1,305,0.4,0.0,0,0.0
2026-09-04T10:43:25Z,28.7,87,26.7,1008.2,0.0,0.1,304,0.4,0.0,0,0.0
2026-09-04T10:48:25Z,28.7,87,26.1,1008.2,0.2,0.1,306,0.4,0.0,0,0.0
2026-09-04T10:53:26Z,28.6,87,26.1,1008.3,0.1,0.1,305,0.4,0.0,0,0.0
2026-09-04T10:58:26Z,28.5,87,26.1,1008.3,0.0,0.1,303,0.4,0.0,0,0.0
2026-09-04T11:03:28Z,28.5,87,26.1,1008.3,0.1,0.1,288,0.4,0.0,0,0.0
2026-09-04T11:08:28Z,28.5,87,26.1,1008.2,0.2,0.1,294,0.4,0.0,0,0.0
2026-09-04T11:13:28Z,28.6,87,26.1,1008.1,0.2,0.1,303,0.4,0.0,0,0.0
2026-09-04T11:18:28Z,28.5,87,26.1,1008.2,0.1,0.1,310,0.4,0.0,0,0.0
2026-09-04T11:23:28Z,28.6,87,26.1,1008.4,0.0,0.0,310,0.4,0.0,0,0.0
2026-09-04T11:28:28Z,28.6,87,26.1,1008.4,0.1,0.1,311,0.4,0.0,0,0.0
2026-09-04T11:33:31Z,28.6,87,26.1,1008.3,0.0,0.1,311,0.4,0.0,0,0.0
2026-09-04T11:38:31Z,28.5,87,26.1,1008.3,0.0,0.0,311,0.4,0.0,0,0.0
2026-09-04T11:43:31Z,28.4,87,26.1,1008.4,0.0,0.0,311,0.4,0.0,0,0.0
2026-09-04T11:48:31Z,28.3,87,26.1,1008.4,0.0,0.0,311,0.4,0.0,0,0.0
2026-09-04T11:53:31Z,28.2,87,26.1,1008.4,0.0,0.0,311,0.4,0.0,0,0.0
2026-09-04T11:58:31Z,28.1,87,25.6,1008.5,0.0,0.0,311,0.4,0.0,0,0.0
2026-09-04T12:03:31Z,28.1,87,25.6,1008.5,0.0,0.0,311,0.4,0.0,0,0.0
2026-09-04T12:08:31Z,28.2,87,26.1,1008.8,0.0,0.0,311,0.4,0.0,0,0.0
2026-09-04T12:13:31Z,28.2,88,26.1,1008.9,0.1,0.1,311,0.4,0.0,0,0.0
2026-09-04T12:18:31Z,28.2,87,26.1,1008.9,0.0,0.1,311,0.4,0.0,0,0.0
2026-09-04T12:23:31Z,28.1,87,25.6,1009.0,0.0,0.0,311,0.4,0.0,0,0.0
2026-09-04T12:28:31Z,28.1,87,25.6,1009.1,0.0,0.0,311,0.4,0.0,0,0.0
2026-09-04T12:33:33Z,28.1,87,25.6,1009.1,0.0,0.0,311,0.4,0.0,0,0.0
2026-09-04T12:39:09Z,28.1,87,25.6,1009.2,0.0,0.0,311,0.4,0.0,0,0.0
2026-09-04T12:44:11Z,28.1,87,26.1,1009.2,0.0,0.0,310,0.4,0.0,0,0.0
2026-09-04T12:49:11Z,28.1,87,25.6,1009.2,0.5,0.2,292,0.4,0.0,0,0.0
2026-09-04T12:54:11Z,28.1,87,25.6,1009.2,0.2,0.2,293,0.4,0.0,0,0.0
2026-09-04T12:59:11Z,28.2,87,26.1,1009.3,0.6,0.2,300,0.4,0.0,0,0.0
2026-09-04T13:04:11Z,28.2,87,26.1,1009.2,0.1,0.2,300,0.4,0.0,0,0.0
2026-09-04T13:09:11Z,28.2,87,26.1,1009.3,0.4,0.2,280,0.4,0.0,0,0.0
2026-09-04T13:14:11Z,28.2,87,26.1,1009.1,0.0,0.2,283,0.4,0.0,0,0.0
2026-09-04T13:19:11Z,28.2,87,26.1,1009.0,0.1,0.1,286,0.4,0.0,0,0.0
2026-09-04T13:24:11Z,28.2,87,26.1,1008.9,0.5,0.2,288,0.4,0.0,0,0.0
2026-09-04T13:29:11Z,28.2,88,26.1,1009.0,0.2,0.2,290,0.4,0.0,0,0.0
2026-09-04T13:34:13Z,28.2,88,26.1,1009.1,0.2,0.2,294,0.4,0.0,0,0.0
2026-09-04T13:39:13Z,28.2,88,26.1,1009.1,0.3,0.2,306,0.4,0.0,0,0.0
2026-09-04T13:44:13Z,28.2,88,26.1,1009.2,0.2,0.2,306,0.4,0.0,0,0.0
2026-09-04T13:49:15Z,28.2,88,26.1,1009.2,0.6,0.2,300,0.4,0.0,0,0.0
2026-09-04T13:54:15Z,28.2,88,26.1,1009.1,0.4,0.2,298,0.4,0.0,0,0.0
2026-09-04T13:59:15Z,28.2,88,26.1,1009.2,0.7,0.2,295,0.4,0.0,0,0.0
2026-09-04T14:04:17Z,28.2,88,26.1,1009.2,0.4,0.2,294,0.4,0.0,0,0.0
2026-09-04T14:09:17Z,28.2,88,26.1,1009.2,0.2,0.1,294,0.4,0.0,0,0.0
2026-09-04T14:14:19Z,28.2,88,26.1,1009.3,0.3,0.1,294,0.4,0.0,0,0.0
2026-09-04T14:19:19Z,28.2,88,26.1,1009.2,0.1,0.1,294,0.4,0.0,0,0.0
2026-09-04T14:24:19Z,28.2,88,26.1,1009.2,0.0,0.1,294,0.4,0.0,0,0.0
2026-09-04T14:29:21Z,28.1,88,26.1,1009.2,0.0,0.0,294,0.4,0.0,0,0.0
2026-09-04T14:34:23Z,28.1,88,26.1,1009.2,0.0,0.1,294,0.4,0.0,0,0.0
2026-09-04T14:39:25Z,28.0,88,26.1,1009.2,0.0,0.1,294,0.4,0.0,0,0.0
2026-09-04T14:44:25Z,28.0,88,26.1,1009.3,0.0,0.0,294,0.4,0.0,0,0.0
2026-09-04T14:49:27Z,27.9,88,26.1,1009.2,0.0,0.0,294,0.4,0.0,0,0.0
2026-09-04T14:54:29Z,27.9,88,26.1,1009.2,0.0,0.0,294,0.4,0.0,0,0.0
2026-09-04T14:59:29Z,27.9,88,26.1,1009.1,0.0,0.0,294,0.4,0.0,0,0.0
2026-09-04T15:04:31Z,27.9,89,26.1,1009.0,0.0,0.0,294,0.4,0.0,0,0.0
2026-09-04T15:09:31Z,27.9,89,26.1,1009.0,0.0,0.0,294,0.4,0.0,0,0.0
2026-09-04T15:14:33Z,27.9,89,26.1,1008.8,0.0,0.0,294,0.4,0.0,0,0.0
2026-09-04T15:19:33Z,27.9,89,26.1,1008.8,0.0,0.0,294,0.4,0.0,0,0.0
2026-09-04T15:24:35Z,27.9,89,26.1,1008.8,0.0,0.0,294,0.4,0.0,0,0.0
2026-09-04T15:29:37Z,27.9,89,26.1,1008.7,0.0,0.0,294,0.4,0.0,0,0.0
2026-09-04T15:34:37Z,27.8,89,26.1,1008.7,0.0,0.0,294,0.4,0.0,0,0.0
2026-09-04T15:39:39Z,27.8,89,26.1,1008.7,0.0,0.0,294,0.4,0.0,0,0.0
2026-09-04T15:44:39Z,27.8,89,26.1,1008.7,0.0,0.0,294,0.4,0.0,0,0.0
2026-09-04T15:49:41Z,27.8,89,26.1,1008.6,0.0,0.0,294,0.4,0.0,0,0.0
2026-09-04T15:54:41Z,27.7,89,26.1,1008.7,0.0,0.0,295,0.4,0.0,0,0.0
2026-09-04T15:59:43Z,27.7,89,25.6,1008.6,0.0,0.0,295,0.4,0.0,0,0.0
2026-09-04T16:04:44Z,27.7,89,25.6,1008.7,0.0,0.0,295,0.0,0.0,0,0.0
2026-09-04T16:09:44Z,27.7,89,25.6,1008.6,0.0,0.0,295,0.0,0.0,0,0.0
2026-09-04T16:14:44Z,27.6,89,25.6,1008.7,0.0,0.0,295,0.0,0.0,0,0.0
2026-09-04T16:19:44Z,27.5,89,25.6,1008.6,0.0,0.0,295,0.0,0.0,0,0.0
2026-09-04T16:24:46Z,27.4,89,25.6,1008.5,0.0,0.0,295,0.0,0.0,0,0.0
2026-09-04T16:29:48Z,27.4,89,25.6,1008.6,0.0,0.0,295,0.0,0.0,0,0.0
2026-09-04T16:34:48Z,27.4,89,25.6,1008.5,0.0,0.0,295,0.0,0.0,0,0.0
2026-09-04T16:39:50Z,27.4,89,25.6,1008.4,0.0,0.0,295,0.0,0.0,0,0.0
2026-09-04T16:44:50Z,27.4,89,25.6,1008.4,0.0,0.0,295,0.0,0.0,0,0.0
2026-09-04T16:49:52Z,27.3,89,25.6,1008.3,0.0,0.0,295,0.0,0.0,0,0.0
2026-09-04T16:54:54Z,27.3,89,25.6,1008.3,0.0,0.0,295,0.0,0.0,0,0.0
2026-09-04T16:59:54Z,27.2,89,25.6,1008.3,0.0,0.0,295,0.0,0.0,0,0.0
2026-09-04T17:04:56Z,27.1,89,25.0,1008.3,0.0,0.0,295,0.0,0.0,0,0.0
2026-09-04T17:09:56Z,27.0,89,25.0,1008.3,0.0,0.0,295,0.0,0.0,0,0.0
2026-09-04T17:14:56Z,26.9,89,25.0,1008.3,0.0,0.0,295,0.0,0.0,0,0.0
2026-09-04T17:19:56Z,26.9,89,25.0,1008.3,0.0,0.0,295,0.0,0.0,0,0.0
2026-09-04T17:24:56Z,26.8,89,25.0,1008.3,0.0,0.0,295,0.0,0.0,0,0.0
2026-09-04T17:29:57Z,26.8,90,25.0,1008.2,0.0,0.0,295,0.0,0.0,0,0.0
2026-09-04T17:34:57Z,26.8,90,25.0,1008.1,0.0,0.0,295,0.0,0.0,0,0.0
2026-09-04T17:39:57Z,26.8,90,25.0,1008.1,0.0,0.0,295,0.0,0.0,0,0.0
2026-09-04T17:44:58Z,26.8,90,25.0,1008.0,0.0,0.0,295,0.0,0.0,0,0.0
2026-09-04T17:49:58Z,26.7,90,25.0,1008.1,0.0,0.0,295,0.0,0.0,0,0.0
2026-09-04T17:54:58Z,26.7,90,25.0,1008.1,0.0,0.0,295,0.0,0.0,0,0.0
2026-09-04T17:59:58Z,26.6,90,25.0,1007.9,0.0,0.0,295,0.0,0.0,0,0.0
2026-09-04T18:05:00Z,26.5,90,25.0,1007.9,0.0,0.0,295,0.0,0.0,0,0.0
2026-09-04T18:10:00Z,26.4,90,25.0,1007.9,0.0,0.0,295,0.0,0.0,0,0.0
2026-09-04T18:15:02Z,26.3,90,24.4,1007.9,0.0,0.0,295,0.0,0.0,0,0.0
2026-09-04T18:20:04Z,26.3,90,24.4,1007.8,0.0,0.0,295,0.0,0.0,0,0.0
2026-09-04T18:25:04Z,26.2,90,24.4,1007.7,0.0,0.0,295,0.0,0.0,0,0.0
2026-09-04T18:30:06Z,26.2,91,24.4,1007.7,0.0,0.0,295,0.0,0.0,0,0.0
2026-09-04T18:35:06Z,26.2,91,24.4,1007.6,0.0,0.0,295,0.0,0.0,0,0.0
2026-09-04T18:40:08Z,26.2,91,24.4,1007.5,0.0,0.0,295,0.0,0.0,0,0.0
2026-09-04T18:45:08Z,26.2,91,24.4,1007.6,0.0,0.0,295,0.0,0.0,0,0.0
2026-09-04T18:50:08Z,26.1,91,24.4,1007.5,0.0,0.0,295,0.0,0.0,0,0.0
2026-09-04T18:55:08Z,26.1,91,24.4,1007.5,0.0,0.0,295,0.0,0.0,0,0.0
2026-09-04T19:00:08Z,26.1,91,24.4,1007.5,0.0,0.0,295,0.0,0.0,0,0.0
2026-09-04T19:05:08Z,26.0,91,24.4,1007.5,0.0,0.0,295,0.0,0.0,0,0.0
2026-09-04T19:10:10Z,26.1,91,24.4,1007.5,0.0,0.0,295,0.0,0.0,0,0.0
2026-09-04T19:15:10Z,26.2,91,24.4,1007.5,0.0,0.0,295,0.0,0.0,0,0.0
2026-09-04T19:20:10Z,26.3,91,25.0,1007.5,0.0,0.0,295,0.0,0.0,0,0.0
2026-09-04T19:25:10Z,26.4,91,25.0,1007.5,0.0,0.0,295,0.0,0.0,0,0.0
2026-09-04T19:30:10Z,26.4,91,25.0,1007.5,0.0,0.0,295,0.0,0.0,0,0.0
2026-09-04T19:35:11Z,26.6,92,25.0,1007.5,0.0,0.0,294,0.0,0.0,0,0.0
2026-09-04T19:40:12Z,26.7,92,25.6,1007.5,0.0,0.0,295,0.0,0.0,0,0.0
2026-09-04T19:45:12Z,26.8,92,25.6,1007.6,0.0,0.0,300,0.0,0.0,0,0.0
2026-09-04T19:50:12Z,26.8,92,25.6,1007.6,0.0,0.0,307,0.0,0.0,0,0.0
2026-09-04T19:55:13Z,26.9,92,25.6,1007.6,0.0,0.0,307,0.0,0.0,0,0.0
2026-09-04T20:00:13Z,26.9,92,25.6,1007.7,0.0,0.0,307,0.0,0.0,0,0.0
2026-09-04T20:05:13Z,26.8,92,25.6,1007.8,0.0,0.0,307,0.0,0.0,0,0.0
2026-09-04T20:10:15Z,26.8,91,25.6,1007.7,0.0,0.0,307,0.0,0.0,0,0.0
2026-09-04T20:15:17Z,26.8,91,25.0,1007.7,0.0,0.0,308,0.0,0.0,0,0.0
2026-09-04T20:20:17Z,26.8,91,25.0,1007.7,0.0,0.0,304,0.0,0.0,0,0.0
2026-09-04T20:25:19Z,26.7,91,25.0,1007.6,0.0,0.0,304,0.0,0.0,0,0.0
2026-09-04T20:30:19Z,26.7,91,25.0,1007.7,0.0,0.0,300,0.0,0.0,0,0.0
2026-09-04T20:35:21Z,26.6,91,25.0,1007.7,0.0,0.0,301,0.0,0.0,0,0.0
2026-09-04T20:40:23Z,26.6,91,25.0,1007.6,0.0,0.0,304,0.0,0.0,0,0.0
2026-09-04T20:45:23Z,26.6,91,25.0,1007.7,0.0,0.0,305,0.0,0.0,0,0.0
2026-09-04T20:50:25Z,26.6,91,25.0,1007.7,0.0,0.0,304,0.0,0.0,0,0.0
2026-09-04T20:55:25Z,26.6,91,25.0,1007.8,0.0,0.0,304,0.0,0.0,0,0.0
2026-09-04T21:00:27Z,26.6,91,25.0,1007.9,0.0,0.0,304,0.0,0.0,0,0.0
2026-09-04T21:05:27Z,26.6,91,25.0,1007.8,0.0,0.0,304,0.0,0.0,0,0.0
2026-09-04T21:10:29Z,26.6,91,25.0,1007.8,0.0,0.0,305,0.0,0.0,0,0.0
2026-09-04T21:15:31Z,26.6,90,25.0,1007.9,0.0,0.0,304,0.0,0.0,0,0.0
2026-09-04T21:20:31Z,26.6,90,25.0,1007.8,0.0,0.0,305,0.0,0.0,0,0.0
2026-09-04T21:25:33Z,26.6,90,25.0,1007.9,1.1,0.2,298,0.0,0.0,0,0.0
2026-09-04T21:30:35Z,26.6,90,25.0,1007.9,0.7,0.2,298,0.0,0.0,0,0.0
2026-09-04T21:35:35Z,26.6,90,25.0,1008.0,0.8,0.2,302,0.0,0.0,0,0.0
2026-09-04T21:40:37Z,26.6,90,25.0,1008.0,0.3,0.2,302,0.0,0.0,0,0.0
2026-09-04T21:45:37Z,26.7,90,25.0,1008.1,0.8,0.2,313,0.0,0.0,0,0.0
2026-09-04T21:50:39Z,26.6,90,25.0,1008.1,0.8,0.2,301,0.0,0.0,7,0.0
2026-09-04T21:55:39Z,26.6,90,25.0,1008.0,1.0,0.4,301,0.0,0.0,11,0.0
2026-09-04T22:00:39Z,26.7,90,25.0,1008.0,0.8,0.4,301,0.0,0.0,14,0.0
2026-09-04T22:05:41Z,26.7,90,25.0,1008.0,0.6,0.3,315,0.0,0.0,19,0.0
2026-09-04T22:10:41Z,26.7,90,25.0,1008.0,1.0,0.3,313,0.0,0.0,23,0.0
2026-09-04T22:15:41Z,26.7,90,25.0,1008.1,0.9,0.3,313,0.0,0.0,25,0.0
2026-09-04T22:20:41Z,26.7,90,25.0,1008.2,0.5,0.3,278,0.0,0.0,28,0.0
2026-09-04T22:25:41Z,26.7,90,25.0,1008.2,1.1,0.2,300,0.0,0.0,40,0.0
2026-09-04T22:30:43Z,26.8,90,25.0,1008.1,0.5,0.2,294,0.0,0.0,47,0.0
2026-09-04T22:35:43Z,26.8,90,25.0,1008.1,1.0,0.2,296,0.0,0.0,42,0.0
2026-09-04T22:40:43Z,26.8,90,25.0,1008.3,0.6,0.3,288,0.0,0.0,46,0.0
2026-09-04T22:45:43Z,26.8,89,25.0,1008.2,1.3,0.3,294,0.0,0.0,100,0.0
2026-09-04T22:50:43Z,26.9,90,25.0,1008.4,1.2,0.3,302,0.0,0.0,116,0.0
2026-09-04T22:55:43Z,27.0,89,25.0,1008.5,1.1,0.4,294,0.0,0.0,135,0.0
2026-09-04T23:00:45Z,27.1,89,25.0,1008.5,0.4,0.4,302,0.0,0.0,185,0.0
2026-09-04T23:05:45Z,27.2,89,25.6,1008.5,1.2,0.4,268,0.0,0.0,178,0.5
2026-09-04T23:10:47Z,27.3,88,25.0,1008.6,0.7,0.4,314,0.0,0.0,160,0.6
2026-09-04T23:15:49Z,27.4,88,25.6,1008.6,0.4,0.2,290,0.0,0.0,95,0.6
2026-09-04T23:20:49Z,27.4,88,25.6,1008.6,0.4,0.1,297,0.0,0.0,95,0.7
2026-09-04T23:25:51Z,27.5,88,25.6,1008.8,0.4,0.2,294,0.0,0.0,281,0.8
2026-09-04T23:30:53Z,27.6,88,25.6,1008.8,0.8,0.3,324,0.0,0.0,323,0.9
2026-09-04T23:35:53Z,27.8,87,25.6,1008.7,0.3,0.3,306,0.0,0.0,360,1.1
2026-09-04T23:40:55Z,27.8,87,25.6,1008.7,0.8,0.4,306,0.0,0.0,141,1.0
2026-09-04T23:45:55Z,27.9,87,25.6,1008.8,1.0,0.4,294,0.0,0.0,295,1.3
2026-09-04T23:50:57Z,28.0,87,25.6,1008.8,1.7,0.4,301,0.0,0.0,322,1.5
2026-09-04T23:55:57Z,28.0,86,25.6,1008.9,1.9,0.4,305,0.0,0.0,339,1.6
2026-09-05T00:00:59Z,28.1,86,25.6,1008.9,1.7,0.4,302,0.0,0.0,362,1.8
2026-09-05T00:06:01Z,28.2,85,25.6,1009.1,1.4,0.4,306,0.0,0.0,387,1.9
2026-09-05T00:11:01Z,28.3,85,25.6,1009.1,1.5,0.4,301,0.0,0.0,401,2.1
2026-09-05T00:16:03Z,28.4,85,25.6,1009.1,1.6,0.4,286,0.0,0.0,427,2.2
2026-09-05T00:21:03Z,28.6,85,26.1,1009.1,1.9,0.4,279,0.0,0.0,455,2.4
2026-09-05T00:26:05Z,28.7,85,26.1,1009.2,1.8,0.4,296,0.0,0.0,461,2.6
2026-09-05T00:31:05Z,28.8,85,26.1,1009.3,1.4,0.4,294,0.0,0.0,461,2.7
2026-09-05T00:36:05Z,28.8,84,26.1,1009.4,1.9,0.4,273,0.0,0.0,526,3.0
2026-09-05T00:41:05Z,28.9,84,26.1,1009.4,2.2,0.4,286,0.0,0.0,543,3.1
2026-09-05T00:46:05Z,28.9,84,26.1,1009.4,1.3,0.4,259,0.0,0.0,568,3.3
2026-09-05T00:51:05Z,29.1,84,26.1,1009.5,1.9,0.4,288,0.0,0.0,578,3.5
2026-09-05T00:56:07Z,29.2,84,26.1,1009.5,2.0,0.4,310,0.0,0.0,596,3.6
2026-09-05T01:01:09Z,29.3,84,26.7,1009.5,1.7,0.4,308,0.0,0.0,608,3.8
2026-09-05T01:06:09Z,29.5,84,26.7,1009.5,1.8,0.4,324,0.0,0.0,624,3.9
2026-09-05T01:11:11Z,29.5,84,26.7,1009.6,2.3,0.4,274,0.0,0.0,633,4.1
2026-09-05T01:16:11Z,29.6,84,26.7,1009.6,1.6,0.4,303,0.0,0.0,633,4.2
2026-09-05T01:21:13Z,29.6,84,26.7,1009.5,2.0,0.4,283,0.0,0.0,652,4.4
2026-09-05T01:26:13Z,29.6,84,26.7,1009.4,2.5,0.5,325,0.0,0.0,673,4.7
2026-09-05T01:31:13Z,29.7,84,26.7,1009.4,1.8,0.4,319,0.0,0.0,679,4.9
2026-09-05T01:36:13Z,29.7,84,26.7,1009.4,2.1,0.4,283,0.0,0.0,715,5.2
2026-09-05T01:41:13Z,29.7,84,26.7,1009.3,2.7,0.4,292,0.0,0.0,729,5.4
2026-09-05T01:46:13Z,29.7,84,26.7,1009.4,2.5,0.5,269,0.0,0.0,745,5.5
2026-09-05T01:51:15Z,29.7,84,26.7,1009.5,2.5,0.5,314,0.0,0.0,749,5.7
2026-09-05T01:56:15Z,29.7,84,26.7,1009.6,2.3,0.5,310,0.0,0.0,758,5.8
2026-09-05T02:01:15Z,29.8,84,26.7,1009.5,1.9,0.5,293,0.0,0.0,791,6.1
2026-09-05T02:06:15Z,29.9,84,27.2,1009.4,1.8,0.4,284,0.0,0.0,793,6.3
2026-09-05T02:11:15Z,30.1,84,27.2,1009.4,1.8,0.4,286,0.0,0.0,796,6.5
2026-09-05T02:16:15Z,30.2,83,27.2,1009.5,2.4,0.4,298,0.0,0.0,814,6.7
2026-09-05T02:21:17Z,30.3,83,27.2,1009.4,2.2,0.4,302,0.0,0.0,837,6.8
2026-09-05T02:26:17Z,30.3,83,27.2,1009.3,2.5,0.5,323,0.0,0.0,833,6.2
2026-09-05T02:31:19Z,30.4,83,27.2,1009.3,2.2,0.5,284,0.0,0.0,854,7.3
2026-09-05T02:36:21Z,30.4,82,27.2,1009.2,3.0,0.5,276,0.0,0.0,911,7.7
2026-09-05T02:41:22Z,30.4,82,27.2,1009.2,2.6,0.5,288,0.0,0.0,882,6.3
2026-09-05T02:46:23Z,30.4,82,27.2,1009.1,2.7,0.5,296,0.0,0.0,884,7.8
2026-09-05T02:51:23Z,30.6,83,27.2,1009.2,2.1,0.5,306,0.0,0.0,926,8.2
2026-09-05T02:56:23Z,30.8,83,27.8,1009.0,1.6,0.4,277,0.0,0.0,940,8.1
2026-09-05T03:01:25Z,30.9,82,27.8,1008.9,2.3,0.4,273,0.0,0.0,891,7.5
2026-09-05T03:06:28Z,30.9,81,27.2,1008.9,2.8,0.5,278,0.0,0.0,942,7.8
2026-09-05T03:11:29Z,30.8,81,27.2,1009.0,2.4,0.5,292,0.0,0.0,939,8.6
2026-09-05T03:16:30Z,30.9,81,27.2,1009.0,3.3,0.5,297,0.0,0.0,928,8.7
2026-09-05T03:21:32Z,30.9,82,27.8,1008.9,2.6,0.5,293,0.0,0.0,951,9.0
2026-09-05T03:26:34Z,30.9,81,27.8,1008.9,2.9,0.5,304,0.0,0.0,960,9.1
2026-09-05T03:31:34Z,31.1,81,27.8,1008.8,3.1,0.5,294,0.0,0.0,983,9.3
2026-09-05T03:36:36Z,31.1,80,27.2,1008.8,3.8,0.5,288,0.0,0.0,951,9.3
2026-09-05T03:41:36Z,31.1,81,27.8,1008.8,2.7,0.5,295,0.0,0.0,954,9.4
2026-09-05T03:46:38Z,31.2,81,27.8,1008.7,3.6,0.6,284,0.0,0.0,953,9.4
2026-09-05T03:51:40Z,31.1,80,27.2,1008.6,3.1,0.6,314,0.0,0.0,958,9.4
2026-09-05T03:56:40Z,31.1,80,27.2,1008.6,3.0,0.5,306,0.0,0.0,960,9.4
2026-09-05T04:01:42Z,31.1,80,27.2,1008.6,3.5,0.5,294,0.0,0.0,963,9.5
2026-09-05T04:06:42Z,31.2,80,27.2,1008.4,2.9,0.6,279,0.0,0.0,958,9.4
2026-09-05T04:11:42Z,31.2,80,27.2,1008.4,3.7,0.6,292,0.0,0.0,962,9.4
2026-09-05T04:16:44Z,31.3,80,27.2,1008.3,3.1,0.6,311,0.0,0.0,949,9.3
2026-09-05T04:21:46Z,31.3,80,27.8,1008.2,3.0,0.6,286,0.0,0.0,954,9.4
2026-09-05T04:26:46Z,31.3,80,27.8,1008.1,4.0,0.6,277,0.0,0.0,958,9.4
2026-09-05T04:31:46Z,31.3,80,27.2,1008.2,3.1,0.6,292,0.0,0.0,949,9.3
2026-09-05T04:36:48Z,31.3,80,27.8,1008.1,2.6,0.6,320,0.0,0.0,953,9.1
2026-09-05T04:41:48Z,31.4,79,27.2,1008.0,3.8,0.6,279,0.0,0.0,951,9.2
2026-09-05T04:46:48Z,31.4,81,27.8,1008.0,2.4,0.6,253,0.0,0.0,949,9.1
2026-09-05T04:51:48Z,31.6,80,27.8,1007.9,3.1,0.6,291,0.0,0.0,953,9.1
2026-09-05T04:56:50Z,31.7,79,27.8,1007.9,2.5,0.6,281,0.0,0.0,951,9.0
2026-09-05T05:01:50Z,31.6,79,27.8,1007.8,3.4,0.6,297,0.0,0.0,963,9.0
2026-09-05T05:06:50Z,31.7,79,27.8,1007.7,3.0,0.6,271,0.0,0.0,972,8.9
2026-09-05T05:11:52Z,31.7,79,27.8,1007.7,4.0,0.7,298,0.0,0.0,970,8.8
2026-09-05T05:16:54Z,31.7,79,27.8,1007.5,2.9,0.8,281,0.0,0.0,1039,8.9
2026-09-05T05:21:56Z,31.9,79,27.8,1007.5,4.1,0.8,269,0.0,0.0,1058,8.9
2026-09-05T05:26:56Z,31.8,79,27.8,1007.5,3.8,0.6,271,0.0,0.0,766,8.7
2026-09-05T05:31:58Z,31.8,78,27.8,1007.5,3.7,0.7,292,0.0,0.0,1179,5.0
2026-09-05T05:36:58Z,31.4,78,27.2,1007.5,4.2,0.7,317,0.0,0.0,1169,8.8
2026-09-05T05:42:00Z,31.5,79,27.2,1007.3,4.7,0.7,292,0.0,0.0,1056,8.3
2026-09-05T05:47:02Z,31.7,78,27.2,1007.3,4.1,0.8,290,0.0,0.0,1053,8.1
2026-09-05T05:52:02Z,31.8,78,27.8,1007.4,3.6,0.8,271,0.0,0.0,1007,7.0
2026-09-05T05:57:04Z,31.8,79,27.8,1007.3,3.4,0.7,287,0.0,0.0,1079,7.7
2026-09-05T06:02:04Z,31.9,78,27.8,1007.2,4.7,0.8,281,0.0,0.0,998,7.1
2026-09-05T06:07:04Z,31.8,78,27.8,1007.2,3.9,0.8,312,0.0,0.0,976,6.8
2026-09-05T06:12:06Z,31.9,78,27.8,1007.1,3.8,0.8,344,0.0,0.0,930,6.9
2026-09-05T06:17:06Z,31.7,78,27.2,1006.9,4.4,0.7,265,0.0,0.0,737,6.3
2026-09-05T06:22:06Z,31.6,79,27.8,1006.9,4.0,0.7,292,0.0,0.0,796,5.8
2026-09-05T06:27:06Z,31.6,79,27.8,1006.8,3.9,0.8,322,0.0,0.0,1004,6.4
2026-09-05T06:32:06Z,31.8,79,27.8,1006.8,4.2,0.8,285,0.0,0.0,1011,6.2
2026-09-05T06:37:08Z,31.8,79,27.8,1006.6,3.3,0.8,284,0.0,0.0,949,5.8
2026-09-05T06:42:08Z,31.8,79,27.8,1006.7,5.1,0.8,312,0.0,0.0,932,5.5
2026-09-05T06:47:08Z,31.7,79,27.8,1006.7,4.1,0.8,277,0.0,0.0,877,5.2
2026-09-05T06:52:08Z,31.7,79,27.8,1006.6,4.2,0.8,297,0.0,0.0,918,5.1
2026-09-05T06:57:08Z,31.7,80,27.8,1006.7,3.0,0.8,286,0.0,0.0,905,4.8
2026-09-05T07:02:08Z,31.8,79,27.8,1006.5,3.7,0.6,281,0.0,0.0,900,4.5
2026-09-05T07:07:10Z,31.8,79,27.8,1006.6,3.6,0.8,289,0.0,0.0,851,4.3
2026-09-05T07:12:10Z,31.7,80,27.8,1006.8,3.4,0.8,295,0.0,0.0,784,4.0
2026-09-05T07:17:10Z,31.6,79,27.8,1006.8,4.6,0.8,290,0.0,0.0,754,3.7
2026-09-05T07:22:10Z,31.4,80,27.8,1006.8,3.8,0.8,294,0.0,0.0,721,3.4
2026-09-05T07:27:10Z,31.4,80,27.8,1006.8,4.3,0.8,279,0.0,0.0,705,3.1
2026-09-05T07:32:10Z,31.3,80,27.2,1006.8,4.2,0.8,317,0.0,0.0,722,2.9
2026-09-05T07:37:12Z,31.2,80,27.2,1006.9,4.5,0.7,289,0.0,0.0,686,2.7
2026-09-05T07:42:12Z,31.1,80,27.2,1006.9,4.1,0.7,295,0.0,0.0,578,2.4
2026-09-05T07:47:14Z,31.0,80,27.2,1006.8,4.2,0.8,286,0.0,0.0,615,2.2
2026-09-05T07:52:16Z,30.9,80,27.2,1006.8,4.1,0.8,248,0.0,0.0,633,2.1
2026-09-05T07:57:16Z,30.7,81,27.2,1006.8,3.9,0.7,326,0.0,0.0,156,1.4
2026-09-05T08:02:18Z,30.4,81,27.2,1006.8,4.4,0.7,295,0.0,0.0,524,1.8
2026-09-05T08:07:18Z,30.4,82,27.2,1006.8,4.1,0.7,282,0.0,0.0,494,1.6
2026-09-05T08:12:18Z,30.6,81,27.2,1006.9,4.3,0.7,307,0.0,0.0,510,1.5
2026-09-05T08:17:18Z,30.6,82,27.2,1006.9,3.1,0.7,308,0.0,0.0,520,1.3
2026-09-05T08:22:18Z,30.7,81,27.2,1006.9,3.6,0.7,290,0.0,0.0,563,1.2
2026-09-05T08:27:18Z,30.7,81,27.2,1007.1,3.8,0.7,271,0.0,0.0,304,0.9
2026-09-05T08:32:20Z,30.5,82,27.2,1007.1,2.8,0.6,329,0.0,0.0,313,0.9
2026-09-05T08:37:20Z,30.4,82,27.2,1007.2,2.7,0.6,305,0.0,0.0,181,0.7
2026-09-05T08:42:22Z,30.2,82,26.7,1007.3,3.5,0.6,296,0.0,0.0,417,0.7
2026-09-05T08:47:24Z,30.1,82,26.7,1007.3,3.7,0.6,298,0.0,0.0,137,0.5
2026-09-05T08:52:24Z,29.9,82,26.7,1007.3,3.3,0.6,280,0.0,0.0,120,0.0
2026-09-05T08:57:26Z,29.7,83,26.7,1007.4,3.0,0.6,271,0.0,0.0,84,0.0
2026-09-05T09:02:26Z,29.6,83,26.1,1007.4,3.1,0.6,303,0.0,0.0,76,0.0
2026-09-05T09:07:28Z,29.4,84,26.7,1007.4,3.0,0.6,277,0.0,0.0,62,0.0
2026-09-05T09:12:30Z,29.3,84,26.7,1007.3,3.6,0.6,275,0.0,0.0,49,0.0
2026-09-05T09:17:30Z,29.3,85,26.7,1007.4,2.7,0.6,288,0.0,0.0,37,0.0
2026-09-05T09:22:32Z,29.2,85,26.7,1007.4,2.9,0.6,302,0.0,0.0,60,0.0
2026-09-05T09:27:32Z,29.1,85,26.7,1007.4,3.2,0.6,291,0.0,0.0,148,0.0
2026-09-05T09:32:34Z,29.1,84,26.1,1007.5,3.1,0.6,319,0.0,0.0,137,0.0
2026-09-05T09:37:36Z,29.2,84,26.1,1007.6,3.5,0.6,296,0.0,0.0,88,0.0
2026-09-05T09:42:36Z,29.2,85,26.7,1007.7,2.8,0.6,285,0.0,0.0,33,0.0
2026-09-05T09:47:38Z,29.1,85,26.1,1007.7,3.3,0.6,285,0.0,0.0,47,0.0
2026-09-05T09:52:38Z,29.1,85,26.1,1007.9,2.5,0.6,308,0.0,0.0,49,0.0
2026-09-05T09:57:40Z,29.0,85,26.1,1007.9,2.4,0.6,261,0.0,0.0,25,0.0
2026-09-05T10:02:40Z,28.9,85,26.1,1007.9,2.9,0.6,264,0.0,0.0,14,0.0
2026-09-05T10:07:40Z,28.8,85,26.1,1008.0,2.7,0.6,292,0.0,0.0,5,0.0
2026-09-05T10:12:40Z,28.7,85,26.1,1008.1,2.7,0.6,293,0.0,0.0,0,0.0
2026-09-05T10:17:40Z,28.7,86,26.1,1008.1,2.3,0.6,286,0.0,0.0,0,0.0
2026-09-05T10:22:41Z,28.6,86,26.1,1008.1,1.9,0.5,301,0.0,0.0,0,0.0
2026-09-05T10:27:42Z,28.6,86,26.1,1008.1,2.1,0.4,287,0.0,0.0,0,0.0
2026-09-05T10:32:42Z,28.6,86,26.1,1008.2,2.8,0.5,290,0.0,0.0,0,0.0
2026-09-05T10:37:42Z,28.6,86,26.1,1008.2,2.1,0.5,286,0.0,0.0,0,0.0
2026-09-05T10:42:43Z,28.6,86,26.1,1008.4,2.4,0.5,310,0.0,0.0,0,0.0
2026-09-05T10:47:43Z,28.6,86,26.1,1008.5,2.1,0.5,294,0.0,0.0,0,0.0
2026-09-05T10:52:43Z,28.6,86,26.1,1008.4,1.6,0.4,294,0.0,0.0,0,0.0
2026-09-05T10:57:45Z,28.6,86,26.1,1008.3,2.0,0.4,270,0.0,0.0,0,0.0
2026-09-05T11:02:47Z,28.6,86,26.1,1008.3,2.2,0.5,292,0.0,0.0,0,0.0
2026-09-05T11:07:47Z,28.7,86,26.1,1008.3,1.6,0.5,282,0.0,0.0,0,0.0
2026-09-05T11:12:49Z,28.7,86,26.1,1008.3,2.2,0.4,298,0.0,0.0,0,0.0
2026-09-05T11:17:49Z,28.7,86,26.1,1008.3,1.3,0.4,286,0.0,0.0,0,0.0
2026-09-05T11:22:51Z,28.7,86,26.1,1008.4,1.5,0.4,298,0.0,0.0,0,0.0
2026-09-05T11:27:51Z,28.7,86,26.1,1008.4,1.7,0.4,292,0.0,0.0,0,0.0
2026-09-05T11:32:51Z,28.7,86,26.1,1008.5,1.3,0.4,292,0.0,0.0,0,0.0
2026-09-05T11:37:53Z,28.8,87,26.7,1008.5,0.9,0.4,292,0.0,0.0,0,0.0
2026-09-05T11:42:53Z,28.8,87,26.7,1008.5,0.5,0.2,292,0.0,0.0,0,0.0
2026-09-05T11:47:55Z,28.8,87,26.7,1008.5,0.9,0.2,292,0.0,0.0,0,0.0
2026-09-05T11:52:55Z,28.8,86,26.1,1008.5,1.3,0.4,307,0.0,0.0,0,0.0
2026-09-05T11:57:55Z,28.8,86,26.1,1008.5,1.3,0.4,297,0.0,0.0,0,0.0
2026-09-05T12:02:55Z,28.8,86,26.1,1008.6,1.7,0.4,317,0.0,0.0,0,0.0
2026-09-05T12:07:57Z,28.8,87,26.7,1008.5,1.1,0.4,294,0.0,0.0,0,0.0
2026-09-05T12:12:57Z,28.7,86,26.1,1008.6,1.6,0.4,294,0.0,0.0,0,0.0
2026-09-05T12:17:59Z,28.8,87,26.7,1008.7,0.8,0.4,299,0.0,0.0,0,0.0
2026-09-05T12:22:59Z,28.8,87,26.7,1008.7,0.9,0.3,312,0.0,0.0,0,0.0
2026-09-05T12:28:01Z,28.8,87,26.7,1008.8,1.0,0.3,314,0.0,0.0,0,0.0
2026-09-05T12:33:03Z,28.8,87,26.7,1008.9,0.6,0.3,304,0.0,0.0,0,0.0
2026-09-05T12:38:03Z,28.8,87,26.7,1009.0,1.1,0.2,298,0.0,0.0,0,0.0
2026-09-05T12:43:05Z,28.8,87,26.7,1009.0,0.8,0.2,294,0.0,0.0,0,0.0
2026-09-05T12:48:05Z,28.7,87,26.7,1009.1,1.0,0.2,312,0.0,0.0,0,0.0
2026-09-05T12:53:07Z,28.7,87,26.7,1009.1,1.2,0.2,286,0.0,0.0,0,0.0
2026-09-05T12:58:09Z,28.7,87,26.7,1009.2,1.5,0.4,290,0.0,0.0,0,0.0
2026-09-05T13:03:09Z,28.7,86,26.7,1009.3,0.9,0.4,286,0.0,0.0,0,0.0
2026-09-05T13:08:11Z,28.7,87,26.7,1009.3,0.8,0.3,306,0.0,0.0,0,0.0
2026-09-05T13:13:11Z,28.7,86,26.1,1009.3,1.1,0.3,298,0.0,0.0,0,0.0
2026-09-05T13:18:13Z,28.7,86,26.1,1009.3,0.7,0.3,292,0.0,0.0,0,0.0
2026-09-05T13:23:15Z,28.7,86,26.1,1009.3,0.1,0.3,293,0.0,0.0,0,0.0
2026-09-05T13:28:15Z,28.7,87,26.1,1009.4,0.1,0.2,300,0.0,0.0,0,0.0
2026-09-05T13:33:17Z,28.7,87,26.1,1009.6,0.7,0.2,298,0.0,0.0,0,0.0
2026-09-05T13:38:19Z,28.7,87,26.1,1009.6,0.6,0.2,298,0.0,0.0,0,0.0
2026-09-05T13:43:19Z,28.7,87,26.1,1009.6,0.0,0.2,297,0.0,0.0,0,0.0
2026-09-05T13:48:19Z,28.6,87,26.1,1009.6,0.0,0.0,295,0.0,0.0,0,0.0
2026-09-05T13:53:21Z,28.6,87,26.1,1009.6,0.0,0.0,302,0.0,0.0,0,0.0
2026-09-05T13:58:23Z,28.6,87,26.1,1009.7,0.0,0.0,302,0.0,0.0,0,0.0
2026-09-05T14:03:23Z,28.6,87,26.1,1009.7,0.0,0.0,302,0.0,0.0,0,0.0
2026-09-05T14:08:25Z,28.6,87,26.1,1009.6,0.0,0.0,302,0.0,0.0,0,0.0
2026-09-05T14:13:25Z,28.6,87,26.1,1009.6,0.0,0.1,301,0.0,0.0,0,0.0
2026-09-05T14:18:27Z,28.6,87,26.1,1009.6,0.0,0.1,302,0.0,0.0,0,0.0
2026-09-05T14:23:29Z,28.4,87,26.1,1009.6,1.1,0.2,77,0.0,0.0,0,0.0
2026-09-05T14:28:31Z,28.3,86,25.6,1009.6,0.0,0.2,77,0.0,0.0,0,0.0
2026-09-05T14:33:31Z,28.1,86,25.6,1009.6,0.6,0.2,29,0.0,0.0,0,0.0
2026-09-05T14:38:31Z,28.0,86,25.6,1009.5,0.3,0.2,40,0.0,0.0,0,0.0
2026-09-05T14:43:33Z,28.0,86,25.6,1009.5,0.5,0.3,107,0.0,0.0,0,0.0
2026-09-05T14:48:33Z,27.9,86,25.6,1009.4,0.0,0.3,107,0.0,0.0,0,0.0
2026-09-05T14:53:33Z,27.8,86,25.6,1009.3,0.7,0.2,214,0.0,0.0,0,0.0
2026-09-05T14:58:35Z,27.7,86,25.0,1009.3,0.8,0.4,147,0.0,0.0,0,0.0
2026-09-05T15:03:35Z,27.4,86,25.0,1009.3,0.0,0.4,148,0.0,0.0,0,0.0
2026-09-05T15:08:37Z,27.3,87,25.0,1009.3,0.0,0.0,148,0.0,0.0,0,0.0
2026-09-05T15:13:37Z,27.2,87,25.0,1009.2,0.0,0.0,148,0.0,0.0,0,0.0
2026-09-05T15:18:37Z,27.2,87,25.0,1009.1,0.0,0.0,148,0.0,0.0,0,0.0
2026-09-05T15:23:37Z,27.1,88,25.0,1009.1,0.0,0.0,148,0.2,0.0,0,0.0
2026-09-05T15:28:39Z,27.1,88,25.0,1009.0,0.3,0.1,148,0.2,0.0,0,0.0
2026-09-05T15:33:39Z,27.1,89,25.0,1008.9,0.4,0.1,148,0.2,0.0,0,0.0
2026-09-05T15:38:41Z,26.9,89,25.0,1008.8,0.4,0.2,148,0.2,0.0,0,0.0
2026-09-05T15:43:41Z,26.9,89,25.0,1008.8,0.0,0.2,148,0.2,0.0,0,0.0
2026-09-05T15:48:41Z,26.9,90,25.0,1008.8,0.8,0.2,148,0.2,0.0,0,0.0
2026-09-05T15:53:41Z,26.9,90,25.0,1008.8,0.0,0.2,148,0.2,0.0,0,0.0
2026-09-05T15:58:41Z,26.8,90,25.0,1008.7,0.8,0.1,148,0.2,0.0,0,0.0
2026-09-05T16:03:42Z,26.7,90,25.0,1008.6,0.7,0.2,149,0.0,0.0,0,0.0
2026-09-05T16:08:42Z,26.6,90,25.0,1008.6,0.5,0.2,360,0.0,0.0,0,0.0
2026-09-05T16:13:44Z,26.6,90,25.0,1008.5,1.0,0.3,157,0.0,0.0,0,0.0
2026-09-05T16:18:44Z,26.6,90,25.0,1008.6,0.4,0.3,157,0.0,0.0,0,0.0
2026-09-05T16:23:44Z,26.6,90,25.0,1008.5,0.4,0.2,157,0.0,0.0,0,0.0
2026-09-05T16:28:44Z,26.6,90,25.0,1008.4,0.4,0.2,157,0.0,0.0,0,0.0
2026-09-05T16:33:46Z,26.6,90,25.0,1008.4,0.7,0.2,162,0.0,0.0,0,0.0
2026-09-05T16:38:46Z,26.6,90,25.0,1008.3,0.2,0.2,162,0.0,0.0,0,0.0
2026-09-05T16:43:48Z,26.6,90,25.0,1008.2,0.5,0.2,161,0.0,0.0,0,0.0
2026-09-05T16:48:50Z,26.6,90,25.0,1008.2,1.0,0.2,161,0.0,0.0,0,0.0
2026-09-05T16:53:50Z,26.5,90,25.0,1008.2,0.4,0.2,161,0.0,0.0,0,0.0
2026-09-05T16:58:53Z,26.4,90,25.0,1008.3,0.3,0.2,161,0.0,0.0,0,0.0
2026-09-05T17:03:53Z,26.5,90,25.0,1008.3,0.0,0.1,161,0.0,0.0,0,0.0
2026-09-05T17:08:53Z,26.5,90,25.0,1008.4,0.1,0.1,161,0.0,0.0,0,0.0
2026-09-05T17:13:54Z,26.4,90,25.0,1008.3,0.0,0.1,161,0.0,0.0,0,0.0
2026-09-05T17:18:55Z,26.4,90,25.0,1008.2,0.0,0.0,161,0.0,0.0,0,0.0
2026-09-05T17:23:56Z,26.4,90,25.0,1008.2,0.0,0.0,160,0.0,0.0,0,0.0
2026-09-05T17:28:56Z,26.4,90,25.0,1008.2,0.0,0.0,160,0.0,0.0,0,0.0
2026-09-05T17:33:56Z,26.6,90,25.0,1008.2,0.0,0.0,160,0.0,0.0,0,0.0
2026-09-05T17:38:57Z,26.7,90,25.0,1008.2,0.0,0.0,160,0.0,0.0,0,0.0
2026-09-05T17:43:58Z,26.7,90,25.0,1008.1,0.0,0.0,160,0.0,0.0,0,0.0
2026-09-05T17:48:59Z,26.7,90,25.0,1008.1,0.0,0.0,160,0.0,0.0,0,0.0
2026-09-05T17:54:00Z,26.6,90,25.0,1008.0,0.0,0.0,160,0.0,0.0,0,0.0
2026-09-05T17:59:01Z,26.7,90,25.0,1007.9,0.0,0.0,160,0.2,0.0,0,0.0
2026-09-05T18:04:02Z,26.6,90,25.0,1007.9,0.0,0.0,160,0.2,0.0,0,0.0
2026-09-05T18:09:02Z,26.6,91,25.0,1007.9,0.0,0.0,160,0.2,0.0,0,0.0
2026-09-05T18:14:03Z,26.6,90,25.0,1007.9,0.0,0.0,160,0.2,0.0,0,0.0
2026-09-05T18:19:03Z,26.5,91,25.0,1007.8,0.0,0.0,160,0.2,0.0,0,0.0
2026-09-05T18:24:03Z,26.4,91,25.0,1007.9,0.0,0.0,160,0.2,0.0,0,0.0
2026-09-05T18:29:03Z,26.4,91,25.0,1007.8,0.0,0.0,160,0.2,0.0,0,0.0
2026-09-05T18:34:05Z,26.3,91,25.0,1007.7,0.2,0.1,160,0.2,0.0,0,0.0
2026-09-05T18:39:05Z,26.3,91,25.0,1007.7,0.1,0.1,160,0.2,0.0,0,0.0
2026-09-05T18:44:05Z,26.4,91,25.0,1007.7,0.1,0.1,160,0.2,0.0,0,0.0
2026-09-05T18:49:05Z,26.4,91,25.0,1007.6,0.0,0.0,160,0.2,0.0,0,0.0
2026-09-05T18:54:05Z,26.6,91,25.0,1007.5,0.4,0.1,161,0.2,0.0,0,0.0
2026-09-05T18:59:05Z,26.7,91,25.0,1007.3,0.2,0.1,162,0.2,0.0,0,0.0
2026-09-05T19:04:07Z,26.8,91,25.0,1007.3,1.0,0.2,284,0.2,0.0,0,0.0
2026-09-05T19:09:09Z,26.8,91,25.6,1007.2,1.0,0.2,288,0.2,0.0,0,0.0
2026-09-05T19:14:09Z,26.9,91,25.6,1007.2,0.6,0.2,290,0.2,0.0,0,0.0
2026-09-05T19:19:11Z,27.1,91,25.6,1007.2,0.8,0.2,290,0.2,0.0,0,0.0
2026-09-05T19:24:11Z,27.1,91,25.6,1007.2,0.5,0.2,291,0.2,0.0,0,0.0
2026-09-05T19:29:11Z,27.1,91,25.6,1007.2,0.5,0.2,292,0.2,0.0,0,0.0
2026-09-05T19:34:13Z,27.2,91,25.6,1007.1,0.2,0.2,294,0.2,0.0,0,0.0
2026-09-05T19:39:13Z,27.2,91,25.6,1007.1,0.3,0.2,295,0.2,0.0,0,0.0
2026-09-05T19:44:13Z,27.2,91,25.6,1007.1,0.6,0.2,296,0.2,0.0,0,0.0
2026-09-05T19:49:13Z,27.2,90,25.6,1007.1,0.7,0.2,296,0.2,0.0,0,0.0
2026-09-05T19:54:13Z,27.2,90,25.6,1007.1,0.0,0.1,296,0.2,0.0,0,0.0
2026-09-05T19:59:15Z,27.3,91,25.6,1007.0,0.0,0.1,298,0.2,0.0,0,0.0
2026-09-05T20:04:15Z,27.4,90,25.6,1007.0,0.4,0.2,299,0.2,0.0,0,0.0
2026-09-05T20:09:15Z,27.4,90,25.6,1006.9,0.8,0.2,301,0.2,0.0,0,0.0
2026-09-05T20:14:17Z,27.4,90,25.6,1007.0,1.0,0.4,298,0.2,0.0,0,0.0
2026-09-05T20:19:17Z,27.4,90,25.6,1007.1,1.4,0.4,276,0.2,0.0,0,0.0
2026-09-05T20:24:17Z,27.4,90,25.6,1007.2,0.5,0.4,281,0.2,0.0,0,0.0
2026-09-05T20:29:19Z,27.4,89,25.6,1007.2,0.8,0.3,298,0.2,0.0,0,0.0
2026-09-05T20:34:19Z,27.4,89,25.6,1007.2,1.1,0.4,298,0.2,0.0,0,0.0
2026-09-05T20:39:19Z,27.3,89,25.6,1007.3,0.8,0.4,297,0.2,0.0,0,0.0
2026-09-05T20:44:21Z,27.4,89,25.6,1007.3,0.8,0.3,296,0.2,0.0,0,0.0
2026-09-05T20:49:21Z,27.4,89,25.6,1007.4,0.3,0.3,296,0.2,0.0,0,0.0
2026-09-05T20:54:23Z,27.4,89,25.6,1007.4,0.8,0.3,310,0.2,0.0,0,0.0
2026-09-05T20:59:23Z,27.4,89,25.6,1007.4,0.6,0.2,299,0.2,0.0,0,0.0
2026-09-05T21:04:23Z,27.4,88,25.6,1007.5,0.7,0.3,297,0.2,0.0,0,0.0
2026-09-05T21:09:25Z,27.4,88,25.6,1007.5,0.7,0.2,293,0.2,0.0,0,0.0
2026-09-05T21:14:25Z,27.4,88,25.6,1007.4,0.0,0.2,296,0.2,0.0,0,0.0
2026-09-05T21:19:25Z,27.4,87,25.6,1007.5,0.4,0.2,304,0.2,0.0,0,0.0
2026-09-05T21:24:27Z,27.4,87,25.0,1007.5,0.0,0.1,306,0.2,0.0,0,0.0
2026-09-05T21:29:27Z,27.3,87,25.0,1007.6,0.4,0.1,304,0.2,0.0,0,0.0
2026-09-05T21:34:27Z,27.3,87,25.0,1007.6,0.4,0.2,296,0.2,0.0,0,0.0
2026-09-05T21:39:29Z,27.4,87,25.0,1007.5,0.1,0.2,298,0.2,0.0,0,0.0
2026-09-05T21:44:29Z,27.3,87,25.0,1007.6,0.1,0.1,298,0.2,0.0,0,0.0
2026-09-05T21:49:31Z,27.3,86,25.0,1007.6,0.1,0.1,298,0.2,0.0,0,0.0
2026-09-05T21:54:31Z,27.3,86,25.0,1007.6,0.0,0.1,300,0.2,0.0,9,0.0
2026-09-05T21:59:33Z,27.3,86,25.0,1007.7,0.0,0.1,300,0.2,0.0,14,0.0
2026-09-05T22:04:35Z,27.3,86,25.0,1007.6,0.0,0.1,299,0.2,0.0,19,0.0
2026-09-05T22:09:35Z,27.3,86,25.0,1007.6,0.0,0.0,300,0.2,0.0,21,0.0
2026-09-05T22:14:37Z,27.3,86,25.0,1007.7,0.0,0.0,299,0.2,0.0,28,0.0
2026-09-05T22:19:37Z,27.3,86,25.0,1007.7,0.0,0.1,298,0.2,0.0,26,0.0
2026-09-05T22:24:39Z,27.3,86,25.0,1007.6,0.0,0.1,298,0.2,0.0,25,0.0
2026-09-05T22:29:41Z,27.3,86,25.0,1007.6,0.0,0.1,230,0.2,0.0,33,0.0
2026-09-05T22:34:41Z,27.4,86,25.0,1007.6,0.0,0.0,234,0.2,0.0,49,0.0
2026-09-05T22:39:43Z,27.5,86,25.0,1007.7,0.0,0.0,234,0.2,0.0,77,0.0
2026-09-05T22:44:43Z,27.6,86,25.0,1007.7,0.0,0.0,286,0.2,0.0,42,0.0
2026-09-05T22:49:45Z,27.7,85,25.0,1007.8,0.0,0.0,286,0.2,0.0,39,0.0
2026-09-05T22:54:45Z,27.7,85,25.0,1007.8,0.0,0.0,286,0.2,0.0,134,0.0
2026-09-05T22:59:45Z,27.9,85,25.0,1007.9,0.0,0.0,287,0.2,0.0,153,0.5
2026-09-05T23:04:47Z,28.1,85,25.6,1007.8,0.0,0.0,287,0.2,0.0,169,0.5
2026-09-05T23:09:47Z,28.3,84,25.6,1007.9,0.0,0.0,287,0.2,0.0,183,0.6
2026-09-05T23:14:47Z,28.4,84,25.6,1007.8,0.0,0.0,287,0.2,0.0,193,0.7
2026-09-05T23:19:47Z,28.6,84,25.6,1007.9,0.0,0.0,287,0.2,0.0,207,0.8
2026-09-05T23:24:47Z,28.7,83,25.6,1007.8,0.0,0.0,287,0.2,0.0,225,0.9
2026-09-05T23:29:47Z,28.8,83,25.6,1007.8,0.0,0.0,287,0.2,0.0,244,1.0
2026-09-05T23:34:47Z,28.9,82,25.6,1007.9,0.0,0.0,287,0.2,0.0,260,1.1
2026-09-05T23:39:47Z,29.1,81,25.6,1008.0,0.0,0.0,287,0.2,0.0,278,1.2
2026-09-05T23:44:47Z,29.3,81,25.6,1008.0,0.0,0.0,287,0.2,0.0,292,1.3
2026-09-05T23:49:49Z,29.3,79,25.6,1007.9,0.0,0.0,287,0.2,0.0,309,1.4
2026-09-05T23:54:49Z,29.4,80,25.6,1007.8,0.0,0.0,287,0.2,0.0,330,1.6
2026-09-05T23:59:51Z,29.6,79,25.6,1007.8,0.0,0.0,288,0.2,0.0,350,1.7
2026-09-06T00:04:53Z,29.6,80,26.1,1008.0,0.0,0.0,288,0.2,0.0,366,1.8
2026-09-06T00:09:53Z,29.7,80,26.1,1007.9,0.0,0.0,294,0.2,0.0,390,2.0
2026-09-06T00:14:55Z,29.7,80,26.1,1008.0,0.0,0.0,294,0.2,0.0,418,2.2
2026-09-06T00:19:55Z,29.7,80,26.1,1008.0,0.0,0.0,300,0.2,0.0,434,2.3
2026-09-06T00:24:55Z,29.7,79,25.6,1008.1,0.0,0.0,301,0.2,0.0,459,2.5
2026-09-06T00:29:55Z,29.7,79,25.6,1008.0,0.0,0.0,300,0.2,0.0,475,2.6
2026-09-06T00:34:55Z,29.8,79,25.6,1007.9,0.0,0.0,302,0.2,0.0,503,2.8
2026-09-06T00:39:56Z,29.8,79,25.6,1007.9,0.0,0.0,306,0.2,0.0,527,3.0
2026-09-06T00:44:57Z,29.9,80,26.1,1008.1,0.0,0.0,311,0.2,0.0,552,3.2
2026-09-06T00:49:57Z,30.0,79,26.1,1008.1,0.0,0.0,309,0.2,0.0,571,3.4
2026-09-06T00:54:57Z,30.1,78,26.1,1008.2,0.0,0.0,291,0.2,0.0,592,3.6
2026-09-06T00:59:58Z,30.1,79,26.1,1008.2,0.0,0.0,307,0.2,0.0,615,3.8
2026-09-06T01:05:00Z,30.0,78,25.6,1008.3,0.0,0.0,293,0.2,0.0,633,4.0
2026-09-06T01:10:00Z,30.0,78,25.6,1008.2,0.0,0.0,287,0.2,0.0,647,4.1
2026-09-06T01:15:00Z,29.9,79,26.1,1008.2,0.0,0.0,300,0.2,0.0,663,4.3
2026-09-06T01:20:02Z,30.0,80,26.1,1008.3,0.0,0.0,295,0.2,0.0,675,4.6
2026-09-06T01:25:02Z,30.1,80,26.1,1008.2,0.0,0.0,319,0.2,0.0,687,4.8
2026-09-06T01:30:02Z,30.1,80,26.1,1008.3,2.0,0.4,300,0.2,0.0,703,5.0
2026-09-06T01:35:04Z,30.2,80,26.7,1008.2,1.4,0.4,315,0.2,0.0,712,5.2
2026-09-06T01:40:06Z,30.2,80,26.7,1008.2,1.3,0.5,315,0.2,0.0,726,5.3
2026-09-06T01:45:06Z,30.2,79,26.1,1008.3,2.2,0.5,297,0.2,0.0,742,5.6
2026-09-06T01:50:08Z,30.2,81,26.7,1008.3,1.4,0.5,313,0.2,0.0,752,5.7
2026-09-06T01:55:10Z,30.3,81,26.7,1008.3,1.4,0.4,300,0.2,0.0,761,5.9
2026-09-06T02:00:10Z,30.4,82,26.7,1008.3,2.3,0.4,305,0.2,0.0,773,6.1
2026-09-06T02:05:12Z,30.3,81,26.7,1008.4,2.5,0.5,302,0.2,0.0,789,6.3
2026-09-06T02:10:12Z,30.4,81,26.7,1008.4,1.8,0.5,311,0.2,0.0,800,6.5
2026-09-06T02:15:14Z,30.5,79,26.7,1008.3,2.3,0.4,306,0.2,0.0,788,6.6
2026-09-06T02:20:16Z,30.6,80,26.7,1008.4,2.5,0.5,293,0.2,0.0,844,6.9
2026-09-06T02:25:16Z,30.6,80,26.7,1008.5,2.0,0.5,331,0.2,0.0,831,6.9
2026-09-06T02:30:16Z,30.6,80,26.7,1008.5,2.7,0.5,309,0.2,0.0,840,7.1
2026-09-06T02:35:18Z,30.6,81,27.2,1008.5,2.5,0.5,286,0.2,0.0,844,7.3
2026-09-06T02:40:20Z,30.7,81,27.2,1008.5,2.4,0.4,311,0.2,0.0,847,7.4
2026-09-06T02:45:20Z,30.7,81,27.2,1008.4,3.3,0.6,298,0.2,0.0,853,7.5
2026-09-06T02:50:20Z,30.7,82,27.2,1008.3,1.8,0.6,309,0.2,0.0,875,7.7
2026-09-06T02:55:20Z,30.8,81,27.2,1008.2,3.6,0.6,279,0.2,0.0,921,7.4
2026-09-06T03:00:20Z,30.7,82,27.2,1008.2,3.4,0.6,269,0.2,0.0,874,7.4
2026-09-06T03:05:20Z,30.7,82,27.2,1008.1,3.3,0.6,296,0.2,0.0,879,7.9
2026-09-06T03:10:22Z,30.8,82,27.2,1008.2,3.3,0.6,302,0.2,0.0,916,8.0
2026-09-06T03:15:22Z,30.8,82,27.2,1008.2,2.5,0.6,301,0.2,0.0,427,5.8
2026-09-06T03:20:22Z,30.7,82,27.2,1008.1,3.3,0.6,301,0.2,0.0,758,6.1
2026-09-06T03:25:22Z,30.6,82,27.2,1008.1,3.0,0.6,300,0.2,0.0,846,6.7
2026-09-06T03:30:22Z,30.6,82,27.2,1008.1,3.0,0.6,281,0.2,0.0,965,8.3
2026-09-06T03:35:22Z,30.7,82,27.2,1008.1,3.8,0.6,283,0.2,0.0,824,8.0
2026-09-06T03:40:24Z,30.8,82,27.2,1007.9,3.0,0.6,300,0.2,0.0,831,8.0
2026-09-06T03:45:26Z,30.8,81,27.2,1007.9,3.7,0.6,284,0.2,0.0,879,8.3
2026-09-06T03:50:26Z,30.8,82,27.2,1007.8,3.4,0.7,281,0.2,0.0,877,8.0
2026-09-06T03:55:28Z,30.8,82,27.2,1007.8,3.8,0.7,270,0.2,0.0,893,8.4
2026-09-06T04:00:28Z,30.7,82,27.2,1007.9,3.8,0.7,290,0.2,0.0,846,8.0
2026-09-06T04:05:30Z,30.7,82,27.2,1007.8,3.2,0.6,296,0.2,0.0,923,8.0
2026-09-06T04:10:30Z,30.8,82,27.2,1008.0,3.1,0.6,287,0.2,0.0,995,8.0
2026-09-06T04:15:30Z,31.0,81,27.2,1008.0,3.1,0.5,298,0.2,0.0,972,8.1
2026-09-06T04:20:30Z,31.0,82,27.8,1008.0,2.8,0.5,280,0.2,0.0,889,7.5
2026-09-06T04:25:30Z,30.9,81,27.2,1008.0,3.4,0.5,300,0.2,0.0,380,3.7
2026-09-06T04:30:30Z,30.6,81,27.2,1008.0,2.6,0.5,277,0.2,0.0,362,3.9
2026-09-06T04:35:32Z,30.5,82,27.2,1007.9,2.1,0.5,299,0.2,0.0,401,4.3
2026-09-06T04:40:32Z,30.4,82,27.2,1008.0,2.8,0.5,296,0.2,0.0,383,3.8
2026-09-06T04:45:32Z,30.2,82,26.7,1007.9,2.7,0.5,316,0.2,0.0,420,4.1
2026-09-06T04:50:32Z,30.1,83,27.2,1007.7,2.3,0.5,288,0.2,0.0,436,4.2
2026-09-06T04:55:32Z,30.3,83,27.2,1007.7,1.7,0.4,315,0.2,0.0,466,4.3
2026-09-06T05:00:32Z,30.3,83,27.2,1007.5,2.0,0.5,297,0.2,0.0,413,4.0
2026-09-06T05:05:34Z,30.3,82,27.2,1007.4,2.5,0.5,288,0.2,0.0,406,3.9
2026-09-06T05:10:34Z,30.3,81,26.7,1007.4,2.1,0.4,304,0.2,0.0,636,5.8
2026-09-06T05:15:34Z,30.4,80,26.7,1007.4,1.6,0.5,292,0.2,0.0,352,3.2
2026-09-06T05:20:34Z,30.3,79,26.1,1007.3,2.5,0.5,279,0.2,0.0,251,2.4
2026-09-06T05:25:34Z,30.2,79,26.1,1007.2,2.5,0.5,316,0.2,0.0,232,2.4
2026-09-06T05:30:34Z,30.1,80,26.1,1007.1,1.9,0.4,304,0.2,0.0,202,2.0
2026-09-06T05:35:36Z,30.0,80,26.1,1007.1,1.7,0.4,325,0.2,0.0,204,1.9
2026-09-06T05:40:38Z,29.9,80,26.1,1007.0,2.5,0.4,324,0.2,0.0,272,2.5
2026-09-06T05:45:38Z,30.0,81,26.7,1006.9,1.2,0.4,296,0.2,0.0,304,2.4
2026-09-06T05:50:40Z,30.0,81,26.7,1006.9,1.7,0.4,281,0.2,0.0,246,2.0
2026-09-06T05:55:41Z,30.0,81,26.7,1006.8,1.7,0.4,312,0.2,0.0,290,2.4
2026-09-06T06:00:42Z,30.1,81,26.7,1006.9,1.2,0.4,298,0.2,0.0,227,2.0
2026-09-06T06:05:42Z,30.1,81,26.7,1006.8,0.9,0.2,300,0.2,0.0,262,2.2
2026-09-06T06:10:42Z,30.1,81,26.7,1006.7,0.7,0.2,298,0.2,0.0,352,3.0
2026-09-06T06:15:42Z,30.3,82,26.7,1006.7,0.2,0.2,294,0.2,0.0,264,2.4
2026-09-06T06:20:42Z,30.4,81,26.7,1006.7,0.7,0.2,298,0.2,0.0,220,2.1
2026-09-06T06:25:42Z,30.4,80,26.7,1006.8,1.1,0.2,294,0.2,0.0,255,2.4
2026-09-06T06:30:44Z,30.4,81,26.7,1006.7,0.9,0.2,292,0.2,0.0,258,2.5
2026-09-06T06:35:44Z,30.4,81,26.7,1006.6,1.2,0.2,309,0.2,0.0,306,2.7
2026-09-06T06:40:46Z,30.4,80,26.7,1006.6,1.5,0.3,314,0.2,0.0,290,2.7
2026-09-06T06:45:48Z,30.5,81,26.7,1006.5,1.2,0.3,309,0.2,0.0,258,2.5
2026-09-06T06:50:49Z,30.4,81,26.7,1006.6,1.6,0.4,301,0.2,0.0,248,2.6
2026-09-06T06:55:50Z,30.4,81,26.7,1006.6,1.8,0.5,321,0.2,0.0,698,3.7
2026-09-06T07:00:50Z,30.7,80,26.7,1006.6,2.0,0.5,330,0.2,0.0,380,3.0
2026-09-06T07:05:51Z,30.7,80,27.2,1006.6,2.7,0.7,275,0.2,0.0,425,3.4
2026-09-06T07:10:52Z,31.1,80,27.2,1006.7,3.6,0.6,298,0.2,0.0,745,3.1
2026-09-06T07:15:52Z,31.2,79,27.2,1006.5,3.9,0.6,281,0.2,0.0,659,3.0
2026-09-06T07:20:52Z,31.3,78,27.2,1006.6,3.9,0.8,319,0.2,0.0,596,2.9
2026-09-06T07:25:54Z,31.2,79,27.2,1006.6,2.6,0.8,301,0.2,0.0,454,2.3
2026-09-06T07:30:54Z,31.1,79,27.2,1006.8,2.9,0.8,5,0.2,0.0,443,2.2
2026-09-06T07:35:55Z,30.9,79,26.7,1006.8,2.9,0.8,296,0.2,0.0,450,2.1
2026-09-06T07:40:57Z,30.8,80,27.2,1006.9,3.2,0.6,289,0.2,0.0,473,2.0
2026-09-06T07:45:57Z,30.8,80,27.2,1006.9,3.3,0.6,299,0.2,0.0,492,1.9
2026-09-06T07:50:58Z,30.8,80,27.2,1007.0,2.5,0.6,296,0.2,0.0,497,1.8
2026-09-06T07:55:59Z,30.9,80,27.2,1007.0,2.0,0.5,281,0.2,0.0,533,1.7
2026-09-06T08:00:59Z,30.9,80,27.2,1007.0,1.5,0.5,290,0.2,0.0,529,1.6
2026-09-06T08:06:01Z,31.1,80,27.2,1007.2,1.8,0.4,317,0.2,0.0,489,1.4
2026-09-06T08:11:03Z,31.2,80,27.2,1007.0,1.4,0.4,278,0.2,0.0,457,1.3
2026-09-06T08:16:05Z,31.3,80,27.2,1007.1,1.1,0.4,300,0.2,0.0,499,1.1
2026-09-06T08:21:05Z,31.4,79,27.2,1007.1,1.6,0.4,280,0.2,0.0,434,1.0
2026-09-06T08:26:07Z,31.3,79,27.2,1007.2,1.3,0.4,177,0.2,0.0,427,0.9
2026-09-06T08:31:07Z,31.2,79,27.2,1007.3,2.2,0.5,315,0.2,0.0,404,0.8
2026-09-06T08:36:07Z,31.1,80,27.2,1007.4,2.2,0.5,302,0.2,0.0,397,0.7
2026-09-06T08:41:07Z,31.0,79,27.2,1007.3,2.0,0.4,289,0.2,0.0,367,0.6
2026-09-06T08:46:07Z,30.9,79,26.7,1007.4,2.6,0.5,349,0.2,0.0,390,0.5
2026-09-06T08:51:07Z,30.9,79,26.7,1007.6,2.2,0.5,282,0.2,0.0,348,0.0
2026-09-06T08:56:09Z,30.8,80,27.2,1007.6,2.1,0.4,309,0.2,0.0,336,0.0
2026-09-06T09:01:11Z,30.7,80,27.2,1007.7,2.8,0.4,297,0.2,0.0,281,0.0
2026-09-06T09:06:11Z,30.6,80,26.7,1007.6,1.7,0.4,285,0.2,0.0,149,0.0
2026-09-06T09:11:13Z,30.4,80,26.7,1007.8,1.6,0.5,348,0.2,0.0,186,0.0
2026-09-06T09:16:13Z,30.3,80,26.7,1007.8,2.0,0.4,304,0.2,0.0,139,0.0
2026-09-06T09:21:15Z,30.1,81,26.7,1007.9,2.5,0.5,309,0.2,0.0,105,0.0
2026-09-06T09:26:15Z,29.9,81,26.7,1008.0,2.5,0.5,313,0.2,0.0,102,0.0
2026-09-06T09:31:15Z,29.8,82,26.7,1008.0,1.5,0.4,319,0.2,0.0,81,0.0
2026-09-06T09:36:15Z,29.8,82,26.7,1008.1,2.1,0.5,304,0.2,0.0,63,0.0
2026-09-06T09:41:15Z,29.7,82,26.1,1008.2,1.8,0.5,292,0.2,0.0,47,0.0
2026-09-06T09:46:15Z,29.5,82,26.1,1008.3,1.9,0.4,310,0.2,0.0,26,0.0
2026-09-06T09:51:17Z,29.4,83,26.1,1008.1,1.6,0.4,292,0.2,0.0,25,0.0
2026-09-06T09:56:17Z,29.3,83,26.1,1008.2,1.1,0.4,144,0.2,0.0,16,0.0
2026-09-06T10:01:17Z,29.2,83,26.1,1008.2,2.0,0.4,290,0.2,0.0,12,0.0
2026-09-06T10:06:17Z,29.1,83,26.1,1008.3,1.7,0.4,321,0.2,0.0,7,0.0
2026-09-06T10:11:19Z,29.1,83,26.1,1008.5,1.3,0.4,280,0.2,0.0,0,0.0
2026-09-06T10:16:19Z,29.1,83,26.1,1008.5,1.5,0.3,279,0.2,0.0,0,0.0
2026-09-06T10:21:19Z,29.0,83,26.1,1008.4,1.1,0.3,299,0.2,0.0,0,0.0
2026-09-06T10:26:21Z,29.0,83,26.1,1008.5,1.7,0.4,309,0.2,0.0,0,0.0
2026-09-06T10:31:21Z,29.0,83,26.1,1008.4,1.1,0.4,300,0.2,0.0,0,0.0
2026-09-06T10:36:21Z,28.9,83,26.1,1008.5,1.5,0.4,319,0.2,0.0,0,0.0
2026-09-06T10:41:23Z,28.9,83,26.1,1008.6,1.7,0.4,279,0.2,0.0,0,0.0
2026-09-06T10:46:25Z,28.9,83,26.1,1008.6,2.0,0.4,299,0.2,0.0,0,0.0
2026-09-06T10:51:25Z,28.9,83,25.6,1008.6,1.7,0.4,309,0.2,0.0,0,0.0
2026-09-06T10:56:25Z,28.9,84,26.1,1008.5,1.1,0.4,304,0.2,0.0,0,0.0
2026-09-06T11:01:39Z,28.8,83,26.1,1008.5,0.8,0.3,301,0.2,0.0,0,0.0
2026-09-06T11:06:39Z,28.8,83,25.6,1008.5,1.5,0.2,317,0.2,0.0,0,0.0
2026-09-06T11:11:41Z,28.8,84,26.1,1008.6,0.9,0.4,299,0.2,0.0,0,0.0
2026-09-06T11:16:41Z,28.8,84,26.1,1008.6,0.4,0.4,302,0.2,0.0,0,0.0
2026-09-06T11:21:43Z,28.7,84,25.6,1008.6,0.6,0.3,305,0.2,0.0,0,0.0
2026-09-06T11:26:45Z,28.7,84,25.6,1008.6,0.6,0.4,288,0.2,0.0,0,0.0
2026-09-06T11:31:45Z,28.7,84,25.6,1008.6,0.7,0.4,296,0.2,0.0,0,0.0
2026-09-06T11:36:47Z,28.7,84,25.6,1008.5,0.7,0.4,295,0.2,0.0,0,0.0
2026-09-06T11:41:47Z,28.7,84,25.6,1008.6,0.3,0.2,298,0.2,0.0,0,0.0
2026-09-06T11:46:49Z,28.7,84,25.6,1008.8,0.1,0.1,298,0.2,0.0,0,0.0
2026-09-06T11:51:51Z,28.6,84,25.6,1008.9,0.8,0.2,100,0.2,0.0,0,0.0
2026-09-06T11:56:51Z,28.4,85,25.6,1009.1,0.0,0.2,104,0.2,0.0,0,0.0
2026-09-06T12:01:53Z,28.3,85,25.6,1009.2,0.4,0.1,104,0.2,0.0,0,0.0
2026-09-06T12:06:54Z,28.2,86,25.6,1009.3,0.1,0.1,105,0.2,0.0,0,0.0
2026-09-06T12:11:55Z,28.0,87,25.6,1009.4,0.0,0.1,105,0.2,0.0,0,0.0
2026-09-06T12:16:55Z,27.8,87,25.6,1009.4,0.0,0.1,105,0.2,0.0,0,0.0
2026-09-06T12:21:55Z,27.8,87,25.6,1009.4,0.0,0.0,105,0.2,0.0,0,0.0
2026-09-06T12:26:55Z,27.7,88,25.6,1009.6,0.0,0.0,105,0.2,0.0,0,0.0
2026-09-06T12:31:55Z,27.7,88,25.6,1009.7,0.0,0.0,105,0.2,0.0,0,0.0
2026-09-06T12:36:55Z,27.7,88,25.6,1009.8,0.0,0.0,105,0.2,0.0,0,0.0
2026-09-06T12:41:57Z,27.6,88,25.6,1009.8,0.0,0.0,105,0.2,0.0,0,0.0
2026-09-06T12:46:57Z,27.6,88,25.6,1009.8,0.0,0.0,105,0.2,0.0,0,0.0
2026-09-06T12:51:57Z,27.6,88,25.6,1009.8,0.0,0.0,105,0.2,0.0,0,0.0
2026-09-06T12:56:57Z,27.6,88,25.6,1009.7,0.0,0.0,105,0.2,0.0,0,0.0
2026-09-06T13:01:59Z,27.6,88,25.6,1009.9,0.0,0.0,105,0.2,0.0,0,0.0
2026-09-06T13:06:59Z,27.5,87,25.0,1009.9,0.0,0.0,105,0.2,0.0,0,0.0
2026-09-06T13:12:01Z,27.5,87,25.0,1009.9,0.0,0.0,105,0.2,0.0,0,0.0
2026-09-06T13:17:01Z,27.6,87,25.0,1009.9,0.0,0.0,105,0.2,0.0,0,0.0
2026-09-06T13:22:01Z,27.6,87,25.0,1009.8,0.0,0.0,105,0.2,0.0,0,0.0
2026-09-06T13:27:03Z,27.6,87,25.0,1010.0,0.0,0.0,105,0.2,0.0,0,0.0
2026-09-06T13:32:03Z,27.5,87,25.0,1010.0,0.0,0.0,105,0.2,0.0,0,0.0
2026-09-06T13:37:05Z,27.4,87,25.0,1010.0,0.0,0.0,105,0.2,0.0,0,0.0
2026-09-06T13:42:05Z,27.4,87,25.0,1010.1,0.0,0.0,105,0.2,0.0,0,0.0
2026-09-06T13:47:05Z,27.3,87,25.0,1010.1,0.0,0.0,105,0.2,0.0,0,0.0
2026-09-06T13:52:05Z,27.3,87,25.0,1010.2,0.0,0.0,105,0.2,0.0,0,0.0
2026-09-06T13:57:05Z,27.4,87,25.0,1010.3,0.0,0.0,107,0.2,0.0,0,0.0
2026-09-06T14:02:05Z,27.4,87,25.0,1010.2,0.0,0.0,108,0.2,0.0,0,0.0
2026-09-06T14:07:07Z,27.4,87,25.0,1010.3,0.0,0.0,110,0.2,0.0,0,0.0
2026-09-06T14:12:07Z,27.4,87,25.0,1010.2,0.0,0.0,111,0.2,0.0,0,0.0
2026-09-06T14:17:07Z,27.4,87,25.0,1010.3,0.0,0.0,111,0.2,0.0,0,0.0
2026-09-06T14:22:07Z,27.5,87,25.0,1010.2,0.0,0.0,111,0.2,0.0,0,0.0
2026-09-06T14:27:09Z,27.5,86,25.0,1010.2,0.0,0.0,112,0.2,0.0,0,0.0
2026-09-06T14:32:09Z,27.6,87,25.0,1010.1,0.0,0.0,112,0.2,0.0,0,0.0
2026-09-06T14:37:09Z,27.6,87,25.6,1010.2,0.0,0.0,112,0.2,0.0,0,0.0
2026-09-06T14:42:11Z,27.7,87,25.6,1010.1,0.0,0.0,112,0.2,0.0,0,0.0
2026-09-06T14:47:11Z,27.6,86,25.0,1010.1,0.0,0.0,113,0.2,0.0,0,0.0
2026-09-06T14:52:13Z,27.6,87,25.6,1010.1,0.0,0.0,113,0.2,0.0,0,0.0
2026-09-06T14:57:13Z,27.7,87,25.6,1010.3,0.0,0.0,113,0.2,0.0,0,0.0
2026-09-06T15:02:15Z,27.7,87,25.6,1010.3,0.0,0.0,113,0.2,0.0,0,0.0
2026-09-06T15:07:15Z,27.7,87,25.6,1010.3,0.0,0.0,113,0.2,0.0,0,0.0
2026-09-06T15:12:17Z,27.6,87,25.0,1010.3,0.0,0.0,113,0.2,0.0,0,0.0
2026-09-06T15:17:19Z,27.4,87,25.0,1010.2,0.0,0.0,113,0.2,0.0,0,0.0
2026-09-06T15:22:19Z,27.4,87,25.0,1010.1,0.0,0.0,113,0.2,0.0,0,0.0
2026-09-06T15:27:21Z,27.4,87,25.0,1010.2,0.0,0.0,113,0.2,0.0,0,0.0
2026-09-06T15:32:21Z,27.3,86,25.0,1010.1,0.0,0.0,113,0.2,0.0,0,0.0
2026-09-06T15:37:24Z,27.3,87,25.0,1010.0,0.0,0.0,113,0.2,0.0,0,0.0
2026-09-06T15:42:24Z,27.3,87,25.0,1009.9,0.0,0.0,113,0.2,0.0,0,0.0
2026-09-06T15:47:26Z,27.3,87,25.0,1009.9,0.0,0.0,113,0.2,0.0,0,0.0
2026-09-06T15:52:27Z,27.3,87,25.0,1009.8,0.0,0.0,113,0.2,0.0,0,0.0
2026-09-06T15:57:28Z,27.2,87,25.0,1009.8,0.0,0.0,113,0.2,0.0,0,0.0
2026-09-06T16:02:30Z,27.1,87,25.0,1009.9,0.0,0.0,113,0.2,0.0,0,0.0
2026-09-06T16:07:30Z,26.9,87,24.4,1009.9,0.0,0.0,113,0.0,0.0,0,0.0
2026-09-06T16:12:30Z,26.9,87,24.4,1009.9,0.0,0.0,113,0.0,0.0,0,0.0
2026-09-06T16:17:30Z,26.8,87,24.4,1009.8,0.0,0.0,113,0.0,0.0,0,0.0
2026-09-06T16:22:31Z,26.8,88,25.0,1009.7,0.0,0.0,113,0.0,0.0,0,0.0
2026-09-06T16:27:32Z,26.8,88,24.4,1009.6,0.0,0.0,113,0.0,0.0,0,0.0
2026-09-06T16:32:33Z,26.7,88,24.4,1009.6,0.0,0.0,113,0.0,0.0,0,0.0
2026-09-06T16:37:35Z,26.5,88,24.4,1009.6,0.0,0.0,113,0.0,0.0,0,0.0
2026-09-06T16:42:37Z,26.4,88,24.4,1009.6,0.0,0.0,113,0.0,0.0,0,0.0
2026-09-06T16:47:37Z,26.3,89,24.4,1009.5,0.0,0.0,113,0.0,0.0,0,0.0
2026-09-06T16:52:39Z,26.3,89,24.4,1009.5,0.0,0.0,113,0.0,0.0,0,0.0
2026-09-06T16:57:39Z,26.3,89,24.4,1009.6,0.0,0.0,113,0.0,0.0,0,0.0
2026-09-06T17:02:41Z,26.3,89,24.4,1009.6,0.0,0.0,113,0.0,0.0,0,0.0
2026-09-06T17:07:43Z,26.3,89,24.4,1009.6,0.0,0.0,113,0.0,0.0,0,0.0
2026-09-06T17:12:43Z,26.3,89,24.4,1009.4,0.0,0.0,113,0.0,0.0,0,0.0
2026-09-06T17:17:45Z,26.2,89,24.4,1009.4,0.0,0.0,113,0.0,0.0,0,0.0
2026-09-06T17:22:45Z,26.2,89,24.4,1009.5,0.0,0.0,113,0.0,0.0,0,0.0
2026-09-06T17:27:47Z,26.2,89,24.4,1009.4,0.0,0.0,113,0.0,0.0,0,0.0
2026-09-06T17:32:47Z,26.2,89,24.4,1009.4,0.0,0.0,113,0.0,0.0,0,0.0
2026-09-06T17:37:47Z,26.1,89,24.4,1009.5,0.0,0.0,113,0.0,0.0,0,0.0
2026-09-06T17:42:47Z,26.1,89,24.4,1009.5,0.0,0.0,113,0.0,0.0,0,0.0
2026-09-06T17:47:47Z,26.0,89,23.9,1009.4,0.0,0.0,113,0.0,0.0,0,0.0
2026-09-06T17:52:47Z,25.9,89,23.9,1009.4,0.0,0.0,113,0.0,0.0,0,0.0
2026-09-06T17:57:49Z,25.9,89,23.9,1009.2,0.0,0.0,114,0.0,0.0,0,0.0
2026-09-06T18:02:49Z,25.9,89,23.9,1009.2,0.0,0.0,114,0.0,0.0,0,0.0
2026-09-06T18:07:51Z,25.8,89,23.9,1009.2,0.0,0.0,114,0.0,0.0,0,0.0
2026-09-06T18:12:53Z,25.8,89,23.9,1009.2,0.0,0.0,116,0.0,0.0,0,0.0
2026-09-06T18:17:53Z,25.8,89,23.9,1009.1,0.0,0.0,116,0.0,0.0,0,0.0
2026-09-06T18:22:55Z,25.8,89,23.9,1009.0,0.0,0.0,119,0.0,0.0,0,0.0
2026-09-06T18:27:55Z,25.9,89,23.9,1008.9,0.0,0.0,119,0.0,0.0,0,0.0
2026-09-06T18:32:55Z,25.8,89,23.9,1008.9,0.0,0.0,119,0.0,0.0,0,0.0
2026-09-06T18:37:55Z,25.9,89,23.9,1008.8,0.0,0.0,119,0.0,0.0,0,0.0
2026-09-06T18:42:55Z,25.8,89,23.9,1008.9,0.0,0.0,119,0.0,0.0,0,0.0
2026-09-06T18:47:55Z,25.9,89,23.9,1008.8,0.0,0.0,94,0.0,0.0,0,0.0
2026-09-06T18:52:57Z,25.9,89,23.9,1008.7,0.5,0.4,39,0.0,0.0,0,0.0
2026-09-06T18:57:57Z,25.9,89,23.9,1008.8,0.3,0.4,66,0.0,0.0,0,0.0
2026-09-06T19:02:59Z,26.0,89,23.9,1008.7,0.8,0.3,74,0.0,0.0,0,0.0
2026-09-06T19:08:01Z,26.1,88,23.9,1008.7,0.4,0.3,98,0.0,0.0,0,0.0
2026-09-06T19:13:01Z,26.0,88,23.9,1008.7,0.7,0.3,115,0.0,0.0,0,0.0
2026-09-06T19:18:03Z,26.1,86,23.3,1008.7,0.5,0.4,155,0.0,0.0,0,0.0
2026-09-06T19:23:03Z,26.1,85,23.3,1008.7,1.0,0.4,61,0.0,0.0,0,0.0
2026-09-06T19:28:05Z,26.1,84,23.3,1008.6,1.1,0.6,68,0.0,0.0,0,0.0
2026-09-06T19:33:07Z,26.2,83,23.3,1008.5,1.4,0.6,63,0.0,0.0,0,0.0
2026-09-06T19:38:07Z,26.3,83,23.3,1008.6,0.7,0.4,101,0.0,0.0,0,0.0
2026-09-06T19:43:09Z,26.3,82,23.3,1008.9,0.7,0.4,177,0.0,0.0,0,0.0
2026-09-06T19:48:09Z,26.3,82,23.3,1008.9,0.2,0.3,171,0.0,0.0,0,0.0
2026-09-06T19:53:11Z,26.3,82,23.3,1009.0,0.3,0.1,170,0.0,0.0,0,0.0
2026-09-06T19:58:13Z,26.3,82,23.3,1008.9,0.0,0.1,170,0.0,0.0,0,0.0
2026-09-06T20:03:13Z,26.3,82,22.8,1008.9,0.0,0.0,115,0.0,0.0,0,0.0
2026-09-06T20:08:15Z,26.3,81,22.8,1008.9,1.2,0.4,71,0.0,0.0,0,0.0
2026-09-06T20:13:15Z,26.3,81,22.8,1008.9,0.4,0.4,94,0.0,0.0,0,0.0
2026-09-06T20:18:17Z,26.4,81,22.8,1008.9,0.4,0.4,93,0.0,0.0,0,0.0
2026-09-06T20:23:17Z,26.4,80,22.8,1009.0,0.9,0.4,60,0.0,0.0,0,0.0
2026-09-06T20:28:19Z,26.4,79,22.8,1009.0,1.5,0.4,113,0.0,0.0,0,0.0
2026-09-06T20:33:21Z,26.6,79,22.8,1008.9,1.7,0.4,58,0.0,0.0,0,0.0
2026-09-06T20:38:21Z,26.6,79,22.8,1009.0,2.0,0.4,80,0.0,0.0,0,0.0
2026-09-06T20:43:21Z,26.6,79,22.8,1009.0,1.9,0.5,105,0.0,0.0,0,0.0
2026-09-06T20:48:23Z,26.6,79,22.8,1009.3,1.7,0.5,92,0.0,0.0,0,0.0
2026-09-06T20:53:25Z,26.6,79,22.8,1009.4,1.0,0.5,145,0.0,0.0,0,0.0
2026-09-06T20:58:27Z,26.3,81,22.8,1009.6,0.6,0.2,158,0.8,11.4,0,0.0
2026-09-06T21:03:27Z,25.9,83,22.8,1009.6,0.5,0.2,150,2.8,19.6,0,0.0
2026-09-06T21:08:29Z,25.3,84,22.2,1009.5,1.3,0.4,65,4.2,16.0,0,0.0
2026-09-06T21:13:29Z,24.8,85,22.2,1009.4,0.9,0.4,146,4.6,3.8,0,0.0
2026-09-06T21:18:31Z,24.4,87,22.2,1009.3,0.8,0.3,96,4.6,1.4,0,0.0
2026-09-06T21:23:42Z,24.2,88,22.2,1009.4,0.4,0.3,124,4.8,1.4,0,0.0
2026-09-06T21:28:43Z,24.2,89,22.2,1009.5,0.8,0.3,102,4.8,1.2,0,0.0
2026-09-06T21:33:45Z,24.1,89,22.2,1009.3,1.0,0.4,42,4.8,0.8,0,0.0
2026-09-06T21:38:45Z,24.0,89,22.2,1009.4,0.1,0.3,63,4.8,0.0,0,0.0
2026-09-06T21:43:47Z,24.0,89,22.2,1009.4,0.4,0.4,153,4.8,0.0,0,0.0
2026-09-06T21:48:47Z,24.0,90,22.2,1009.5,0.2,0.4,98,4.8,0.0,0,0.0
2026-09-06T21:53:47Z,23.9,90,22.2,1009.5,0.4,0.4,91,4.8,0.0,0,0.0
2026-09-06T21:58:47Z,23.9,90,22.2,1009.5,0.8,0.4,80,4.8,0.0,0,0.0
2026-09-06T22:03:47Z,23.9,90,22.2,1009.4,1.4,0.4,101,4.8,0.0,0,0.0
2026-09-06T22:08:47Z,23.9,90,22.2,1009.5,0.7,0.4,141,4.8,0.0,0,0.0
2026-09-06T22:13:49Z,24.0,90,22.2,1009.6,1.0,0.4,96,4.8,0.0,5,0.0
2026-09-06T22:18:49Z,24.0,90,22.2,1009.5,1.1,0.3,92,4.8,0.0,7,0.0
2026-09-06T22:23:49Z,24.1,90,22.2,1009.5,1.0,0.3,136,4.8,0.0,12,0.0
2026-09-06T22:28:49Z,24.1,90,22.2,1009.7,1.1,0.4,164,4.8,0.0,40,0.0
2026-09-06T22:33:49Z,24.2,90,22.8,1009.8,0.4,0.4,146,4.8,0.0,51,0.0
2026-09-06T22:38:49Z,24.3,89,22.2,1009.8,0.7,0.4,126,4.8,0.0,49,0.0
2026-09-06T22:43:51Z,24.4,89,22.8,1009.8,1.2,0.4,144,4.8,0.0,40,0.0
2026-09-06T22:48:53Z,24.5,88,22.2,1009.9,0.7,0.4,146,4.8,0.0,49,0.0
2026-09-06T22:53:53Z,24.6,88,22.8,1010.0,0.6,0.2,49,4.8,0.0,46,0.0
2026-09-06T22:58:55Z,24.6,88,22.8,1010.1,0.0,0.3,133,4.8,0.0,40,0.0
2026-09-06T23:03:55Z,24.6,87,22.2,1010.2,0.1,0.3,105,4.8,0.0,46,0.0
2026-09-06T23:08:57Z,24.7,88,22.8,1010.2,0.3,0.2,73,4.8,0.0,40,0.0
2026-09-06T23:13:59Z,24.7,88,22.8,1010.3,0.8,0.3,87,4.8,0.0,42,0.0
2026-09-06T23:19:00Z,24.7,88,22.8,1010.3,0.7,0.3,128,4.8,0.0,63,0.0
2026-09-06T23:24:01Z,24.7,88,22.8,1010.3,0.1,0.3,134,4.8,0.0,86,0.0
2026-09-06T23:29:18Z,24.8,88,22.8,1010.3,0.2,0.2,134,4.8,0.0,109,0.5
2026-09-06T23:34:19Z,24.8,87,22.8,1010.4,0.2,0.1,76,4.8,0.0,135,0.5
2026-09-06T23:39:20Z,24.8,86,22.2,1010.4,1.1,0.4,98,4.8,0.0,93,0.6
2026-09-06T23:44:21Z,25.1,85,22.2,1010.4,0.8,0.4,134,4.8,0.0,134,0.9
2026-09-06T23:49:22Z,25.4,84,22.8,1010.4,1.4,0.3,134,4.8,0.0,141,1.0
2026-09-06T23:54:23Z,25.7,84,22.8,1010.5,1.5,0.4,142,4.8,0.0,190,1.0
2026-09-06T23:59:24Z,25.9,84,22.8,1010.6,0.9,0.4,167,4.8,0.0,149,0.8
2026-09-07T00:04:26Z,25.9,85,23.3,1010.6,1.2,0.3,163,4.8,0.0,225,0.7
2026-09-07T00:09:28Z,25.9,85,23.3,1010.6,0.0,0.3,115,4.8,0.0,176,0.9
2026-09-07T00:14:28Z,25.9,85,23.3,1010.7,0.8,0.3,153,4.8,0.0,158,0.7
2026-09-07T00:19:30Z,25.9,85,23.3,1010.8,0.9,0.3,153,4.8,0.0,76,0.5
2026-09-07T00:24:30Z,25.8,85,23.3,1010.7,0.5,0.2,123,4.8,0.0,69,0.5
2026-09-07T00:29:32Z,25.8,85,23.3,1010.7,0.2,0.3,154,4.8,0.0,63,0.6
2026-09-07T00:34:32Z,25.8,85,23.3,1010.9,0.2,0.2,153,4.8,0.0,109,0.9
2026-09-07T00:39:32Z,25.7,85,23.3,1010.9,0.5,0.2,124,4.8,0.0,121,0.9
2026-09-07T00:44:34Z,25.7,86,23.3,1011.0,0.9,0.2,132,4.8,0.0,107,0.8
2026-09-07T00:49:36Z,25.8,86,23.3,1011.0,0.3,0.2,134,4.8,0.0,113,1.0
2026-09-07T00:54:38Z,25.8,86,23.3,1011.0,0.4,0.2,134,4.8,0.0,162,1.4
2026-09-07T00:59:38Z,25.9,85,23.3,1011.0,0.8,0.2,139,4.8,0.0,216,2.0
2026-09-07T01:04:40Z,26.1,86,23.9,1011.0,0.8,0.3,156,4.8,0.0,341,2.4
2026-09-07T01:09:42Z,26.3,86,23.9,1011.0,0.8,0.3,159,4.8,0.0,179,1.1
2026-09-07T01:14:42Z,26.5,86,23.9,1011.1,0.2,0.3,108,4.8,0.0,69,0.5
2026-09-07T01:19:44Z,26.4,85,23.9,1011.3,0.6,0.3,105,4.8,0.0,67,0.6
2026-09-07T01:24:44Z,26.4,85,23.9,1011.3,0.3,0.3,104,4.8,0.0,149,1.3
2026-09-07T01:29:46Z,26.4,85,23.9,1011.2,0.7,0.2,111,4.8,0.0,153,1.3
2026-09-07T01:34:46Z,26.5,85,23.9,1011.2,0.6,0.2,140,4.8,0.0,111,1.1
2026-09-07T01:39:46Z,26.3,83,23.3,1011.1,1.2,0.2,144,4.8,0.0,114,1.1
2026-09-07T01:44:48Z,26.2,83,23.3,1011.2,0.7,0.2,143,4.8,0.0,149,1.3
2026-09-07T01:49:48Z,26.2,82,22.8,1011.1,0.2,0.2,144,4.8,0.0,104,0.9
2026-09-07T01:54:48Z,26.2,84,23.3,1011.1,0.0,0.2,144,4.8,0.0,97,0.9
2026-09-07T01:59:48Z,26.3,85,23.9,1011.1,0.1,0.2,142,4.8,0.0,76,0.7
2026-09-07T02:04:48Z,26.4,86,23.9,1011.1,0.4,0.2,139,4.8,0.0,81,0.9
2026-09-07T02:09:48Z,26.3,86,23.9,1011.1,0.3,0.2,149,4.8,0.0,63,0.8
2026-09-07T02:14:48Z,26.3,86,23.9,1011.0,0.2,0.1,200,4.8,0.0,69,0.9
2026-09-07T02:19:50Z,26.2,87,23.9,1011.1,0.0,0.1,200,5.0,0.0,58,0.8
2026-09-07T02:24:50Z,26.1,86,23.3,1011.1,0.0,0.1,200,6.0,4.4,93,1.1
2026-09-07T02:29:50Z,25.9,87,23.9,1011.1,0.2,0.1,200,6.0,2.2,107,1.2
2026-09-07T02:34:50Z,25.6,87,23.3,1011.1,0.5,0.2,200,6.0,1.2,86,1.0
2026-09-07T02:39:50Z,25.4,87,23.3,1011.1,0.4,0.2,200,6.0,0.8,90,1.0
2026-09-07T02:44:50Z,25.4,88,23.3,1011.0,0.4,0.1,200,6.0,0.0,104,1.3
2026-09-07T02:49:50Z,25.6,88,23.3,1011.0,0.4,0.2,200,6.0,0.0,104,1.1
2026-09-07T02:54:50Z,25.5,88,23.3,1011.1,0.9,0.2,199,6.0,0.0,86,1.0
2026-09-07T02:59:52Z,25.6,87,23.3,1011.0,0.6,0.2,199,6.0,0.0,142,1.6
2026-09-07T03:04:54Z,25.7,88,23.3,1010.8,0.1,0.1,199,6.0,0.0,216,2.4
2026-09-07T03:09:54Z,25.6,87,23.3,1010.8,0.8,0.2,194,6.0,0.0,127,1.5
2026-09-07T03:14:56Z,25.6,86,23.3,1010.8,1.3,0.2,194,6.0,0.0,135,1.5
2026-09-07T03:19:56Z,25.8,86,23.3,1010.8,0.3,0.2,194,6.0,0.0,193,2.2
2026-09-07T03:24:58Z,25.8,85,23.3,1010.8,0.4,0.2,194,6.0,0.0,211,2.5
2026-09-07T03:29:58Z,25.8,84,22.8,1010.6,1.2,0.2,192,6.0,0.0,281,3.2
2026-09-07T03:35:00Z,26.0,85,23.3,1010.5,0.4,0.2,179,6.0,0.0,322,3.6
2026-09-07T03:40:02Z,26.0,84,23.3,1010.4,0.4,0.4,160,6.0,0.0,301,3.3
2026-09-07T03:45:02Z,26.2,83,23.3,1010.4,0.6,0.4,159,6.0,0.0,316,3.4
2026-09-07T03:50:04Z,26.3,84,23.3,1010.3,1.2,0.2,159,6.0,0.0,450,4.5
2026-09-07T03:55:04Z,26.4,83,23.3,1010.2,0.8,0.2,159,6.0,0.0,315,3.3
2026-09-07T04:00:07Z,26.6,83,23.3,1010.2,0.8,0.2,159,6.0,0.0,367,3.9
2026-09-07T04:05:08Z,26.7,83,23.9,1010.1,0.5,0.2,159,6.0,0.0,417,6.3
2026-09-07T04:10:08Z,26.9,82,23.9,1010.0,0.8,0.2,159,6.0,0.0,462,4.8
2026-09-07T04:15:10Z,27.1,80,23.3,1010.0,1.5,0.3,113,6.0,0.0,450,4.7
2026-09-07T04:20:10Z,27.4,79,23.3,1010.0,0.8,0.3,113,6.0,0.0,429,4.8
2026-09-07T04:25:12Z,27.4,77,23.3,1009.9,0.8,0.2,123,6.0,0.0,408,4.7
2026-09-07T04:30:14Z,27.6,79,23.9,1009.9,0.5,0.2,124,6.0,0.0,568,5.9
2026-09-07T04:35:14Z,27.8,79,23.9,1009.8,1.1,0.3,127,6.0,0.0,489,5.5
2026-09-07T04:40:16Z,27.9,78,23.9,1009.8,0.7,0.2,132,6.0,0.0,434,4.5
2026-09-07T04:45:16Z,28.0,78,23.9,1009.7,0.4,0.2,134,6.0,0.0,501,5.1
2026-09-07T04:50:18Z,28.2,79,23.9,1009.6,0.1,0.2,135,6.0,0.0,404,4.2
2026-09-07T04:55:18Z,28.4,77,23.9,1009.6,0.0,0.2,136,6.0,0.0,388,3.9
2026-09-07T05:00:20Z,28.5,76,23.9,1009.6,0.8,0.1,136,6.0,0.0,339,3.4
2026-09-07T05:05:22Z,28.6,77,24.4,1009.5,0.2,0.1,136,6.0,0.0,265,2.6
2026-09-07T05:10:22Z,28.6,75,23.9,1009.5,0.4,0.1,136,6.0,0.0,241,2.4
2026-09-07T05:15:23Z,28.5,76,23.9,1009.3,0.5,0.2,139,6.0,0.0,257,2.5
2026-09-07T05:20:24Z,28.4,75,23.9,1009.4,0.8,0.2,139,6.0,0.0,241,2.3
2026-09-07T05:25:26Z,28.4,76,23.9,1009.3,0.4,0.3,146,6.0,0.0,260,2.5
2026-09-07T05:30:28Z,28.4,77,23.9,1009.2,0.4,0.2,144,6.0,0.0,234,2.2
2026-09-07T05:35:28Z,28.3,76,23.9,1009.2,0.4,0.1,144,6.0,0.0,202,1.9
2026-09-07T05:40:30Z,28.2,74,23.3,1009.1,0.4,0.1,144,6.0,0.0,211,2.0
2026-09-07T05:45:30Z,28.2,74,23.3,1009.2,0.5,0.1,144,6.0,0.0,134,1.2
2026-09-07T05:50:32Z,28.3,76,23.9,1009.2,0.3,0.1,144,6.0,0.0,165,1.4
2026-09-07T05:55:34Z,28.2,75,23.3,1009.1,0.0,0.1,144,6.0,0.0,178,1.6
2026-09-07T06:00:34Z,28.2,77,23.9,1009.0,0.0,0.1,144,6.0,0.0,193,1.7
2026-09-07T06:05:36Z,28.1,76,23.3,1009.0,0.0,0.1,144,6.0,0.0,229,1.8
2026-09-07T06:10:36Z,28.2,78,23.9,1009.1,0.4,0.1,144,6.0,0.0,144,1.2
2026-09-07T06:15:38Z,28.1,77,23.9,1009.1,0.1,0.1,144,6.0,0.0,250,2.0
2026-09-07T06:20:38Z,28.2,77,23.9,1009.0,0.0,0.1,144,6.0,0.0,418,3.1
2026-09-07T06:25:38Z,28.2,76,23.9,1008.9,0.6,0.1,144,6.0,0.0,330,2.7
2026-09-07T06:30:38Z,28.3,78,24.4,1008.9,0.6,0.2,144,6.0,0.0,302,2.2
2026-09-07T06:35:41Z,28.3,77,23.9,1008.9,0.6,0.2,61,6.0,0.0,318,2.1
2026-09-07T06:40:41Z,28.3,76,23.9,1008.9,1.0,0.2,107,6.0,0.0,302,1.8
2026-09-07T06:45:41Z,28.4,75,23.9,1008.8,0.1,0.2,106,6.0,0.0,408,2.5
2026-09-07T06:50:41Z,28.6,76,23.9,1008.8,0.3,0.2,131,6.0,0.0,454,3.0
2026-09-07T06:55:43Z,28.7,75,23.9,1008.8,0.8,0.2,128,6.0,0.0,629,3.0
2026-09-07T07:00:44Z,28.9,76,24.4,1008.8,0.8,0.2,140,6.0,0.0,390,2.8
2026-09-07T07:05:45Z,29.1,75,24.4,1008.8,0.7,0.2,138,6.0,0.0,717,3.2
2026-09-07T07:10:46Z,29.1,73,23.9,1008.7,0.8,0.3,143,6.0,0.0,399,2.4
2026-09-07T07:15:47Z,29.2,73,23.9,1008.6,1.1,0.3,89,6.0,0.0,540,2.7
2026-09-07T07:20:49Z,29.2,73,23.9,1008.5,0.5,0.3,123,6.0,0.0,330,1.9
2026-09-07T07:25:50Z,29.2,72,23.9,1008.7,0.8,0.3,126,6.0,0.0,244,1.6
2026-09-07T07:30:51Z,29.2,74,23.9,1008.7,1.0,0.3,122,6.0,0.0,244,1.3
2026-09-07T07:35:51Z,29.1,73,23.9,1008.9,0.4,0.3,128,6.0,0.0,153,0.8
2026-09-07T07:40:53Z,28.9,72,23.3,1008.8,1.1,0.2,129,6.0,0.0,127,0.7
2026-09-07T07:45:55Z,28.8,74,23.9,1008.8,0.6,0.2,128,6.0,0.0,86,0.5
2026-09-07T07:50:57Z,28.8,75,23.9,1008.8,0.3,0.1,128,6.0,0.0,83,0.0
2026-09-07T07:55:57Z,28.6,75,23.9,1008.7,0.3,0.2,129,6.0,0.0,54,0.0
2026-09-07T08:00:59Z,28.4,77,23.9,1008.6,0.3,0.2,128,6.0,0.0,53,0.0
2026-09-07T08:05:59Z,28.3,77,23.9,1008.7,0.3,0.1,128,6.0,0.0,44,0.0
2026-09-07T08:11:01Z,28.1,77,23.9,1008.7,0.6,0.2,135,6.0,0.0,47,0.0
2026-09-07T08:16:03Z,27.9,78,23.9,1008.7,0.2,0.2,134,6.0,0.0,39,0.0
2026-09-07T08:21:03Z,27.8,78,23.9,1008.7,0.6,0.1,136,6.0,0.0,51,0.0
2026-09-07T08:26:05Z,27.7,79,23.9,1008.5,1.1,0.2,137,6.0,0.0,47,0.0
2026-09-07T08:31:05Z,27.6,80,23.9,1008.7,0.3,0.2,137,6.0,0.0,39,0.0
2026-09-07T08:36:07Z,27.5,81,23.9,1008.7,0.7,0.2,105,6.0,0.0,93,0.0
2026-09-07T08:41:07Z,27.4,81,23.9,1008.6,1.5,0.2,133,6.0,0.0,234,0.0
2026-09-07T08:46:09Z,27.3,81,23.9,1008.6,0.8,0.2,136,6.0,0.0,95,0.0
2026-09-07T08:51:11Z,27.3,81,23.9,1008.7,1.4,0.3,90,6.0,0.0,76,0.0
2026-09-07T08:56:11Z,27.1,81,23.9,1008.7,0.9,0.3,145,6.0,0.0,51,0.0
2026-09-07T09:01:13Z,26.9,80,23.3,1008.7,0.9,0.4,92,6.0,0.0,33,0.0
2026-09-07T09:06:13Z,26.9,80,23.3,1008.8,0.8,0.4,88,6.0,0.0,23,0.0
2026-09-07T09:11:15Z,26.8,80,22.8,1009.2,1.2,0.3,71,6.0,0.0,16,0.0
2026-09-07T09:16:17Z,26.7,80,22.8,1009.3,0.7,0.3,126,6.0,0.0,25,0.0
2026-09-07T09:21:17Z,26.6,80,22.8,1009.4,0.9,0.3,93,6.0,0.0,54,0.0
2026-09-07T09:26:17Z,26.6,80,22.8,1009.3,0.5,0.3,107,6.0,0.0,98,0.0
2026-09-07T09:31:19Z,26.7,80,22.8,1009.3,1.3,0.3,162,6.0,0.0,132,0.0
2026-09-07T09:36:21Z,26.7,81,22.8,1009.3,0.6,0.2,147,6.0,0.0,105,0.0
2026-09-07T09:41:21Z,26.8,80,23.3,1009.4,0.8,0.3,94,6.0,0.0,81,0.0
2026-09-07T09:46:21Z,26.8,80,23.3,1009.3,0.8,0.3,105,6.0,0.0,58,0.0
2026-09-07T09:51:21Z,26.8,80,23.3,1009.3,0.9,0.3,77,6.0,0.0,35,0.0
2026-09-07T09:56:21Z,26.7,80,22.8,1009.3,1.1,0.3,88,6.0,0.0,26,0.0
2026-09-07T10:01:21Z,26.6,80,22.8,1009.3,1.3,0.4,74,6.0,0.0,16,0.0
2026-09-07T10:06:23Z,26.4,80,22.8,1009.3,0.6,0.2,76,6.0,0.0,7,0.0
2026-09-07T10:11:25Z,26.3,80,22.8,1009.4,0.9,0.4,100,6.0,0.0,0,0.0
2026-09-07T10:16:25Z,26.2,80,22.8,1009.5,0.9,0.4,55,6.0,0.0,0,0.0
2026-09-07T10:21:27Z,26.1,80,22.2,1009.5,1.1,0.4,73,6.0,0.0,0,0.0
2026-09-07T10:26:27Z,26.1,81,22.8,1009.5,0.8,0.2,123,6.0,0.0,0,0.0
2026-09-07T10:31:29Z,26.0,81,22.8,1009.5,1.3,0.4,105,6.0,0.0,0,0.0
2026-09-07T10:36:29Z,25.9,81,22.2,1009.5,1.2,0.4,78,6.0,0.0,0,0.0
2026-09-07T10:41:29Z,25.9,81,22.2,1009.6,1.2,0.4,68,6.0,0.0,0,0.0
2026-09-07T10:46:31Z,25.8,81,22.2,1009.7,1.0,0.4,121,6.0,0.0,0,0.0
2026-09-07T10:51:31Z,25.8,80,22.2,1009.7,1.7,0.4,62,6.0,0.0,0,0.0
2026-09-07T10:56:31Z,25.8,80,22.2,1009.7,1.5,0.4,74,6.0,0.0,0,0.0
2026-09-07T11:01:31Z,25.8,81,22.2,1009.7,0.9,0.4,89,6.0,0.0,0,0.0
2026-09-07T11:06:31Z,25.7,81,22.2,1009.6,1.2,0.5,142,6.0,0.0,0,0.0
2026-09-07T11:11:31Z,25.7,81,22.2,1009.7,1.5,0.5,150,6.0,0.0,0,0.0
2026-09-07T11:16:33Z,25.6,81,22.2,1009.7,1.2,0.3,64,6.0,0.0,0,0.0
2026-09-07T11:21:33Z,25.6,81,22.2,1009.6,1.2,0.3,139,6.0,0.0,0,0.0
2026-09-07T11:26:33Z,25.5,81,22.2,1009.6,1.7,0.3,127,6.0,0.0,0,0.0
2026-09-07T11:31:35Z,25.4,81,22.2,1009.7,0.7,0.3,159,6.0,0.0,0,0.0
2026-09-07T11:36:35Z,25.4,81,21.7,1009.8,1.0,0.2,158,6.0,0.0,0,0.0
2026-09-07T11:41:35Z,25.3,81,21.7,1009.9,1.3,0.4,150,6.0,0.0,0,0.0
2026-09-07T11:46:37Z,25.3,81,21.7,1010.0,1.2,0.4,117,6.0,0.0,0,0.0
2026-09-07T11:51:37Z,25.4,81,21.7,1010.1,1.6,0.3,86,6.0,0.0,0,0.0
2026-09-07T11:56:39Z,25.5,80,21.7,1009.9,0.9,0.4,158,6.0,0.0,0,0.0
2026-09-07T12:01:39Z,25.5,81,22.2,1010.1,0.9,0.3,138,6.0,0.0,0,0.0
2026-09-07T12:06:41Z,25.5,80,21.7,1010.2,1.0,0.4,129,6.0,0.0,0,0.0
2026-09-07T12:11:41Z,25.6,80,21.7,1010.3,1.3,0.4,169,6.0,0.0,0,0.0
2026-09-07T12:16:43Z,25.6,80,22.2,1010.3,1.6,0.3,134,6.0,0.0,0,0.0
2026-09-07T12:21:45Z,25.6,81,22.2,1010.6,1.3,0.3,53,6.0,0.0,0,0.0
2026-09-07T12:26:45Z,25.5,81,22.2,1010.7,1.3,0.3,55,6.0,0.0,0,0.0
2026-09-07T12:31:47Z,25.4,82,22.2,1010.7,0.8,0.3,149,6.0,0.0,0,0.0
2026-09-07T12:36:49Z,25.3,82,22.2,1010.8,1.1,0.3,148,6.0,0.0,0,0.0
2026-09-07T12:41:49Z,25.3,82,22.2,1010.8,0.8,0.3,102,6.0,0.0,0,0.0
2026-09-07T12:46:51Z,25.3,82,22.2,1010.8,0.7,0.3,148,6.0,0.0,0,0.0
2026-09-07T12:51:51Z,25.3,82,22.2,1010.9,0.9,0.2,128,6.0,0.0,0,0.0
2026-09-07T12:56:53Z,25.3,82,22.2,1010.9,1.2,0.3,173,6.0,0.0,0,0.0
2026-09-07T13:02:20Z,25.3,82,22.2,1011.0,0.7,0.3,101,6.0,0.0,0,0.0
2026-09-07T13:07:21Z,25.4,82,22.2,1011.0,0.8,0.3,145,6.0,0.0,0,0.0
2026-09-07T13:12:21Z,25.4,82,22.2,1011.0,1.8,0.3,156,6.0,0.0,0,0.0
2026-09-07T13:17:23Z,25.4,82,22.2,1011.0,0.8,0.3,155,6.0,0.0,0,0.0
2026-09-07T13:22:23Z,25.4,82,22.2,1011.1,0.9,0.3,153,6.0,0.0,0,0.0
2026-09-07T13:27:25Z,25.3,82,22.2,1011.2,0.9,0.2,70,6.0,0.0,0,0.0
2026-09-07T13:32:27Z,25.3,83,22.2,1011.3,1.2,0.3,123,6.0,0.0,0,0.0
2026-09-07T13:37:27Z,25.3,83,22.2,1011.3,0.9,0.3,131,6.0,0.0,0,0.0
2026-09-07T13:42:30Z,25.4,82,22.2,1011.3,1.1,0.3,49,6.0,0.0,0,0.0
2026-09-07T13:47:31Z,25.4,82,22.2,1011.4,1.3,0.3,154,6.0,0.0,0,0.0
2026-09-07T13:52:31Z,25.5,82,22.2,1011.3,0.8,0.3,148,6.0,0.0,0,0.0
2026-09-07T13:57:31Z,25.5,82,22.2,1011.3,0.9,0.3,158,6.0,0.0,0,0.0
2026-09-07T14:02:31Z,25.4,82,22.2,1011.4,0.5,0.3,153,6.0,0.0,0,0.0
2026-09-07T14:07:33Z,25.4,82,22.2,1011.4,1.0,0.3,146,6.0,0.0,0,0.0
2026-09-07T14:12:33Z,25.4,82,22.2,1011.4,0.8,0.3,115,6.0,0.0,0,0.0
2026-09-07T14:17:33Z,25.4,82,22.2,1011.3,1.3,0.4,151,6.0,0.0,0,0.0
2026-09-07T14:22:34Z,25.4,82,22.2,1011.2,1.2,0.4,165,6.0,0.0,0,0.0
2026-09-07T14:27:35Z,25.5,82,22.2,1011.3,1.3,0.2,137,6.0,0.0,0,0.0
2026-09-07T14:32:36Z,25.6,82,22.2,1011.2,1.0,0.3,141,6.0,0.0,0,0.0
2026-09-07T14:37:37Z,25.4,82,22.2,1011.3,0.8,0.3,166,6.0,0.0,0,0.0
2026-09-07T14:42:38Z,25.4,82,22.2,1011.4,0.9,0.3,147,6.0,0.0,0,0.0
2026-09-07T14:47:39Z,25.3,83,22.2,1011.3,0.8,0.3,155,6.0,0.0,0,0.0
2026-09-07T14:52:40Z,25.2,83,22.2,1011.3,0.9,0.2,113,6.0,0.0,0,0.0
2026-09-07T14:57:42Z,25.2,83,22.2,1011.2,0.9,0.2,143,6.0,0.0,0,0.0
2026-09-07T15:02:44Z,25.2,83,22.2,1011.0,0.7,0.3,167,6.0,0.0,0,0.0
2026-09-07T15:07:44Z,25.2,83,22.2,1011.1,0.9,0.3,137,6.0,0.0,0,0.0
2026-09-07T15:12:46Z,25.2,83,22.2,1011.0,1.4,0.4,123,6.0,0.0,0,0.0
2026-09-07T15:17:46Z,25.1,84,22.2,1010.9,1.1,0.4,51,6.0,0.0,0,0.0
2026-09-07T15:22:48Z,25.0,84,22.2,1010.9,0.9,0.4,73,6.0,0.0,0,0.0
2026-09-07T15:28:08Z,24.9,84,22.2,1010.8,1.2,0.4,150,6.0,0.0,0,0.0
2026-09-07T15:33:10Z,24.9,85,22.2,1010.8,1.1,0.4,143,6.0,0.0,0,0.0
2026-09-07T15:38:12Z,24.9,85,22.2,1010.7,1.3,0.4,96,6.0,0.0,0,0.0
2026-09-07T15:43:12Z,24.8,85,22.2,1010.7,1.1,0.4,161,6.0,0.0,0,0.0
2026-09-07T15:48:12Z,24.8,85,22.2,1010.7,1.3,0.4,166,6.0,0.0,0,0.0
2026-09-07T15:53:12Z,24.8,85,22.2,1010.6,0.8,0.3,161,6.0,0.0,0,0.0
2026-09-07T15:58:14Z,24.8,85,22.2,1010.5,0.3,0.3,161,6.0,0.0,0,0.0
2026-09-07T16:03:15Z,24.8,85,22.2,1010.4,0.1,0.1,161,0.0,0.0,0,0.0
2026-09-07T16:08:15Z,24.8,85,22.2,1010.3,0.2,0.2,144,0.0,0.0,0,0.0
2026-09-07T16:13:17Z,24.8,85,22.2,1010.4,0.0,0.2,144,0.0,0.0,0,0.0
2026-09-07T16:18:17Z,24.8,85,22.2,1010.3,0.2,0.1,144,0.0,0.0,0,0.0
2026-09-07T16:23:17Z,24.7,86,22.2,1010.5,0.1,0.1,144,0.0,0.0,0,0.0
2026-09-07T16:28:17Z,24.7,86,22.2,1010.4,1.0,0.2,144,0.0,0.0,0,0.0
2026-09-07T16:33:17Z,24.7,86,22.2,1010.4,1.2,0.2,144,0.0,0.0,0,0.0
2026-09-07T16:38:17Z,24.8,85,22.2,1010.3,0.9,0.2,144,0.0,0.0,0,0.0
2026-09-07T16:43:19Z,24.7,85,22.2,1010.3,0.8,0.2,146,0.0,0.0,0,0.0
2026-09-07T16:48:21Z,24.7,85,22.2,1010.3,1.8,0.4,156,0.0,0.0,0,0.0
2026-09-07T16:53:21Z,24.7,85,22.2,1010.4,1.0,0.4,153,0.0,0.0,0,0.0
2026-09-07T16:58:23Z,24.7,85,22.2,1010.3,1.4,0.3,153,0.0,0.0,0,0.0
2026-09-07T17:03:23Z,24.7,85,22.2,1010.4,0.8,0.3,153,0.0,0.0,0,0.0
2026-09-07T17:08:25Z,24.7,85,22.2,1010.4,1.0,0.3,157,0.0,0.0,0,0.0
2026-09-07T17:13:25Z,24.7,85,22.2,1010.3,1.0,0.3,146,0.0,0.0,0,0.0
2026-09-07T17:18:25Z,24.7,85,22.2,1010.3,0.8,0.3,147,0.0,0.0,0,0.0
2026-09-07T17:23:27Z,24.8,85,22.2,1010.2,0.8,0.2,148,0.0,0.0,0,0.0
2026-09-07T17:28:27Z,24.9,85,22.2,1010.2,0.6,0.3,151,0.0,0.0,0,0.0
2026-09-07T17:33:50Z,24.9,84,22.2,1010.2,0.8,0.3,152,0.0,0.0,0,0.0
2026-09-07T17:38:51Z,24.9,84,22.2,1010.2,1.0,0.3,154,0.0,0.0,0,0.0
2026-09-07T17:43:51Z,24.8,84,22.2,1010.2,0.9,0.3,155,0.0,0.0,0,0.0
2026-09-07T17:48:51Z,24.8,85,22.2,1010.1,0.9,0.3,150,0.0,0.0,0,0.0
2026-09-07T17:53:51Z,24.8,85,22.2,1010.1,0.5,0.3,150,0.0,0.0,0,0.0
2026-09-07T17:58:51Z,24.8,85,22.2,1010.0,1.0,0.2,155,0.0,0.0,0,0.0
2026-09-07T18:03:53Z,24.8,85,22.2,1010.0,0.8,0.2,157,0.0,0.0,0,0.0
2026-09-07T18:08:53Z,24.8,85,22.2,1010.0,0.5,0.2,157,0.0,0.0,0,0.0
2026-09-07T18:13:53Z,24.8,85,22.2,1010.0,0.5,0.3,157,0.0,0.0,0,0.0
2026-09-07T18:18:53Z,24.8,85,22.2,1010.0,0.2,0.3,157,0.0,0.0,0,0.0
2026-09-07T18:23:53Z,24.8,85,22.2,1009.9,0.3,0.1,157,0.0,0.0,0,0.0
2026-09-07T18:28:53Z,24.8,85,22.2,1009.7,1.0,0.2,157,0.0,0.0,0,0.0
2026-09-07T18:34:07Z,24.8,85,22.2,1009.7,0.8,0.2,158,0.0,0.0,0,0.0
2026-09-07T18:39:09Z,24.8,85,22.2,1009.8,0.7,0.2,158,0.0,0.0,0,0.0
2026-09-07T18:44:11Z,24.7,85,22.2,1009.7,0.7,0.2,158,0.0,0.0,0,0.0
2026-09-07T18:49:11Z,24.6,85,22.2,1009.7,0.7,0.2,158,0.0,0.0,0,0.0
2026-09-07T18:54:11Z,24.6,85,21.7,1009.8,0.4,0.1,158,0.0,0.0,0,0.0
2026-09-07T18:59:11Z,24.6,85,21.7,1009.8,0.0,0.1,158,0.0,0.0,0,0.0
2026-09-07T19:04:11Z,24.6,85,21.7,1009.7,0.6,0.1,158,0.0,0.0,0,0.0
2026-09-07T19:09:13Z,24.6,85,22.2,1009.7,0.0,0.1,158,0.0,0.0,0,0.0
2026-09-07T19:14:15Z,24.6,85,22.2,1009.6,0.9,0.2,158,0.0,0.0,0,0.0
2026-09-07T19:19:15Z,24.5,85,21.7,1009.5,0.4,0.2,158,0.0,0.0,0,0.0
2026-09-07T19:24:17Z,24.4,86,22.2,1009.6,0.4,0.1,158,0.0,0.0,0,0.0
2026-09-07T19:29:17Z,24.3,86,21.7,1009.7,0.0,0.1,157,0.0,0.0,0,0.0
2026-09-07T19:34:19Z,24.3,86,21.7,1009.7,0.6,0.1,158,0.0,0.0,0,0.0
2026-09-07T19:39:21Z,24.2,87,21.7,1009.7,0.3,0.1,157,0.0,0.0,0,0.0
2026-09-07T19:44:21Z,24.2,87,21.7,1009.7,0.4,0.1,157,0.0,0.0,0,0.0
2026-09-07T19:49:23Z,24.1,87,21.7,1009.8,0.2,0.1,157,0.0,0.0,0,0.0
2026-09-07T19:54:23Z,24.1,87,21.7,1009.8,0.0,0.1,158,0.0,0.0,0,0.0
2026-09-07T19:59:23Z,24.1,87,21.7,1009.9,0.0,0.0,158,0.0,0.0,0,0.0
2026-09-07T20:04:25Z,23.9,87,21.7,1009.8,0.0,0.0,158,0.0,0.0,0,0.0
2026-09-07T20:09:25Z,23.9,87,21.7,1009.7,0.0,0.0,158,0.0,0.0,0,0.0
2026-09-07T20:14:25Z,23.9,88,21.7,1009.8,0.0,0.0,158,0.0,0.0,0,0.0
2026-09-07T20:19:27Z,23.9,88,21.7,1009.7,0.0,0.0,158,0.0,0.0,0,0.0
2026-09-07T20:24:27Z,23.8,88,21.7,1009.7,0.0,0.0,158,0.0,0.0,0,0.0
2026-09-07T20:29:27Z,23.8,88,21.7,1009.8,0.0,0.0,158,0.0,0.0,0,0.0
2026-09-07T20:34:29Z,23.8,88,21.7,1009.8,0.0,0.0,158,0.0,0.0,0,0.0
2026-09-07T20:39:29Z,23.7,88,21.7,1009.9,0.0,0.0,157,0.0,0.0,0,0.0
2026-09-07T20:44:31Z,23.7,88,21.7,1010.0,0.0,0.0,157,0.0,0.0,0,0.0
2026-09-07T20:49:31Z,23.6,88,21.7,1010.0,0.0,0.0,157,0.0,0.0,0,0.0
2026-09-07T20:54:33Z,23.6,88,21.7,1010.1,0.0,0.0,157,0.0,0.0,0,0.0
2026-09-07T20:59:33Z,23.6,89,21.7,1010.1,0.0,0.0,159,0.0,0.0,0,0.0
2026-09-07T21:04:33Z,23.6,89,21.7,1010.1,0.0,0.0,159,0.0,0.0,0,0.0
2026-09-07T21:09:35Z,23.6,89,21.7,1010.1,0.0,0.0,159,0.0,0.0,0,0.0
2026-09-07T21:14:35Z,23.5,89,21.7,1010.1,0.0,0.0,159,0.0,0.0,0,0.0
2026-09-07T21:19:38Z,23.5,89,21.7,1010.2,0.0,0.0,159,0.0,0.0,0,0.0
2026-09-07T21:24:38Z,23.4,89,21.7,1010.1,0.0,0.0,159,0.0,0.0,0,0.0
2026-09-07T21:29:38Z,23.4,89,21.7,1010.0,1.1,0.2,159,0.0,0.0,0,0.0
2026-09-07T21:34:39Z,23.4,89,21.7,1010.1,0.3,0.2,159,0.0,0.0,0,0.0
2026-09-07T21:39:39Z,23.4,89,21.7,1010.1,0.9,0.2,159,0.0,0.0,0,0.0
2026-09-07T21:44:39Z,23.3,89,21.7,1010.3,0.0,0.2,159,0.0,0.0,0,0.0
2026-09-07T21:49:41Z,23.4,89,21.7,1010.4,0.8,0.2,159,0.0,0.0,7,0.0
2026-09-07T21:54:42Z,23.3,89,21.7,1010.3,0.8,0.2,321,0.0,0.0,11,0.0
2026-09-07T21:59:44Z,23.3,89,21.7,1010.3,0.0,0.1,325,0.0,0.0,14,0.0
2026-09-07T22:04:45Z,23.3,90,21.7,1010.3,0.0,0.0,325,0.0,0.0,19,0.0
2026-09-07T22:09:46Z,23.4,90,21.7,1010.5,0.0,0.0,326,0.0,0.0,25,0.0
2026-09-07T22:14:47Z,23.4,90,21.7,1010.5,0.0,0.0,326,0.0,0.0,28,0.0
2026-09-07T22:19:48Z,23.4,90,21.7,1010.7,0.0,0.0,326,0.0,0.0,33,0.0
2026-09-07T22:24:50Z,23.5,90,21.7,1010.7,0.0,0.0,326,0.0,0.0,37,0.0
2026-09-07T22:29:51Z,23.6,90,21.7,1010.7,0.0,0.0,327,0.0,0.0,49,0.0
2026-09-07T22:34:52Z,23.7,90,22.2,1010.6,0.0,0.0,327,0.0,0.0,70,0.0
2026-09-07T22:39:54Z,23.9,90,22.2,1010.7,0.0,0.0,327,0.0,0.0,86,0.0
2026-09-07T22:44:54Z,24.2,89,22.2,1010.8,0.0,0.0,327,0.0,0.0,100,0.0
2026-09-07T22:49:56Z,24.4,89,22.8,1011.0,0.0,0.0,327,0.0,0.0,120,0.0
2026-09-07T22:54:58Z,24.7,89,22.8,1010.9,0.0,0.0,327,0.0,0.0,132,0.0
2026-09-07T22:59:58Z,25.1,88,22.8,1010.8,0.0,0.0,327,0.0,0.0,149,0.0
2026-09-07T23:05:00Z,25.3,87,22.8,1010.7,0.9,0.2,88,0.0,0.0,165,0.5
2026-09-07T23:10:00Z,25.5,86,23.3,1010.8,0.6,0.2,93,0.0,0.0,181,0.5
2026-09-07T23:15:02Z,25.8,86,23.3,1010.8,0.5,0.3,101,0.0,0.0,197,0.6
2026-09-07T23:20:02Z,26.0,85,23.3,1010.8,0.5,0.3,101,0.0,0.0,211,0.7
2026-09-07T23:25:04Z,26.3,85,23.9,1010.8,0.7,0.1,102,0.0,0.0,229,0.7
2026-09-07T23:30:06Z,26.6,83,23.9,1010.8,0.8,0.1,103,0.0,0.0,241,0.8
2026-09-07T23:35:06Z,26.8,83,23.9,1011.1,0.5,0.2,112,0.0,0.0,255,0.9
2026-09-07T23:40:08Z,27.1,83,23.9,1011.1,0.5,0.2,115,0.0,0.0,279,1.0
2026-09-07T23:45:08Z,27.4,82,23.9,1011.1,0.4,0.1,117,0.0,0.0,297,1.1
2026-09-07T23:50:10Z,27.7,80,23.9,1011.1,0.6,0.1,117,0.0,0.0,315,1.2
2026-09-07T23:55:12Z,27.8,79,23.9,1011.0,0.4,0.1,117,0.0,0.0,329,1.3
2026-09-08T00:00:12Z,28.0,80,23.9,1011.0,0.0,0.1,117,0.0,0.0,345,1.4
2026-09-08T00:05:14Z,28.3,78,24.4,1010.8,0.0,0.1,117,0.0,0.0,371,1.6
2026-09-08T00:10:14Z,28.9,80,25.0,1010.7,0.0,0.0,117,0.0,0.0,390,1.7
2026-09-08T00:15:16Z,29.4,78,25.0,1010.9,0.2,0.0,117,0.0,0.0,415,1.8
2026-09-08T00:20:16Z,29.6,75,25.0,1011.0,0.2,0.1,117,0.0,0.0,434,2.0
2026-09-08T00:25:16Z,29.6,74,24.4,1011.1,0.0,0.1,116,0.0,0.0,459,2.1
2026-09-08T00:30:16Z,29.7,74,24.4,1011.1,0.2,0.1,117,0.0,0.0,483,2.2
2026-09-08T00:35:16Z,29.6,74,24.4,1011.2,1.0,0.2,264,0.0,0.0,497,2.4
2026-09-08T00:40:16Z,29.5,74,24.4,1011.4,1.4,0.3,277,0.0,0.0,520,2.5
2026-09-08T00:45:18Z,29.4,74,24.4,1011.3,0.5,0.3,279,0.0,0.0,545,2.7
2026-09-08T00:50:18Z,29.4,74,24.4,1011.3,0.2,0.2,279,0.0,0.0,566,2.9
2026-09-08T00:55:18Z,29.4,75,24.4,1011.3,0.4,0.2,279,0.0,0.0,584,3.0
2026-09-08T01:00:18Z,29.6,75,25.0,1011.1,0.5,0.2,279,0.0,0.0,606,3.2
2026-09-08T01:05:18Z,29.6,74,24.4,1011.1,0.3,0.2,286,0.0,0.0,622,3.4
2026-09-08T01:10:18Z,29.7,74,24.4,1011.1,0.4,0.2,287,0.0,0.0,636,3.6
2026-09-08T01:15:20Z,29.9,73,24.4,1011.1,0.3,0.2,287,0.0,0.0,656,3.7
2026-09-08T01:20:22Z,29.9,72,24.4,1011.2,0.9,0.2,283,0.0,0.0,659,3.9
2026-09-08T01:25:22Z,29.8,73,24.4,1011.3,0.6,0.2,284,0.0,0.0,680,4.1
2026-09-08T01:30:24Z,29.8,73,24.4,1011.3,0.9,0.2,283,0.0,0.0,554,4.2
2026-09-08T01:35:24Z,29.8,74,25.0,1011.3,0.9,0.2,284,0.0,0.0,708,4.4
2026-09-08T01:40:26Z,30.0,73,24.4,1011.2,1.0,0.2,284,0.0,0.0,721,4.7
2026-09-08T01:45:26Z,30.1,73,25.0,1011.3,0.7,0.2,287,0.0,0.0,740,4.8
2026-09-08T01:50:26Z,30.3,73,25.0,1011.3,0.8,0.2,288,0.0,0.0,745,5.0
2026-09-08T01:55:26Z,30.3,73,25.0,1011.4,0.7,0.2,290,0.0,0.0,761,5.2
2026-09-08T02:00:26Z,30.3,72,25.0,1011.5,0.8,0.2,290,0.0,0.0,777,5.3
2026-09-08T02:05:26Z,30.4,72,25.0,1011.4,1.3,0.2,294,0.0,0.0,789,5.6
2026-09-08T02:10:26Z,30.4,71,24.4,1011.3,1.1,0.2,292,0.0,0.0,807,5.8
2026-09-08T02:15:28Z,30.4,72,25.0,1011.2,1.3,0.2,301,0.0,0.0,817,5.9
2026-09-08T02:20:28Z,30.5,72,25.0,1011.3,0.8,0.2,302,0.0,0.0,819,6.0
2026-09-08T02:25:28Z,30.6,73,25.0,1011.1,1.0,0.2,300,0.0,0.0,823,6.1
2026-09-08T02:30:28Z,30.6,72,25.0,1011.2,1.4,0.2,302,0.0,0.0,826,6.3
2026-09-08T02:35:28Z,30.8,72,25.6,1011.2,1.0,0.2,302,0.0,0.0,844,6.5
2026-09-08T02:40:30Z,30.9,72,25.6,1011.1,0.8,0.2,302,0.0,0.0,856,6.6
2026-09-08T02:45:30Z,30.9,73,25.6,1011.0,1.0,0.2,286,0.0,0.0,872,6.8
2026-09-08T02:50:30Z,30.9,72,25.6,1010.9,1.0,0.2,286,0.0,0.0,879,6.9
2026-09-08T02:55:30Z,30.9,72,25.6,1010.8,0.9,0.3,287,0.0,0.0,882,7.0
2026-09-08T03:00:30Z,30.9,73,25.6,1010.7,1.3,0.2,292,0.0,0.0,896,7.2
2026-09-08T03:05:30Z,31.2,73,25.6,1010.8,0.9,0.2,296,0.0,0.0,898,7.3
2026-09-08T03:10:32Z,31.1,72,25.6,1010.7,1.8,0.3,261,0.0,0.0,911,7.4
2026-09-08T03:15:34Z,30.9,73,26.1,1010.7,1.6,0.4,309,0.0,0.0,912,7.5
2026-09-08T03:20:34Z,30.9,73,25.6,1010.6,0.8,0.4,306,0.0,0.0,919,7.6
2026-09-08T03:25:36Z,30.9,74,25.6,1010.6,1.0,0.4,303,0.0,0.0,928,7.7
2026-09-08T03:30:36Z,31.0,74,26.1,1010.5,0.8,0.3,289,0.0,0.0,932,7.8
2026-09-08T03:35:38Z,30.9,72,25.6,1010.5,1.3,0.3,284,0.0,0.0,932,7.8
2026-09-08T03:40:40Z,30.8,74,25.6,1010.5,1.2,0.4,288,0.0,0.0,935,7.9
2026-09-08T03:46:13Z,30.9,74,25.6,1010.5,0.9,0.4,304,0.0,0.0,939,7.9
2026-09-08T03:51:14Z,31.2,74,26.1,1010.5,1.3,0.4,293,0.0,0.0,942,8.0
2026-09-08T03:56:14Z,31.2,73,26.1,1010.4,1.8,0.4,301,0.0,0.0,944,8.0
2026-09-08T04:01:16Z,31.2,74,26.1,1010.3,1.1,0.4,301,0.0,0.0,946,8.0
2026-09-08T04:06:16Z,31.2,74,26.1,1010.2,1.3,0.3,308,0.0,0.0,953,8.0
2026-09-08T04:11:16Z,31.1,74,26.1,1010.2,1.2,0.3,307,0.0,0.0,947,8.0
2026-09-08T04:16:18Z,31.2,74,26.1,1010.1,1.4,0.4,306,0.0,0.0,951,8.0
2026-09-08T04:21:18Z,31.2,74,26.1,1010.0,1.1,0.4,292,0.0,0.0,956,8.0
2026-09-08T04:26:20Z,31.3,74,26.1,1009.9,1.6,0.4,307,0.0,0.0,963,8.0
2026-09-08T04:31:20Z,31.4,74,26.1,1009.8,1.8,0.4,297,0.0,0.0,954,8.0
2026-09-08T04:36:22Z,31.3,74,26.1,1009.7,1.5,0.3,299,0.0,0.0,953,8.0
2026-09-08T04:41:25Z,31.4,74,26.1,1009.7,1.7,0.4,309,0.0,0.0,956,7.9
2026-09-08T04:46:26Z,31.4,74,26.1,1009.7,1.9,0.4,294,0.0,0.0,949,7.8
2026-09-08T04:51:28Z,31.4,74,26.1,1009.6,1.9,0.4,302,0.0,0.0,942,7.7
2026-09-08T04:56:28Z,31.4,74,26.1,1009.5,1.4,0.4,297,0.0,0.0,940,7.6
2026-09-08T05:01:28Z,31.5,75,26.7,1009.5,1.4,0.4,298,0.0,0.0,937,7.6
2026-09-08T05:06:30Z,31.6,74,26.7,1009.4,1.7,0.4,292,0.0,0.0,932,7.5
2026-09-08T05:11:30Z,31.7,74,26.7,1009.5,1.3,0.4,287,0.0,0.0,925,7.3
2026-09-08T05:16:32Z,31.6,74,26.7,1009.4,1.7,0.2,312,0.0,0.0,907,7.1
2026-09-08T05:21:33Z,31.7,74,26.7,1009.5,1.6,0.4,287,0.0,0.0,916,7.0
2026-09-08T05:26:34Z,31.7,75,26.7,1009.3,1.2,0.4,311,0.0,0.0,918,6.8
2026-09-08T05:31:34Z,31.8,75,26.7,1009.3,1.2,0.3,309,0.0,0.0,944,6.8
2026-09-08T05:36:34Z,31.8,74,26.7,1009.3,1.4,0.4,305,0.0,0.0,411,3.9
2026-09-08T05:41:34Z,31.7,75,26.7,1009.3,1.4,0.4,309,0.0,0.0,912,6.2
2026-09-08T05:46:34Z,31.6,74,26.7,1009.4,1.0,0.4,285,0.0,0.0,1032,6.4
2026-09-08T05:51:35Z,31.6,74,26.7,1009.4,1.0,0.3,300,0.0,0.0,276,3.1
2026-09-08T05:56:36Z,31.3,74,26.1,1009.4,1.6,0.4,298,0.0,0.0,367,3.0
2026-09-08T06:01:36Z,31.2,75,26.1,1009.4,2.0,0.4,300,0.0,0.0,995,5.1
2026-09-08T06:06:36Z,31.2,75,26.1,1009.5,1.2,0.4,299,0.0,0.0,345,2.6
2026-09-08T06:11:37Z,31.0,75,26.1,1009.4,2.1,0.4,292,0.0,0.0,468,2.7
2026-09-08T06:16:37Z,31.0,76,26.1,1009.6,1.0,0.4,322,0.0,0.0,1060,4.9
2026-09-08T06:21:37Z,31.2,75,26.1,1009.6,0.6,0.2,323,0.0,0.0,963,4.7
2026-09-08T06:26:39Z,31.1,75,26.1,1009.3,1.8,0.5,155,0.0,0.0,916,3.5
2026-09-08T06:31:39Z,30.3,75,25.6,1009.3,1.5,0.5,155,0.0,0.0,339,2.4
2026-09-08T06:36:39Z,29.4,77,25.0,1009.2,1.7,0.4,139,0.0,0.0,387,2.5
2026-09-08T06:41:41Z,29.2,78,25.0,1009.2,1.3,0.4,53,0.0,0.0,320,1.9
2026-09-08T06:46:41Z,29.0,78,25.0,1009.3,0.7,0.4,137,0.0,0.0,352,2.3
2026-09-08T06:51:41Z,29.1,79,25.0,1009.3,1.0,0.4,58,0.0,0.0,911,2.6
2026-09-08T06:56:41Z,29.1,78,25.0,1009.2,1.3,0.4,78,0.0,0.0,406,2.4
2026-09-08T07:01:43Z,29.2,78,25.0,1009.2,1.3,0.4,130,0.0,0.0,355,1.9
2026-09-08T07:06:43Z,29.2,78,25.0,1009.1,0.9,0.4,86,0.0,0.0,378,2.0
2026-09-08T07:11:45Z,29.1,79,25.0,1009.0,0.9,0.4,101,0.0,0.0,323,1.7
2026-09-08T07:16:45Z,28.9,79,25.0,1009.2,1.5,0.4,65,0.0,0.0,190,0.9
2026-09-08T07:21:47Z,28.7,79,25.0,1009.3,0.9,0.5,103,0.0,0.0,230,0.9
2026-09-08T07:26:49Z,28.6,81,25.0,1009.4,0.9,0.5,57,0.0,0.0,288,1.2
2026-09-08T07:31:49Z,28.3,81,25.0,1009.4,1.7,0.4,126,0.0,0.0,360,1.5
2026-09-08T07:36:51Z,27.7,82,24.4,1009.3,1.5,0.5,146,0.0,0.0,243,1.2
2026-09-08T07:41:51Z,27.5,82,24.4,1009.1,3.0,0.7,159,0.0,0.0,250,1.1
2026-09-08T07:46:53Z,27.2,82,23.9,1009.5,2.6,0.7,142,0.0,0.0,171,0.6
2026-09-08T07:51:53Z,26.7,82,23.3,1009.5,2.4,0.7,38,0.0,0.0,109,0.5
2026-09-08T07:56:53Z,26.2,84,23.3,1009.7,2.0,0.7,55,0.8,5.2,97,0.5
2026-09-08T08:01:55Z,25.7,86,23.3,1009.6,1.3,0.4,59,1.4,9.4,84,0.0
2026-09-08T08:06:55Z,25.3,87,23.3,1009.5,0.8,0.4,78,1.4,2.2,63,0.0
2026-09-08T08:11:57Z,25.2,88,23.3,1009.4,0.8,0.3,154,1.4,1.2,62,0.0
2026-09-08T08:16:57Z,25.2,89,23.3,1009.4,0.3,0.3,117,1.4,0.8,49,0.0
2026-09-08T08:21:59Z,25.2,89,23.3,1009.4,1.3,0.3,134,1.4,0.0,65,0.5
2026-09-08T08:26:59Z,25.2,89,23.3,1009.3,0.7,0.3,136,1.4,0.0,84,0.5
2026-09-08T08:31:59Z,25.3,90,23.3,1009.2,0.9,0.3,136,1.4,0.0,125,0.5
2026-09-08T08:36:59Z,25.2,90,23.3,1009.3,1.3,0.4,61,1.4,0.0,123,0.0
2026-09-08T08:42:01Z,25.2,90,23.3,1009.4,1.8,0.4,138,1.6,0.0,70,0.0
2026-09-08T08:47:01Z,25.2,90,23.3,1009.3,1.3,0.3,69,1.6,0.0,63,0.0
2026-09-08T08:52:01Z,25.2,90,23.3,1009.4,1.6,0.4,80,1.6,0.0,40,0.0
2026-09-08T08:57:03Z,25.2,90,23.3,1009.3,1.0,0.4,100,1.6,0.0,42,0.0
2026-09-08T09:02:03Z,25.2,90,23.3,1009.2,1.0,0.4,144,1.6,0.0,46,0.0
2026-09-08T09:07:03Z,25.1,89,23.3,1009.3,0.7,0.4,150,1.6,0.0,40,0.0
2026-09-08T09:12:05Z,25.2,89,23.3,1009.4,1.3,0.4,120,1.6,0.0,42,0.0
2026-09-08T09:17:05Z,25.2,89,23.3,1009.3,1.1,0.4,98,1.6,0.0,54,0.0
2026-09-08T09:22:05Z,25.1,89,23.3,1009.4,1.0,0.4,65,1.6,0.0,90,0.0
2026-09-08T09:27:07Z,25.1,88,23.3,1009.4,1.7,0.4,86,1.6,0.0,79,0.0
2026-09-08T09:32:07Z,25.2,88,23.3,1009.4,0.5,0.4,125,1.6,0.0,51,0.0
2026-09-08T09:37:09Z,25.3,89,23.3,1009.4,0.8,0.3,94,1.6,0.0,40,0.0
2026-09-08T09:42:09Z,25.3,88,23.3,1009.4,0.9,0.3,137,1.6,0.0,42,0.0
2026-09-08T09:47:11Z,25.3,88,23.3,1009.5,1.2,0.4,132,1.6,0.0,37,0.0
2026-09-08T09:52:11Z,25.3,88,23.3,1009.5,1.4,0.4,101,1.6,0.0,23,0.0
2026-09-08T09:57:11Z,25.3,87,23.3,1009.4,1.1,0.4,161,1.6,0.0,11,0.0
2026-09-08T10:02:11Z,25.3,87,23.3,1009.6,1.5,0.4,146,1.6,0.0,5,0.0
2026-09-08T10:07:13Z,25.3,86,22.8,1009.5,1.4,0.4,150,1.6,0.0,0,0.0
2026-09-08T10:12:13Z,25.6,85,22.8,1009.6,1.5,0.4,96,1.6,0.0,0,0.0
2026-09-08T10:17:13Z,25.7,84,22.8,1009.7,2.3,0.5,83,1.6,0.0,0,0.0
2026-09-08T10:22:15Z,25.8,83,22.8,1009.7,1.1,0.5,69,1.6,0.0,0,0.0
2026-09-08T10:27:15Z,25.9,82,22.8,1009.8,2.3,0.5,135,1.6,0.0,0,0.0
2026-09-08T10:32:17Z,26.1,82,22.8,1009.8,1.7,0.5,95,1.6,0.0,0,0.0
2026-09-08T10:37:17Z,26.1,82,22.8,1009.9,1.8,0.5,44,1.6,0.0,0,0.0
2026-09-08T10:42:19Z,26.1,82,22.8,1009.8,1.5,0.5,78,1.6,0.0,0,0.0
2026-09-08T10:47:19Z,25.9,82,22.8,1009.9,1.5,0.4,111,1.6,0.0,0,0.0
2026-09-08T10:52:19Z,25.9,82,22.8,1010.0,1.9,0.4,55,1.6,0.0,0,0.0
2026-09-08T10:57:19Z,25.9,83,22.8,1010.0,1.7,0.5,71,1.6,0.0,0,0.0
2026-09-08T11:02:21Z,25.9,83,22.8,1010.0,1.7,0.5,24,1.6,0.0,0,0.0
2026-09-08T11:07:21Z,25.8,82,22.8,1010.0,1.3,0.4,48,1.6,0.0,0,0.0
2026-09-08T11:12:21Z,25.9,82,22.8,1009.9,2.1,0.4,157,1.6,0.0,0,0.0
2026-09-08T11:17:23Z,26.0,82,22.8,1010.0,1.5,0.4,101,1.6,0.0,0,0.0
2026-09-08T11:22:23Z,25.9,82,22.8,1010.2,1.5,0.4,77,1.6,0.0,0,0.0
2026-09-08T11:27:23Z,26.1,81,22.8,1010.1,2.8,0.6,136,1.6,0.0,0,0.0
2026-09-08T11:32:25Z,26.2,81,22.8,1010.1,1.8,0.6,57,1.6,0.0,0,0.0
2026-09-08T11:37:27Z,26.2,81,22.8,1010.2,1.9,0.4,115,1.6,0.0,0,0.0
2026-09-08T11:42:27Z,26.1,82,22.8,1010.3,2.1,0.4,129,1.6,0.0,0,0.0
2026-09-08T11:47:29Z,26.0,82,22.8,1010.4,2.1,0.4,102,1.6,0.0,0,0.0
2026-09-08T11:52:31Z,26.1,82,22.8,1010.4,1.6,0.5,60,1.6,0.0,0,0.0
2026-09-08T11:57:31Z,26.2,81,22.8,1010.6,1.7,0.5,64,1.6,0.0,0,0.0
2026-09-08T12:02:33Z,26.2,81,22.8,1010.6,1.9,0.5,136,1.6,0.0,0,0.0
2026-09-08T12:07:33Z,26.3,80,22.8,1010.8,1.9,0.4,143,1.6,0.0,0,0.0
2026-09-08T12:12:35Z,26.3,80,22.8,1010.7,2.1,0.4,157,1.6,0.0,0,0.0
2026-09-08T12:17:37Z,26.3,80,22.8,1010.8,1.7,0.5,151,1.6,0.0,0,0.0
2026-09-08T12:22:37Z,26.3,81,22.8,1010.9,1.6,0.4,132,1.6,0.0,0,0.0
2026-09-08T12:27:39Z,26.1,82,22.8,1011.0,1.6,0.4,137,1.6,0.0,0,0.0
2026-09-08T12:32:39Z,25.9,81,22.8,1011.1,2.0,0.5,115,1.6,0.0,0,0.0
2026-09-08T12:37:41Z,26.1,81,22.8,1011.2,2.1,0.5,147,1.6,0.0,0,0.0
2026-09-08T12:42:41Z,26.1,80,22.2,1011.3,2.0,0.4,73,1.6,0.0,0,0.0
2026-09-08T12:47:41Z,26.2,80,22.8,1011.3,1.9,0.4,154,1.6,0.0,0,0.0
2026-09-08T12:52:41Z,26.2,81,22.8,1011.3,1.7,0.4,49,1.6,0.0,0,0.0
2026-09-08T12:57:41Z,26.1,81,22.8,1011.4,1.4,0.4,105,1.6,0.0,0,0.0
2026-09-08T13:02:42Z,25.9,82,22.8,1011.5,0.8,0.4,115,1.6,0.0,0,0.0
2026-09-08T13:07:43Z,25.7,82,22.8,1011.4,1.8,0.4,159,1.6,0.0,0,0.0
2026-09-08T13:12:43Z,25.7,82,22.2,1011.5,1.7,0.4,48,1.6,0.0,0,0.0
2026-09-08T13:17:43Z,25.6,82,22.2,1011.4,1.5,0.4,46,1.6,0.0,0,0.0
2026-09-08T13:22:43Z,25.7,81,22.2,1011.4,2.1,0.5,158,1.6,0.0,0,0.0
2026-09-08T13:27:43Z,25.7,81,22.2,1011.4,1.9,0.5,162,1.6,0.0,0,0.0
2026-09-08T13:32:44Z,25.6,82,22.2,1011.5,1.9,0.5,90,1.6,0.0,0,0.0
2026-09-08T13:37:46Z,25.5,82,22.2,1011.5,2.1,0.5,125,1.6,0.0,0,0.0
2026-09-08T13:42:48Z,25.5,82,22.2,1011.5,2.0,0.5,117,1.6,0.0,0,0.0
2026-09-08T13:47:48Z,25.4,82,22.2,1011.6,1.4,0.4,169,1.6,0.0,0,0.0
2026-09-08T13:52:50Z,25.3,82,22.2,1011.6,1.7,0.4,130,1.6,0.0,0,0.0
2026-09-08T13:57:50Z,25.3,82,22.2,1011.5,1.6,0.4,102,1.6,0.0,0,0.0
2026-09-08T14:02:52Z,25.3,82,22.2,1011.6,1.5,0.4,126,1.6,0.0,0,0.0
2026-09-08T14:07:52Z,25.3,82,22.2,1011.5,1.8,0.4,132,1.6,0.0,0,0.0
2026-09-08T14:12:52Z,25.3,82,22.2,1011.5,1.6,0.4,138,1.6,0.0,0,0.0
2026-09-08T14:17:54Z,25.3,82,22.2,1011.5,1.3,0.5,150,1.6,0.0,0,0.0
2026-09-08T14:22:54Z,25.4,81,21.7,1011.5,2.1,0.5,94,1.6,0.0,0,0.0
2026-09-08T14:27:54Z,25.6,81,22.2,1011.5,2.3,0.5,159,1.6,0.0,0,0.0
2026-09-08T14:32:54Z,25.7,80,22.2,1011.4,1.7,0.5,52,1.6,0.0,0,0.0
2026-09-08T14:37:54Z,26.0,80,22.2,1011.3,2.6,0.7,118,1.6,0.0,0,0.0
2026-09-08T14:42:54Z,26.2,79,22.2,1011.3,2.4,0.7,159,1.6,0.0,0,0.0
2026-09-08T14:47:54Z,26.3,78,22.2,1011.3,2.3,0.5,154,1.6,0.0,0,0.0
2026-09-08T14:52:54Z,26.4,78,22.2,1011.2,2.5,0.6,162,1.6,0.0,0,0.0
2026-09-08T14:57:54Z,26.4,77,22.2,1011.2,3.0,0.6,103,1.6,0.0,0,0.0
2026-09-08T15:02:54Z,26.6,77,22.2,1011.2,2.6,0.6,184,1.6,0.0,0,0.0
2026-09-08T15:07:54Z,26.6,77,22.2,1011.3,4.0,0.7,44,1.6,0.0,0,0.0
2026-09-08T15:12:56Z,26.7,76,22.2,1011.1,3.0,0.8,31,1.6,0.0,0,0.0
2026-09-08T15:17:56Z,26.6,77,22.2,1011.1,3.5,0.6,158,1.6,0.0,0,0.0
2026-09-08T15:22:56Z,26.6,77,22.2,1011.0,2.5,0.6,131,1.6,0.0,0,0.0
2026-09-08T15:27:56Z,26.4,78,22.2,1011.0,2.4,0.5,91,1.6,0.0,0,0.0
2026-09-08T15:32:58Z,26.3,78,22.2,1010.9,3.0,0.6,29,1.6,0.0,0,0.0
2026-09-08T15:38:00Z,26.3,78,22.2,1010.8,2.5,0.6,152,1.6,0.0,0,0.0
2026-09-08T15:43:02Z,26.3,78,22.2,1010.9,2.3,0.8,119,1.6,0.0,0,0.0
2026-09-08T15:48:04Z,26.3,78,22.2,1010.9,2.1,0.5,360,1.6,0.0,0,0.0
2026-09-08T15:53:04Z,26.2,78,22.2,1010.9,2.3,0.5,86,1.6,0.0,0,0.0
2026-09-08T15:58:04Z,26.1,78,22.2,1010.7,2.8,0.6,96,1.6,0.0,0,0.0
2026-09-08T16:03:05Z,26.1,78,22.2,1010.7,2.3,0.6,45,0.0,0.0,0,0.0
2026-09-08T16:08:05Z,26.0,78,22.2,1010.7,2.5,0.6,92,0.0,0.0,0,0.0
2026-09-08T16:13:05Z,26.0,78,21.7,1010.6,2.7,0.6,188,0.0,0.0,0,0.0
2026-09-08T16:18:05Z,26.0,78,21.7,1010.7,3.0,0.7,56,0.0,0.0,0,0.0
2026-09-08T16:23:07Z,26.0,78,21.7,1010.7,2.3,0.7,108,0.0,0.0,0,0.0
2026-09-08T16:28:07Z,26.1,78,21.7,1010.6,2.6,0.6,158,0.0,0.0,0,0.0
2026-09-08T16:33:09Z,26.1,78,22.2,1010.7,3.5,0.7,128,0.0,0.0,0,0.0
2026-09-08T16:38:11Z,26.2,77,21.7,1010.7,2.4,0.7,58,0.0,0.0,0,0.0
2026-09-08T16:43:11Z,26.2,78,22.2,1010.7,2.9,0.7,53,0.0,0.0,0,0.0
2026-09-08T16:48:13Z,26.2,78,22.2,1010.6,2.5,0.6,156,0.0,0.0,0,0.0
2026-09-08T16:53:13Z,26.2,78,22.2,1010.6,2.6,0.6,154,0.0,0.0,0,0.0
2026-09-08T16:58:15Z,26.1,78,22.2,1010.6,2.2,0.5,150,0.0,0.0,0,0.0
2026-09-08T17:03:17Z,26.0,79,22.2,1010.5,2.3,0.6,107,0.0,0.0,0,0.0
2026-09-08T17:08:17Z,26.0,79,22.2,1010.4,2.5,0.6,132,0.0,0.0,0,0.0
2026-09-08T17:13:19Z,26.1,78,22.2,1010.5,3.1,0.7,38,0.0,0.0,0,0.0
2026-09-08T17:18:19Z,26.2,78,22.2,1010.5,2.9,0.8,142,0.0,0.0,0,0.0
2026-09-08T17:23:21Z,26.2,78,22.2,1010.4,2.4,0.8,35,0.0,0.0,0,0.0
2026-09-08T17:28:21Z,26.2,78,22.2,1010.3,2.7,0.6,175,0.0,0.0,0,0.0
2026-09-08T17:33:21Z,26.2,78,22.2,1010.4,2.6,0.6,73,0.0,0.0,0,0.0
2026-09-08T17:38:23Z,26.2,78,22.2,1010.3,2.9,0.6,162,0.0,0.0,0,0.0
2026-09-08T17:43:25Z,26.2,78,22.2,1010.3,2.4,0.6,55,0.0,0.0,0,0.0
2026-09-08T17:48:27Z,26.2,78,22.2,1010.3,3.0,0.7,148,0.0,0.0,0,0.0
2026-09-08T17:53:27Z,26.1,78,22.2,1010.2,2.3,0.7,152,0.0,0.0,0,0.0
2026-09-08T17:58:29Z,26.1,78,22.2,1010.2,2.4,0.7,155,0.0,0.0,0,0.0
2026-09-08T18:03:31Z,26.0,77,21.7,1010.1,2.9,0.7,153,0.0,0.0,0,0.0
2026-09-08T18:08:31Z,26.1,76,21.7,1010.1,2.8,0.7,155,0.0,0.0,0,0.0
2026-09-08T18:13:33Z,26.2,76,21.7,1010.2,2.1,0.6,80,0.0,0.0,0,0.0
2026-09-08T18:18:33Z,26.2,76,21.7,1010.2,2.3,0.5,134,0.0,0.0,0,0.0
2026-09-08T18:23:35Z,26.2,75,21.7,1010.1,2.3,0.5,138,0.0,0.0,0,0.0
2026-09-08T18:28:37Z,26.3,75,21.7,1010.0,2.2,0.6,109,0.0,0.0,0,0.0
2026-09-08T18:33:37Z,26.3,75,21.7,1010.0,1.8,0.6,65,0.0,0.0,0,0.0
2026-09-08T18:38:39Z,26.2,75,21.7,1010.0,2.8,0.6,60,0.0,0.0,0,0.0
2026-09-08T18:43:39Z,26.2,75,21.7,1010.0,1.6,0.6,132,0.0,0.0,0,0.0
2026-09-08T18:48:41Z,26.1,75,21.1,1010.0,2.1,0.6,137,0.0,0.0,0,0.0
2026-09-08T18:53:43Z,25.9,76,21.7,1010.0,2.5,0.6,141,0.0,0.0,0,0.0
2026-09-08T18:58:43Z,25.9,76,21.1,1010.0,2.0,0.5,59,0.0,0.0,0,0.0
2026-09-08T19:03:45Z,25.8,76,21.1,1010.0,2.7,0.7,121,0.0,0.0,0,0.0
2026-09-08T19:08:45Z,25.9,76,21.1,1010.0,1.7,0.7,93,0.0,0.0,0,0.0
2026-09-08T19:13:47Z,25.8,76,21.1,1010.0,1.7,0.4,162,0.0,0.0,0,0.0
2026-09-08T19:18:47Z,25.7,76,21.1,1010.1,1.5,0.4,157,0.0,0.0,0,0.0
2026-09-08T19:23:49Z,25.6,76,21.1,1010.0,1.9,0.4,149,0.0,0.0,0,0.0
2026-09-08T19:28:51Z,25.6,77,21.1,1010.1,2.0,0.5,148,0.0,0.0,0,0.0
2026-09-08T19:33:51Z,25.5,77,21.1,1010.1,2.0,0.5,153,0.0,0.0,0,0.0
2026-09-08T19:38:54Z,25.4,77,21.1,1010.1,2.1,0.6,38,0.0,0.0,0,0.0
2026-09-08T19:43:55Z,25.3,78,21.1,1010.1,1.7,0.6,154,0.0,0.0,0,0.0
2026-09-08T19:48:55Z,25.2,78,21.1,1010.1,1.3,0.4,146,0.0,0.0,0,0.0
2026-09-08T19:53:57Z,25.1,78,21.1,1010.2,2.0,0.5,128,0.0,0.0,0,0.0
2026-09-08T19:58:57Z,25.1,78,21.1,1010.1,1.6,0.5,153,0.0,0.0,0,0.0
2026-09-08T20:03:59Z,24.9,79,21.1,1010.2,1.3,0.4,155,0.0,0.0,0,0.0
2026-09-08T20:08:59Z,24.8,79,21.1,1010.1,1.3,0.4,171,0.0,0.0,0,0.0
2026-09-08T20:14:01Z,24.8,79,21.1,1010.3,1.3,0.3,107,0.0,0.0,0,0.0
2026-09-08T20:19:01Z,24.7,79,21.1,1010.4,1.3,0.4,64,0.0,0.0,0,0.0
2026-09-08T20:24:03Z,24.7,79,21.1,1010.4,0.3,0.4,159,0.0,0.0,0,0.0
2026-09-08T20:29:05Z,24.7,79,20.6,1010.6,0.5,0.3,42,0.0,0.0,0,0.0
2026-09-08T20:34:06Z,24.6,80,21.1,1010.6,0.0,0.3,42,0.0,0.0,0,0.0
2026-09-08T20:39:07Z,24.6,80,21.1,1010.7,0.0,0.0,42,0.0,0.0,0,0.0
2026-09-08T20:44:08Z,24.5,79,20.6,1010.7,0.0,0.0,42,0.0,0.0,0,0.0
2026-09-08T20:49:10Z,24.6,79,20.6,1010.7,0.0,0.0,42,0.0,0.0,0,0.0
2026-09-08T20:54:11Z,24.8,78,20.6,1010.7,0.0,0.0,55,0.0,0.0,0,0.0
2026-09-08T20:59:12Z,24.9,78,20.6,1010.7,0.0,0.0,138,0.0,0.0,0,0.0
2026-09-08T21:04:13Z,24.8,79,21.1,1010.7,0.0,0.0,142,0.0,0.0,0,0.0
2026-09-08T21:09:14Z,24.8,79,21.1,1010.8,0.0,0.0,143,0.0,0.0,0,0.0
2026-09-08T21:14:16Z,24.7,79,21.1,1010.8,0.0,0.0,223,0.0,0.0,0,0.0
2026-09-08T21:19:18Z,24.6,79,20.6,1010.9,0.0,0.0,223,0.0,0.0,0,0.0
2026-09-08T21:24:18Z,24.6,79,20.6,1010.9,0.0,0.0,223,0.0,0.0,0,0.0
2026-09-08T21:29:20Z,24.7,79,20.6,1010.9,0.0,0.0,223,0.0,0.0,0,0.0
2026-09-08T21:34:20Z,24.7,79,20.6,1011.0,0.0,0.0,223,0.0,0.0,0,0.0
2026-09-08T21:39:22Z,24.8,78,20.6,1011.1,0.0,0.0,222,0.0,0.0,0,0.0
2026-09-08T21:44:22Z,24.9,78,20.6,1011.1,0.0,0.0,222,0.0,0.0,5,0.0
2026-09-08T21:49:22Z,24.9,77,20.6,1011.1,0.0,0.0,221,0.0,0.0,7,0.0
2026-09-08T21:54:24Z,25.1,77,21.1,1011.1,0.0,0.0,221,0.0,0.0,14,0.0
2026-09-08T21:59:24Z,25.1,78,21.1,1011.2,0.9,0.2,150,0.0,0.0,21,0.0
2026-09-08T22:04:24Z,24.9,78,21.1,1011.2,0.9,0.3,150,0.0,0.0,32,0.0
2026-09-08T22:09:24Z,24.9,79,21.1,1011.3,0.5,0.2,150,0.0,0.0,35,0.0
2026-09-08T22:14:26Z,24.8,79,21.1,1011.3,0.0,0.2,150,0.0,0.0,37,0.0
2026-09-08T22:19:26Z,24.8,80,21.1,1011.4,0.0,0.0,150,0.0,0.0,46,0.0
2026-09-08T22:24:28Z,24.8,80,21.1,1011.4,0.0,0.0,150,0.0,0.0,49,0.0
2026-09-08T22:29:28Z,24.7,81,21.1,1011.5,0.4,0.1,150,0.0,0.0,58,0.0
2026-09-08T22:34:30Z,24.8,81,21.1,1011.6,0.6,0.1,150,0.0,0.0,83,0.0
2026-09-08T22:39:30Z,24.9,81,21.7,1011.6,0.8,0.2,150,0.0,0.0,104,0.0
2026-09-08T22:44:32Z,25.2,81,21.7,1011.5,0.5,0.2,150,0.0,0.0,79,0.0
2026-09-08T22:49:34Z,25.3,80,21.7,1011.7,0.9,0.2,150,0.0,0.0,65,0.0
2026-09-08T22:54:34Z,25.2,80,21.7,1011.8,1.1,0.2,150,0.0,0.0,102,0.0
2026-09-08T22:59:36Z,25.3,80,21.7,1011.8,1.0,0.2,150,0.0,0.0,169,0.0
2026-09-08T23:04:38Z,25.6,80,21.7,1011.9,0.9,0.2,150,0.0,0.0,199,0.5
2026-09-08T23:09:38Z,25.8,80,22.2,1011.9,0.9,0.2,150,0.0,0.0,109,0.5
2026-09-08T23:14:40Z,25.8,79,22.2,1012.0,0.8,0.2,151,0.0,0.0,83,0.5
2026-09-08T23:19:40Z,25.8,80,22.2,1012.1,0.3,0.3,148,0.0,0.0,79,0.5
2026-09-08T23:24:42Z,25.8,80,22.2,1012.0,0.3,0.1,148,0.0,0.0,93,0.6
2026-09-08T23:29:42Z,25.9,80,22.2,1012.1,0.7,0.1,148,0.0,0.0,88,0.6
2026-09-08T23:34:44Z,26.0,80,22.2,1012.2,0.3,0.1,148,0.0,0.0,86,0.7
2026-09-08T23:39:44Z,26.1,79,22.2,1012.3,0.8,0.2,92,0.0,0.0,121,0.7
2026-09-08T23:44:44Z,26.2,79,22.2,1012.4,1.0,0.2,101,0.0,0.0,359,1.1
2026-09-08T23:49:44Z,26.6,78,22.2,1012.3,1.0,0.3,146,0.0,0.0,292,1.0
2026-09-08T23:54:44Z,26.9,78,22.8,1012.4,0.7,0.2,101,0.0,0.0,359,1.4
2026-09-08T23:59:46Z,27.4,77,22.8,1012.4,0.6,0.2,107,0.0,0.0,373,1.5
2026-09-09T00:04:46Z,27.7,77,23.3,1012.4,0.1,0.2,101,0.0,0.0,383,1.6
2026-09-09T00:09:46Z,28.1,74,22.8,1012.5,0.7,0.3,88,0.0,0.0,415,1.8
2026-09-09T00:14:48Z,28.3,73,22.8,1012.5,0.8,0.3,115,0.0,0.0,436,1.9
2026-09-09T00:19:50Z,28.6,73,22.8,1012.5,0.4,0.2,117,0.0,0.0,329,2.0
2026-09-09T00:24:50Z,28.7,71,23.3,1012.5,0.7,0.2,69,0.0,0.0,197,2.2
2026-09-09T00:29:52Z,28.8,73,23.3,1012.5,0.7,0.2,74,0.0,0.0,522,2.4
2026-09-09T00:34:52Z,29.1,72,23.3,1012.4,0.8,0.3,97,0.0,0.0,554,2.6
2026-09-09T00:39:52Z,29.2,72,23.9,1012.5,0.6,0.2,84,0.0,0.0,575,2.8
2026-09-09T00:44:52Z,29.3,70,23.3,1012.6,1.1,0.2,129,0.0,0.0,659,3.0
2026-09-09T00:49:52Z,29.3,70,23.3,1012.6,1.0,0.2,90,0.0,0.0,186,2.1
2026-09-09T00:54:54Z,29.0,70,22.8,1012.8,0.7,0.3,155,0.0,0.0,167,2.0
2026-09-09T00:59:54Z,28.7,68,22.8,1012.8,1.0,0.3,153,0.0,0.0,281,2.5
2026-09-09T01:04:54Z,28.7,68,22.2,1012.7,0.7,0.2,153,0.0,0.0,216,2.3
2026-09-09T01:09:56Z,28.8,71,22.8,1012.8,0.8,0.1,153,0.0,0.0,401,3.0
2026-09-09T01:14:58Z,28.8,69,22.8,1012.8,0.8,0.2,153,0.0,0.0,246,2.4
2026-09-09T01:19:58Z,28.8,69,22.8,1012.8,0.8,0.3,157,0.0,0.0,343,2.8
2026-09-09T01:25:00Z,28.8,68,22.2,1012.8,0.5,0.2,138,0.0,0.0,255,2.8
2026-09-09T01:30:00Z,28.9,70,22.8,1012.8,0.5,0.1,138,0.0,0.0,262,2.9
2026-09-09T01:35:02Z,29.0,67,22.2,1012.8,0.9,0.3,149,0.0,0.0,413,3.6
2026-09-09T01:40:02Z,29.2,70,23.3,1012.8,0.5,0.3,149,0.0,0.0,308,3.1
2026-09-09T01:45:02Z,29.2,69,22.8,1012.9,0.2,0.2,149,0.0,0.0,371,3.4
2026-09-09T01:50:02Z,29.3,70,23.3,1012.8,0.1,0.1,149,0.0,0.0,466,4.1
2026-09-09T01:55:04Z,29.4,69,23.3,1012.8,1.0,0.2,134,0.0,0.0,1023,6.1
2026-09-09T02:00:04Z,29.7,69,23.3,1012.7,1.0,0.3,86,0.0,0.0,861,6.1
2026-09-09T02:05:04Z,30.1,68,23.3,1012.7,1.0,0.3,102,0.0,0.0,877,6.2
2026-09-09T02:10:06Z,30.3,67,23.3,1012.7,0.8,0.3,125,0.0,0.0,872,6.3
2026-09-09T02:15:06Z,30.4,67,23.9,1012.7,1.5,0.4,71,0.0,0.0,881,6.5
2026-09-09T02:20:08Z,30.7,67,23.9,1012.5,1.6,0.4,152,0.0,0.0,867,6.6
2026-09-09T02:25:09Z,30.8,66,23.9,1012.4,1.4,0.3,78,0.0,0.0,863,6.6
2026-09-09T02:30:10Z,30.9,66,23.9,1012.4,1.7,0.4,45,0.0,0.0,863,6.8
2026-09-09T02:35:12Z,31.1,65,23.9,1012.5,1.0,0.4,98,0.0,0.0,868,6.9
2026-09-09T02:40:12Z,31.0,64,23.3,1012.5,2.3,0.5,126,0.0,0.0,571,6.0
2026-09-09T02:45:14Z,30.9,66,23.9,1012.4,1.3,0.5,98,0.0,0.0,889,7.2
2026-09-09T02:50:14Z,30.9,65,23.9,1012.3,1.4,0.4,185,0.0,0.0,896,7.4
2026-09-09T02:55:16Z,31.0,63,23.3,1012.4,1.7,0.4,98,0.0,0.0,921,7.6
2026-09-09T03:00:16Z,31.1,64,23.3,1012.3,1.8,0.4,78,0.0,0.0,833,6.7
2026-09-09T03:05:16Z,30.9,62,22.8,1012.3,2.2,0.4,116,0.0,0.0,1081,8.4
2026-09-09T03:10:16Z,30.9,61,22.2,1012.3,1.9,0.4,196,0.0,0.0,788,8.5
2026-09-09T03:15:16Z,30.9,61,22.2,1012.2,2.1,0.4,165,0.0,0.0,1005,8.3
2026-09-09T03:20:16Z,31.1,62,22.8,1012.2,2.1,0.5,40,0.0,0.0,958,8.2
2026-09-09T03:25:18Z,31.1,62,22.8,1012.1,1.5,0.5,108,0.0,0.0,904,8.4
2026-09-09T03:30:18Z,31.1,63,22.8,1012.0,1.0,0.4,277,0.0,0.0,925,8.1
2026-09-09T03:35:18Z,31.2,64,23.3,1012.0,1.3,0.4,71,0.0,0.0,977,8.4
2026-09-09T03:40:18Z,31.3,64,23.9,1011.9,1.9,0.4,171,0.0,0.0,679,8.4
2026-09-09T03:45:18Z,31.3,63,23.3,1011.7,1.6,0.4,84,0.0,0.0,988,7.2
2026-09-09T03:50:19Z,31.5,63,23.3,1011.7,2.3,0.5,36,0.0,0.0,1048,8.8
2026-09-09T03:55:20Z,31.7,62,23.3,1011.7,1.6,0.5,78,0.0,0.0,1023,9.0
2026-09-09T04:00:22Z,31.9,61,23.3,1011.7,1.6,0.4,138,0.0,0.0,657,8.1
2026-09-09T04:05:23Z,31.9,59,22.8,1011.7,2.2,0.4,160,0.0,0.0,657,6.3
2026-09-09T04:10:24Z,31.5,61,22.8,1011.5,1.7,0.4,76,0.0,0.0,640,6.6
2026-09-09T04:15:25Z,31.4,62,23.3,1011.4,2.3,0.4,82,0.0,0.0,949,8.0
2026-09-09T04:20:26Z,31.4,62,23.3,1011.4,2.0,0.4,123,0.0,0.0,1014,8.5
2026-09-09T04:25:26Z,31.4,61,22.8,1011.4,2.3,0.4,84,0.0,0.0,944,8.2
2026-09-09T04:30:26Z,31.5,63,23.3,1011.4,2.0,0.4,49,0.0,0.0,932,8.1
2026-09-09T04:35:26Z,31.6,63,23.3,1011.2,1.5,0.4,88,0.0,0.0,838,7.7
2026-09-09T04:40:26Z,31.7,61,23.3,1011.2,2.5,0.5,49,0.0,0.0,886,7.7
2026-09-09T04:45:27Z,31.6,61,23.3,1011.3,2.5,0.5,131,0.0,0.0,884,7.7
2026-09-09T04:50:29Z,31.4,63,23.3,1011.3,1.8,0.4,73,0.0,0.0,893,7.6
2026-09-09T04:55:29Z,31.3,63,23.3,1011.3,2.5,0.5,50,0.0,0.0,868,7.5
2026-09-09T05:00:29Z,31.2,63,23.3,1011.1,1.8,0.5,114,0.0,0.0,923,7.6
2026-09-09T05:05:31Z,31.3,64,23.9,1011.0,1.6,0.5,117,0.0,0.0,932,7.6
2026-09-09T05:10:31Z,31.3,64,23.3,1011.1,1.8,0.5,250,0.0,0.0,796,6.9
2026-09-09T05:15:31Z,31.4,67,24.4,1010.9,2.2,0.4,303,0.0,0.0,780,6.7
2026-09-09T05:20:33Z,31.6,68,25.0,1010.8,1.3,0.4,291,0.0,0.0,777,6.5
2026-09-09T05:25:35Z,31.7,69,25.6,1010.7,1.9,0.5,311,0.0,0.0,791,6.5
2026-09-09T05:30:35Z,31.8,68,25.0,1010.7,1.8,0.5,298,0.0,0.0,879,6.8
2026-09-09T05:35:35Z,31.8,68,25.0,1010.7,1.2,0.4,297,0.0,0.0,912,6.8
2026-09-09T05:40:35Z,31.8,68,25.6,1010.6,1.7,0.4,305,0.0,0.0,907,6.6
2026-09-09T05:45:35Z,31.9,67,25.0,1010.7,0.9,0.3,319,0.0,0.0,896,6.5
2026-09-09T05:50:37Z,32.1,63,23.9,1010.5,1.1,0.4,337,0.0,0.0,826,6.2
2026-09-09T05:55:37Z,32.2,63,24.4,1010.5,0.7,0.4,301,0.0,0.0,705,5.3
2026-09-09T06:00:37Z,31.9,59,22.8,1010.5,2.2,0.4,49,0.0,0.0,744,5.3
2026-09-09T06:05:39Z,31.7,61,23.3,1010.6,1.2,0.4,262,0.0,0.0,675,4.9
2026-09-09T06:10:39Z,31.7,66,24.4,1010.4,1.3,0.4,311,0.0,0.0,691,4.9
2026-09-09T06:15:41Z,31.8,69,25.6,1010.5,2.5,0.4,294,0.0,0.0,707,4.8
2026-09-09T06:20:41Z,31.8,70,25.6,1010.4,1.4,0.4,305,0.0,0.0,714,4.7
2026-09-09T06:25:41Z,31.8,69,25.6,1010.4,1.7,0.4,322,0.0,0.0,738,4.7
2026-09-09T06:30:43Z,31.9,69,25.6,1010.4,1.3,0.4,315,0.0,0.0,770,4.7
2026-09-09T06:35:43Z,31.9,69,25.6,1010.5,2.0,0.4,284,0.0,0.0,802,4.6
2026-09-09T06:40:43Z,31.9,68,25.6,1010.5,1.6,0.4,302,0.0,0.0,844,4.3
2026-09-09T06:45:45Z,31.8,65,24.4,1010.4,1.1,0.4,277,0.0,0.0,784,4.2
2026-09-09T06:50:47Z,31.7,63,23.9,1010.5,1.9,0.4,117,0.0,0.0,756,4.0
2026-09-09T06:55:49Z,31.7,64,23.9,1010.5,1.2,0.4,323,0.0,0.0,731,3.8
2026-09-09T07:00:49Z,31.7,62,23.3,1010.6,1.0,0.3,194,0.0,0.0,717,3.6
2026-09-09T07:05:51Z,31.8,62,23.3,1010.6,0.8,0.2,299,0.0,0.0,728,3.5
2026-09-09T07:10:51Z,31.7,64,23.9,1010.5,1.1,0.4,132,0.0,0.0,719,3.2
2026-09-09T07:15:53Z,31.6,64,23.9,1010.4,1.1,0.4,138,0.0,0.0,719,3.1
2026-09-09T07:20:55Z,31.7,65,23.9,1010.5,0.7,0.2,114,0.0,0.0,666,2.8
2026-09-09T07:25:55Z,31.6,63,23.9,1010.6,1.1,0.5,96,0.0,0.0,642,2.7
2026-09-09T07:30:57Z,31.5,66,24.4,1010.5,0.8,0.5,313,0.0,0.0,628,2.5
2026-09-09T07:35:57Z,31.5,65,23.9,1010.6,1.4,0.4,71,0.0,0.0,594,2.3
2026-09-09T07:40:57Z,31.4,63,23.3,1010.5,1.6,0.4,169,0.0,0.0,578,2.2
2026-09-09T07:45:57Z,31.1,65,23.9,1010.6,1.8,0.4,110,0.0,0.0,561,2.1
2026-09-09T07:50:59Z,30.9,66,23.9,1010.6,1.5,0.4,163,0.0,0.0,545,1.9
2026-09-09T07:55:59Z,31.0,66,23.9,1010.8,1.7,0.4,62,0.0,0.0,526,1.7
2026-09-09T08:00:59Z,30.9,65,23.9,1010.7,2.0,0.4,98,0.0,0.0,508,1.6
2026-09-09T08:05:59Z,30.8,65,23.3,1010.8,1.9,0.4,163,0.0,0.0,501,1.5
2026-09-09T08:11:01Z,30.7,65,23.3,1010.8,2.1,0.5,104,0.0,0.0,478,1.3
2026-09-09T08:16:01Z,30.5,66,23.3,1010.7,2.2,0.5,43,0.0,0.0,461,1.2
2026-09-09T08:21:03Z,30.3,67,23.3,1010.8,2.2,0.5,78,0.0,0.0,436,1.1
2026-09-09T08:26:05Z,30.3,67,23.3,1010.8,1.9,0.4,85,0.0,0.0,417,1.0
2026-09-09T08:31:05Z,30.2,69,23.9,1010.8,1.8,0.4,135,0.0,0.0,403,0.9
2026-09-09T08:36:07Z,30.2,69,23.9,1010.8,1.7,0.4,119,0.0,0.0,381,0.8
2026-09-09T08:41:07Z,30.0,68,23.9,1010.8,1.7,0.4,122,0.0,0.0,364,0.7
2026-09-09T08:46:09Z,29.8,70,23.9,1010.8,1.5,0.3,121,0.0,0.0,343,0.6
2026-09-09T08:51:11Z,29.8,70,23.9,1010.9,1.8,0.4,113,0.0,0.0,325,0.5
2026-09-09T08:56:11Z,29.7,70,23.9,1010.8,1.5,0.4,95,0.0,0.0,301,0.0
2026-09-09T09:01:13Z,29.6,70,23.3,1010.8,1.5,0.3,68,0.0,0.0,258,0.0
2026-09-09T09:06:13Z,29.5,71,23.9,1010.7,1.4,0.4,150,0.0,0.0,236,0.0
2026-09-09T09:11:15Z,29.3,71,23.3,1010.8,2.0,0.4,128,0.0,0.0,214,0.0
2026-09-09T09:16:17Z,29.2,71,23.3,1010.9,0.4,0.4,152,0.0,0.0,142,0.0
2026-09-09T09:21:17Z,29.0,72,23.3,1010.9,1.3,0.3,105,0.0,0.0,100,0.0
2026-09-09T09:26:19Z,28.8,73,23.9,1011.0,1.3,0.3,78,0.0,0.0,95,0.0
2026-09-09T09:31:19Z,28.7,72,23.3,1011.0,1.2,0.3,89,0.0,0.0,77,0.0
2026-09-09T09:36:21Z,28.5,72,22.8,1011.1,1.7,0.4,81,0.0,0.0,86,0.0
2026-09-09T09:41:21Z,28.3,72,22.8,1011.2,1.5,0.4,107,0.0,0.0,60,0.0
2026-09-09T09:46:21Z,28.3,72,22.8,1011.3,1.1,0.3,118,0.0,0.0,40,0.0
2026-09-09T09:51:21Z,28.2,72,22.8,1011.4,1.3,0.3,229,0.0,0.0,33,0.0
2026-09-09T09:56:21Z,28.1,72,22.8,1011.4,1.3,0.3,111,0.0,0.0,19,0.0
2026-09-09T10:01:21Z,27.9,73,22.8,1011.4,1.4,0.5,92,0.0,0.0,11,0.0
2026-09-09T10:06:23Z,27.8,73,22.8,1011.5,1.0,0.5,98,0.0,0.0,7,0.0
2026-09-09T10:11:23Z,27.8,74,22.8,1011.5,0.8,0.3,105,0.0,0.0,5,0.0
2026-09-09T10:16:24Z,27.7,74,22.8,1011.5,0.9,0.3,100,0.0,0.0,0,0.0
2026-09-09T10:21:25Z,27.6,74,22.8,1011.5,1.5,0.2,171,0.0,0.0,0,0.0
2026-09-09T10:26:25Z,27.6,75,22.8,1011.5,0.7,0.2,156,0.0,0.0,0,0.0
2026-09-09T10:31:25Z,27.5,75,22.8,1011.6,0.3,0.2,156,0.0,0.0,0,0.0
2026-09-09T10:36:25Z,27.4,75,22.8,1011.6,0.9,0.3,155,0.0,0.0,0,0.0
2026-09-09T10:41:28Z,27.4,75,22.8,1011.6,0.6,0.3,155,0.0,0.0,0,0.0
2026-09-09T10:46:28Z,27.3,76,22.8,1011.6,0.9,0.2,153,0.0,0.0,0,0.0
2026-09-09T10:51:29Z,27.2,76,22.8,1011.6,0.7,0.2,152,0.0,0.0,0,0.0
2026-09-09T10:56:29Z,27.2,77,22.8,1011.6,1.0,0.3,91,0.0,0.0,0,0.0
2026-09-09T11:01:31Z,27.1,77,22.8,1011.7,0.7,0.3,91,0.0,0.0,0,0.0
2026-09-09T11:06:31Z,27.0,77,22.8,1011.8,0.2,0.2,99,0.0,0.0,0,0.0
2026-09-09T11:11:32Z,26.9,77,22.8,1011.8,0.3,0.2,99,0.0,0.0,0,0.0
2026-09-09T11:16:33Z,26.9,78,22.8,1011.9,0.3,0.1,98,0.0,0.0,0,0.0
2026-09-09T11:21:34Z,26.9,78,22.8,1012.1,0.1,0.1,98,0.0,0.0,0,0.0
2026-09-09T11:26:34Z,26.8,78,22.8,1012.0,0.6,0.1,99,0.0,0.0,0,0.0
2026-09-09T11:31:35Z,26.8,78,22.8,1012.3,0.4,0.1,99,0.0,0.0,0,0.0
2026-09-09T11:36:35Z,26.8,79,22.8,1012.3,0.3,0.3,145,0.0,0.0,0,0.0
2026-09-09T11:41:36Z,26.8,79,22.8,1012.3,0.0,0.3,146,0.0,0.0,0,0.0
2026-09-09T11:46:37Z,26.8,79,22.8,1012.3,1.5,0.4,131,0.0,0.0,0,0.0
2026-09-09T11:51:38Z,26.8,79,22.8,1012.5,1.0,0.4,128,0.0,0.0,0,0.0
2026-09-09T11:56:39Z,26.8,79,22.8,1012.6,0.3,0.2,120,0.0,0.0,0,0.0
2026-09-09T12:01:40Z,26.7,79,22.8,1012.7,0.7,0.4,79,0.0,0.0,0,0.0
2026-09-09T12:06:42Z,26.7,79,22.8,1012.6,0.4,0.2,78,0.0,0.0,0,0.0
2026-09-09T12:11:44Z,26.6,80,22.8,1012.7,0.4,0.1,79,0.0,0.0,0,0.0
2026-09-09T12:16:44Z,26.6,80,22.8,1012.8,0.2,0.1,81,0.0,0.0,0,0.0
2026-09-09T12:21:46Z,26.6,80,22.8,1012.7,0.4,0.1,81,0.0,0.0,0,0.0
2026-09-09T12:26:46Z,26.5,80,22.8,1012.8,0.0,0.1,82,0.0,0.0,0,0.0
2026-09-09T12:31:48Z,26.6,80,22.8,1012.8,0.0,0.1,82,0.0,0.0,0,0.0
2026-09-09T12:36:50Z,26.5,80,22.8,1012.7,0.0,0.0,82,0.0,0.0,0,0.0
2026-09-09T12:41:50Z,26.5,80,22.8,1012.8,0.0,0.0,82,0.0,0.0,0,0.0
2026-09-09T12:46:52Z,26.4,80,22.8,1012.9,0.0,0.0,82,0.0,0.0,0,0.0
2026-09-09T12:51:52Z,26.5,80,22.8,1012.9,0.0,0.0,82,0.0,0.0,0,0.0
2026-09-09T12:56:54Z,26.6,80,22.8,1013.0,1.3,0.3,148,0.0,0.0,0,0.0
2026-09-09T13:01:54Z,26.6,80,22.8,1013.0,0.3,0.3,163,0.0,0.0,0,0.0
2026-09-09T13:06:54Z,26.6,80,22.8,1013.1,0.0,0.2,245,0.0,0.0,0,0.0
2026-09-09T13:11:54Z,26.7,80,22.8,1013.1,0.1,0.2,245,0.0,0.0,0,0.0
2026-09-09T13:16:54Z,26.7,80,22.8,1013.1,0.0,0.1,245,0.0,0.0,0,0.0
2026-09-09T13:21:54Z,26.7,80,22.8,1013.1,0.0,0.0,245,0.0,0.0,0,0.0
2026-09-09T13:26:56Z,26.7,80,22.8,1013.2,0.0,0.0,246,0.0,0.0,0,0.0
2026-09-09T13:31:56Z,26.7,80,22.8,1013.3,0.8,0.2,138,0.0,0.0,0,0.0
2026-09-09T13:36:56Z,26.7,81,23.3,1013.2,0.0,0.2,138,0.0,0.0,0,0.0
2026-09-09T13:41:56Z,26.7,81,23.3,1013.2,0.0,0.0,138,0.0,0.0,0,0.0
2026-09-09T13:46:56Z,26.7,81,23.3,1013.3,0.0,0.0,138,0.0,0.0,0,0.0
2026-09-09T13:51:56Z,26.7,81,23.3,1013.3,1.1,0.2,211,0.0,0.0,0,0.0
2026-09-09T13:56:58Z,26.7,80,22.8,1013.4,1.2,0.5,163,0.0,0.0,0,0.0
2026-09-09T14:02:00Z,26.9,80,23.3,1013.4,2.6,0.6,78,0.0,0.0,0,0.0
2026-09-09T14:07:00Z,26.8,80,23.3,1013.3,1.3,0.6,96,0.0,0.0,0,0.0
2026-09-09T14:12:02Z,26.6,80,22.8,1013.4,1.8,0.5,134,0.0,0.0,0,0.0
2026-09-09T14:17:02Z,26.6,80,22.8,1013.3,1.0,0.5,187,0.0,0.0,0,0.0
2026-09-09T14:22:04Z,26.7,80,22.8,1013.3,1.7,0.4,104,0.0,0.0,0,0.0
2026-09-09T14:27:04Z,26.6,80,22.8,1013.4,0.5,0.4,100,0.0,0.0,0,0.0
2026-09-09T14:32:06Z,26.5,80,22.8,1013.4,0.8,0.3,100,0.0,0.0,0,0.0
2026-09-09T14:37:08Z,26.4,79,22.8,1013.4,1.1,0.3,161,0.0,0.0,0,0.0
2026-09-09T14:42:08Z,26.5,79,22.8,1013.5,0.9,0.3,130,0.0,0.0,0,0.0
2026-09-09T14:47:10Z,26.4,79,22.8,1013.6,1.6,0.4,192,0.0,0.0,0,0.0
2026-09-09T14:52:10Z,26.4,79,22.8,1013.4,1.6,0.4,107,0.0,0.0,0,0.0
2026-09-09T14:57:12Z,26.4,79,22.8,1013.6,0.4,0.3,135,0.0,0.0,0,0.0
2026-09-09T15:02:14Z,26.4,79,22.8,1013.5,1.2,0.4,63,0.0,0.0,0,0.0
2026-09-09T15:07:16Z,26.3,79,22.2,1013.5,0.1,0.2,74,0.0,0.0,0,0.0
2026-09-09T15:12:18Z,26.3,79,22.2,1013.3,0.8,0.3,125,0.0,0.0,0,0.0
2026-09-09T15:17:18Z,26.3,79,22.2,1013.6,0.3,0.3,123,0.0,0.0,0,0.0
2026-09-09T15:22:18Z,26.3,80,22.8,1013.4,0.3,0.1,123,0.0,0.0,0,0.0
2026-09-09T15:27:20Z,26.2,79,22.2,1013.5,0.4,0.1,125,0.0,0.0,0,0.0
2026-09-09T15:32:20Z,26.2,79,22.2,1013.5,0.0,0.1,125,0.0,0.0,0,0.0
2026-09-09T15:37:22Z,26.2,79,22.2,1013.4,0.0,0.0,125,0.0,0.0,0,0.0
2026-09-09T15:42:22Z,26.2,79,22.2,1013.5,0.0,0.3,126,0.0,0.0,0,0.0
2026-09-09T15:47:22Z,26.1,79,22.2,1013.5,0.0,0.3,128,0.0,0.0,0,0.0
2026-09-09T15:52:22Z,26.1,79,22.2,1013.4,0.6,0.2,133,0.0,0.0,0,0.0
2026-09-09T15:57:24Z,26.1,79,22.2,1013.4,0.3,0.2,133,0.0,0.0,0,0.0
2026-09-09T16:02:24Z,26.1,79,22.2,1013.5,0.5,0.1,145,0.0,0.0,0,0.0
2026-09-09T16:07:25Z,26.1,79,22.2,1013.5,0.6,0.1,145,0.0,0.0,0,0.0
2026-09-09T16:12:27Z,26.0,79,22.2,1013.4,0.2,0.2,145,0.0,0.0,0,0.0
2026-09-09T16:17:27Z,25.9,79,22.2,1013.4,0.8,0.2,144,0.0,0.0,0,0.0
2026-09-09T16:22:27Z,25.9,79,22.2,1013.3,0.0,0.2,144,0.0,0.0,0,0.0
2026-09-09T16:27:27Z,25.9,78,21.7,1013.1,0.9,0.2,144,0.0,0.0,0,0.0
2026-09-09T16:32:27Z,25.9,78,21.7,1013.2,1.3,0.4,115,0.0,0.0,0,0.0
2026-09-09T16:37:29Z,26.0,78,21.7,1013.0,1.2,0.4,94,0.0,0.0,0,0.0
2026-09-09T16:42:29Z,26.0,78,21.7,1013.0,1.0,0.4,80,0.0,0.0,0,0.0
2026-09-09T16:47:29Z,26.1,77,21.7,1012.9,0.8,0.4,99,0.0,0.0,0,0.0
2026-09-09T16:52:31Z,26.0,77,21.7,1012.9,0.3,0.3,99,0.0,0.0,0,0.0
2026-09-09T16:57:33Z,26.0,77,21.7,1012.9,0.0,0.1,103,0.0,0.0,0,0.0
2026-09-09T17:02:33Z,26.0,77,21.7,1012.8,0.0,0.1,103,0.0,0.0,0,0.0
2026-09-09T17:07:33Z,26.0,78,21.7,1012.8,0.6,0.2,128,0.0,0.0,0,0.0
2026-09-09T17:12:34Z,26.0,77,21.7,1012.8,0.1,0.2,128,0.0,0.0,0,0.0
2026-09-09T17:17:34Z,26.1,78,22.2,1012.8,0.1,0.4,107,0.0,0.0,0,0.0
2026-09-09T17:22:34Z,26.2,78,22.2,1012.8,1.2,0.4,114,0.0,0.0,0,0.0
2026-09-09T17:27:35Z,26.3,77,22.2,1012.7,1.0,0.4,308,0.0,0.0,0,0.0
2026-09-09T17:32:35Z,26.3,77,22.2,1012.7,0.2,0.4,338,0.0,0.0,0,0.0
2026-09-09T17:37:37Z,26.3,77,22.2,1012.6,0.3,0.2,86,0.0,0.0,0,0.0
2026-09-09T17:42:37Z,26.3,77,22.2,1012.6,0.5,0.1,211,0.0,0.0,0,0.0
2026-09-09T17:47:39Z,26.3,77,22.2,1012.6,0.4,0.2,265,0.0,0.0,0,0.0
2026-09-09T17:52:41Z,26.3,76,21.7,1012.6,0.0,0.2,265,0.0,0.0,0,0.0
2026-09-09T17:57:41Z,26.3,77,22.2,1012.5,0.0,0.2,265,0.0,0.0,0,0.0
2026-09-09T18:02:43Z,26.3,77,22.2,1012.4,0.0,0.0,265,0.0,0.0,0,0.0
2026-09-09T18:07:43Z,26.2,77,21.7,1012.4,0.1,0.0,265,0.0,0.0,0,0.0
2026-09-09T18:12:45Z,26.1,76,21.7,1012.3,0.3,0.1,265,0.0,0.0,0,0.0
2026-09-09T18:17:45Z,26.1,76,21.7,1012.3,0.6,0.1,264,0.0,0.0,0,0.0
2026-09-09T18:22:45Z,26.1,76,21.7,1012.1,0.0,0.1,104,0.0,0.0,0,0.0
2026-09-09T18:27:45Z,26.1,76,21.7,1012.2,0.0,0.0,277,0.0,0.0,0,0.0
2026-09-09T18:32:45Z,26.2,75,21.1,1012.0,0.6,0.2,203,0.0,0.0,0,0.0
2026-09-09T18:37:45Z,26.1,75,21.1,1012.0,0.7,0.2,212,0.0,0.0,0,0.0
2026-09-09T18:42:47Z,26.2,75,21.7,1012.0,1.1,0.4,79,0.0,0.0,0,0.0
2026-09-09T18:47:49Z,26.3,75,21.7,1012.0,0.6,0.4,171,0.0,0.0,0,0.0
2026-09-09T18:52:50Z,26.3,74,21.1,1012.1,1.5,0.3,26,0.0,0.0,0,0.0
2026-09-09T18:57:51Z,26.4,74,21.7,1012.1,1.5,0.4,144,0.0,0.0,0,0.0
2026-09-09T19:02:52Z,26.4,74,21.7,1012.2,0.7,0.4,202,0.0,0.0,0,0.0
2026-09-09T19:07:53Z,26.4,74,21.7,1012.2,1.6,0.4,148,0.0,0.0,0,0.0
2026-09-09T19:12:53Z,26.4,74,21.7,1012.2,0.3,0.4,150,0.0,0.0,0,0.0
2026-09-09T19:17:53Z,26.4,74,21.7,1012.1,1.5,0.4,165,0.0,0.0,0,0.0
2026-09-09T19:22:53Z,26.4,74,21.7,1012.2,0.9,0.4,163,0.0,0.0,0,0.0
2026-09-09T19:27:53Z,26.4,74,21.7,1012.1,0.8,0.3,162,0.0,0.0,0,0.0
2026-09-09T19:32:54Z,26.4,73,21.1,1012.1,1.3,0.4,115,0.0,0.0,0,0.0
2026-09-09T19:37:56Z,26.4,73,21.1,1012.4,1.3,0.4,61,0.0,0.0,0,0.0
2026-09-09T19:42:56Z,26.5,73,21.1,1012.3,0.7,0.4,94,0.0,0.0,0,0.0
2026-09-09T19:47:56Z,26.4,73,21.1,1012.3,0.0,0.3,94,0.0,0.0,0,0.0
2026-09-09T19:52:56Z,26.4,73,21.1,1012.4,0.0,0.1,94,0.0,0.0,0,0.0
2026-09-09T19:57:56Z,26.3,74,21.7,1012.4,0.9,0.2,238,0.0,0.0,0,0.0
2026-09-09T20:02:56Z,26.3,74,21.1,1012.3,1.7,0.4,317,0.0,0.0,0,0.0
2026-09-09T20:07:58Z,26.4,74,21.7,1012.3,1.6,0.4,236,0.0,0.0,0,0.0
2026-09-09T20:12:58Z,26.4,73,21.1,1012.4,1.4,0.4,95,0.0,0.0,0,0.0
2026-09-09T20:17:58Z,26.4,74,21.7,1012.4,1.1,0.4,138,0.0,0.0,0,0.0
2026-09-09T20:23:00Z,26.4,74,21.7,1012.4,0.8,0.4,138,0.0,0.0,0,0.0
2026-09-09T20:28:00Z,26.4,73,21.1,1012.2,0.4,0.2,138,0.0,0.0,0,0.0
2026-09-09T20:33:00Z,26.4,73,21.1,1012.3,0.8,0.2,111,0.0,0.0,0,0.0
2026-09-09T20:38:00Z,26.5,73,21.1,1012.4,1.4,0.4,96,0.0,0.0,0,0.0
2026-09-09T20:43:02Z,26.5,73,21.1,1012.3,1.1,0.4,155,0.0,0.0,0,0.0
2026-09-09T20:48:02Z,26.6,72,21.1,1012.5,3.0,0.5,120,0.0,0.0,0,0.0
2026-09-09T20:53:04Z,26.8,71,21.1,1012.4,2.0,0.6,313,0.0,0.0,0,0.0
2026-09-09T20:58:04Z,26.9,72,21.7,1012.5,1.4,0.6,30,0.0,0.0,0,0.0
2026-09-09T21:03:06Z,27.1,70,21.1,1012.5,1.4,0.7,92,0.0,0.0,0,0.0
2026-09-09T21:08:06Z,27.1,71,21.7,1012.5,1.1,0.7,92,0.0,0.0,0,0.0
2026-09-09T21:13:06Z,26.9,71,21.1,1012.7,2.0,0.4,89,0.0,0.0,0,0.0
2026-09-09T21:18:06Z,26.7,71,21.1,1012.6,2.6,0.6,159,0.0,0.0,0,0.0
2026-09-09T21:23:06Z,26.8,70,21.1,1012.6,1.3,0.6,113,0.0,0.0,0,0.0
2026-09-09T21:28:06Z,26.8,69,20.6,1012.6,1.3,0.4,246,0.0,0.0,0,0.0
2026-09-09T21:33:08Z,26.9,69,20.6,1012.6,1.5,0.4,111,0.0,0.0,0,0.0
2026-09-09T21:38:08Z,26.9,67,20.6,1012.6,2.6,0.7,325,0.0,0.0,0,0.0
2026-09-09T21:43:08Z,27.1,68,20.6,1012.6,0.7,0.7,249,0.0,0.0,0,0.0
2026-09-09T21:48:10Z,27.1,68,20.6,1012.7,1.0,0.4,127,0.0,0.0,5,0.0
2026-09-09T21:53:12Z,26.9,69,20.6,1012.8,0.5,0.4,149,0.0,0.0,7,0.0
2026-09-09T21:58:14Z,26.9,69,20.6,1013.1,0.8,0.4,55,0.0,0.0,11,0.0
2026-09-09T22:03:14Z,26.8,69,20.6,1013.1,1.5,0.4,173,0.0,0.0,14,0.0
2026-09-09T22:08:16Z,26.8,69,20.6,1013.1,0.8,0.4,101,0.0,0.0,16,0.0
2026-09-09T22:13:18Z,26.8,69,20.6,1013.3,0.8,0.3,65,0.0,0.0,19,0.0
2026-09-09T22:18:18Z,26.8,69,20.6,1013.2,0.3,0.2,65,0.0,0.0,21,0.0
2026-09-09T22:23:20Z,26.8,70,21.1,1013.3,0.4,0.1,65,0.0,0.0,23,0.0
2026-09-09T22:28:20Z,26.9,69,20.6,1013.4,0.8,0.2,71,0.0,0.0,26,0.0
2026-09-09T22:33:22Z,26.9,69,20.6,1013.3,1.0,0.5,148,0.0,0.0,70,0.0
2026-09-09T22:38:24Z,27.2,69,21.1,1013.5,1.1,0.3,141,0.0,0.0,84,0.0
2026-09-09T22:43:24Z,27.4,69,21.1,1013.6,0.8,0.3,229,0.0,0.0,102,0.0
2026-09-09T22:48:26Z,27.7,68,21.1,1013.5,1.0,0.4,121,0.0,0.0,120,0.0
2026-09-09T22:53:26Z,28.0,69,21.7,1013.7,0.9,0.3,154,0.0,0.0,137,0.0
2026-09-09T22:58:28Z,28.2,67,21.7,1013.6,1.0,0.3,107,0.0,0.0,156,0.0
2026-09-09T23:03:28Z,28.3,67,21.7,1013.7,1.1,0.3,109,0.0,0.0,174,0.5
2026-09-09T23:08:28Z,28.4,67,21.7,1013.7,0.2,0.3,71,0.0,0.0,188,0.5
2026-09-09T23:13:28Z,28.6,67,21.7,1013.8,0.5,0.2,68,0.0,0.0,200,0.6
2026-09-09T23:18:28Z,28.6,66,21.7,1013.9,0.6,0.1,69,0.0,0.0,218,0.7
2026-09-09T23:23:28Z,28.7,67,22.2,1014.0,0.2,0.1,69,0.0,0.0,234,0.8
2026-09-09T23:28:30Z,28.9,67,22.2,1014.0,0.6,0.1,73,0.0,0.0,253,0.9
2026-09-09T23:33:30Z,28.9,66,22.2,1014.0,0.8,0.2,25,0.0,0.0,269,1.0
2026-09-09T23:38:30Z,29.2,65,21.7,1014.1,1.0,0.3,44,0.0,0.0,292,1.1
2026-09-09T23:43:30Z,29.4,65,22.2,1014.0,0.9,0.3,44,0.0,0.0,311,1.2
2026-09-09T23:48:30Z,29.6,65,22.2,1014.0,0.8,0.4,148,0.0,0.0,329,1.3
2026-09-09T23:53:30Z,29.5,64,22.2,1013.9,0.9,0.4,288,0.0,0.0,346,1.4
2026-09-09T23:58:32Z,29.4,65,21.7,1013.8,1.5,0.3,290,0.0,0.0,366,1.6
2026-09-10T00:03:32Z,29.7,65,22.2,1013.9,0.8,0.2,290,0.0,0.0,390,1.7
2026-09-10T00:08:32Z,30.1,65,22.8,1013.8,0.7,0.1,290,0.0,0.0,411,1.9
2026-09-10T00:13:32Z,30.3,65,22.8,1013.7,1.0,0.4,100,0.0,0.0,436,2.0
2026-09-10T00:18:32Z,30.2,63,22.2,1013.7,2.1,0.4,36,0.0,0.0,461,2.2
2026-09-10T00:23:32Z,30.0,65,22.8,1013.7,1.3,0.5,137,0.0,0.0,480,2.3
2026-09-10T00:28:34Z,30.1,65,22.8,1013.9,1.4,0.4,77,0.0,0.0,504,2.5
2026-09-10T00:33:36Z,30.1,65,22.8,1014.0,2.0,0.4,108,0.0,0.0,529,2.7
2026-09-10T00:38:36Z,30.1,65,22.8,1014.0,1.4,0.4,5,0.0,0.0,550,2.8
2026-09-10T00:43:38Z,30.0,65,22.8,1014.0,2.1,0.5,120,0.0,0.0,577,3.0
2026-09-10T00:48:38Z,29.9,65,22.8,1014.0,3.2,0.5,56,0.0,0.0,497,3.2
2026-09-10T00:53:40Z,29.9,65,22.8,1014.0,2.1,0.5,229,0.0,0.0,624,3.5
2026-09-10T00:58:40Z,29.9,65,22.8,1014.1,2.6,0.6,157,0.0,0.0,633,3.6
2026-09-10T01:03:40Z,30.1,65,22.8,1014.0,1.2,0.6,113,0.0,0.0,686,3.9
2026-09-10T01:08:42Z,30.2,64,22.8,1013.9,2.5,0.7,160,0.0,0.0,737,4.2
2026-09-10T01:13:42Z,30.3,64,22.8,1014.0,2.5,0.7,170,0.0,0.0,724,4.2
2026-09-10T01:18:42Z,30.4,63,22.2,1013.9,3.8,0.7,114,0.0,0.0,881,4.7
2026-09-10T01:23:42Z,30.5,64,22.8,1014.1,2.9,0.7,196,0.0,0.0,875,5.0
2026-09-10T01:28:42Z,30.8,64,23.3,1014.2,1.6,0.5,175,0.0,0.0,796,5.0
2026-09-10T01:33:42Z,30.9,62,22.8,1014.2,1.6,0.4,154,0.0,0.0,287,3.2
2026-09-10T01:38:42Z,30.8,64,23.3,1014.1,1.1,0.4,314,0.0,0.0,338,3.2
2026-09-10T01:43:42Z,30.6,63,22.8,1013.9,2.8,0.6,92,0.0,0.0,401,3.8
2026-09-10T01:48:42Z,30.5,65,23.3,1014.0,1.4,0.6,132,0.0,0.0,529,4.4
2026-09-10T01:53:44Z,30.6,64,22.8,1014.1,3.1,0.7,150,0.0,0.0,649,5.2
2026-09-10T01:58:46Z,30.6,65,23.3,1014.1,1.5,0.7,50,0.0,0.0,506,4.7
2026-09-10T02:03:46Z,30.7,65,23.3,1014.0,1.3,0.4,155,0.0,0.0,468,4.5
2026-09-10T02:08:47Z,30.6,68,23.9,1013.9,2.4,0.7,70,0.0,0.0,664,4.8
2026-09-10T02:13:48Z,30.7,68,23.9,1013.7,1.7,0.7,259,0.0,0.0,527,4.9
2026-09-10T02:18:50Z,30.7,69,24.4,1013.9,1.6,0.5,98,0.0,0.0,455,4.5
2026-09-10T02:23:50Z,30.7,69,24.4,1013.7,1.0,0.7,124,0.0,0.0,492,4.9
2026-09-10T02:28:50Z,30.6,68,23.9,1013.6,2.7,0.7,111,0.0,0.0,492,4.8
2026-09-10T02:33:50Z,30.4,68,23.9,1013.3,3.8,0.7,48,0.0,0.0,388,4.2
2026-09-10T02:38:50Z,30.1,69,23.9,1013.3,2.6,0.6,165,0.0,0.0,346,3.9
2026-09-10T02:43:51Z,29.9,70,23.9,1013.4,2.7,0.8,69,0.0,0.0,367,4.0
2026-09-10T02:48:52Z,29.8,70,23.9,1013.3,3.4,1.0,22,0.0,0.0,487,7.1
2026-09-10T02:53:54Z,30.2,69,23.9,1013.5,3.6,1.0,150,0.0,0.0,404,5.1
2026-09-10T02:58:55Z,30.3,68,23.9,1013.4,2.9,0.7,117,0.0,0.0,459,5.7
2026-09-10T03:03:55Z,30.3,69,23.9,1013.3,2.9,0.8,86,0.0,0.0,431,4.9
2026-09-10T03:08:57Z,30.2,68,23.9,1013.2,3.1,0.7,159,0.0,0.0,577,5.8
2026-09-10T03:13:59Z,30.2,68,23.9,1013.4,3.5,0.8,139,0.0,0.0,483,5.1
2026-09-10T03:18:59Z,30.2,68,23.9,1013.2,3.4,0.8,76,0.0,0.0,455,4.9
2026-09-10T03:24:01Z,30.2,70,23.9,1013.6,1.7,0.7,99,0.0,0.0,475,4.9
2026-09-10T03:29:03Z,30.2,69,23.9,1013.6,2.4,0.8,105,0.0,0.0,517,5.3
2026-09-10T03:34:03Z,30.2,70,23.9,1013.9,1.1,0.8,171,0.0,0.0,555,5.7
2026-09-10T03:39:05Z,30.3,69,23.9,1013.6,2.0,0.5,39,0.0,0.0,800,7.4
2026-09-10T03:44:05Z,30.5,70,24.4,1013.8,2.1,0.5,163,0.0,0.0,596,5.7
2026-09-10T03:49:07Z,30.4,69,24.4,1013.8,2.3,0.5,153,0.0,0.0,482,5.1
2026-09-10T03:54:09Z,30.5,69,24.4,1013.7,2.3,0.5,44,0.0,0.0,483,5.0
2026-09-10T03:59:09Z,30.5,70,24.4,1013.7,1.2,0.5,57,0.0,0.0,452,4.7
2026-09-10T04:04:11Z,30.5,69,24.4,1013.7,1.0,0.4,318,0.0,0.0,457,4.7
2026-09-10T04:09:11Z,30.4,69,24.4,1013.5,1.8,0.5,158,0.0,0.0,536,5.1
2026-09-10T04:14:13Z,30.4,70,24.4,1013.4,1.5,0.5,118,0.0,0.0,596,5.3
2026-09-10T04:19:13Z,30.5,69,24.4,1013.5,1.0,0.5,269,0.0,0.0,476,4.9
2026-09-10T04:24:13Z,30.4,70,24.4,1013.5,1.8,0.6,86,0.0,0.0,388,4.1
2026-09-10T04:29:13Z,30.4,71,24.4,1013.5,0.6,0.6,36,0.0,0.0,452,4.6
2026-09-10T04:34:13Z,30.4,70,24.4,1013.4,1.6,0.5,309,0.0,0.0,425,4.4
2026-09-10T04:39:13Z,30.4,69,23.9,1013.3,1.7,0.5,192,0.0,0.0,415,4.4
2026-09-10T04:44:15Z,30.4,70,24.4,1013.3,0.6,0.4,188,0.0,0.0,1058,9.0
2026-09-10T04:49:15Z,30.7,68,24.4,1013.4,2.4,0.6,194,0.0,0.0,849,7.3
2026-09-10T04:54:15Z,30.9,68,23.9,1013.2,1.3,0.6,292,0.0,0.0,677,7.6
2026-09-10T04:59:15Z,31.2,68,24.4,1013.1,1.0,0.4,299,0.0,0.0,578,9.7
2026-09-10T05:04:15Z,31.2,67,24.4,1013.2,2.2,0.4,95,0.0,0.0,605,5.3
2026-09-10T05:09:15Z,31.0,67,24.4,1013.0,0.9,0.4,228,0.0,0.0,471,4.5
2026-09-10T05:14:17Z,31.1,69,24.4,1013.0,1.1,0.3,294,0.0,0.0,527,4.9
2026-09-10T05:19:19Z,30.9,68,24.4,1013.1,2.4,0.4,261,0.0,0.0,494,4.6
2026-09-10T05:24:19Z,30.8,69,24.4,1013.0,1.1,0.4,155,0.0,0.0,568,4.8
2026-09-10T05:29:21Z,30.7,70,25.0,1012.9,0.9,0.4,313,0.0,0.0,459,4.1
2026-09-10T05:34:21Z,30.8,71,25.0,1012.9,0.6,0.2,316,0.0,0.0,527,4.8
2026-09-10T05:39:23Z,30.8,71,25.0,1012.8,0.7,0.2,153,0.0,0.0,341,3.3
2026-09-10T05:44:25Z,30.7,71,25.0,1012.9,1.2,0.3,142,0.0,0.0,380,3.4
2026-09-10T05:49:25Z,30.7,70,24.4,1012.8,1.6,0.3,287,0.0,0.0,506,5.4
2026-09-10T05:54:27Z,30.5,70,24.4,1012.9,0.8,0.3,321,0.0,0.0,329,3.2
2026-09-10T05:59:27Z,30.3,70,24.4,1012.9,1.4,0.4,257,0.0,0.0,339,3.3
2026-09-10T06:04:29Z,30.3,71,24.4,1013.0,1.3,0.4,157,0.0,0.0,478,5.3
2026-09-10T06:09:29Z,30.3,71,24.4,1013.0,1.7,0.4,304,0.0,0.0,236,2.1
2026-09-10T06:14:31Z,30.3,71,24.4,1013.0,1.1,0.4,309,0.0,0.0,274,3.4
2026-09-10T06:19:33Z,30.2,71,24.4,1013.0,1.2,0.3,136,0.0,0.0,441,3.2
2026-09-10T06:24:33Z,30.1,72,24.4,1013.0,0.9,0.4,70,0.0,0.0,244,2.0
2026-09-10T06:29:35Z,30.0,72,24.4,1013.0,0.8,0.4,351,0.0,0.0,327,2.4
2026-09-10T06:34:35Z,29.9,72,24.4,1013.0,0.8,0.4,256,0.0,0.0,251,1.9
2026-09-10T06:39:37Z,29.9,72,24.4,1013.0,0.9,0.4,310,0.0,0.0,283,2.1
2026-09-10T06:44:39Z,29.9,72,24.4,1013.1,1.0,0.4,292,0.0,0.0,315,2.2
2026-09-10T06:49:39Z,30.0,73,24.4,1013.0,1.0,0.3,142,0.0,0.0,338,2.2
2026-09-10T06:54:41Z,30.0,72,24.4,1013.0,1.2,0.4,360,0.0,0.0,274,1.9
2026-09-10T06:59:41Z,29.9,72,24.4,1013.0,1.0,0.4,171,0.0,0.0,464,2.2
2026-09-10T07:04:43Z,29.9,73,24.4,1013.0,1.5,0.3,115,0.0,0.0,454,2.3
2026-09-10T07:09:43Z,29.8,73,24.4,1013.1,1.4,0.4,123,0.0,0.0,610,2.4
2026-09-10T07:14:43Z,29.8,73,24.4,1013.1,1.5,0.4,121,0.0,0.0,374,2.0
2026-09-10T07:19:43Z,29.7,74,24.4,1013.1,1.9,0.4,112,0.0,0.0,475,2.2
2026-09-10T07:24:43Z,29.7,74,24.4,1013.1,1.5,0.4,100,0.0,0.0,425,2.8
2026-09-10T07:29:43Z,29.9,73,24.4,1013.2,2.7,0.4,134,0.0,0.0,306,1.5
2026-09-10T07:34:45Z,29.9,74,25.0,1013.2,1.8,0.4,91,0.0,0.0,424,1.4
2026-09-10T07:39:45Z,29.7,74,24.4,1013.0,1.4,0.4,86,0.0,0.0,229,1.2
2026-09-10T07:44:45Z,29.6,75,25.0,1013.0,1.3,0.4,82,0.0,0.0,206,1.1
2026-09-10T07:49:45Z,29.4,75,24.4,1013.1,1.7,0.4,128,0.0,0.0,213,1.1
2026-09-10T07:54:47Z,29.4,75,24.4,1013.1,1.7,0.4,72,0.0,0.0,197,0.9
2026-09-10T07:59:47Z,29.3,75,24.4,1013.1,1.5,0.4,119,0.0,0.0,200,0.9
2026-09-10T08:04:47Z,29.4,75,24.4,1013.2,1.3,0.4,142,0.0,0.0,334,1.0
2026-09-10T08:09:49Z,29.3,75,24.4,1013.1,2.5,0.4,168,0.0,0.0,278,0.9
2026-09-10T08:14:49Z,29.3,75,24.4,1013.2,1.9,0.4,139,0.0,0.0,105,0.5
2026-09-10T08:19:49Z,29.3,76,24.4,1013.3,1.2,0.4,94,0.0,0.0,81,0.0
2026-09-10T08:24:51Z,29.2,75,24.4,1013.3,0.7,0.2,112,0.0,0.0,67,0.0
2026-09-10T08:29:53Z,29.1,75,24.4,1013.3,1.6,0.4,297,0.0,0.0,49,0.0
2026-09-10T08:34:53Z,29.0,75,24.4,1013.5,3.1,0.8,153,0.0,0.0,47,0.0
2026-09-10T08:39:53Z,28.9,75,23.9,1013.5,1.1,0.8,109,0.0,0.0,46,0.0
2026-09-10T08:44:53Z,28.9,75,23.9,1013.5,1.0,0.3,110,0.0,0.0,42,0.0
2026-09-10T08:49:55Z,28.8,75,23.9,1013.5,1.4,0.5,86,0.0,0.0,44,0.0
2026-09-10T08:54:57Z,28.7,75,23.9,1013.5,2.5,0.5,155,0.0,0.0,44,0.0
2026-09-10T08:59:59Z,28.8,75,23.9,1013.7,1.3,0.4,95,0.0,0.0,40,0.0
2026-09-10T09:05:01Z,28.7,75,23.9,1013.4,0.9,0.3,219,0.0,0.0,40,0.0
2026-09-10T09:10:03Z,28.7,75,23.9,1013.6,1.8,0.4,121,0.0,0.0,39,0.0
2026-09-10T09:15:03Z,28.7,75,23.9,1013.6,1.9,0.5,127,0.0,0.0,37,0.0
2026-09-10T09:20:05Z,28.7,75,23.9,1013.4,2.3,0.4,162,0.0,0.0,42,0.0
2026-09-10T09:25:05Z,28.7,75,23.9,1013.5,1.2,0.5,122,0.0,0.0,46,0.0
2026-09-10T09:30:07Z,28.7,75,23.9,1013.5,2.0,0.5,107,0.0,0.0,40,0.0
2026-09-10T09:35:07Z,28.7,75,23.9,1013.5,1.3,0.5,59,0.0,0.0,42,0.0
2026-09-10T09:40:07Z,28.7,76,23.9,1013.5,1.7,0.5,130,0.0,0.0,37,0.0
2026-09-10T09:45:07Z,28.7,76,23.9,1013.5,1.2,0.5,182,0.0,0.0,28,0.0
2026-09-10T09:50:08Z,28.6,75,23.9,1013.6,1.9,0.4,99,0.0,0.0,19,0.0
2026-09-10T09:55:09Z,28.6,75,23.9,1013.7,1.3,0.5,190,0.0,0.0,11,0.0
2026-09-10T10:00:10Z,28.5,75,23.9,1013.6,3.4,0.9,119,0.0,0.0,7,0.0
2026-09-10T10:05:11Z,28.5,75,23.9,1013.5,0.8,0.9,107,0.0,0.0,5,0.0
2026-09-10T10:10:12Z,28.4,74,23.3,1013.6,1.8,0.4,70,0.0,0.0,0,0.0
2026-09-10T10:15:13Z,28.4,75,23.9,1013.6,1.9,0.4,135,0.0,0.0,0,0.0
2026-09-10T10:20:14Z,28.4,75,23.9,1013.7,1.3,0.4,282,0.0,0.0,0,0.0
2026-09-10T10:25:16Z,28.4,75,23.3,1013.6,1.1,0.3,76,0.0,0.0,0,0.0
2026-09-10T10:30:16Z,28.3,75,23.3,1013.6,2.1,0.4,114,0.0,0.0,0,0.0
2026-09-10T10:35:16Z,28.3,76,23.9,1013.7,1.4,0.4,129,0.0,0.0,0,0.0
2026-09-10T10:40:16Z,28.3,76,23.9,1013.8,1.7,0.4,145,0.0,0.0,0,0.0
2026-09-10T10:45:16Z,28.3,76,23.9,1013.7,2.3,0.4,152,0.0,0.0,0,0.0
2026-09-10T10:50:16Z,28.3,75,23.3,1013.8,1.9,0.4,134,0.0,0.0,0,0.0
2026-09-10T10:55:18Z,28.3,76,23.9,1013.7,1.2,0.5,360,0.0,0.0,0,0.0
2026-09-10T11:00:18Z,28.3,76,23.9,1013.8,1.7,0.5,150,0.0,0.0,0,0.0
2026-09-10T11:05:18Z,28.3,76,23.9,1013.9,1.4,0.5,161,0.0,0.0,0,0.0
2026-09-10T11:10:18Z,28.3,75,23.3,1013.9,0.9,0.5,155,0.0,0.0,0,0.0
2026-09-10T11:15:18Z,28.3,75,23.3,1014.0,2.5,0.5,161,0.0,0.0,0,0.0
2026-09-10T11:20:18Z,28.3,75,23.3,1014.0,2.5,0.5,115,0.0,0.0,0,0.0
2026-09-10T11:25:20Z,28.3,76,23.9,1014.1,0.7,0.4,277,0.0,0.0,0,0.0
2026-09-10T11:30:20Z,28.4,76,23.9,1014.2,0.2,0.4,292,0.0,0.0,0,0.0
2026-09-10T11:35:20Z,28.3,76,23.9,1014.1,1.9,0.4,161,0.0,0.0,0,0.0
2026-09-10T11:40:20Z,28.3,76,23.9,1014.2,1.4,0.4,118,0.0,0.0,0,0.0
2026-09-10T11:45:20Z,28.3,76,23.9,1014.1,1.1,0.4,107,0.0,0.0,0,0.0
2026-09-10T11:50:20Z,28.2,76,23.9,1014.2,1.5,0.5,130,0.0,0.0,0,0.0
2026-09-10T11:55:22Z,28.2,76,23.9,1014.3,1.6,0.5,125,0.0,0.0,0,0.0
2026-09-10T12:00:24Z,28.2,76,23.3,1014.3,2.0,0.4,89,0.0,0.0,0,0.0
2026-09-10T12:05:24Z,28.2,76,23.3,1014.4,0.9,0.8,146,0.0,0.0,0,0.0
2026-09-10T12:10:26Z,28.1,77,23.9,1014.5,2.3,0.8,150,0.0,0.0,0,0.0
2026-09-10T12:15:26Z,28.1,77,23.9,1014.7,2.9,0.6,150,0.0,0.0,0,0.0
2026-09-10T12:20:28Z,28.2,76,23.3,1015.0,1.4,0.7,139,0.0,0.0,0,0.0
2026-09-10T12:25:28Z,28.2,76,23.3,1015.1,2.1,0.5,140,0.0,0.0,0,0.0
2026-09-10T12:30:28Z,28.2,76,23.3,1015.3,0.3,0.5,169,0.0,0.0,0,0.0
2026-09-10T12:35:28Z,28.2,76,23.3,1015.1,0.0,0.4,78,0.0,0.0,0,0.0
2026-09-10T12:40:28Z,28.1,76,23.3,1015.2,0.8,0.4,206,0.0,0.0,0,0.0
2026-09-10T12:45:28Z,28.1,76,23.3,1015.4,0.5,0.4,137,0.0,0.0,0,0.0
2026-09-10T12:50:30Z,28.1,76,23.3,1015.3,0.4,0.2,248,0.0,0.0,0,0.0
2026-09-10T12:55:30Z,28.1,76,23.3,1015.4,0.6,0.4,128,0.0,0.0,0,0.0
2026-09-10T13:00:32Z,28.1,76,23.3,1015.5,2.1,0.5,69,0.0,0.0,0,0.0
2026-09-10T13:05:34Z,28.0,76,23.3,1015.6,1.0,0.5,100,0.0,0.0,0,0.0
2026-09-10T13:10:34Z,28.1,75,23.3,1015.6,2.1,0.5,155,0.0,0.0,0,0.0
2026-09-10T13:15:36Z,28.1,74,22.8,1015.5,2.8,0.5,186,0.0,0.0,0,0.0
2026-09-10T13:20:36Z,28.1,74,22.8,1015.4,1.3,0.4,156,0.0,0.0,0,0.0
2026-09-10T13:25:38Z,28.1,73,22.8,1015.4,1.3,0.4,39,0.0,0.0,0,0.0
2026-09-10T13:30:40Z,28.1,73,22.8,1015.7,2.3,0.6,276,0.0,0.0,0,0.0
2026-09-10T13:35:40Z,28.1,73,22.8,1015.5,0.4,0.6,154,0.0,0.0,0,0.0
2026-09-10T13:40:42Z,28.1,74,22.8,1015.6,1.4,0.8,107,0.0,0.0,0,0.0
2026-09-10T13:45:42Z,28.0,74,22.8,1015.5,0.3,0.4,113,0.0,0.0,0,0.0
2026-09-10T13:50:42Z,27.9,72,22.2,1015.4,1.3,0.4,198,0.0,0.0,0,0.0
2026-09-10T13:55:44Z,27.9,72,22.2,1015.5,1.5,0.5,94,0.0,0.0,0,0.0
2026-09-10T14:00:46Z,27.9,72,22.2,1015.3,0.6,0.5,177,0.0,0.0,0,0.0
2026-09-10T14:05:48Z,27.9,70,22.2,1015.4,1.5,0.4,157,0.0,0.0,0,0.0
2026-09-10T14:10:48Z,28.0,71,22.2,1015.4,0.9,0.4,128,0.0,0.0,0,0.0
2026-09-10T14:15:50Z,28.0,70,22.2,1015.8,2.1,0.7,273,0.0,0.0,0,0.0
2026-09-10T14:20:50Z,28.1,71,22.2,1015.6,1.4,0.7,281,0.0,0.0,0,0.0
2026-09-10T14:25:50Z,28.0,71,22.2,1015.6,1.4,0.6,136,0.0,0.0,0,0.0
2026-09-10T14:30:50Z,28.0,72,22.8,1015.5,1.9,0.6,190,0.0,0.0,0,0.0
2026-09-10T14:35:50Z,27.9,72,22.2,1015.5,2.7,0.7,85,0.0,0.0,0,0.0
2026-09-10T14:40:50Z,27.8,73,22.8,1015.5,1.7,0.5,72,0.0,0.0,0,0.0
2026-09-10T14:45:52Z,27.8,73,22.8,1015.6,0.8,0.5,265,0.0,0.0,0,0.0
2026-09-10T14:50:52Z,27.8,73,22.8,1015.5,1.2,0.5,271,0.0,0.0,0,0.0
2026-09-10T14:55:52Z,27.8,73,22.8,1015.4,1.3,0.5,165,0.0,0.0,0,0.0
2026-09-10T15:00:52Z,27.7,72,22.2,1015.4,1.7,0.4,142,0.0,0.0,0,0.0
2026-09-10T15:05:52Z,27.7,72,22.2,1015.4,1.2,0.4,38,0.0,0.0,0,0.0
2026-09-10T15:10:52Z,27.7,72,22.2,1015.4,3.0,0.5,163,0.0,0.0,0,0.0
2026-09-10T15:15:54Z,27.8,72,22.2,1015.3,2.1,0.6,123,0.0,0.0,0,0.0
2026-09-10T15:20:56Z,27.8,73,22.8,1015.5,1.5,0.6,5,0.0,0.0,0,0.0
2026-09-10T15:25:59Z,27.8,73,22.8,1015.3,1.7,0.6,60,0.0,0.0,0,0.0
2026-09-10T15:31:00Z,27.8,73,22.8,1015.4,2.5,0.6,101,0.0,0.0,0,0.0
2026-09-10T15:36:02Z,27.7,73,22.2,1015.0,3.0,0.6,115,0.0,0.0,0,0.0
2026-09-10T15:41:02Z,27.7,73,22.2,1014.8,1.3,0.6,165,0.0,0.0,0,0.0
2026-09-10T15:46:02Z,27.7,73,22.2,1014.7,1.6,0.5,215,0.0,0.0,0,0.0
2026-09-10T15:51:02Z,27.7,73,22.2,1014.7,1.0,0.5,260,0.0,0.0,0,0.0
2026-09-10T15:56:04Z,27.7,73,22.2,1014.8,3.6,0.7,57,0.0,0.0,0,0.0
2026-09-10T16:01:04Z,27.7,72,22.2,1014.8,2.0,0.7,154,0.0,0.0,0,0.0
2026-09-10T16:06:05Z,27.7,72,22.2,1014.8,2.2,0.6,45,0.0,0.0,0,0.0
2026-09-10T16:11:05Z,27.7,72,22.2,1014.6,1.0,0.6,165,0.0,0.0,0,0.0
2026-09-10T16:16:05Z,27.7,72,22.2,1014.6,1.4,0.4,119,0.0,0.0,0,0.0
2026-09-10T16:21:07Z,27.7,72,22.2,1014.6,1.4,0.4,103,0.0,0.0,0,0.0
2026-09-10T16:26:07Z,27.7,72,22.2,1014.7,2.5,0.5,132,0.0,0.0,0,0.0
2026-09-10T16:31:09Z,27.8,72,22.2,1014.7,2.4,0.5,166,0.0,0.0,0,0.0
2026-09-10T16:36:09Z,27.7,72,22.2,1014.7,1.4,0.4,163,0.0,0.0,0,0.0
2026-09-10T16:41:11Z,27.7,72,22.2,1014.8,1.3,0.4,178,0.0,0.0,0,0.0
2026-09-10T16:46:13Z,27.6,73,22.2,1014.7,2.4,0.5,108,0.0,0.0,0,0.0
2026-09-10T16:51:13Z,27.6,73,22.2,1014.8,1.6,0.5,122,0.0,0.0,0,0.0
2026-09-10T16:56:15Z,27.6,73,22.2,1014.7,1.8,0.4,132,0.0,0.0,0,0.0
2026-09-10T17:01:15Z,27.6,73,22.2,1014.7,1.7,0.6,144,0.0,0.0,0,0.0
2026-09-10T17:06:17Z,27.6,74,22.8,1014.6,1.5,0.6,159,0.0,0.0,0,0.0
2026-09-10T17:11:17Z,27.5,74,22.8,1014.7,2.9,0.7,313,0.0,0.0,0,0.0
2026-09-10T17:16:17Z,27.5,75,22.8,1014.7,2.3,0.7,103,0.0,0.0,0,0.0
2026-09-10T17:21:17Z,27.4,74,22.2,1014.7,2.6,0.5,204,0.0,0.0,0,0.0
2026-09-10T17:26:17Z,27.5,74,22.2,1014.6,1.1,0.5,114,0.0,0.0,0,0.0
2026-09-10T17:31:18Z,27.5,74,22.2,1014.5,1.4,0.4,53,0.0,0.0,0,0.0
2026-09-10T17:36:19Z,27.4,75,22.8,1014.4,1.7,0.4,81,0.0,0.0,0,0.0
2026-09-10T17:41:19Z,27.4,75,22.8,1014.4,0.9,0.4,78,0.0,0.0,0,0.0
2026-09-10T17:46:19Z,27.4,76,22.8,1014.5,0.9,0.3,128,0.0,0.0,0,0.0
2026-09-10T17:51:19Z,27.4,76,22.8,1014.4,3.0,0.6,68,0.0,0.0,0,0.0
2026-09-10T17:56:19Z,27.4,76,22.8,1014.4,1.9,0.6,164,0.0,0.0,0,0.0
2026-09-10T18:01:20Z,27.4,75,22.8,1014.6,1.5,0.4,59,0.0,0.0,0,0.0
2026-09-10T18:06:22Z,27.4,75,22.8,1014.6,0.3,0.4,60,0.0,0.0,0,0.0
2026-09-10T18:11:22Z,27.4,75,22.8,1014.5,1.1,0.4,295,0.0,0.0,0,0.0
2026-09-10T18:16:22Z,27.4,74,22.8,1014.5,1.1,0.3,269,0.0,0.0,0,0.0
2026-09-10T18:21:24Z,27.4,74,22.2,1014.5,1.4,0.3,62,0.0,0.0,0,0.0
2026-09-10T18:26:24Z,27.4,75,22.8,1014.4,0.8,0.3,150,0.0,0.0,0,0.0
2026-09-10T18:31:24Z,27.4,75,22.8,1014.3,0.2,0.4,153,0.0,0.0,0,0.0
2026-09-10T18:36:24Z,27.4,75,22.8,1014.5,1.8,0.5,145,0.0,0.0,0,0.0
2026-09-10T18:41:26Z,27.5,74,22.8,1014.4,3.4,0.8,146,0.0,0.0,0,0.0
2026-09-10T18:46:26Z,27.6,74,22.8,1014.4,1.6,0.8,84,0.0,0.0,0,0.0
2026-09-10T18:51:28Z,27.6,74,22.8,1014.6,0.5,0.5,90,0.0,0.0,0,0.0
2026-09-10T18:56:28Z,27.6,74,22.8,1014.5,2.0,0.5,312,0.0,0.0,0,0.0
2026-09-10T19:01:30Z,27.7,74,22.8,1014.6,0.9,0.5,100,0.0,0.0,0,0.0
2026-09-10T19:06:30Z,27.7,74,22.8,1014.9,2.9,0.5,107,0.0,0.0,0,0.0
2026-09-10T19:11:30Z,27.7,74,22.8,1014.8,0.7,0.5,237,0.0,0.0,0,0.0
2026-09-10T19:16:30Z,27.7,75,22.8,1014.7,1.5,0.5,165,0.0,0.0,0,0.0
2026-09-10T19:21:32Z,27.6,74,22.8,1014.7,1.9,0.4,142,0.0,0.0,0,0.0
2026-09-10T19:26:32Z,27.6,75,22.8,1014.6,0.8,0.4,142,0.0,0.0,0,0.0
2026-09-10T19:31:32Z,27.5,75,22.8,1014.6,0.6,0.4,71,0.0,0.0,0,0.0
2026-09-10T19:36:32Z,27.5,74,22.8,1014.5,2.6,0.6,161,0.0,0.0,0,0.0
2026-09-10T19:41:32Z,27.7,74,22.8,1014.6,2.6,0.6,93,0.0,0.0,0,0.0
2026-09-10T19:46:32Z,27.7,74,22.8,1014.4,1.1,0.5,159,0.0,0.0,0,0.0
2026-09-10T19:51:32Z,27.6,74,22.8,1014.3,0.5,0.4,157,0.0,0.0,0,0.0
2026-09-10T19:56:32Z,27.6,73,22.2,1014.3,2.3,0.5,47,0.0,0.0,0,0.0
2026-09-10T20:01:34Z,27.7,73,22.2,1014.4,1.1,0.5,121,0.0,0.0,0,0.0
2026-09-10T20:06:34Z,27.7,73,22.2,1014.4,0.7,0.4,294,0.0,0.0,0,0.0
2026-09-10T20:11:34Z,27.7,73,22.2,1014.4,1.3,0.4,123,0.0,0.0,0,0.0
2026-09-10T20:16:34Z,27.7,74,22.2,1014.4,0.7,0.4,124,0.0,0.0,0,0.0
2026-09-10T20:21:34Z,27.6,74,22.8,1014.6,0.4,0.3,126,0.0,0.0,0,0.0
2026-09-10T20:26:34Z,27.6,74,22.8,1014.6,1.3,0.4,74,0.0,0.0,0,0.0
2026-09-10T20:31:36Z,27.3,75,22.8,1014.8,1.6,0.4,86,0.0,0.0,0,0.0
2026-09-10T20:36:38Z,27.2,75,22.2,1014.5,0.9,0.4,82,0.0,0.0,0,0.0
2026-09-10T20:41:38Z,26.9,77,22.8,1014.7,1.6,0.4,92,0.0,0.0,0,0.0
2026-09-10T20:46:40Z,26.7,77,22.2,1014.6,1.4,0.4,109,0.0,0.0,0,0.0
2026-09-10T20:51:40Z,26.3,79,22.2,1014.5,2.0,0.4,130,0.0,0.0,0,0.0
2026-09-10T20:56:42Z,26.1,79,22.2,1014.5,1.1,0.5,100,0.0,0.0,0,0.0
2026-09-10T21:01:42Z,25.8,80,22.2,1014.5,1.3,0.5,141,0.2,0.0,0,0.0
2026-09-10T21:06:42Z,25.6,81,22.2,1014.7,0.7,0.4,104,0.2,0.0,0,0.0
2026-09-10T21:11:42Z,25.3,82,22.2,1014.6,1.5,0.5,77,0.4,1.0,0,0.0
2026-09-10T21:16:42Z,25.2,83,22.2,1014.5,1.7,0.6,109,0.4,1.0,0,0.0
2026-09-10T21:21:42Z,24.9,84,22.2,1014.6,1.9,0.6,155,0.4,1.0,0,0.0
2026-09-10T21:26:44Z,24.9,84,22.2,1014.5,1.7,0.6,98,0.6,1.0,0,0.0
2026-09-10T21:31:44Z,24.8,84,22.2,1014.5,4.0,0.8,64,0.6,1.0,0,0.0
2026-09-10T21:36:44Z,24.8,85,22.2,1014.4,3.0,0.8,172,0.8,0.8,0,0.0
2026-09-10T21:41:44Z,24.8,85,22.2,1014.3,3.5,0.8,152,0.8,0.8,0,0.0
2026-09-10T21:46:44Z,24.8,85,22.2,1014.1,3.8,0.7,13,0.8,0.8,0,0.0
2026-09-10T21:51:44Z,24.8,85,22.2,1013.9,3.8,0.7,117,0.8,0.8,0,0.0
2026-09-10T21:56:46Z,24.8,85,22.2,1013.9,3.6,0.8,107,0.8,0.0,0,0.0
2026-09-10T22:01:46Z,24.8,86,22.2,1013.8,4.5,1.0,59,1.0,0.0,0,0.0
2026-09-10T22:06:46Z,24.7,85,22.2,1013.8,4.8,1.1,108,1.0,0.0,0,0.0
2026-09-10T22:11:46Z,24.7,85,22.2,1013.7,4.1,1.1,173,1.0,0.0,0,0.0
2026-09-10T22:16:48Z,24.6,85,21.7,1013.9,5.1,1.1,69,1.2,1.2,5,0.0
2026-09-10T22:21:48Z,24.5,85,21.7,1013.7,4.8,0.9,126,1.2,1.2,7,0.0
2026-09-10T22:26:48Z,24.6,84,21.7,1014.0,5.1,1.2,177,1.2,0.8,11,0.0
2026-09-10T22:31:50Z,24.7,84,21.7,1014.1,5.3,1.2,50,1.4,0.0,16,0.0
2026-09-10T22:36:50Z,24.8,84,21.7,1013.8,5.5,1.2,134,1.4,0.0,19,0.0
2026-09-10T22:41:50Z,24.8,83,21.7,1013.7,5.7,1.2,67,1.4,0.0,23,0.0
2026-09-10T22:46:52Z,25.1,82,21.7,1013.5,6.1,1.0,65,1.4,0.0,25,0.0
2026-09-10T22:51:54Z,25.2,80,21.7,1013.5,6.1,1.2,51,1.4,0.0,26,0.0
2026-09-10T22:56:54Z,25.6,78,21.7,1013.7,4.2,1.2,124,1.4,0.0,26,0.0
2026-09-10T23:01:54Z,25.7,77,21.7,1013.7,5.0,1.0,156,1.4,0.0,26,0.0
2026-09-10T23:06:54Z,25.9,76,21.1,1013.7,5.1,1.0,198,1.4,0.0,26,0.0
2026-09-10T23:11:56Z,25.9,76,21.1,1013.6,4.9,1.2,105,1.4,0.0,25,0.0
2026-09-10T23:16:56Z,25.9,75,21.1,1013.5,5.4,1.3,124,1.4,0.0,25,0.0
2026-09-10T23:21:56Z,26.1,75,21.1,1013.3,6.2,1.5,101,1.4,0.0,23,0.0
2026-09-10T23:26:58Z,26.2,75,21.7,1013.7,6.5,1.5,217,1.4,0.0,25,0.0
2026-09-10T23:31:58Z,26.2,75,21.7,1013.9,5.9,1.3,91,1.4,0.0,26,0.0
2026-09-10T23:36:59Z,26.2,75,21.7,1014.0,4.8,1.3,39,1.4,0.0,30,0.0
2026-09-10T23:42:00Z,26.2,75,21.7,1014.0,5.5,1.1,144,1.4,0.0,35,0.0
2026-09-10T23:47:02Z,26.2,75,21.7,1014.3,4.9,1.1,65,1.4,0.0,37,0.0
2026-09-10T23:52:02Z,26.1,76,21.7,1014.6,4.0,1.1,146,1.4,0.0,39,0.0
2026-09-10T23:57:05Z,26.1,76,21.7,1014.8,4.7,1.0,150,1.4,0.0,39,0.0
2026-09-11T00:02:06Z,25.9,77,21.7,1014.8,3.9,1.0,151,1.4,0.0,40,0.0
2026-09-11T00:07:06Z,25.8,77,21.7,1015.0,4.6,1.0,144,1.4,0.0,39,0.0
2026-09-11T00:12:08Z,25.8,77,21.7,1015.4,2.6,1.0,103,1.4,0.0,39,0.0
2026-09-11T00:17:08Z,25.7,77,21.7,1015.8,2.5,0.9,134,1.4,0.0,44,0.0
2026-09-11T00:22:11Z,25.7,78,21.7,1015.8,2.1,0.7,135,1.4,0.0,53,0.0
2026-09-11T00:27:11Z,25.6,78,21.7,1016.0,1.1,0.4,120,1.4,0.0,67,0.5
2026-09-11T00:32:11Z,25.7,78,21.7,1016.1,1.9,0.4,101,1.4,0.0,79,0.6
2026-09-11T00:37:12Z,25.7,78,21.7,1016.1,0.4,0.4,286,1.4,0.0,102,0.8
2026-09-11T00:42:12Z,25.8,78,21.7,1016.2,1.6,0.4,129,1.4,0.0,127,1.0
2026-09-11T00:47:14Z,26.1,76,21.7,1016.2,1.5,0.4,130,1.4,0.0,149,1.2
2026-09-11T00:52:14Z,26.3,75,21.7,1016.2,1.2,0.4,153,1.4,0.0,165,1.3
2026-09-11T00:57:14Z,26.6,75,21.7,1016.4,0.9,0.6,117,1.4,0.0,163,1.3
2026-09-11T01:02:15Z,26.6,76,22.2,1016.6,1.4,0.6,143,1.4,0.0,169,1.4
2026-09-11T01:07:16Z,26.6,76,22.2,1016.6,1.1,0.4,147,1.4,0.0,183,1.6
2026-09-11T01:12:17Z,26.6,77,22.2,1016.6,0.6,0.4,146,1.4,0.0,183,1.6
2026-09-11T01:17:18Z,26.6,76,22.2,1016.6,0.6,0.4,94,1.4,0.0,178,1.6
2026-09-11T01:22:20Z,26.6,76,22.2,1016.5,1.0,0.4,153,1.4,0.0,172,1.6
2026-09-11T01:27:21Z,26.7,75,22.2,1016.5,1.0,0.3,134,1.4,0.0,172,1.6
2026-09-11T01:32:23Z,26.8,76,22.2,1016.6,0.5,0.5,101,1.4,0.0,185,1.8
2026-09-11T01:37:23Z,26.9,75,22.2,1016.8,0.9,0.5,207,1.4,0.0,197,1.9
2026-09-11T01:42:25Z,27.0,76,22.2,1016.5,1.0,0.2,169,1.4,0.0,197,1.9
2026-09-11T01:47:25Z,27.0,75,22.2,1016.6,1.4,0.3,117,1.4,0.0,193,1.9
2026-09-11T01:52:25Z,27.0,75,22.2,1016.4,1.8,0.5,136,1.4,0.0,174,1.7
2026-09-11T01:57:25Z,27.1,74,22.2,1016.7,2.4,0.6,152,1.4,0.0,148,1.5
2026-09-11T02:02:25Z,27.1,74,22.2,1016.3,1.6,0.6,165,1.4,0.0,155,1.6
2026-09-11T02:07:25Z,27.1,74,22.2,1016.4,2.1,0.4,79,1.4,0.0,163,1.6
2026-09-11T02:12:27Z,27.2,74,22.2,1016.4,1.1,0.4,94,1.4,0.0,142,1.4
2026-09-11T02:17:27Z,27.2,74,22.2,1016.4,1.6,0.4,130,1.4,0.0,104,1.1
2026-09-11T02:22:27Z,27.1,74,22.2,1016.3,1.3,0.4,155,1.4,0.0,70,0.8
2026-09-11T02:27:29Z,26.9,74,22.2,1016.5,1.4,0.3,124,1.4,0.0,53,0.0
2026-09-11T02:32:29Z,26.9,75,22.2,1016.7,0.9,0.4,47,1.4,0.0,42,0.0
2026-09-11T02:37:29Z,26.6,76,22.2,1016.6,0.9,0.4,104,1.4,0.0,37,0.0
2026-09-11T02:42:31Z,26.4,78,22.2,1016.3,0.5,0.3,102,1.4,0.0,37,0.0
2026-09-11T02:47:31Z,26.1,78,22.2,1016.1,1.7,0.6,144,1.4,0.0,40,0.0
2026-09-11T02:52:31Z,25.8,79,22.2,1016.5,2.0,0.6,61,1.6,0.0,51,0.0
2026-09-11T02:57:33Z,25.6,80,21.7,1016.4,1.3,0.5,223,1.6,0.0,62,0.7
2026-09-11T03:02:33Z,25.4,81,21.7,1016.4,1.3,0.3,121,1.6,0.0,76,0.9
2026-09-11T03:07:35Z,25.2,82,22.2,1016.4,1.5,0.4,65,1.6,0.0,97,1.2
2026-09-11T03:12:35Z,25.2,83,22.2,1016.6,1.8,0.4,114,1.6,0.0,151,1.9
2026-09-11T03:17:37Z,25.3,83,22.2,1016.4,2.4,0.4,106,1.8,0.0,230,2.8
2026-09-11T03:22:39Z,25.4,83,22.2,1016.4,2.5,0.4,103,1.8,0.0,327,3.8
2026-09-11T03:27:39Z,25.8,83,22.8,1016.5,1.8,0.4,156,1.8,0.0,417,4.6
2026-09-11T03:32:41Z,26.2,81,22.8,1016.3,1.8,0.4,55,1.8,0.0,508,5.2
2026-09-11T03:37:41Z,26.6,78,22.8,1016.2,1.4,0.5,132,1.8,0.0,396,4.3
2026-09-11T03:42:43Z,26.9,79,22.8,1016.2,1.6,0.5,60,1.8,0.0,348,4.0
2026-09-11T03:47:45Z,27.1,78,22.8,1016.1,0.8,0.3,128,1.8,0.0,343,4.0
2026-09-11T03:52:45Z,27.3,78,23.3,1016.3,1.4,0.3,109,1.8,0.0,367,4.2
2026-09-11T03:57:47Z,27.6,77,22.8,1016.3,1.1,0.3,145,1.8,0.0,473,5.1
2026-09-11T04:02:47Z,27.8,75,22.8,1016.3,1.2,0.2,146,1.8,0.0,497,5.3
2026-09-11T04:07:47Z,28.1,76,23.3,1016.4,1.4,0.4,54,1.8,0.0,352,4.2
2026-09-11T04:12:49Z,28.1,74,23.3,1016.4,1.3,0.4,78,1.8,0.0,309,3.8
2026-09-11T04:17:49Z,28.2,74,23.3,1016.3,1.3,0.4,100,1.8,0.0,297,3.7
2026-09-11T04:22:49Z,28.3,74,23.3,1016.2,2.3,0.4,155,1.8,0.0,295,3.7
2026-09-11T04:27:51Z,28.4,74,23.3,1016.4,1.3,0.4,136,1.8,0.0,309,3.9
2026-09-11T04:32:51Z,28.4,74,23.9,1016.5,1.2,0.3,148,1.8,0.0,325,4.0
2026-09-11T04:37:51Z,28.5,75,23.9,1016.5,1.6,0.4,71,1.8,0.0,320,4.0
2026-09-11T04:42:53Z,28.6,75,23.9,1016.4,0.9,0.4,103,1.8,0.0,374,4.5
2026-09-11T04:47:53Z,28.7,75,23.9,1016.3,1.0,0.4,107,1.8,0.0,489,5.3
2026-09-11T04:52:55Z,28.8,75,23.9,1016.1,0.7,0.2,105,1.8,0.0,462,5.3
2026-09-11T04:57:55Z,29.1,76,24.4,1015.8,0.9,0.2,105,1.8,0.0,664,6.5
2026-09-11T05:02:55Z,29.3,75,24.4,1015.7,1.2,0.2,102,1.8,0.0,473,5.2
2026-09-11T05:07:57Z,29.4,75,24.4,1015.8,1.6,0.4,80,1.8,0.0,469,4.9
2026-09-11T05:12:57Z,29.4,76,24.4,1015.7,1.4,0.4,103,1.8,0.0,413,5.2
2026-09-11T05:17:57Z,29.4,75,24.4,1015.7,1.8,0.4,139,1.8,0.0,250,3.0
2026-09-11T05:22:59Z,29.4,76,25.0,1015.4,1.1,0.4,86,1.8,0.0,262,3.1
2026-09-11T05:27:59Z,29.3,76,24.4,1015.2,1.8,0.4,90,1.8,0.0,301,3.5
2026-09-11T05:32:59Z,29.1,77,24.4,1015.1,1.5,0.4,132,1.8,0.0,318,3.5
2026-09-11T05:38:01Z,29.1,78,25.0,1015.2,1.0,0.4,115,1.8,0.0,352,3.7
2026-09-11T05:43:01Z,29.1,78,25.0,1015.3,1.2,0.2,67,1.8,0.0,343,3.6
2026-09-11T05:48:03Z,29.1,77,24.4,1015.4,1.2,0.4,167,1.8,0.0,278,3.0
2026-09-11T05:53:03Z,29.1,78,25.0,1015.5,1.0,0.4,102,1.8,0.0,185,2.1
2026-09-11T05:58:05Z,29.1,78,25.0,1015.4,1.1,0.3,113,1.8,0.0,183,2.2
2026-09-11T06:03:05Z,28.9,78,25.0,1015.4,0.8,0.3,135,1.8,0.0,153,1.8
2026-09-11T06:08:07Z,28.9,78,25.0,1015.2,1.0,0.3,90,1.8,0.0,190,2.2
2026-09-11T06:13:09Z,28.9,79,25.0,1015.1,0.6,0.3,121,1.8,0.0,265,2.9
2026-09-11T06:18:09Z,28.9,78,25.0,1015.0,1.7,0.4,134,1.8,0.0,345,3.3
2026-09-11T06:23:11Z,28.9,78,25.0,1015.0,0.4,0.4,136,1.8,0.0,295,3.0
2026-09-11T06:28:11Z,29.0,78,25.0,1014.9,0.4,0.4,135,1.8,0.0,295,2.8
2026-09-11T06:33:13Z,29.1,77,25.0,1014.8,1.5,0.4,150,1.8,0.0,213,2.3
2026-09-11T06:38:15Z,29.2,77,25.0,1014.8,0.8,0.4,273,1.8,0.0,239,2.5
2026-09-11T06:43:15Z,29.2,77,25.0,1014.8,0.9,0.4,121,1.8,0.0,200,1.8
2026-09-11T06:48:17Z,29.3,78,25.0,1014.8,0.5,0.3,306,1.8,0.0,199,1.7
2026-09-11T06:53:17Z,29.2,77,25.0,1014.8,1.1,0.4,244,1.8,0.0,114,1.1
2026-09-11T06:58:19Z,29.2,78,25.0,1014.9,1.6,0.4,90,1.8,0.0,127,1.1
2026-09-11T07:03:19Z,29.1,78,25.0,1015.0,2.1,0.4,78,1.8,0.0,128,1.1
2026-09-11T07:08:19Z,28.9,79,25.0,1014.9,2.1,0.5,122,1.8,0.0,142,1.2
2026-09-11T07:13:19Z,28.8,79,25.0,1014.6,2.5,0.5,116,1.8,0.0,174,1.3
2026-09-11T07:18:19Z,28.8,79,25.0,1014.7,2.1,0.6,96,1.8,0.0,186,1.4
2026-09-11T07:23:19Z,28.8,79,25.0,1014.6,2.0,0.6,90,1.8,0.0,183,1.4
2026-09-11T07:28:21Z,28.7,79,25.0,1014.6,1.5,0.4,150,1.8,0.0,183,1.3
2026-09-11T07:33:21Z,28.8,79,25.0,1014.5,1.5,0.4,158,1.8,0.0,195,1.4
2026-09-11T07:38:21Z,28.8,79,25.0,1014.6,1.3,0.3,169,1.8,0.0,200,1.3
2026-09-11T07:43:21Z,28.9,79,25.0,1014.5,0.8,0.3,299,1.8,0.0,188,1.2
2026-09-11T07:48:21Z,28.9,79,25.0,1014.5,0.9,0.3,165,1.8,0.0,188,1.1
2026-09-11T07:53:21Z,28.9,79,25.0,1014.5,1.1,0.3,63,1.8,0.0,148,0.9
2026-09-11T07:58:23Z,28.9,79,25.0,1014.3,0.9,0.3,198,1.8,0.0,146,0.8
2026-09-11T08:03:23Z,28.8,79,25.0,1014.4,1.3,0.2,84,1.8,0.0,141,0.7
2026-09-11T08:08:23Z,28.7,79,25.0,1014.3,1.4,0.3,84,1.8,0.0,118,0.6
2026-09-11T08:13:23Z,28.6,79,24.4,1014.4,1.7,0.4,80,1.8,0.0,81,0.0
2026-09-11T08:18:24Z,28.4,79,24.4,1014.7,2.1,0.4,104,1.8,0.0,77,0.0
2026-09-11T08:23:25Z,28.4,79,24.4,1014.7,2.2,0.5,98,1.8,0.0,35,0.0
2026-09-11T08:28:26Z,28.3,80,24.4,1014.9,0.8,0.5,110,1.8,0.0,51,0.0
2026-09-11T08:33:26Z,28.2,80,24.4,1014.9,1.3,0.4,90,1.8,0.0,40,0.0
2026-09-11T08:38:28Z,28.2,81,24.4,1015.0,0.6,0.3,89,1.8,0.0,26,0.0
2026-09-11T08:43:29Z,28.1,81,24.4,1015.2,1.2,0.3,146,1.8,0.0,39,0.0
2026-09-11T08:48:30Z,28.1,81,24.4,1015.3,0.9,0.3,80,1.8,0.0,44,0.0
2026-09-11T08:53:31Z,28.1,80,24.4,1015.3,1.5,0.4,115,1.8,0.0,40,0.0
2026-09-11T08:58:31Z,28.1,81,24.4,1015.3,1.1,0.4,125,1.8,0.0,39,0.0
2026-09-11T09:03:31Z,28.1,81,24.4,1015.2,1.1,0.4,109,1.8,0.0,35,0.0
2026-09-11T09:08:32Z,28.1,80,24.4,1015.3,0.8,0.4,101,1.8,0.0,28,0.0
2026-09-11T09:13:32Z,28.1,81,24.4,1015.4,1.5,0.4,103,1.8,0.0,16,0.0
2026-09-11T09:18:32Z,28.1,81,24.4,1015.4,1.2,0.4,159,1.8,0.0,12,0.0
2026-09-11T09:23:34Z,28.0,81,24.4,1015.3,1.3,0.4,117,1.8,0.0,16,0.0
2026-09-11T09:28:34Z,27.9,82,24.4,1015.1,2.1,0.4,95,1.8,0.0,19,0.0
2026-09-11T09:33:36Z,27.7,83,24.4,1014.9,1.6,0.4,62,1.8,0.0,18,0.0
2026-09-11T09:38:38Z,27.4,84,24.4,1014.9,1.9,0.4,116,1.8,0.0,16,0.0
2026-09-11T09:43:38Z,27.1,85,24.4,1014.7,2.6,0.6,360,1.8,0.0,11,0.0
2026-09-11T09:48:40Z,26.9,85,24.4,1014.7,1.6,0.5,81,1.8,0.0,11,0.0
2026-09-11T09:53:40Z,26.8,86,24.4,1014.6,1.7,0.6,110,1.8,0.0,7,0.0
2026-09-11T09:58:42Z,26.8,86,24.4,1014.8,2.0,0.6,112,1.8,0.0,0,0.0
2026-09-11T10:03:44Z,26.8,86,24.4,1015.0,2.0,0.7,67,1.8,0.0,0,0.0
2026-09-11T10:08:44Z,26.9,86,24.4,1015.0,2.7,0.7,139,1.8,0.0,0,0.0
2026-09-11T10:13:46Z,27.1,85,24.4,1015.0,2.6,0.5,131,1.8,0.0,0,0.0
2026-09-11T10:18:46Z,27.1,85,24.4,1015.0,1.4,0.5,116,1.8,0.0,0,0.0
2026-09-11T10:23:48Z,27.1,85,24.4,1015.0,1.6,0.4,148,1.8,0.0,0,0.0
2026-09-11T10:28:50Z,27.1,85,24.4,1015.2,1.1,0.4,43,1.8,0.0,0,0.0
2026-09-11T10:33:50Z,27.2,85,24.4,1015.4,2.3,0.5,217,1.8,0.0,0,0.0
2026-09-11T10:38:52Z,27.2,84,24.4,1015.2,2.6,0.5,103,1.8,0.0,0,0.0
2026-09-11T10:43:52Z,27.3,84,24.4,1015.1,2.1,0.6,94,1.8,0.0,0,0.0
2026-09-11T10:48:54Z,27.3,84,24.4,1015.1,2.1,0.5,133,1.8,0.0,0,0.0
2026-09-11T10:53:54Z,27.2,84,24.4,1014.8,1.2,0.5,128,1.8,0.0,0,0.0
2026-09-11T10:58:54Z,27.3,84,24.4,1014.9,1.5,0.4,89,1.8,0.0,0,0.0
2026-09-11T11:03:54Z,27.3,84,24.4,1014.9,2.3,0.5,88,1.8,0.0,0,0.0
2026-09-11T11:08:54Z,27.3,84,24.4,1014.7,1.3,0.5,47,1.8,0.0,0,0.0
2026-09-11T11:13:54Z,27.3,84,24.4,1014.8,1.8,0.5,95,1.8,0.0,0,0.0
2026-09-11T11:18:56Z,27.4,83,24.4,1014.8,1.3,0.4,147,1.8,0.0,0,0.0
2026-09-11T11:23:56Z,27.4,83,24.4,1014.8,1.6,0.4,120,1.8,0.0,0,0.0
2026-09-11T11:28:56Z,27.5,83,24.4,1014.8,1.0,0.4,161,1.8,0.0,0,0.0
2026-09-11T11:33:56Z,27.6,83,24.4,1014.7,1.4,0.5,147,1.8,0.0,0,0.0
2026-09-11T11:38:56Z,27.6,82,24.4,1014.9,1.6,0.5,140,1.8,0.0,0,0.0
2026-09-11T11:43:56Z,27.7,82,24.4,1015.1,0.2,0.4,132,1.8,0.0,0,0.0
2026-09-11T11:48:58Z,27.7,82,24.4,1015.3,0.3,0.3,63,1.8,0.0,0,0.0
2026-09-11T11:54:00Z,27.7,83,24.4,1015.4,0.8,0.2,86,1.8,0.0,0,0.0
2026-09-11T11:59:00Z,27.6,82,24.4,1015.4,2.3,0.4,84,1.8,0.0,0,0.0
2026-09-11T12:04:02Z,27.6,81,23.9,1015.7,2.8,0.6,94,1.8,0.0,0,0.0
2026-09-11T12:09:02Z,27.6,80,23.9,1015.7,2.1,0.6,81,1.8,0.0,0,0.0
2026-09-11T12:14:04Z,27.7,80,23.9,1015.5,0.9,0.5,96,1.8,0.0,0,0.0
2026-09-11T12:19:04Z,27.7,80,23.9,1015.4,0.7,0.4,181,1.8,0.0,0,0.0
2026-09-11T12:24:04Z,27.8,80,23.9,1015.4,0.6,0.4,176,1.8,0.0,0,0.0
2026-09-11T12:29:04Z,27.8,80,23.9,1015.7,0.2,0.2,176,1.8,0.0,0,0.0
2026-09-11T12:34:04Z,27.8,80,23.9,1015.5,1.8,0.6,135,1.8,0.0,0,0.0
2026-09-11T12:39:04Z,27.9,80,24.4,1015.7,3.5,0.7,140,1.8,0.0,0,0.0
2026-09-11T12:44:06Z,28.1,80,24.4,1015.7,0.7,0.7,122,1.8,0.0,0,0.0
2026-09-11T12:49:06Z,28.1,80,24.4,1015.7,1.8,0.4,164,1.8,0.0,0,0.0
2026-09-11T12:54:06Z,28.1,80,24.4,1015.5,1.4,0.7,91,1.8,0.0,0,0.0
2026-09-11T12:59:06Z,28.1,80,24.4,1015.5,3.0,0.7,70,1.8,0.0,0,0.0
2026-09-11T13:04:06Z,28.1,80,24.4,1015.6,2.6,0.6,149,1.8,0.0,0,0.0
2026-09-11T13:09:06Z,28.1,79,23.9,1015.6,2.2,0.7,108,1.8,0.0,0,0.0
2026-09-11T13:14:06Z,28.2,79,24.4,1015.8,2.1,0.7,41,1.8,0.0,0,0.0
2026-09-11T13:19:08Z,28.1,79,24.4,1015.8,0.6,0.5,221,1.8,0.0,0,0.0
2026-09-11T13:24:08Z,28.1,79,24.4,1015.9,2.3,0.5,107,1.8,0.0,0,0.0
2026-09-11T13:29:10Z,28.1,80,24.4,1015.8,1.8,0.5,91,1.8,0.0,0,0.0
2026-09-11T13:34:10Z,28.0,80,24.4,1015.9,1.5,0.3,121,1.8,0.0,0,0.0
2026-09-11T13:39:10Z,27.8,80,24.4,1015.7,2.7,0.5,165,1.8,0.0,0,0.0
2026-09-11T13:44:10Z,27.8,80,23.9,1015.7,1.8,0.5,160,1.8,0.0,0,0.0
2026-09-11T13:49:12Z,27.8,80,23.9,1015.7,2.8,0.6,193,1.8,0.0,0,0.0
2026-09-11T13:54:12Z,27.8,80,23.9,1015.8,2.1,0.6,112,1.8,0.0,0,0.0
2026-09-11T13:59:14Z,27.8,80,23.9,1015.8,1.8,0.5,155,1.8,0.0,0,0.0
2026-09-11T14:04:14Z,27.8,80,23.9,1016.0,2.0,0.4,175,1.8,0.0,0,0.0
2026-09-11T14:09:14Z,27.8,80,23.9,1016.0,1.3,0.4,162,1.8,0.0,0,0.0
2026-09-11T14:14:16Z,27.8,80,23.9,1016.1,1.0,0.4,51,1.8,0.0,0,0.0
2026-09-11T14:19:16Z,27.8,80,23.9,1016.0,0.3,0.4,114,1.8,0.0,0,0.0
2026-09-11T14:24:16Z,27.8,80,23.9,1016.2,0.7,0.2,222,1.8,0.0,0,0.0
2026-09-11T14:29:16Z,27.8,80,23.9,1016.2,0.5,0.2,211,1.8,0.0,0,0.0
2026-09-11T14:34:16Z,27.8,80,23.9,1016.1,1.3,0.3,86,1.8,0.0,0,0.0
2026-09-11T14:39:18Z,27.8,80,23.9,1016.0,1.3,0.5,86,1.8,0.0,0,0.0
2026-09-11T14:44:18Z,27.8,80,23.9,1015.9,1.1,0.5,82,1.8,0.0,0,0.0
2026-09-11T14:49:18Z,27.7,80,23.9,1015.7,1.4,0.4,134,1.8,0.0,0,0.0
2026-09-11T14:54:18Z,27.7,80,23.9,1015.9,1.3,0.4,171,1.8,0.0,0,0.0
2026-09-11T14:59:18Z,27.7,80,23.9,1016.1,1.6,0.4,147,1.8,0.0,0,0.0
2026-09-11T15:04:18Z,27.8,79,23.9,1016.1,1.3,0.4,164,1.8,0.0,0,0.0
2026-09-11T15:09:20Z,27.8,79,23.9,1016.1,0.4,0.4,130,1.8,0.0,0,0.0
2026-09-11T15:14:20Z,27.8,79,23.9,1016.1,1.2,0.3,144,1.8,0.0,0,0.0
2026-09-11T15:19:20Z,27.9,79,23.9,1016.1,1.4,0.7,102,1.8,0.0,0,0.0
2026-09-11T15:24:20Z,28.0,79,23.9,1016.1,1.2,0.7,61,1.8,0.0,0,0.0
2026-09-11T15:29:22Z,28.0,79,23.9,1016.0,0.6,0.5,152,1.8,0.0,0,0.0
2026-09-11T15:34:22Z,27.9,79,23.9,1016.0,1.8,0.4,98,1.8,0.0,0,0.0
2026-09-11T15:39:51Z,27.9,80,24.4,1016.0,2.2,0.6,96,1.8,0.0,0,0.0
2026-09-11T15:44:52Z,27.9,80,24.4,1015.8,2.3,0.6,159,1.8,0.0,0,0.0
2026-09-11T15:49:52Z,28.0,79,23.9,1015.5,3.7,0.7,146,1.8,0.0,0,0.0
2026-09-11T15:54:52Z,28.0,79,23.9,1015.4,3.4,0.7,73,1.8,0.0,0,0.0
2026-09-11T15:59:52Z,28.0,79,23.9,1015.1,3.4,0.7,103,1.8,0.0,0,0.0
2026-09-11T16:04:53Z,28.1,79,23.9,1015.3,3.0,0.7,86,0.0,0.0,0,0.0
2026-09-11T16:09:53Z,28.1,79,23.9,1015.1,3.2,0.8,111,0.0,0.0,0,0.0
2026-09-11T16:14:53Z,28.1,79,24.4,1015.1,3.4,0.8,71,0.0,0.0,0,0.0
2026-09-11T16:19:54Z,28.1,79,23.9,1014.9,2.6,0.7,93,0.0,0.0,0,0.0
2026-09-11T16:24:55Z,28.1,79,23.9,1015.0,2.8,0.7,121,0.0,0.0,0,0.0
2026-09-11T16:29:56Z,28.1,79,23.9,1015.2,3.2,0.6,109,0.0,0.0,0,0.0
2026-09-11T16:34:58Z,28.0,79,23.9,1015.0,2.8,0.6,142,0.0,0.0,0,0.0
2026-09-11T16:40:00Z,28.0,79,23.9,1015.0,2.3,0.6,132,0.0,0.0,0,0.0
2026-09-11T16:45:00Z,28.0,79,23.9,1015.0,2.5,0.7,157,0.0,0.0,0,0.0
2026-09-11T16:50:02Z,28.1,79,23.9,1014.7,2.6,0.8,69,0.0,0.0,0,0.0
2026-09-11T16:55:02Z,28.1,79,23.9,1014.5,3.2,0.8,79,0.0,0.0,0,0.0
2026-09-11T17:00:04Z,28.0,79,23.9,1014.5,3.6,0.8,146,0.0,0.0,0,0.0
2026-09-11T17:05:04Z,28.1,79,23.9,1014.5,3.7,0.8,106,0.0,0.0,0,0.0
2026-09-11T17:10:04Z,28.1,79,23.9,1014.4,3.0,0.9,64,0.0,0.0,0,0.0
2026-09-11T17:15:06Z,28.0,79,23.9,1014.2,3.9,0.9,55,0.0,0.0,0,0.0
2026-09-11T17:20:06Z,28.0,79,23.9,1014.1,3.7,0.8,86,0.0,0.0,0,0.0
2026-09-11T17:25:06Z,28.1,79,23.9,1014.1,2.4,1.0,152,0.0,0.0,0,0.0
2026-09-11T17:30:08Z,28.0,79,23.9,1014.0,2.5,1.0,88,0.0,0.0,0,0.0
2026-09-11T17:35:08Z,27.9,79,23.9,1014.1,2.4,0.7,56,0.0,0.0,0,0.0
2026-09-11T17:40:08Z,27.9,80,24.4,1014.1,3.2,0.7,110,0.0,0.0,0,0.0
2026-09-11T17:45:10Z,27.9,80,24.4,1013.7,4.1,0.9,128,0.0,0.0,0,0.0
2026-09-11T17:50:10Z,28.0,79,23.9,1013.5,4.6,0.9,80,0.0,0.0,0,0.0
2026-09-11T17:55:10Z,28.1,79,23.9,1013.6,3.1,0.9,149,0.0,0.0,0,0.0
2026-09-11T18:00:12Z,28.1,79,23.9,1013.7,3.6,0.9,69,0.0,0.0,0,0.0
2026-09-11T18:05:12Z,28.1,80,24.4,1013.5,4.1,0.8,90,0.0,0.0,0,0.0
2026-09-11T18:10:14Z,28.1,80,24.4,1013.4,3.6,0.9,42,0.0,0.0,0,0.0
2026-09-11T18:15:14Z,28.1,80,24.4,1013.5,2.8,0.8,140,0.0,0.0,0,0.0
2026-09-11T18:20:14Z,28.1,80,24.4,1013.7,2.5,0.7,101,0.0,0.0,0,0.0
2026-09-11T18:25:14Z,28.1,80,24.4,1013.6,2.4,0.6,157,0.0,0.0,0,0.0
2026-09-11T18:30:14Z,28.1,79,24.4,1013.5,3.1,0.8,110,0.0,0.0,0,0.0
2026-09-11T18:35:14Z,28.2,79,24.4,1013.4,3.4,0.8,42,0.0,0.0,0,0.0
2026-09-11T18:40:14Z,28.1,79,24.4,1013.4,3.5,0.7,53,0.0,0.0,0,0.0
2026-09-11T18:45:14Z,28.1,79,24.4,1013.4,2.4,0.7,78,0.0,0.0,0,0.0
2026-09-11T18:50:14Z,28.1,79,23.9,1013.3,3.1,0.7,118,0.0,0.0,0,0.0
2026-09-11T18:55:16Z,28.1,79,24.4,1013.1,3.9,0.7,136,0.0,0.0,0,0.0
2026-09-11T19:00:16Z,28.1,79,24.4,1013.0,1.9,0.8,149,0.0,0.0,0,0.0
2026-09-11T19:05:16Z,28.1,79,24.4,1013.0,3.4,0.8,158,0.0,0.0,0,0.0
2026-09-11T19:10:16Z,28.1,80,24.4,1013.0,2.8,0.8,33,0.0,0.0,0,0.0
2026-09-11T19:15:16Z,28.1,80,24.4,1013.1,3.8,0.8,130,0.0,0.0,0,0.0
2026-09-11T19:20:16Z,28.1,80,24.4,1012.8,2.7,0.8,48,0.0,0.0,0,0.0
2026-09-11T19:25:18Z,28.1,80,24.4,1012.8,3.1,0.6,46,0.0,0.0,0,0.0
2026-09-11T19:30:18Z,28.1,80,24.4,1013.1,3.0,0.8,101,0.0,0.0,0,0.0
2026-09-11T19:35:18Z,28.1,80,24.4,1013.2,3.2,0.8,178,0.0,0.0,0,0.0
2026-09-11T19:40:18Z,28.1,80,24.4,1013.2,3.3,1.0,155,0.0,0.0,0,0.0
2026-09-11T19:45:18Z,28.1,80,24.4,1013.1,3.8,1.0,53,0.0,0.0,0,0.0
2026-09-11T19:50:19Z,28.2,80,24.4,1013.3,3.6,0.9,60,0.0,0.0,0,0.0
2026-09-11T19:55:20Z,28.1,80,24.4,1013.4,3.0,0.9,55,0.0,0.0,0,0.0
2026-09-11T20:00:22Z,28.2,79,24.4,1013.2,4.1,0.8,86,0.0,0.0,0,0.0
2026-09-11T20:05:22Z,28.2,79,24.4,1013.3,3.3,0.8,32,0.0,0.0,0,0.0
2026-09-11T20:10:24Z,28.2,79,24.4,1013.2,4.3,1.0,77,0.0,0.0,0,0.0
2026-09-11T20:15:24Z,28.2,79,24.4,1013.2,3.5,1.0,71,0.0,0.0,0,0.0
2026-09-11T20:20:26Z,28.2,79,24.4,1013.3,3.3,0.9,67,0.0,0.0,0,0.0
2026-09-11T20:25:28Z,28.2,79,24.4,1013.2,1.9,0.8,95,0.0,0.0,0,0.0
2026-09-11T20:30:28Z,28.2,79,24.4,1013.3,1.9,0.6,128,0.0,0.0,0,0.0
2026-09-11T20:35:30Z,28.2,79,24.4,1013.4,3.2,0.6,140,0.0,0.0,0,0.0
2026-09-11T20:40:30Z,28.2,78,24.4,1013.7,2.2,0.8,139,0.0,0.0,0,0.0
2026-09-11T20:45:32Z,28.2,79,24.4,1013.7,1.3,0.6,84,0.0,0.0,0,0.0
2026-09-11T20:50:32Z,28.2,79,24.4,1014.0,1.7,0.5,105,0.0,0.0,0,0.0
2026-09-11T20:55:34Z,28.1,79,24.4,1013.9,2.3,0.5,104,0.0,0.0,0,0.0
2026-09-11T21:00:36Z,28.2,79,24.4,1014.0,1.9,0.6,56,0.0,0.0,0,0.0
2026-09-11T21:05:36Z,28.2,79,24.4,1013.9,1.6,0.6,159,0.0,0.0,0,0.0
2026-09-11T21:10:38Z,28.3,79,24.4,1014.1,2.1,0.7,50,0.0,0.0,0,0.0
2026-09-11T21:15:38Z,28.2,79,24.4,1014.2,1.9,0.6,76,0.0,0.0,0,0.0
2026-09-11T21:20:40Z,28.2,79,24.4,1014.2,1.9,0.6,44,0.0,0.0,0,0.0
2026-09-11T21:25:42Z,28.2,80,24.4,1014.1,2.7,0.6,76,0.0,0.0,0,0.0
2026-09-11T21:30:42Z,28.2,80,24.4,1014.2,1.8,0.6,141,0.0,0.0,0,0.0
2026-09-11T21:35:42Z,28.2,81,24.4,1014.2,1.0,0.5,113,0.0,0.0,0,0.0
2026-09-11T21:40:44Z,28.1,82,25.0,1014.1,1.7,0.5,130,0.0,0.0,0,0.0
2026-09-11T21:45:46Z,27.8,83,24.4,1014.2,2.1,0.6,144,0.0,0.0,0,0.0
2026-09-11T21:50:46Z,27.5,83,24.4,1014.1,3.0,0.8,55,0.0,0.0,0,0.0
2026-09-11T21:55:46Z,27.4,84,24.4,1014.1,2.9,0.8,94,0.0,0.0,0,0.0
2026-09-11T22:00:46Z,27.4,84,24.4,1014.2,1.7,0.6,61,0.0,0.0,0,0.0
2026-09-11T22:05:46Z,27.2,85,24.4,1014.1,1.9,0.5,149,0.0,0.0,0,0.0
2026-09-11T22:10:49Z,27.1,85,24.4,1014.1,2.0,0.5,152,0.0,0.0,5,0.0
2026-09-11T22:15:50Z,27.0,85,24.4,1014.3,2.2,0.5,136,0.0,0.0,7,0.0
2026-09-11T22:20:50Z,26.9,85,24.4,1014.4,2.3,0.5,59,0.0,0.0,9,0.0
2026-09-11T22:25:50Z,26.7,86,24.4,1014.6,1.3,0.5,121,0.2,0.0,11,0.0
2026-09-11T22:30:52Z,26.6,87,24.4,1014.7,1.0,0.5,140,0.2,0.0,11,0.0
2026-09-11T22:35:52Z,26.6,87,24.4,1014.8,1.4,0.4,123,0.2,0.0,12,0.0
2026-09-11T22:40:54Z,26.5,88,24.4,1015.0,2.3,0.5,30,0.2,0.0,12,0.0
2026-09-11T22:45:54Z,26.4,88,24.4,1015.0,2.4,0.7,56,0.4,0.0,16,0.0
2026-09-11T22:50:56Z,26.4,88,24.4,1015.0,1.5,0.7,103,0.4,0.0,19,0.0
2026-09-11T22:55:58Z,26.4,88,24.4,1015.2,1.7,0.4,115,0.4,0.0,26,0.0
2026-09-11T23:00:58Z,26.4,89,24.4,1015.3,1.7,0.5,71,0.4,0.0,28,0.0
2026-09-11T23:06:00Z,26.3,88,24.4,1015.5,2.2,0.6,120,0.6,0.0,21,0.0
2026-09-11T23:11:00Z,26.3,88,24.4,1015.5,1.6,0.6,59,0.6,0.0,21,0.0
2026-09-11T23:16:03Z,26.3,89,24.4,1015.7,1.2,0.5,57,0.6,0.0,16,0.0
2026-09-11T23:21:04Z,26.3,89,24.4,1015.9,0.9,0.5,107,0.6,0.0,18,0.0
2026-09-11T23:26:05Z,26.3,89,24.4,1015.8,0.8,0.4,102,1.0,4.6,12,0.0
2026-09-11T23:31:07Z,26.3,89,24.4,1015.9,1.1,0.4,148,1.0,1.6,11,0.0
2026-09-11T23:36:08Z,26.3,89,24.4,1016.0,0.3,0.3,126,1.0,1.0,9,0.0
2026-09-11T23:41:08Z,26.2,90,24.4,1016.2,0.7,0.2,123,1.6,2.6,5,0.0
2026-09-11T23:46:08Z,26.2,90,24.4,1016.2,2.0,0.5,61,2.6,4.8,16,0.0
2026-09-11T23:51:08Z,26.1,90,24.4,1016.1,0.9,0.5,119,2.6,1.6,37,0.0
2026-09-11T23:56:08Z,26.2,90,24.4,1016.2,1.1,0.3,38,2.6,1.0,40,0.0
2026-09-12T00:01:09Z,26.2,90,24.4,1016.3,1.2,0.4,107,2.6,0.0,19,0.0
2026-09-12T00:06:09Z,26.3,90,24.4,1016.4,2.2,0.4,43,2.8,0.0,18,0.0
2026-09-12T00:11:11Z,26.3,90,24.4,1016.4,1.7,0.4,92,2.8,0.0,33,0.0
2026-09-12T00:16:11Z,26.2,90,24.4,1016.4,1.7,0.4,44,2.8,0.0,90,0.6
2026-09-12T00:21:22Z,26.3,90,24.4,1016.5,1.4,0.4,113,2.8,0.0,118,0.9
2026-09-12T00:26:23Z,26.3,90,24.4,1016.5,0.9,0.4,75,2.8,0.0,141,1.1
2026-09-12T00:31:23Z,26.4,90,24.4,1016.4,1.8,0.5,150,2.8,0.0,160,1.3
2026-09-12T00:36:25Z,26.4,90,25.0,1016.4,1.8,0.4,75,2.8,0.0,192,1.5
2026-09-12T00:41:25Z,26.6,90,25.0,1016.4,1.3,0.4,119,2.8,0.0,181,1.5
2026-09-12T00:46:25Z,26.7,90,25.0,1016.4,1.9,0.4,157,2.8,0.0,213,1.8
2026-09-12T00:51:25Z,26.8,90,25.0,1016.5,2.1,0.4,100,2.8,0.0,181,1.5
2026-09-12T00:56:25Z,26.9,90,25.0,1016.5,1.9,0.4,47,2.8,0.0,246,2.2
2026-09-12T01:01:27Z,27.0,90,25.6,1016.3,1.3,0.4,66,2.8,0.0,258,2.4
2026-09-12T01:06:29Z,27.1,89,25.0,1016.6,1.5,0.4,73,2.8,0.0,174,1.4
2026-09-12T01:11:29Z,27.0,89,25.0,1016.6,2.3,0.6,158,3.0,0.0,281,2.5
2026-09-12T01:16:29Z,26.9,89,25.0,1016.7,2.6,0.6,86,3.0,0.0,323,2.9
2026-09-12T01:21:29Z,26.8,88,25.0,1016.7,1.9,0.5,119,3.0,0.0,350,3.1
2026-09-12T01:26:29Z,27.0,88,25.0,1016.7,2.1,0.6,98,3.0,0.0,413,4.1
2026-09-12T01:31:29Z,27.2,88,25.0,1016.9,2.8,0.6,101,3.0,0.0,462,4.0
2026-09-12T01:36:31Z,27.3,88,25.0,1016.8,2.1,0.5,360,3.0,0.0,468,4.2
2026-09-12T01:41:31Z,27.4,88,25.6,1016.8,1.8,0.6,101,3.0,0.0,360,3.6
2026-09-12T01:46:31Z,27.6,87,25.0,1016.8,1.7,0.6,80,3.0,0.0,336,3.2
2026-09-12T01:51:31Z,27.6,87,25.6,1017.0,1.7,0.4,159,3.0,0.0,271,2.6
2026-09-12T01:56:31Z,27.7,87,25.6,1017.0,1.8,0.6,99,3.0,0.0,294,2.8
2026-09-12T02:01:31Z,27.6,87,25.6,1017.0,2.5,0.6,88,3.0,0.0,264,2.6
2026-09-12T02:06:33Z,27.7,86,25.0,1016.8,1.7,0.5,61,3.0,0.0,364,3.7
2026-09-12T02:11:35Z,27.8,86,25.6,1016.8,2.2,0.6,360,3.0,0.0,476,4.4
2026-09-12T02:16:35Z,28.0,86,25.6,1016.8,2.1,0.6,161,3.0,0.0,322,3.8
2026-09-12T02:21:37Z,28.1,86,25.6,1016.8,1.9,0.5,140,3.0,0.0,343,3.9
2026-09-12T02:26:37Z,28.1,85,25.6,1016.8,2.1,0.5,156,3.0,0.0,359,4.4
2026-09-12T02:31:39Z,28.3,85,25.6,1016.9,2.1,0.5,100,3.0,0.0,378,4.6
2026-09-12T02:36:39Z,28.4,85,25.6,1016.9,1.7,0.5,83,3.0,0.0,471,5.5
2026-09-12T02:41:41Z,28.7,84,25.6,1016.9,3.0,0.6,37,3.0,0.0,965,7.8
2026-09-12T02:46:43Z,28.8,83,25.6,1017.0,2.9,0.6,166,3.0,0.0,455,5.0
2026-09-12T02:51:43Z,28.8,83,25.6,1017.0,2.0,0.6,161,3.0,0.0,378,4.6
2026-09-12T02:56:45Z,28.7,83,25.6,1017.0,2.3,0.6,105,3.0,0.0,582,6.6
